fixture_id,date_utc,league,match,actual_idx,actual_outcome,v62_pred_idx,v62_pred,market_pred,v62_conf,market_conf,recovered_home_flag,window
1378187,2026-04-20 18:45:00+00:00,Serie A,Lecce - Fiorentina,1,Draw,0,Away,Away,0.533707473024509,0.44162609432856315,0,2026-04-19__2026-05-19
1379292,2026-04-20 19:00:00+00:00,Premier League,Crystal Palace - West Ham,1,Draw,2,Home,Home,0.4186560540765958,0.42141691401324904,0,2026-04-19__2026-05-19
1391139,2026-04-21 17:00:00+00:00,La Liga,Athletic Club - Osasuna,2,Home,2,Home,Home,0.44148278488755915,0.53123376086395,0,2026-04-19__2026-05-19
1391144,2026-04-21 17:00:00+00:00,La Liga,Mallorca - Valencia,1,Draw,2,Home,Home,0.3783381351595949,0.3753379172350591,0,2026-04-19__2026-05-19
1379301,2026-04-21 19:00:00+00:00,Premier League,Brighton - Chelsea,2,Home,0,Away,Home,0.40349174529057624,0.3856979662850687,0,2026-04-19__2026-05-19
1391142,2026-04-21 19:30:00+00:00,La Liga,Girona - Real Betis,0,Away,2,Home,Home,0.3580008526734926,0.3827102794799975,1,2026-04-19__2026-05-19
1391146,2026-04-21 19:30:00+00:00,La Liga,Real Madrid - Alaves,2,Home,2,Home,Home,0.7310615414859851,0.739748263604185,0,2026-04-19__2026-05-19
1391141,2026-04-22 17:00:00+00:00,La Liga,Elche - Atletico Madrid,2,Home,2,Home,Home,0.4029603401161954,0.37773090825723615,1,2026-04-19__2026-05-19
1391147,2026-04-22 18:00:00+00:00,La Liga,Real Sociedad - Getafe,0,Away,2,Home,Home,0.4304168668313573,0.5512773876390062,0,2026-04-19__2026-05-19
1379300,2026-04-22 19:00:00+00:00,Premier League,Bournemouth - Leeds,1,Draw,2,Home,Home,0.4570504564053202,0.46292127564393937,0,2026-04-19__2026-05-19
1379302,2026-04-22 19:00:00+00:00,Premier League,Burnley - Manchester City,0,Away,0,Away,Away,0.7644597364515517,0.7701366843079059,0,2026-04-19__2026-05-19
1391140,2026-04-22 19:30:00+00:00,La Liga,Barcelona - Celta Vigo,2,Home,2,Home,Home,0.7636351219343195,0.7480672874978153,0,2026-04-19__2026-05-19
1391143,2026-04-23 17:00:00+00:00,La Liga,Levante - Sevilla,2,Home,2,Home,Home,0.3927795883867078,0.372562222150112,1,2026-04-19__2026-05-19
1391145,2026-04-23 18:00:00+00:00,La Liga,Rayo Vallecano - Espanyol,2,Home,2,Home,Home,0.4568614595974932,0.5034907871007628,0,2026-04-19__2026-05-19
1391148,2026-04-23 19:30:00+00:00,La Liga,Oviedo - Villarreal,1,Draw,0,Away,Away,0.5324021647718867,0.4938178773098159,0,2026-04-19__2026-05-19
1388584,2026-04-24 18:30:00+00:00,Bundesliga,RB Leipzig - Union Berlin,2,Home,2,Home,Home,0.6482119424442709,0.6938081574584546,0,2026-04-19__2026-05-19
1378200,2026-04-24 18:45:00+00:00,Serie A,Napoli - Cremonese,2,Home,2,Home,Home,0.6425591731486805,0.6975345642810057,0,2026-04-19__2026-05-19
1387969,2026-04-24 18:45:00+00:00,Ligue 1,Stade Brestois 29 - Lens,1,Draw,0,Away,Away,0.5458005026942624,0.5369537994836263,0,2026-04-19__2026-05-19
1379306,2026-04-24 19:00:00+00:00,Premier League,Sunderland - Nottingham Forest,0,Away,0,Away,Away,0.3848894923251768,0.37597860238957576,0,2026-04-19__2026-05-19
1391131,2026-04-24 19:00:00+00:00,La Liga,Real Betis - Real Madrid,1,Draw,0,Away,Away,0.5455914327645437,0.5027767715752629,0,2026-04-19__2026-05-19
1391129,2026-04-25 12:00:00+00:00,La Liga,Alaves - Mallorca,2,Home,2,Home,Home,0.3950314588005833,0.4450552768232569,1,2026-04-19__2026-05-19
1378201,2026-04-25 13:00:00+00:00,Serie A,Parma - Pisa,2,Home,2,Home,Home,0.44952183707795107,0.4622938570742382,0,2026-04-19__2026-05-19
1387972,2026-04-25 13:00:00+00:00,Ligue 1,Lyon - Auxerre,2,Home,2,Home,Home,0.5294033290586228,0.5612657700429317,0,2026-04-19__2026-05-19
1388578,2026-04-25 13:30:00+00:00,Bundesliga,FC Augsburg - Eintracht Frankfurt,1,Draw,0,Away,Home,0.3655357963214907,0.403030526842656,0,2026-04-19__2026-05-19
1388580,2026-04-25 13:30:00+00:00,Bundesliga,1. FC Köln - Bayer Leverkusen,0,Away,0,Away,Away,0.5788430338931225,0.5285110876451953,0,2026-04-19__2026-05-19
1388582,2026-04-25 13:30:00+00:00,Bundesliga,1. FC Heidenheim - FC St. Pauli,2,Home,0,Away,Home,0.37861806155099564,0.372846540183595,0,2026-04-19__2026-05-19
1388583,2026-04-25 13:30:00+00:00,Bundesliga,FSV Mainz 05 - Bayern München,0,Away,0,Away,Away,0.5096085177786472,0.6317345989649169,0,2026-04-19__2026-05-19
1388586,2026-04-25 13:30:00+00:00,Bundesliga,VfL Wolfsburg - Borussia Mönchengladbach,1,Draw,0,Away,Home,0.4300090624087016,0.3972046788827611,0,2026-04-19__2026-05-19
1379304,2026-04-25 14:00:00+00:00,Premier League,Liverpool - Crystal Palace,2,Home,2,Home,Home,0.6238614500806974,0.6309341326545171,0,2026-04-19__2026-05-19
1379307,2026-04-25 14:00:00+00:00,Premier League,West Ham - Everton,2,Home,0,Away,Home,0.4175491777043212,0.36704188573128216,0,2026-04-19__2026-05-19
1379308,2026-04-25 14:00:00+00:00,Premier League,Wolves - Tottenham,0,Away,0,Away,Away,0.5854959258043592,0.5044694785078419,0,2026-04-19__2026-05-19
1391133,2026-04-25 14:15:00+00:00,La Liga,Getafe - Barcelona,0,Away,0,Away,Away,0.6440849278368634,0.6055574971295351,0,2026-04-19__2026-05-19
1378194,2026-04-25 16:00:00+00:00,Serie A,Bologna - AS Roma,0,Away,0,Away,Away,0.3967726084693116,0.3743022819900143,0,2026-04-19__2026-05-19
1379299,2026-04-25 16:30:00+00:00,Premier League,Arsenal - Newcastle,2,Home,2,Home,Home,0.5923512953908645,0.6214735970374764,0,2026-04-19__2026-05-19
1388581,2026-04-25 16:30:00+00:00,Bundesliga,Hamburger SV - 1899 Hoffenheim,0,Away,0,Away,Away,0.542315459821611,0.5166671423962877,0,2026-04-19__2026-05-19
1391137,2026-04-25 16:30:00+00:00,La Liga,Valencia - Girona,2,Home,2,Home,Home,0.41923488332347303,0.4567740501788652,0,2026-04-19__2026-05-19
1387968,2026-04-25 17:00:00+00:00,Ligue 1,Angers - Paris Saint Germain,0,Away,0,Away,Away,0.6737630852817638,0.7592978083027274,0,2026-04-19__2026-05-19
1378203,2026-04-25 18:45:00+00:00,Serie A,Hellas Verona - Lecce,1,Draw,1,Draw,Home,0.45551178810383003,0.4283557146216805,0,2026-04-19__2026-05-19
1391130,2026-04-25 19:00:00+00:00,La Liga,Atletico Madrid - Athletic Club,2,Home,2,Home,Home,0.36368379074667095,0.3802604618879575,0,2026-04-19__2026-05-19
1387976,2026-04-25 19:05:00+00:00,Ligue 1,Toulouse - Monaco,1,Draw,0,Away,Away,0.5063145215101721,0.43836757455443964,0,2026-04-19__2026-05-19
1378196,2026-04-26 10:30:00+00:00,Serie A,Fiorentina - Sassuolo,1,Draw,2,Home,Home,0.4900712311299811,0.48821729702760225,0,2026-04-19__2026-05-19
1391135,2026-04-26 12:00:00+00:00,La Liga,Rayo Vallecano - Real Sociedad,1,Draw,2,Home,Home,0.3487536747288322,0.3868538904503724,1,2026-04-19__2026-05-19
1378197,2026-04-26 13:00:00+00:00,Serie A,Genoa - Como,0,Away,0,Away,Away,0.517779267985915,0.5047867951958944,0,2026-04-19__2026-05-19
1387971,2026-04-26 13:00:00+00:00,Ligue 1,Lorient - Strasbourg,0,Away,0,Away,Away,0.3751893555100443,0.3938578630830878,0,2026-04-19__2026-05-19
1388585,2026-04-26 13:30:00+00:00,Bundesliga,VfB Stuttgart - Werder Bremen,1,Draw,2,Home,Home,0.5412658267328886,0.5927545444386841,0,2026-04-19__2026-05-19
1391136,2026-04-26 14:15:00+00:00,La Liga,Oviedo - Elche,0,Away,2,Home,Home,0.42813706683812414,0.4140003849302199,1,2026-04-19__2026-05-19
1387970,2026-04-26 15:15:00+00:00,Ligue 1,Le Havre - Metz,1,Draw,2,Home,Home,0.4700192051887417,0.4960581437448181,0,2026-04-19__2026-05-19
1387974,2026-04-26 15:15:00+00:00,Ligue 1,Paris FC - Lille,0,Away,0,Away,Away,0.4794934901414756,0.4727774328757361,0,2026-04-19__2026-05-19
1387975,2026-04-26 15:15:00+00:00,Ligue 1,Rennes - Nantes,2,Home,2,Home,Home,0.6612320068854112,0.6356612685869555,0,2026-04-19__2026-05-19
1388579,2026-04-26 15:30:00+00:00,Bundesliga,Borussia Dortmund - SC Freiburg,2,Home,2,Home,Home,0.6208799894741934,0.6629132830856035,0,2026-04-19__2026-05-19
1378202,2026-04-26 16:00:00+00:00,Serie A,Torino - Inter,1,Draw,0,Away,Away,0.5953039404554762,0.6650200881731219,0,2026-04-19__2026-05-19
1391134,2026-04-26 16:30:00+00:00,La Liga,Osasuna - Sevilla,2,Home,2,Home,Home,0.41636403443235753,0.4407018124637921,1,2026-04-19__2026-05-19
1378199,2026-04-26 18:45:00+00:00,Serie A,AC Milan - Juventus,1,Draw,2,Home,Home,0.34916052321070395,0.365072737346188,0,2026-04-19__2026-05-19
1387973,2026-04-26 18:45:00+00:00,Ligue 1,Marseille - Nice,1,Draw,2,Home,Home,0.5614260527622857,0.6257061312939115,0,2026-04-19__2026-05-19
1391138,2026-04-26 19:00:00+00:00,La Liga,Villarreal - Celta Vigo,2,Home,2,Home,Home,0.5175654087430187,0.5263677812443771,0,2026-04-19__2026-05-19
1378195,2026-04-27 16:30:00+00:00,Serie A,Cagliari - Atalanta,2,Home,0,Away,Away,0.5808632472572517,0.5465306023040015,0,2026-04-19__2026-05-19
1378198,2026-04-27 18:45:00+00:00,Serie A,Lazio - Udinese,1,Draw,2,Home,Home,0.4812263615741716,0.4790986997478358,0,2026-04-19__2026-05-19
1379305,2026-04-27 19:00:00+00:00,Premier League,Manchester United - Brentford,2,Home,2,Home,Home,0.5035330459944353,0.5026976237715899,0,2026-04-19__2026-05-19
1391132,2026-04-27 19:00:00+00:00,La Liga,Espanyol - Levante,1,Draw,2,Home,Home,0.4425647955373032,0.5025932929364364,0,2026-04-19__2026-05-19
1378210,2026-05-01 18:45:00+00:00,Serie A,Pisa - Lecce,0,Away,0,Away,Home,0.37217484112135557,0.36515928875366815,0,2026-04-19__2026-05-19
1379315,2026-05-01 19:00:00+00:00,Premier League,Leeds - Burnley,2,Home,2,Home,Home,0.643948435686781,0.6577915750832748,0,2026-04-19__2026-05-19
1391154,2026-05-01 19:00:00+00:00,La Liga,Girona - Mallorca,0,Away,2,Home,Home,0.38879539773095934,0.5074888421260025,0,2026-04-19__2026-05-19
1391158,2026-05-02 12:00:00+00:00,La Liga,Villarreal - Levante,2,Home,2,Home,Home,0.5704849075686752,0.5812813970430065,0,2026-04-19__2026-05-19
1378213,2026-05-02 13:00:00+00:00,Serie A,Udinese - Torino,2,Home,2,Home,Home,0.4548996717305578,0.4238702365529816,0,2026-04-19__2026-05-19
1387981,2026-05-02 13:00:00+00:00,Ligue 1,Nantes - Marseille,2,Home,0,Away,Away,0.6530348647980316,0.5784574742534002,0,2026-04-19__2026-05-19
1388588,2026-05-02 13:30:00+00:00,Bundesliga,Bayern München - 1. FC Heidenheim,1,Draw,2,Home,Home,0.7670020676318203,0.8469830596162404,0,2026-04-19__2026-05-19
1388590,2026-05-02 13:30:00+00:00,Bundesliga,Eintracht Frankfurt - Hamburger SV,0,Away,2,Home,Home,0.4773809010374394,0.554993344283479,0,2026-04-19__2026-05-19
1388592,2026-05-02 13:30:00+00:00,Bundesliga,1899 Hoffenheim - VfB Stuttgart,1,Draw,2,Home,Home,0.36924428856389135,0.40362530510983957,0,2026-04-19__2026-05-19
1388594,2026-05-02 13:30:00+00:00,Bundesliga,Union Berlin - 1. FC Köln,1,Draw,2,Home,Home,0.3654711805498631,0.40528739870583774,0,2026-04-19__2026-05-19
1388595,2026-05-02 13:30:00+00:00,Bundesliga,Werder Bremen - FC Augsburg,0,Away,2,Home,Home,0.4194124218869948,0.5019115723336229,0,2026-04-19__2026-05-19
1379312,2026-05-02 14:00:00+00:00,Premier League,Brentford - West Ham,2,Home,2,Home,Home,0.4539765135744583,0.4926541281373891,0,2026-04-19__2026-05-19
1379317,2026-05-02 14:00:00+00:00,Premier League,Newcastle - Brighton,2,Home,2,Home,Home,0.3762622433312095,0.39058710306946026,0,2026-04-19__2026-05-19
1379318,2026-05-02 14:00:00+00:00,Premier League,Wolves - Sunderland,1,Draw,0,Away,Away,0.5069853298555939,0.3998607473802538,0,2026-04-19__2026-05-19
1391157,2026-05-02 14:15:00+00:00,La Liga,Valencia - Atletico Madrid,0,Away,2,Home,Home,0.37710887300116597,0.42468953188674297,0,2026-04-19__2026-05-19
1387984,2026-05-02 15:00:00+00:00,Ligue 1,Paris Saint Germain - Lorient,1,Draw,2,Home,Home,0.7859359898997439,0.7693408929454124,0,2026-04-19__2026-05-19
1379309,2026-05-02 16:30:00+00:00,Premier League,Arsenal - Fulham,2,Home,2,Home,Home,0.6389078439153947,0.6711198837520937,0,2026-04-19__2026-05-19
1388587,2026-05-02 16:30:00+00:00,Bundesliga,Bayer Leverkusen - RB Leipzig,2,Home,2,Home,Home,0.4861929284958744,0.4709091889886336,0,2026-04-19__2026-05-19
1391149,2026-05-02 16:30:00+00:00,La Liga,Alaves - Athletic Club,0,Away,0,Away,Away,0.44160721041458195,0.3588622270118588,0,2026-04-19__2026-05-19
1387980,2026-05-02 17:00:00+00:00,Ligue 1,Metz - Monaco,0,Away,0,Away,Away,0.6972680726748074,0.6116743008168,0,2026-04-19__2026-05-19
1378204,2026-05-02 18:45:00+00:00,Serie A,Atalanta - Genoa,1,Draw,2,Home,Home,0.5615583090491048,0.581710754009123,0,2026-04-19__2026-05-19
1391155,2026-05-02 19:00:00+00:00,La Liga,Osasuna - Barcelona,0,Away,0,Away,Away,0.5697218143879339,0.5792222724005087,0,2026-04-19__2026-05-19
1387982,2026-05-02 19:05:00+00:00,Ligue 1,Nice - Lens,1,Draw,0,Away,Away,0.6322426971960593,0.5330853637987572,0,2026-04-19__2026-05-19
1378205,2026-05-03 10:30:00+00:00,Serie A,Bologna - Cagliari,1,Draw,2,Home,Home,0.5035823897687784,0.5683155306300628,0,2026-04-19__2026-05-19
1391151,2026-05-03 12:00:00+00:00,La Liga,Celta Vigo - Elche,2,Home,2,Home,Home,0.46520375292645405,0.5105733750125347,0,2026-04-19__2026-05-19
1378212,2026-05-03 13:00:00+00:00,Serie A,Sassuolo - AC Milan,2,Home,0,Away,Away,0.592823672352946,0.5576649570204867,0,2026-04-19__2026-05-19
1379311,2026-05-03 13:00:00+00:00,Premier League,Bournemouth - Crystal Palace,2,Home,2,Home,Home,0.5443028903510932,0.5518274178667857,0,2026-04-19__2026-05-19
1387978,2026-05-03 13:00:00+00:00,Ligue 1,Lille - Le Havre,1,Draw,2,Home,Home,0.6538653306362382,0.6562927166835263,0,2026-04-19__2026-05-19
1388593,2026-05-03 13:30:00+00:00,Bundesliga,FC St. Pauli - FSV Mainz 05,0,Away,0,Away,Away,0.48320712386079834,0.3543674689158324,0,2026-04-19__2026-05-19
1391153,2026-05-03 14:15:00+00:00,La Liga,Getafe - Rayo Vallecano,0,Away,2,Home,Home,0.3974084421263845,0.43850179598939243,0,2026-04-19__2026-05-19
1379316,2026-05-03 14:30:00+00:00,Premier League,Manchester United - Liverpool,2,Home,2,Home,Home,0.39998177990071654,0.3981001488997959,0,2026-04-19__2026-05-19
1387977,2026-05-03 15:15:00+00:00,Ligue 1,Auxerre - Angers,2,Home,2,Home,Home,0.46414404711146895,0.5285996095598976,0,2026-04-19__2026-05-19
1387983,2026-05-03 15:15:00+00:00,Ligue 1,Paris FC - Stade Brestois 29,2,Home,2,Home,Home,0.3993305763002758,0.46403111440395556,0,2026-04-19__2026-05-19
1387985,2026-05-03 15:15:00+00:00,Ligue 1,Strasbourg - Toulouse,0,Away,2,Home,Home,0.401192012832527,0.40738336140287723,0,2026-04-19__2026-05-19
1388589,2026-05-03 15:30:00+00:00,Bundesliga,Borussia Mönchengladbach - Borussia Dortmund,2,Home,0,Away,Away,0.5308835641010277,0.5035623523475468,0,2026-04-19__2026-05-19
1378209,2026-05-03 16:00:00+00:00,Serie A,Juventus - Hellas Verona,1,Draw,2,Home,Home,0.7120126217071663,0.73244954759226,0,2026-04-19__2026-05-19
1391150,2026-05-03 16:30:00+00:00,La Liga,Real Betis - Oviedo,2,Home,2,Home,Home,0.5179327715202449,0.5910814986224809,0,2026-04-19__2026-05-19
1388591,2026-05-03 17:30:00+00:00,Bundesliga,SC Freiburg - VfL Wolfsburg,1,Draw,2,Home,Home,0.35560847228304643,0.4149487471794239,0,2026-04-19__2026-05-19
1379310,2026-05-03 18:00:00+00:00,Premier League,Aston Villa - Tottenham,0,Away,2,Home,Home,0.40260474824016496,0.4321229020900062,0,2026-04-19__2026-05-19
1378208,2026-05-03 18:45:00+00:00,Serie A,Inter - Parma,2,Home,2,Home,Home,0.7697992986479384,0.7440305791654611,0,2026-04-19__2026-05-19
1387979,2026-05-03 18:45:00+00:00,Ligue 1,Lyon - Rennes,2,Home,2,Home,Home,0.4397441431672876,0.4048267364810266,0,2026-04-19__2026-05-19
1391152,2026-05-03 19:00:00+00:00,La Liga,Espanyol - Real Madrid,0,Away,0,Away,Away,0.6189827029339605,0.5516628194713925,0,2026-04-19__2026-05-19
1379313,2026-05-04 14:00:00+00:00,Premier League,Chelsea - Nottingham Forest,0,Away,2,Home,Home,0.5583153184593426,0.5506493350096286,0,2026-04-19__2026-05-19
1378207,2026-05-04 16:30:00+00:00,Serie A,Cremonese - Lazio,0,Away,0,Away,Away,0.4807980958535788,0.43989426412569066,0,2026-04-19__2026-05-19
1378211,2026-05-04 18:45:00+00:00,Serie A,AS Roma - Fiorentina,2,Home,2,Home,Home,0.5109469981572351,0.5454222631545038,0,2026-04-19__2026-05-19
1379314,2026-05-04 19:00:00+00:00,Premier League,Everton - Manchester City,1,Draw,0,Away,Away,0.6434704292129909,0.6489902804704757,0,2026-04-19__2026-05-19
1391156,2026-05-04 19:00:00+00:00,La Liga,Sevilla - Real Sociedad,2,Home,2,Home,Home,0.38872956597917185,0.3710541084038722,1,2026-04-19__2026-05-19
1388597,2026-05-08 18:30:00+00:00,Bundesliga,Borussia Dortmund - Eintracht Frankfurt,2,Home,2,Home,Home,0.5896263410076804,0.6314732676141142,0,2026-04-19__2026-05-19
1378222,2026-05-08 18:45:00+00:00,Serie A,Torino - Sassuolo,2,Home,2,Home,Home,0.3892837196306844,0.41121612144851794,0,2026-04-19__2026-05-19
1387989,2026-05-08 18:45:00+00:00,Ligue 1,Lens - Nantes,2,Home,2,Home,Home,0.7291671231876684,0.7411123319221672,0,2026-04-19__2026-05-19
1391163,2026-05-08 19:00:00+00:00,La Liga,Levante - Osasuna,2,Home,2,Home,Home,0.34359127737200107,0.3602883103461566,1,2026-04-19__2026-05-19
1379323,2026-05-09 11:30:00+00:00,Premier League,Liverpool - Chelsea,1,Draw,2,Home,Home,0.5057896213927835,0.4946575228146308,0,2026-04-19__2026-05-19
1391162,2026-05-09 12:00:00+00:00,La Liga,Elche - Alaves,1,Draw,2,Home,Home,0.37993437403092284,0.4179854158521868,0,2026-04-19__2026-05-19
1378214,2026-05-09 13:00:00+00:00,Serie A,Cagliari - Udinese,0,Away,2,Home,Home,0.35831305320316065,0.38353692356968205,0,2026-04-19__2026-05-19
1388596,2026-05-09 13:30:00+00:00,Bundesliga,FC Augsburg - Borussia Mönchengladbach,2,Home,0,Away,Home,0.3501563274955823,0.4118174834795941,0,2026-04-19__2026-05-19
1388600,2026-05-09 13:30:00+00:00,Bundesliga,1899 Hoffenheim - Werder Bremen,2,Home,2,Home,Home,0.5401036388560128,0.6067196310015852,0,2026-04-19__2026-05-19
1388602,2026-05-09 13:30:00+00:00,Bundesliga,RB Leipzig - FC St. Pauli,2,Home,2,Home,Home,0.6073734906578315,0.6632586501454744,0,2026-04-19__2026-05-19
1388603,2026-05-09 13:30:00+00:00,Bundesliga,VfB Stuttgart - Bayer Leverkusen,2,Home,2,Home,Home,0.48318483769825804,0.45566546235198563,0,2026-04-19__2026-05-19
1379319,2026-05-09 14:00:00+00:00,Premier League,Brighton - Wolves,2,Home,2,Home,Home,0.6372357280596338,0.7034954353402251,0,2026-04-19__2026-05-19
1379322,2026-05-09 14:00:00+00:00,Premier League,Fulham - Bournemouth,0,Away,0,Away,Away,0.47256870566421394,0.3718176029315337,0,2026-04-19__2026-05-19
1379326,2026-05-09 14:00:00+00:00,Premier League,Sunderland - Manchester United,1,Draw,0,Away,Away,0.5587896508927775,0.5061516684492139,0,2026-04-19__2026-05-19
1391168,2026-05-09 14:15:00+00:00,La Liga,Sevilla - Espanyol,2,Home,2,Home,Home,0.4301386620245622,0.4583907749945692,0,2026-04-19__2026-05-19
1378217,2026-05-09 16:00:00+00:00,Serie A,Lazio - Inter,0,Away,0,Away,Away,0.5875553725227441,0.5536169147636084,0,2026-04-19__2026-05-19
1379324,2026-05-09 16:30:00+00:00,Premier League,Manchester City - Brentford,2,Home,2,Home,Home,0.6697752532026564,0.7129489793886855,0,2026-04-19__2026-05-19
1388604,2026-05-09 16:30:00+00:00,Bundesliga,VfL Wolfsburg - Bayern München,0,Away,0,Away,Away,0.6265957486031111,0.5948719081874906,0,2026-04-19__2026-05-19
1391160,2026-05-09 16:30:00+00:00,La Liga,Atletico Madrid - Celta Vigo,0,Away,2,Home,Home,0.4705601790450749,0.5094175023527594,0,2026-04-19__2026-05-19
1378218,2026-05-09 18:45:00+00:00,Serie A,Lecce - Juventus,0,Away,0,Away,Away,0.6929347341951448,0.6176610635770957,0,2026-04-19__2026-05-19
1391166,2026-05-09 19:00:00+00:00,La Liga,Real Sociedad - Real Betis,1,Draw,2,Home,Home,0.3937568719526734,0.427980616418,0,2026-04-19__2026-05-19
1378223,2026-05-10 10:30:00+00:00,Serie A,Hellas Verona - Como,0,Away,0,Away,Away,0.6544714911726743,0.6553280795370731,0,2026-04-19__2026-05-19
1391164,2026-05-10 12:00:00+00:00,La Liga,Mallorca - Villarreal,1,Draw,2,Home,Home,0.39835186881157764,0.37446523141506527,1,2026-04-19__2026-05-19
1378215,2026-05-10 13:00:00+00:00,Serie A,Cremonese - Pisa,2,Home,2,Home,Home,0.5303626123392357,0.5532897010888979,0,2026-04-19__2026-05-19
1378216,2026-05-10 13:00:00+00:00,Serie A,Fiorentina - Genoa,1,Draw,2,Home,Home,0.43505800341101236,0.47012010144924143,0,2026-04-19__2026-05-19
1379320,2026-05-10 13:00:00+00:00,Premier League,Burnley - Aston Villa,1,Draw,0,Away,Away,0.715895941688264,0.5863974640310147,0,2026-04-19__2026-05-19
1379321,2026-05-10 13:00:00+00:00,Premier League,Crystal Palace - Everton,1,Draw,0,Away,Away,0.4208622367836396,0.3561235640296842,0,2026-04-19__2026-05-19
1379325,2026-05-10 13:00:00+00:00,Premier League,Nottingham Forest - Newcastle,1,Draw,0,Away,Home,0.4070125750510101,0.38447518357696886,0,2026-04-19__2026-05-19
1388599,2026-05-10 13:30:00+00:00,Bundesliga,Hamburger SV - SC Freiburg,2,Home,0,Away,Away,0.48082717116497914,0.3894889868902263,0,2026-04-19__2026-05-19
1391159,2026-05-10 14:15:00+00:00,La Liga,Athletic Club - Valencia,0,Away,2,Home,Home,0.48788084583659064,0.5208198847239652,0,2026-04-19__2026-05-19
1379328,2026-05-10 15:30:00+00:00,Premier League,West Ham - Arsenal,0,Away,0,Away,Away,0.6092778744000783,0.5799035858063306,0,2026-04-19__2026-05-19
1388598,2026-05-10 15:30:00+00:00,Bundesliga,1. FC Köln - 1. FC Heidenheim,0,Away,2,Home,Home,0.4702147832777602,0.5497606252665812,0,2026-04-19__2026-05-19
1378221,2026-05-10 16:00:00+00:00,Serie A,Parma - AS Roma,0,Away,0,Away,Away,0.6031485668635974,0.5368285235531145,0,2026-04-19__2026-05-19
1391167,2026-05-10 16:30:00+00:00,La Liga,Oviedo - Getafe,1,Draw,0,Away,Home,0.3996957003817858,0.3404071509765424,0,2026-04-19__2026-05-19
1388601,2026-05-10 17:30:00+00:00,Bundesliga,FSV Mainz 05 - Union Berlin,0,Away,2,Home,Home,0.41502477435484775,0.5204214670681166,0,2026-04-19__2026-05-19
1378219,2026-05-10 18:45:00+00:00,Serie A,AC Milan - Atalanta,0,Away,2,Home,Home,0.45956940310107014,0.4583190322036891,0,2026-04-19__2026-05-19
1387986,2026-05-10 19:00:00+00:00,Ligue 1,Angers - Strasbourg,1,Draw,0,Away,Away,0.5025656878665958,0.46247048042535366,0,2026-04-19__2026-05-19
1387987,2026-05-10 19:00:00+00:00,Ligue 1,Auxerre - Nice,2,Home,2,Home,Home,0.34453350876318173,0.39210434982223036,1,2026-04-19__2026-05-19
1387988,2026-05-10 19:00:00+00:00,Ligue 1,Le Havre - Marseille,0,Away,0,Away,Away,0.5501438973681868,0.5191329617984273,0,2026-04-19__2026-05-19
1387990,2026-05-10 19:00:00+00:00,Ligue 1,Metz - Lorient,0,Away,0,Away,Away,0.5645266222148648,0.4228726452944098,0,2026-04-19__2026-05-19
1387991,2026-05-10 19:00:00+00:00,Ligue 1,Monaco - Lille,0,Away,2,Home,Home,0.4944505675180238,0.422166398493685,0,2026-04-19__2026-05-19
1387992,2026-05-10 19:00:00+00:00,Ligue 1,Paris Saint Germain - Stade Brestois 29,2,Home,2,Home,Home,0.7495911872308323,0.8200341151143498,0,2026-04-19__2026-05-19
1387993,2026-05-10 19:00:00+00:00,Ligue 1,Rennes - Paris FC,2,Home,2,Home,Home,0.6648683661504831,0.6215533192109216,0,2026-04-19__2026-05-19
1387994,2026-05-10 19:00:00+00:00,Ligue 1,Toulouse - Lyon,2,Home,0,Away,Away,0.5441190902249701,0.4977617269032188,0,2026-04-19__2026-05-19
1391161,2026-05-10 19:00:00+00:00,La Liga,Barcelona - Real Madrid,2,Home,2,Home,Home,0.5969369854657328,0.5242686170212766,0,2026-04-19__2026-05-19
1378220,2026-05-11 18:45:00+00:00,Serie A,Napoli - Bologna,0,Away,2,Home,Home,0.6108457936043515,0.6093571567190087,0,2026-04-19__2026-05-19
1379327,2026-05-11 19:00:00+00:00,Premier League,Tottenham - Leeds,1,Draw,2,Home,Home,0.4801457348776671,0.5237088252199819,0,2026-04-19__2026-05-19
1391165,2026-05-11 19:00:00+00:00,La Liga,Rayo Vallecano - Girona,1,Draw,2,Home,Home,0.3931641086366264,0.41754465473493413,0,2026-04-19__2026-05-19
1391171,2026-05-12 17:00:00+00:00,La Liga,Celta Vigo - Levante,0,Away,2,Home,Home,0.47171734669974547,0.5453210083831809,0,2026-04-19__2026-05-19
1391170,2026-05-12 18:00:00+00:00,La Liga,Real Betis - Elche,2,Home,2,Home,Home,0.5096418089377798,0.5702917928410951,0,2026-04-19__2026-05-19
1544684,2026-05-12 18:30:00+00:00,Ligue 1,RED Star FC 93 - Rodez,0,Away,2,Home,Home,0.47394789437258356,0.5232500623842696,0,2026-04-19__2026-05-19
1391175,2026-05-12 19:30:00+00:00,La Liga,Osasuna - Atletico Madrid,0,Away,0,Away,Home,0.3853294419802175,0.36494931951483406,0,2026-04-19__2026-05-19
1387951,2026-05-13 17:00:00+00:00,Ligue 1,Stade Brestois 29 - Strasbourg,0,Away,0,Away,Away,0.4417801985603369,0.40516281316621494,0,2026-04-19__2026-05-19
1391172,2026-05-13 17:00:00+00:00,La Liga,Espanyol - Athletic Club,2,Home,0,Away,Away,0.44857364084592743,0.40059741974545987,0,2026-04-19__2026-05-19
1391178,2026-05-13 17:00:00+00:00,La Liga,Villarreal - Sevilla,0,Away,2,Home,Home,0.4055757291480283,0.4717811865950527,0,2026-04-19__2026-05-19
1379275,2026-05-13 19:00:00+00:00,Premier League,Manchester City - Crystal Palace,2,Home,2,Home,Home,0.7516191439030461,0.7471028382941045,0,2026-04-19__2026-05-19
1387952,2026-05-13 19:00:00+00:00,Ligue 1,Lens - Paris Saint Germain,0,Away,0,Away,Away,0.44165824124920156,0.46311953049511095,0,2026-04-19__2026-05-19
1391169,2026-05-13 19:30:00+00:00,La Liga,Alaves - Barcelona,2,Home,0,Away,Away,0.5896029064703477,0.5348196581070745,0,2026-04-19__2026-05-19
1391173,2026-05-13 19:30:00+00:00,La Liga,Getafe - Mallorca,2,Home,2,Home,Home,0.3905454052458817,0.45539686200192864,0,2026-04-19__2026-05-19
1391177,2026-05-14 17:00:00+00:00,La Liga,Valencia - Rayo Vallecano,1,Draw,2,Home,Home,0.4032721524276225,0.43668179858799544,0,2026-04-19__2026-05-19
1391174,2026-05-14 18:00:00+00:00,La Liga,Girona - Real Sociedad,1,Draw,2,Home,Home,0.3827495383146941,0.42149884504119933,0,2026-04-19__2026-05-19
1391176,2026-05-14 19:30:00+00:00,La Liga,Real Madrid - Oviedo,2,Home,2,Home,Home,0.7264556469350912,0.7696924231057763,0,2026-04-19__2026-05-19
1544972,2026-05-15 18:30:00+00:00,Ligue 1,Saint Etienne - Rodez,1,Draw,2,Home,Home,0.5186629063881525,0.5831556928921486,0,2026-04-19__2026-05-19
1379330,2026-05-15 19:00:00+00:00,Premier League,Aston Villa - Liverpool,2,Home,0,Away,Away,0.5543599015176367,0.49449059437221043,0,2026-04-19__2026-05-19
1388605,2026-05-16 13:30:00+00:00,Bundesliga,Bayer Leverkusen - Hamburger SV,1,Draw,2,Home,Home,0.609605523659084,0.6756195474758986,0,2026-04-19__2026-05-19
1388606,2026-05-16 13:30:00+00:00,Bundesliga,Bayern München - 1. FC Köln,2,Home,2,Home,Home,0.7384886734400683,0.7712297062227143,0,2026-04-19__2026-05-19
1388607,2026-05-16 13:30:00+00:00,Bundesliga,Borussia Mönchengladbach - 1899 Hoffenheim,2,Home,0,Away,Away,0.5153560281331538,0.4470447462154942,0,2026-04-19__2026-05-19
1388608,2026-05-16 13:30:00+00:00,Bundesliga,Eintracht Frankfurt - VfB Stuttgart,1,Draw,0,Away,Away,0.5616208697474911,0.46532076324053706,0,2026-04-19__2026-05-19
1388609,2026-05-16 13:30:00+00:00,Bundesliga,SC Freiburg - RB Leipzig,2,Home,0,Away,Away,0.5483857032983473,0.46216380294134085,0,2026-04-19__2026-05-19
1388610,2026-05-16 13:30:00+00:00,Bundesliga,1. FC Heidenheim - FSV Mainz 05,0,Away,0,Away,Away,0.560992703305413,0.4165765581658136,0,2026-04-19__2026-05-19
1388611,2026-05-16 13:30:00+00:00,Bundesliga,FC St. Pauli - VfL Wolfsburg,0,Away,0,Away,Home,0.39778586015538636,0.39644191061680706,0,2026-04-19__2026-05-19
1388612,2026-05-16 13:30:00+00:00,Bundesliga,Union Berlin - FC Augsburg,2,Home,0,Away,Home,0.4534084625627176,0.4000023416852718,0,2026-04-19__2026-05-19
1388613,2026-05-16 13:30:00+00:00,Bundesliga,Werder Bremen - Borussia Dortmund,0,Away,0,Away,Away,0.5781490758605479,0.5034061082368649,0,2026-04-19__2026-05-19
1378226,2026-05-17 10:00:00+00:00,Serie A,Como - Parma,2,Home,2,Home,Home,0.6854661622184826,0.7120800646798612,0,2026-04-19__2026-05-19
1378227,2026-05-17 10:00:00+00:00,Serie A,Genoa - AC Milan,0,Away,0,Away,Away,0.5793793334333046,0.5300046111129388,0,2026-04-19__2026-05-19
1378229,2026-05-17 10:00:00+00:00,Serie A,Juventus - Fiorentina,0,Away,2,Home,Home,0.6824405822922522,0.6885330078135783,0,2026-04-19__2026-05-19
1378230,2026-05-17 10:00:00+00:00,Serie A,Pisa - Napoli,0,Away,0,Away,Away,0.7248431782319317,0.6571735322932628,0,2026-04-19__2026-05-19
1378231,2026-05-17 10:00:00+00:00,Serie A,AS Roma - Lazio,2,Home,2,Home,Home,0.5625940593991647,0.57023559506493,0,2026-04-19__2026-05-19
1379336,2026-05-17 11:30:00+00:00,Premier League,Manchester United - Nottingham Forest,2,Home,2,Home,Home,0.5548517442651031,0.6000675408513642,0,2026-04-19__2026-05-19
1378228,2026-05-17 13:00:00+00:00,Serie A,Inter - Hellas Verona,1,Draw,2,Home,Home,0.7372480395534826,0.8047609535078225,0,2026-04-19__2026-05-19
1379332,2026-05-17 14:00:00+00:00,Premier League,Brentford - Crystal Palace,1,Draw,2,Home,Home,0.5146791669476728,0.5582877838827351,0,2026-04-19__2026-05-19
1379334,2026-05-17 14:00:00+00:00,Premier League,Everton - Sunderland,0,Away,2,Home,Home,0.47923491097298315,0.53551247500652,0,2026-04-19__2026-05-19
1379335,2026-05-17 14:00:00+00:00,Premier League,Leeds - Brighton,2,Home,0,Away,Away,0.4898570963751685,0.416756534567928,0,2026-04-19__2026-05-19
1379338,2026-05-17 14:00:00+00:00,Premier League,Wolves - Fulham,1,Draw,0,Away,Away,0.6311274478817634,0.4867490711484824,0,2026-04-19__2026-05-19
1378224,2026-05-17 16:00:00+00:00,Serie A,Atalanta - Bologna,0,Away,2,Home,Home,0.6032589325162815,0.5879205779240956,0,2026-04-19__2026-05-19
1379337,2026-05-17 16:30:00+00:00,Premier League,Newcastle - West Ham,2,Home,2,Home,Home,0.4209084991466772,0.47095485629148154,0,2026-04-19__2026-05-19
1391179,2026-05-17 17:00:00+00:00,La Liga,Athletic Club - Celta Vigo,1,Draw,2,Home,Home,0.5125982637133769,0.5268123656441586,0,2026-04-19__2026-05-19
1391180,2026-05-17 17:00:00+00:00,La Liga,Atletico Madrid - Girona,2,Home,2,Home,Home,0.6097466945595156,0.6188365569934956,0,2026-04-19__2026-05-19
1391182,2026-05-17 17:00:00+00:00,La Liga,Elche - Getafe,2,Home,2,Home,Home,0.45566670613073296,0.4162204524906816,0,2026-04-19__2026-05-19
1391183,2026-05-17 17:00:00+00:00,La Liga,Levante - Mallorca,2,Home,2,Home,Home,0.4070711496736048,0.42957099097436824,1,2026-04-19__2026-05-19
1391184,2026-05-17 17:00:00+00:00,La Liga,Osasuna - Espanyol,0,Away,2,Home,Home,0.4197820036945694,0.48414420835810645,0,2026-04-19__2026-05-19
1391185,2026-05-17 17:00:00+00:00,La Liga,Rayo Vallecano - Villarreal,2,Home,2,Home,Home,0.39473291540804156,0.40001548326260894,0,2026-04-19__2026-05-19
1391186,2026-05-17 17:00:00+00:00,La Liga,Real Sociedad - Valencia,0,Away,2,Home,Home,0.454517877316226,0.47980957953646924,0,2026-04-19__2026-05-19
1391187,2026-05-17 17:00:00+00:00,La Liga,Oviedo - Alaves,0,Away,0,Away,Away,0.47809376318791463,0.4221763381398202,0,2026-04-19__2026-05-19
1391188,2026-05-17 17:00:00+00:00,La Liga,Sevilla - Real Madrid,0,Away,0,Away,Away,0.522467296366083,0.4562452670048195,0,2026-04-19__2026-05-19
1378225,2026-05-17 18:45:00+00:00,Serie A,Cagliari - Torino,2,Home,2,Home,Home,0.38354448297837834,0.3853486845091503,0,2026-04-19__2026-05-19
1378232,2026-05-17 18:45:00+00:00,Serie A,Sassuolo - Lecce,0,Away,2,Home,Home,0.39207810976401075,0.4084820710866669,0,2026-04-19__2026-05-19
1378233,2026-05-17 18:45:00+00:00,Serie A,Udinese - Cremonese,0,Away,2,Home,Home,0.43067775160318467,0.4849576606421893,0,2026-04-19__2026-05-19
1387995,2026-05-17 19:00:00+00:00,Ligue 1,Stade Brestois 29 - Angers,1,Draw,2,Home,Home,0.42170118484249963,0.5063551236556469,0,2026-04-19__2026-05-19
1387996,2026-05-17 19:00:00+00:00,Ligue 1,Lille - Auxerre,0,Away,2,Home,Home,0.7293656035672561,0.7326885217837885,0,2026-04-19__2026-05-19
1387997,2026-05-17 19:00:00+00:00,Ligue 1,Lorient - Le Havre,0,Away,2,Home,Home,0.4308416776142254,0.4771437330183684,0,2026-04-19__2026-05-19
1387998,2026-05-17 19:00:00+00:00,Ligue 1,Lyon - Lens,0,Away,2,Home,Home,0.4106324428881801,0.39453852166772285,0,2026-04-19__2026-05-19
1387999,2026-05-17 19:00:00+00:00,Ligue 1,Marseille - Rennes,2,Home,2,Home,Home,0.5507056717311384,0.560070265486375,0,2026-04-19__2026-05-19
1388000,2026-05-17 19:00:00+00:00,Ligue 1,Nantes - Toulouse,1,Draw,0,Away,Away,0.4505461694729187,0.35612903225806447,0,2026-04-19__2026-05-19
1388001,2026-05-17 19:00:00+00:00,Ligue 1,Nice - Metz,1,Draw,2,Home,Home,0.6341070578133186,0.6714402767001908,0,2026-04-19__2026-05-19
1388002,2026-05-17 19:00:00+00:00,Ligue 1,Paris FC - Paris Saint Germain,2,Home,0,Away,Away,0.6649336192560515,0.7148041027107768,0,2026-04-19__2026-05-19
1388003,2026-05-17 19:00:00+00:00,Ligue 1,Strasbourg - Monaco,2,Home,0,Away,Away,0.41695691596741785,0.377439770908975,0,2026-04-19__2026-05-19
1391181,2026-05-17 19:15:00+00:00,La Liga,Barcelona - Real Betis,2,Home,2,Home,Home,0.6774270430416107,0.7255562329621312,0,2026-04-19__2026-05-19
1379329,2026-05-18 19:00:00+00:00,Premier League,Arsenal - Burnley,2,Home,2,Home,Home,0.7191715776054223,0.8660528205092459,0,2026-04-19__2026-05-19
1379331,2026-05-19 18:30:00+00:00,Premier League,Bournemouth - Manchester City,2,Home,0,Away,Away,0.5500063899522424,0.5605215678943712,0,2026-04-19__2026-05-19
1379333,2026-05-19 19:15:00+00:00,Premier League,Chelsea - Tottenham,2,Home,2,Home,Home,0.4626709170540222,0.47033926042861635,0,2026-04-19__2026-05-19
1388548,2026-03-20 19:30:00+00:00,Bundesliga,RB Leipzig - 1899 Hoffenheim,2,Home,2,Home,Home,0.5098664746261421,0.4967456888638673,0,2026-03-20__2026-04-19
1378159,2026-03-20 19:45:00+00:00,Serie A,Genoa - Udinese,0,Away,2,Home,Home,0.4372542155663791,0.4363039812302955,0,2026-03-20__2026-04-19
1387933,2026-03-20 19:45:00+00:00,Ligue 1,Lens - Angers,2,Home,2,Home,Home,0.7494211589285124,0.7199794024256496,0,2026-03-20__2026-04-19
1379270,2026-03-20 20:00:00+00:00,Premier League,Bournemouth - Manchester United,1,Draw,0,Away,Away,0.46239389448895857,0.42025980001849594,0,2026-03-20__2026-04-19
1391108,2026-03-20 20:00:00+00:00,La Liga,Villarreal - Real Sociedad,2,Home,2,Home,Home,0.5052899315864484,0.5064642109521791,0,2026-03-20__2026-04-19
1379271,2026-03-21 12:30:00+00:00,Premier League,Brighton - Liverpool,2,Home,0,Away,Away,0.5387970848776152,0.44601296080141006,0,2026-03-20__2026-04-19
1391102,2026-03-21 13:00:00+00:00,La Liga,Elche - Mallorca,2,Home,2,Home,Home,0.3955396659720798,0.4524278961064993,0,2026-03-20__2026-04-19
1378162,2026-03-21 14:00:00+00:00,Serie A,Parma - Cremonese,0,Away,2,Home,Home,0.42961477576681756,0.45078947073104125,0,2026-03-20__2026-04-19
1388543,2026-03-21 14:30:00+00:00,Bundesliga,Bayern München - Union Berlin,2,Home,2,Home,Home,0.7674388395515903,0.8145386096583214,0,2026-03-20__2026-04-19
1388545,2026-03-21 14:30:00+00:00,Bundesliga,1. FC Köln - Borussia Mönchengladbach,1,Draw,0,Away,Home,0.3816239771397467,0.4174667338608135,0,2026-03-20__2026-04-19
1388546,2026-03-21 14:30:00+00:00,Bundesliga,1. FC Heidenheim - Bayer Leverkusen,1,Draw,0,Away,Away,0.7401075790719671,0.6047777834603385,0,2026-03-20__2026-04-19
1388550,2026-03-21 14:30:00+00:00,Bundesliga,VfL Wolfsburg - Werder Bremen,0,Away,0,Away,Away,0.5327033594490002,0.3759464954849521,0,2026-03-20__2026-04-19
1379273,2026-03-21 15:00:00+00:00,Premier League,Fulham - Burnley,2,Home,2,Home,Home,0.5380273731384292,0.6216418088255911,0,2026-03-20__2026-04-19
1391103,2026-03-21 15:15:00+00:00,La Liga,Espanyol - Getafe,0,Away,2,Home,Home,0.4412325998664917,0.39479938609953963,0,2026-03-20__2026-04-19
1387940,2026-03-21 16:00:00+00:00,Ligue 1,Toulouse - Lorient,2,Home,2,Home,Home,0.4796689233808223,0.47219989087278774,0,2026-03-20__2026-04-19
1378161,2026-03-21 17:00:00+00:00,Serie A,AC Milan - Torino,2,Home,2,Home,Home,0.6772566876059548,0.7034108363916761,0,2026-03-20__2026-04-19
1379272,2026-03-21 17:30:00+00:00,Premier League,Everton - Chelsea,2,Home,0,Away,Away,0.5215525866853835,0.477325872842766,0,2026-03-20__2026-04-19
1388544,2026-03-21 17:30:00+00:00,Bundesliga,Borussia Dortmund - Hamburger SV,2,Home,2,Home,Home,0.7215247591171176,0.680317491619587,0,2026-03-20__2026-04-19
1391104,2026-03-21 17:30:00+00:00,La Liga,Levante - Oviedo,2,Home,2,Home,Home,0.3682160483788408,0.44898284576004177,0,2026-03-20__2026-04-19
1391105,2026-03-21 17:30:00+00:00,La Liga,Osasuna - Girona,2,Home,2,Home,Home,0.3773469027843165,0.42003337932541446,0,2026-03-20__2026-04-19
1387932,2026-03-21 18:00:00+00:00,Ligue 1,Auxerre - Stade Brestois 29,2,Home,2,Home,Home,0.40494199434700245,0.40498863774645333,0,2026-03-20__2026-04-19
1378160,2026-03-21 19:45:00+00:00,Serie A,Juventus - Sassuolo,1,Draw,2,Home,Home,0.7037439143505628,0.7067717466857809,0,2026-03-20__2026-04-19
1379274,2026-03-21 20:00:00+00:00,Premier League,Leeds - Brentford,1,Draw,0,Away,Home,0.3712279603982333,0.3802144368626478,0,2026-03-20__2026-04-19
1391107,2026-03-21 20:00:00+00:00,La Liga,Sevilla - Valencia,0,Away,2,Home,Home,0.4238972306586073,0.43665541399787317,0,2026-03-20__2026-04-19
1387937,2026-03-21 20:05:00+00:00,Ligue 1,Nice - Paris Saint Germain,0,Away,0,Away,Away,0.7066242952648375,0.6862358902543783,0,2026-03-20__2026-04-19
1378157,2026-03-22 11:30:00+00:00,Serie A,Como - Pisa,2,Home,2,Home,Home,0.7544384903643053,0.7389277867124177,0,2026-03-20__2026-04-19
1379276,2026-03-22 12:00:00+00:00,Premier League,Newcastle - Sunderland,0,Away,2,Home,Home,0.5198077760481034,0.5786437154428962,0,2026-03-20__2026-04-19
1391100,2026-03-22 13:00:00+00:00,La Liga,Barcelona - Rayo Vallecano,2,Home,2,Home,Home,0.7450725793185126,0.7672763680227029,0,2026-03-20__2026-04-19
1378154,2026-03-22 14:00:00+00:00,Serie A,Atalanta - Hellas Verona,2,Home,2,Home,Home,0.6818572650944583,0.6683783511255612,0,2026-03-20__2026-04-19
1378155,2026-03-22 14:00:00+00:00,Serie A,Bologna - Lazio,0,Away,2,Home,Home,0.41886457279760925,0.41693094162909844,0,2026-03-20__2026-04-19
1387934,2026-03-22 14:00:00+00:00,Ligue 1,Lyon - Monaco,0,Away,0,Away,Away,0.37357868431608093,0.3680796754357291,0,2026-03-20__2026-04-19
1379269,2026-03-22 14:15:00+00:00,Premier League,Aston Villa - West Ham,2,Home,2,Home,Home,0.4393124812298784,0.4882924741700801,0,2026-03-20__2026-04-19
1379277,2026-03-22 14:15:00+00:00,Premier League,Tottenham - Nottingham Forest,0,Away,0,Away,Home,0.3826986724378332,0.3765108076029355,0,2026-03-20__2026-04-19
1388547,2026-03-22 14:30:00+00:00,Bundesliga,FSV Mainz 05 - Eintracht Frankfurt,2,Home,2,Home,Home,0.381754979718655,0.4228793673799569,0,2026-03-20__2026-04-19
1391101,2026-03-22 15:15:00+00:00,La Liga,Celta Vigo - Alaves,0,Away,2,Home,Home,0.4522634705047891,0.5277842307789647,0,2026-03-20__2026-04-19
1387935,2026-03-22 16:15:00+00:00,Ligue 1,Marseille - Lille,0,Away,2,Home,Home,0.491717459820975,0.48916318956552457,0,2026-03-20__2026-04-19
1387938,2026-03-22 16:15:00+00:00,Ligue 1,Paris FC - Le Havre,2,Home,2,Home,Home,0.36636690012658496,0.45722595291656626,0,2026-03-20__2026-04-19
1387939,2026-03-22 16:15:00+00:00,Ligue 1,Rennes - Metz,1,Draw,2,Home,Home,0.697199003382494,0.6982225601302098,0,2026-03-20__2026-04-19
1388549,2026-03-22 16:30:00+00:00,Bundesliga,FC St. Pauli - SC Freiburg,0,Away,0,Away,Home,0.3397771878028223,0.35746710659188013,0,2026-03-20__2026-04-19
1378163,2026-03-22 17:00:00+00:00,Serie A,AS Roma - Lecce,2,Home,2,Home,Home,0.6830751203381643,0.6921285481304238,0,2026-03-20__2026-04-19
1391099,2026-03-22 17:30:00+00:00,La Liga,Athletic Club - Real Betis,2,Home,2,Home,Home,0.45221948226209446,0.4328248526566089,0,2026-03-20__2026-04-19
1388542,2026-03-22 18:30:00+00:00,Bundesliga,FC Augsburg - VfB Stuttgart,0,Away,0,Away,Away,0.5075868639355767,0.49015933886734364,0,2026-03-20__2026-04-19
1378158,2026-03-22 19:45:00+00:00,Serie A,Fiorentina - Inter,1,Draw,0,Away,Away,0.49985277023199925,0.5763483815781093,0,2026-03-20__2026-04-19
1387936,2026-03-22 19:45:00+00:00,Ligue 1,Nantes - Strasbourg,0,Away,0,Away,Away,0.5618713520487665,0.46807596133067686,0,2026-03-20__2026-04-19
1391106,2026-03-22 20:00:00+00:00,La Liga,Real Madrid - Atletico Madrid,2,Home,2,Home,Home,0.559295889574334,0.49812181973804337,0,2026-03-20__2026-04-19
1387948,2026-04-03 18:45:00+00:00,Ligue 1,Paris Saint Germain - Toulouse,2,Home,2,Home,Home,0.7607630612415854,0.72869565443961,0,2026-03-20__2026-04-19
1391115,2026-04-03 19:00:00+00:00,La Liga,Rayo Vallecano - Elche,2,Home,2,Home,Home,0.3916561567059464,0.515509678247922,0,2026-03-20__2026-04-19
1391116,2026-04-04 12:00:00+00:00,La Liga,Real Sociedad - Levante,2,Home,2,Home,Home,0.5389744028026875,0.5802086674028571,0,2026-03-20__2026-04-19
1378171,2026-04-04 13:00:00+00:00,Serie A,Sassuolo - Cagliari,2,Home,2,Home,Home,0.38618697519415296,0.48018199829344804,0,2026-03-20__2026-04-19
1388551,2026-04-04 13:30:00+00:00,Bundesliga,Bayer Leverkusen - VfL Wolfsburg,2,Home,2,Home,Home,0.6530604697608354,0.6702388620824398,0,2026-03-20__2026-04-19
1388552,2026-04-04 13:30:00+00:00,Bundesliga,Borussia Mönchengladbach - 1. FC Heidenheim,1,Draw,2,Home,Home,0.5809644940586813,0.6026468901320753,0,2026-03-20__2026-04-19
1388554,2026-04-04 13:30:00+00:00,Bundesliga,SC Freiburg - Bayern München,0,Away,0,Away,Away,0.6612166826739234,0.6928470501906604,0,2026-03-20__2026-04-19
1388555,2026-04-04 13:30:00+00:00,Bundesliga,Hamburger SV - FC Augsburg,1,Draw,2,Home,Home,0.3515020274977357,0.4175243026882878,0,2026-03-20__2026-04-19
1388556,2026-04-04 13:30:00+00:00,Bundesliga,1899 Hoffenheim - FSV Mainz 05,0,Away,2,Home,Home,0.41764590431745136,0.5303716796843152,0,2026-03-20__2026-04-19
1388559,2026-04-04 13:30:00+00:00,Bundesliga,Werder Bremen - RB Leipzig,0,Away,0,Away,Away,0.5273773579125695,0.4647638013381415,0,2026-03-20__2026-04-19
1391114,2026-04-04 14:15:00+00:00,La Liga,Mallorca - Real Madrid,2,Home,0,Away,Away,0.6086159498625099,0.5640201608383953,0,2026-03-20__2026-04-19
1387949,2026-04-04 15:00:00+00:00,Ligue 1,Strasbourg - Nice,2,Home,2,Home,Home,0.44104507060825016,0.5166576275237383,0,2026-03-20__2026-04-19
1378173,2026-04-04 16:00:00+00:00,Serie A,Hellas Verona - Fiorentina,0,Away,0,Away,Away,0.5862084767088366,0.48794080574128873,0,2026-03-20__2026-04-19
1388557,2026-04-04 16:30:00+00:00,Bundesliga,VfB Stuttgart - Borussia Dortmund,0,Away,2,Home,Home,0.42493051485287703,0.4016325983517328,0,2026-03-20__2026-04-19
1391111,2026-04-04 16:30:00+00:00,La Liga,Real Betis - Espanyol,1,Draw,2,Home,Home,0.46110387669204905,0.5253155154319997,0,2026-03-20__2026-04-19
1387942,2026-04-04 17:00:00+00:00,Ligue 1,Stade Brestois 29 - Rennes,0,Away,0,Away,Away,0.46709650428272265,0.45665510221323474,0,2026-03-20__2026-04-19
1378167,2026-04-04 18:45:00+00:00,Serie A,Lazio - Parma,1,Draw,2,Home,Home,0.4573824807235738,0.5228196635527662,0,2026-03-20__2026-04-19
1391110,2026-04-04 19:00:00+00:00,La Liga,Atletico Madrid - Barcelona,0,Away,0,Away,Away,0.5201430787863425,0.43521726645953834,0,2026-03-20__2026-04-19
1387944,2026-04-04 19:05:00+00:00,Ligue 1,Lille - Lens,2,Home,2,Home,Home,0.43884673163857024,0.36713378141375863,0,2026-03-20__2026-04-19
1391112,2026-04-05 12:00:00+00:00,La Liga,Getafe - Athletic Club,2,Home,0,Away,Away,0.4063183409477746,0.3481859423347154,0,2026-03-20__2026-04-19
1378164,2026-04-05 13:00:00+00:00,Serie A,Cremonese - Bologna,0,Away,0,Away,Away,0.5295197708549967,0.4570447439782098,0,2026-03-20__2026-04-19
1387941,2026-04-05 13:00:00+00:00,Ligue 1,Angers - Lyon,1,Draw,0,Away,Away,0.5112335141777101,0.5253231220069376,0,2026-03-20__2026-04-19
1388558,2026-04-05 13:30:00+00:00,Bundesliga,Union Berlin - FC St. Pauli,1,Draw,2,Home,Home,0.36412390725006083,0.4476749927682809,0,2026-03-20__2026-04-19
1391118,2026-04-05 14:15:00+00:00,La Liga,Valencia - Celta Vigo,0,Away,2,Home,Home,0.4321079173068589,0.41104611327343205,0,2026-03-20__2026-04-19
1387943,2026-04-05 15:15:00+00:00,Ligue 1,Le Havre - Auxerre,1,Draw,2,Home,Home,0.39381765555230447,0.40006933031509795,0,2026-03-20__2026-04-19
1387945,2026-04-05 15:15:00+00:00,Ligue 1,Lorient - Paris FC,1,Draw,2,Home,Home,0.4758296874048591,0.4108362567177045,0,2026-03-20__2026-04-19
1387946,2026-04-05 15:15:00+00:00,Ligue 1,Metz - Nantes,1,Draw,0,Away,Away,0.34294132341787215,0.38234909829826264,0,2026-03-20__2026-04-19
1388553,2026-04-05 15:30:00+00:00,Bundesliga,Eintracht Frankfurt - 1. FC Köln,1,Draw,2,Home,Home,0.35630712254721336,0.43048433817029474,0,2026-03-20__2026-04-19
1378170,2026-04-05 16:00:00+00:00,Serie A,Pisa - Torino,0,Away,0,Away,Away,0.44200039234857297,0.35214643669903767,0,2026-03-20__2026-04-19
1391117,2026-04-05 16:30:00+00:00,La Liga,Oviedo - Sevilla,2,Home,0,Away,Away,0.4390429727453842,0.3596544351200702,0,2026-03-20__2026-04-19
1378165,2026-04-05 18:45:00+00:00,Serie A,Inter - AS Roma,2,Home,2,Home,Home,0.5790319601573789,0.5788314406468885,0,2026-03-20__2026-04-19
1387947,2026-04-05 18:45:00+00:00,Ligue 1,Monaco - Marseille,2,Home,2,Home,Home,0.47096729115522346,0.41970127035789523,0,2026-03-20__2026-04-19
1391109,2026-04-05 19:00:00+00:00,La Liga,Alaves - Osasuna,1,Draw,2,Home,Home,0.42591512213552307,0.39346098577451427,0,2026-03-20__2026-04-19
1378172,2026-04-06 10:30:00+00:00,Serie A,Udinese - Como,1,Draw,0,Away,Away,0.5076075679908406,0.5554905446230968,0,2026-03-20__2026-04-19
1378168,2026-04-06 13:00:00+00:00,Serie A,Lecce - Atalanta,0,Away,0,Away,Away,0.6015029064238921,0.54054572106778,0,2026-03-20__2026-04-19
1378166,2026-04-06 16:00:00+00:00,Serie A,Juventus - Genoa,2,Home,2,Home,Home,0.673960922279246,0.6774312967723409,0,2026-03-20__2026-04-19
1378169,2026-04-06 18:45:00+00:00,Serie A,Napoli - AC Milan,2,Home,2,Home,Home,0.4520261495845494,0.3601599138113144,0,2026-03-20__2026-04-19
1391113,2026-04-06 19:00:00+00:00,La Liga,Girona - Villarreal,2,Home,0,Away,Away,0.4627469308703185,0.4122466624300978,0,2026-03-20__2026-04-19
1387956,2026-04-10 17:00:00+00:00,Ligue 1,Paris FC - Monaco,2,Home,0,Away,Away,0.5159867885023068,0.4520246081462628,0,2026-03-20__2026-04-19
1388560,2026-04-10 18:30:00+00:00,Bundesliga,FC Augsburg - 1899 Hoffenheim,1,Draw,0,Away,Away,0.570177942777873,0.455168619283962,0,2026-03-20__2026-04-19
1378182,2026-04-10 18:45:00+00:00,Serie A,AS Roma - Pisa,2,Home,2,Home,Home,0.6956203969092045,0.6961193022799487,0,2026-03-20__2026-04-19
1379288,2026-04-10 19:00:00+00:00,Premier League,West Ham - Wolves,2,Home,2,Home,Home,0.44690857821717805,0.5379839659890323,0,2026-03-20__2026-04-19
1391126,2026-04-10 19:00:00+00:00,La Liga,Real Madrid - Girona,1,Draw,2,Home,Home,0.7635949152343856,0.778490894201125,0,2026-03-20__2026-04-19
1387954,2026-04-10 19:05:00+00:00,Ligue 1,Marseille - Metz,2,Home,2,Home,Home,0.7237600630396025,0.7480660160109155,0,2026-03-20__2026-04-19
1379279,2026-04-11 11:30:00+00:00,Premier League,Arsenal - Bournemouth,0,Away,2,Home,Home,0.6811748445733257,0.6604371972687304,0,2026-03-20__2026-04-19
1391127,2026-04-11 12:00:00+00:00,La Liga,Real Sociedad - Alaves,1,Draw,2,Home,Home,0.4565250644942613,0.5287819075883016,0,2026-03-20__2026-04-19
1378176,2026-04-11 13:00:00+00:00,Serie A,Cagliari - Cremonese,2,Home,1,Draw,Home,0.360374955054302,0.41813147403082784,0,2026-03-20__2026-04-19
1378183,2026-04-11 13:00:00+00:00,Serie A,Torino - Hellas Verona,2,Home,2,Home,Home,0.44690002471580437,0.5090419866975096,0,2026-03-20__2026-04-19
1388561,2026-04-11 13:30:00+00:00,Bundesliga,Borussia Dortmund - Bayer Leverkusen,0,Away,2,Home,Home,0.5324837597297915,0.49725580059442037,0,2026-03-20__2026-04-19
1388563,2026-04-11 13:30:00+00:00,Bundesliga,1. FC Heidenheim - Union Berlin,2,Home,0,Away,Away,0.6631139266330226,0.4437110827806765,0,2026-03-20__2026-04-19
1388565,2026-04-11 13:30:00+00:00,Bundesliga,RB Leipzig - Borussia Mönchengladbach,2,Home,2,Home,Home,0.6222264199761163,0.6191071995440763,0,2026-03-20__2026-04-19
1388568,2026-04-11 13:30:00+00:00,Bundesliga,VfL Wolfsburg - Eintracht Frankfurt,0,Away,0,Away,Home,0.4677928299579055,0.3900592471192267,0,2026-03-20__2026-04-19
1379280,2026-04-11 14:00:00+00:00,Premier League,Brentford - Everton,1,Draw,2,Home,Home,0.4430832391374442,0.4296667074527321,0,2026-03-20__2026-04-19
1379281,2026-04-11 14:00:00+00:00,Premier League,Burnley - Brighton,0,Away,0,Away,Away,0.6769967659519516,0.5439191807105901,0,2026-03-20__2026-04-19
1391122,2026-04-11 14:15:00+00:00,La Liga,Elche - Valencia,2,Home,2,Home,Home,0.42186977146180454,0.4007674805582912,0,2026-03-20__2026-04-19
1378180,2026-04-11 16:00:00+00:00,Serie A,AC Milan - Udinese,0,Away,2,Home,Home,0.683197728668483,0.6855802561388215,0,2026-03-20__2026-04-19
1379284,2026-04-11 16:30:00+00:00,Premier League,Liverpool - Fulham,2,Home,2,Home,Home,0.6044818728772083,0.6060369072506053,0,2026-03-20__2026-04-19
1388566,2026-04-11 16:30:00+00:00,Bundesliga,FC St. Pauli - Bayern München,0,Away,0,Away,Away,0.753660551403314,0.7103400513126037,0,2026-03-20__2026-04-19
1391120,2026-04-11 16:30:00+00:00,La Liga,Barcelona - Espanyol,2,Home,2,Home,Home,0.746221530741591,0.765483427235049,0,2026-03-20__2026-04-19
1387950,2026-04-11 17:00:00+00:00,Ligue 1,Auxerre - Nantes,1,Draw,2,Home,Home,0.40470472764350496,0.4521530534571072,0,2026-03-20__2026-04-19
1378174,2026-04-11 18:45:00+00:00,Serie A,Atalanta - Juventus,0,Away,0,Away,Away,0.383880523779104,0.42067472975168707,0,2026-03-20__2026-04-19
1391128,2026-04-11 19:00:00+00:00,La Liga,Sevilla - Atletico Madrid,2,Home,0,Away,Away,0.5763284365495158,0.4549414875669441,0,2026-03-20__2026-04-19
1387957,2026-04-11 19:05:00+00:00,Ligue 1,Rennes - Angers,2,Home,2,Home,Home,0.6818993036614833,0.6722466097151426,0,2026-03-20__2026-04-19
1378179,2026-04-12 10:30:00+00:00,Serie A,Genoa - Sassuolo,2,Home,2,Home,Home,0.3850855473868037,0.4414685150581223,0,2026-03-20__2026-04-19
1391125,2026-04-12 12:00:00+00:00,La Liga,Osasuna - Real Betis,1,Draw,2,Home,Home,0.4009968952461644,0.4056289663914763,0,2026-03-20__2026-04-19
1378181,2026-04-12 13:00:00+00:00,Serie A,Parma - Napoli,1,Draw,0,Away,Away,0.5940271198316966,0.5630558310585242,0,2026-03-20__2026-04-19
1379283,2026-04-12 13:00:00+00:00,Premier League,Crystal Palace - Newcastle,2,Home,0,Away,Away,0.47028478290661624,0.3883590991494589,0,2026-03-20__2026-04-19
1379286,2026-04-12 13:00:00+00:00,Premier League,Nottingham Forest - Aston Villa,1,Draw,2,Home,Home,0.37285542528740073,0.36361986609786845,0,2026-03-20__2026-04-19
1379287,2026-04-12 13:00:00+00:00,Premier League,Sunderland - Tottenham,2,Home,0,Away,Away,0.36654981357543787,0.3633392053491893,0,2026-03-20__2026-04-19
1388562,2026-04-12 13:30:00+00:00,Bundesliga,1. FC Köln - Werder Bremen,2,Home,2,Home,Home,0.36900813615063116,0.43085609245340506,0,2026-03-20__2026-04-19
1391124,2026-04-12 14:15:00+00:00,La Liga,Mallorca - Rayo Vallecano,2,Home,2,Home,Home,0.3833809478224257,0.36605084536025784,1,2026-03-20__2026-04-19
1387955,2026-04-12 15:15:00+00:00,Ligue 1,Nice - Le Havre,1,Draw,2,Home,Home,0.4141106878402119,0.4933127919945737,0,2026-03-20__2026-04-19
1387958,2026-04-12 15:15:00+00:00,Ligue 1,Toulouse - Lille,0,Away,0,Away,Away,0.38089094724740813,0.3987639271415436,0,2026-03-20__2026-04-19
1379282,2026-04-12 15:30:00+00:00,Premier League,Chelsea - Manchester City,0,Away,0,Away,Away,0.4835033838955972,0.4383514310290323,0,2026-03-20__2026-04-19
1388567,2026-04-12 15:30:00+00:00,Bundesliga,VfB Stuttgart - Hamburger SV,2,Home,2,Home,Home,0.6359499005623621,0.6533648955209955,0,2026-03-20__2026-04-19
1378175,2026-04-12 16:00:00+00:00,Serie A,Bologna - Lecce,2,Home,2,Home,Home,0.4349809831746344,0.555459367123288,0,2026-03-20__2026-04-19
1391121,2026-04-12 16:30:00+00:00,La Liga,Celta Vigo - Oviedo,0,Away,2,Home,Home,0.4879439136822143,0.5789917091419359,0,2026-03-20__2026-04-19
1388564,2026-04-12 17:30:00+00:00,Bundesliga,FSV Mainz 05 - SC Freiburg,0,Away,2,Home,Home,0.4411097831850019,0.4470412054960883,0,2026-03-20__2026-04-19
1378177,2026-04-12 18:45:00+00:00,Serie A,Como - Inter,0,Away,0,Away,Away,0.38977069812867887,0.4184368579240536,0,2026-03-20__2026-04-19
1387953,2026-04-12 18:45:00+00:00,Ligue 1,Lyon - Lorient,2,Home,2,Home,Home,0.4929239818716448,0.5491843391558149,0,2026-03-20__2026-04-19
1391119,2026-04-12 19:00:00+00:00,La Liga,Athletic Club - Villarreal,0,Away,2,Home,Home,0.39806004571300463,0.3975940379085735,0,2026-03-20__2026-04-19
1378178,2026-04-13 18:45:00+00:00,Serie A,Fiorentina - Lazio,2,Home,2,Home,Home,0.4421579067846727,0.41941085056501226,0,2026-03-20__2026-04-19
1379285,2026-04-13 19:00:00+00:00,Premier League,Manchester United - Leeds,0,Away,2,Home,Home,0.5726272060105438,0.5904069601362254,0,2026-03-20__2026-04-19
1391123,2026-04-13 19:00:00+00:00,La Liga,Levante - Getafe,2,Home,2,Home,Home,0.40996497237779744,0.3427629168556162,0,2026-03-20__2026-04-19
1378191,2026-04-17 16:30:00+00:00,Serie A,Sassuolo - Como,2,Home,0,Away,Away,0.6017548727954305,0.5658717388251715,0,2026-03-20__2026-04-19
1388575,2026-04-17 18:30:00+00:00,Bundesliga,FC St. Pauli - 1. FC Köln,1,Draw,2,Home,Home,0.36607050799638363,0.40354343851000174,0,2026-03-20__2026-04-19
1378185,2026-04-17 18:45:00+00:00,Serie A,Inter - Cagliari,2,Home,2,Home,Home,0.7633489838130421,0.7805100995979506,0,2026-03-20__2026-04-19
1387960,2026-04-17 18:45:00+00:00,Ligue 1,Lens - Toulouse,2,Home,2,Home,Home,0.5685768830032668,0.5873431599597239,0,2026-03-20__2026-04-19
1379290,2026-04-18 11:30:00+00:00,Premier League,Brentford - Fulham,1,Draw,2,Home,Home,0.449557540274091,0.4491662910745593,0,2026-03-20__2026-04-19
1378192,2026-04-18 13:00:00+00:00,Serie A,Udinese - Parma,0,Away,2,Home,Home,0.4717283551209385,0.42384290321268925,0,2026-03-20__2026-04-19
1388569,2026-04-18 13:30:00+00:00,Bundesliga,Bayer Leverkusen - FC Augsburg,0,Away,2,Home,Home,0.6362289697302548,0.6558757842988239,0,2026-03-20__2026-04-19
1388574,2026-04-18 13:30:00+00:00,Bundesliga,1899 Hoffenheim - Borussia Dortmund,2,Home,0,Away,Away,0.49005715838127206,0.4020993421904235,0,2026-03-20__2026-04-19
1388576,2026-04-18 13:30:00+00:00,Bundesliga,Union Berlin - VfL Wolfsburg,0,Away,2,Home,Home,0.38593247032286804,0.4331173221125284,0,2026-03-20__2026-04-19
1388577,2026-04-18 13:30:00+00:00,Bundesliga,Werder Bremen - Hamburger SV,2,Home,2,Home,Home,0.4370167509042209,0.4628620466679326,0,2026-03-20__2026-04-19
1379294,2026-04-18 14:00:00+00:00,Premier League,Leeds - Wolves,2,Home,2,Home,Home,0.47276486485094743,0.5751769502300421,0,2026-03-20__2026-04-19
1379296,2026-04-18 14:00:00+00:00,Premier League,Newcastle - Bournemouth,0,Away,2,Home,Home,0.42786515152824706,0.5062667875156325,0,2026-03-20__2026-04-19
1387962,2026-04-18 15:00:00+00:00,Ligue 1,Lorient - Marseille,2,Home,0,Away,Away,0.5216551040318882,0.4954750322310626,0,2026-03-20__2026-04-19
1378188,2026-04-18 16:00:00+00:00,Serie A,Napoli - Lazio,0,Away,2,Home,Home,0.5330892076527567,0.572566627104074,0,2026-03-20__2026-04-19
1379298,2026-04-18 16:30:00+00:00,Premier League,Tottenham - Brighton,1,Draw,0,Away,Home,0.45584883138577775,0.37271367767168984,0,2026-03-20__2026-04-19
1388572,2026-04-18 16:30:00+00:00,Bundesliga,Eintracht Frankfurt - RB Leipzig,0,Away,0,Away,Away,0.5002233774116703,0.4629968488356396,0,2026-03-20__2026-04-19
1387959,2026-04-18 17:00:00+00:00,Ligue 1,Angers - Le Havre,1,Draw,2,Home,Away,0.3446705509932137,0.3544896609330794,0,2026-03-20__2026-04-19
1378190,2026-04-18 18:45:00+00:00,Serie A,AS Roma - Atalanta,1,Draw,2,Home,Home,0.48780378472666863,0.4309902185822943,0,2026-03-20__2026-04-19
1379291,2026-04-18 19:00:00+00:00,Premier League,Chelsea - Manchester United,0,Away,2,Home,Home,0.44878332806567717,0.4309389265577269,0,2026-03-20__2026-04-19
1387961,2026-04-18 19:05:00+00:00,Ligue 1,Lille - Nice,1,Draw,2,Home,Home,0.5320674113407228,0.5920124289294831,0,2026-03-20__2026-04-19
1378184,2026-04-19 10:30:00+00:00,Serie A,Cremonese - Torino,1,Draw,0,Away,Away,0.4318404248959093,0.36927683826184177,0,2026-03-20__2026-04-19
1378193,2026-04-19 13:00:00+00:00,Serie A,Hellas Verona - AC Milan,0,Away,0,Away,Away,0.655369571874931,0.5794711000828426,0,2026-03-20__2026-04-19
1379289,2026-04-19 13:00:00+00:00,Premier League,Aston Villa - Sunderland,2,Home,2,Home,Home,0.553869776581684,0.5903940074003369,0,2026-03-20__2026-04-19
1379293,2026-04-19 13:00:00+00:00,Premier League,Everton - Liverpool,0,Away,0,Away,Away,0.5224532674863711,0.4555002150001839,0,2026-03-20__2026-04-19
1379297,2026-04-19 13:00:00+00:00,Premier League,Nottingham Forest - Burnley,2,Home,2,Home,Home,0.569026133302277,0.6172424018148374,0,2026-03-20__2026-04-19
1387964,2026-04-19 13:00:00+00:00,Ligue 1,Monaco - Auxerre,1,Draw,2,Home,Home,0.6125630928757885,0.6042226089361653,0,2026-03-20__2026-04-19
1388573,2026-04-19 13:30:00+00:00,Bundesliga,SC Freiburg - 1. FC Heidenheim,2,Home,2,Home,Home,0.4721338085325916,0.5829044833200108,0,2026-03-20__2026-04-19
1387963,2026-04-19 15:15:00+00:00,Ligue 1,Metz - Paris FC,0,Away,0,Away,Away,0.5027403157235523,0.43283309818093596,0,2026-03-20__2026-04-19
1387965,2026-04-19 15:15:00+00:00,Ligue 1,Nantes - Stade Brestois 29,1,Draw,2,Home,Home,0.4171404655688144,0.40000357932454317,0,2026-03-20__2026-04-19
1387967,2026-04-19 15:15:00+00:00,Ligue 1,Strasbourg - Rennes,0,Away,2,Home,Home,0.4274438370970674,0.3776404552502527,0,2026-03-20__2026-04-19
1379295,2026-04-19 15:30:00+00:00,Premier League,Manchester City - Arsenal,2,Home,2,Home,Home,0.5506030869979902,0.5190439805657899,0,2026-03-20__2026-04-19
1388570,2026-04-19 15:30:00+00:00,Bundesliga,Bayern München - VfB Stuttgart,2,Home,2,Home,Home,0.7165077420183602,0.684130466859647,0,2026-03-20__2026-04-19
1378189,2026-04-19 16:00:00+00:00,Serie A,Pisa - Genoa,0,Away,0,Away,Away,0.5539427029948668,0.4339679317170706,0,2026-03-20__2026-04-19
1388571,2026-04-19 17:30:00+00:00,Bundesliga,Borussia Mönchengladbach - FSV Mainz 05,1,Draw,0,Away,Home,0.4022294036229258,0.3894292063826691,0,2026-03-20__2026-04-19
1378186,2026-04-19 18:45:00+00:00,Serie A,Juventus - Bologna,2,Home,2,Home,Home,0.6499026273423893,0.6384375984946374,0,2026-03-20__2026-04-19
1387966,2026-04-19 18:45:00+00:00,Ligue 1,Paris Saint Germain - Lyon,0,Away,2,Home,Home,0.7578293019077726,0.7247605925331552,0,2026-03-20__2026-04-19
1378100,2026-02-18 19:45:00+00:00,Serie A,AC Milan - Como,1,Draw,2,Home,Home,0.4414166871545046,0.4263720368822716,0,2026-02-18__2026-03-20
1379278,2026-02-18 20:00:00+00:00,Premier League,Wolves - Arsenal,1,Draw,0,Away,Away,0.7451192259224689,0.7299633547835125,0,2026-02-18__2026-03-20
1388510,2026-02-20 19:30:00+00:00,Bundesliga,FSV Mainz 05 - Hamburger SV,1,Draw,2,Home,Home,0.4011599372570027,0.4344367972472569,0,2026-02-18__2026-03-20
1378123,2026-02-20 19:45:00+00:00,Serie A,Sassuolo - Hellas Verona,2,Home,2,Home,Home,0.3935751071033084,0.4764310497203476,0,2026-02-18__2026-03-20
1387898,2026-02-20 19:45:00+00:00,Ligue 1,Stade Brestois 29 - Marseille,2,Home,0,Away,Away,0.5313250246872823,0.5070251232088786,0,2026-02-18__2026-03-20
1391060,2026-02-20 20:00:00+00:00,La Liga,Athletic Club - Elche,2,Home,2,Home,Home,0.5219860328196434,0.5649316134891216,0,2026-02-18__2026-03-20
1391067,2026-02-21 13:00:00+00:00,La Liga,Real Sociedad - Oviedo,1,Draw,2,Home,Home,0.5188993830438755,0.5842113661175574,0,2026-02-18__2026-03-20
1378119,2026-02-21 14:00:00+00:00,Serie A,Juventus - Como,0,Away,2,Home,Home,0.40476222101418946,0.4471450101486443,0,2026-02-18__2026-03-20
1388506,2026-02-21 14:30:00+00:00,Bundesliga,Bayern München - Eintracht Frankfurt,2,Home,2,Home,Home,0.8060693859703935,0.8039404703738429,0,2026-02-18__2026-03-20
1388507,2026-02-21 14:30:00+00:00,Bundesliga,1. FC Köln - 1899 Hoffenheim,1,Draw,0,Away,Away,0.5419428730564071,0.425659193542685,0,2026-02-18__2026-03-20
1388513,2026-02-21 14:30:00+00:00,Bundesliga,Union Berlin - Bayer Leverkusen,2,Home,0,Away,Away,0.4895533806155054,0.39628247095143165,0,2026-02-18__2026-03-20
1388514,2026-02-21 14:30:00+00:00,Bundesliga,VfL Wolfsburg - FC Augsburg,0,Away,2,Home,Home,0.37108801677558473,0.46674989491284224,0,2026-02-18__2026-03-20
1379229,2026-02-21 15:00:00+00:00,Premier League,Aston Villa - Leeds,1,Draw,2,Home,Home,0.4730463589885973,0.5325642268840032,0,2026-02-18__2026-03-20
1379230,2026-02-21 15:00:00+00:00,Premier League,Brentford - Brighton,0,Away,2,Home,Home,0.5012118963761238,0.47501409011402607,0,2026-02-18__2026-03-20
1379231,2026-02-21 15:00:00+00:00,Premier League,Chelsea - Burnley,1,Draw,2,Home,Home,0.7728400719040723,0.767566390326353,0,2026-02-18__2026-03-20
1391063,2026-02-21 15:15:00+00:00,La Liga,Real Betis - Rayo Vallecano,1,Draw,2,Home,Home,0.43323433658996485,0.5135040141425882,0,2026-02-18__2026-03-20
1387899,2026-02-21 16:00:00+00:00,Ligue 1,Lens - Monaco,0,Away,2,Home,Home,0.5630033504029495,0.48930633249720507,0,2026-02-18__2026-03-20
1378120,2026-02-21 17:00:00+00:00,Serie A,Lecce - Inter,0,Away,0,Away,Away,0.6823207962012487,0.6628446293742962,0,2026-02-18__2026-03-20
1379238,2026-02-21 17:30:00+00:00,Premier League,West Ham - Bournemouth,1,Draw,0,Away,Home,0.42826522219815355,0.3703825951610972,0,2026-02-18__2026-03-20
1388511,2026-02-21 17:30:00+00:00,Bundesliga,RB Leipzig - Borussia Dortmund,1,Draw,2,Home,Home,0.44718379189399116,0.42506290099191085,0,2026-02-18__2026-03-20
1391066,2026-02-21 17:30:00+00:00,La Liga,Osasuna - Real Madrid,2,Home,0,Away,Away,0.5450549775357096,0.5575070159451924,0,2026-02-18__2026-03-20
1387904,2026-02-21 18:00:00+00:00,Ligue 1,Toulouse - Paris FC,1,Draw,2,Home,Home,0.44763491613977285,0.4884778075662794,0,2026-02-18__2026-03-20
1378116,2026-02-21 19:45:00+00:00,Serie A,Cagliari - Lazio,1,Draw,0,Away,Away,0.48713086627690283,0.40309507876042416,0,2026-02-18__2026-03-20
1379234,2026-02-21 20:00:00+00:00,Premier League,Manchester City - Newcastle,2,Home,2,Home,Home,0.6413472166507936,0.6429542618538728,0,2026-02-18__2026-03-20
1391061,2026-02-21 20:00:00+00:00,La Liga,Atletico Madrid - Espanyol,2,Home,2,Home,Home,0.6719452846508057,0.6510684303206521,0,2026-02-18__2026-03-20
1387902,2026-02-21 20:05:00+00:00,Ligue 1,Paris Saint Germain - Metz,2,Home,2,Home,Home,0.79283732746136,0.8410162443690739,0,2026-02-18__2026-03-20
1378118,2026-02-22 11:30:00+00:00,Serie A,Genoa - Torino,2,Home,0,Away,Home,0.34197860375157635,0.4014806017368178,0,2026-02-18__2026-03-20
1391065,2026-02-22 13:00:00+00:00,La Liga,Getafe - Sevilla,0,Away,2,Home,Home,0.3631702531113442,0.3911663014522817,1,2026-02-18__2026-03-20
1378114,2026-02-22 14:00:00+00:00,Serie A,Atalanta - Napoli,2,Home,2,Home,Home,0.43131978929285886,0.40242356140841595,0,2026-02-18__2026-03-20
1379232,2026-02-22 14:00:00+00:00,Premier League,Crystal Palace - Wolves,2,Home,2,Home,Home,0.5151889904792477,0.5875636816905598,0,2026-02-18__2026-03-20
1379235,2026-02-22 14:00:00+00:00,Premier League,Nottingham Forest - Liverpool,0,Away,0,Away,Away,0.58227179645579,0.5212781295979593,0,2026-02-18__2026-03-20
1379236,2026-02-22 14:00:00+00:00,Premier League,Sunderland - Fulham,0,Away,2,Home,Home,0.3587299378996449,0.3633471984340592,0,2026-02-18__2026-03-20
1387897,2026-02-22 14:00:00+00:00,Ligue 1,Auxerre - Rennes,0,Away,0,Away,Away,0.4624649227997137,0.39896260579655857,0,2026-02-18__2026-03-20
1388508,2026-02-22 14:30:00+00:00,Bundesliga,SC Freiburg - Borussia Mönchengladbach,2,Home,2,Home,Home,0.4574174790523258,0.4529593449118742,0,2026-02-18__2026-03-20
1391062,2026-02-22 15:15:00+00:00,La Liga,Barcelona - Levante,2,Home,2,Home,Home,0.8117243638328908,0.8443285121561888,0,2026-02-18__2026-03-20
1387896,2026-02-22 16:15:00+00:00,Ligue 1,Angers - Lille,0,Away,0,Away,Away,0.47791284343972584,0.5252094439613654,0,2026-02-18__2026-03-20
1387900,2026-02-22 16:15:00+00:00,Ligue 1,Nantes - Le Havre,2,Home,2,Home,Home,0.4227156028531497,0.4127583048392743,0,2026-02-18__2026-03-20
1387901,2026-02-22 16:15:00+00:00,Ligue 1,Nice - Lorient,1,Draw,2,Home,Home,0.4872647099821028,0.4352489465969966,0,2026-02-18__2026-03-20
1379237,2026-02-22 16:30:00+00:00,Premier League,Tottenham - Arsenal,0,Away,0,Away,Away,0.663318112108658,0.6075471698113207,0,2026-02-18__2026-03-20
1388512,2026-02-22 16:30:00+00:00,Bundesliga,FC St. Pauli - Werder Bremen,2,Home,0,Away,Away,0.42373195663948904,0.3584331615115763,0,2026-02-18__2026-03-20
1378121,2026-02-22 17:00:00+00:00,Serie A,AC Milan - Parma,0,Away,2,Home,Home,0.7409002830935547,0.7030541521073205,0,2026-02-18__2026-03-20
1391064,2026-02-22 17:30:00+00:00,La Liga,Celta Vigo - Mallorca,2,Home,2,Home,Home,0.43003211852697776,0.5178925362816917,0,2026-02-18__2026-03-20
1388509,2026-02-22 18:30:00+00:00,Bundesliga,1. FC Heidenheim - VfB Stuttgart,1,Draw,0,Away,Away,0.6735868346035245,0.5570535674156082,0,2026-02-18__2026-03-20
1378122,2026-02-22 19:45:00+00:00,Serie A,AS Roma - Cremonese,2,Home,2,Home,Home,0.6917884630886161,0.6709779422404818,0,2026-02-18__2026-03-20
1387903,2026-02-22 19:45:00+00:00,Ligue 1,Strasbourg - Lyon,2,Home,2,Home,Home,0.45677519677598494,0.4048897553101361,0,2026-02-18__2026-03-20
1391068,2026-02-22 20:00:00+00:00,La Liga,Villarreal - Valencia,2,Home,2,Home,Home,0.49937652122150405,0.554169598225906,0,2026-02-18__2026-03-20
1378117,2026-02-23 17:30:00+00:00,Serie A,Fiorentina - Pisa,2,Home,2,Home,Home,0.5345093270757565,0.5635493323288352,0,2026-02-18__2026-03-20
1378115,2026-02-23 19:45:00+00:00,Serie A,Bologna - Udinese,2,Home,2,Home,Home,0.4183036046171638,0.47819130107460717,0,2026-02-18__2026-03-20
1379233,2026-02-23 20:00:00+00:00,Premier League,Everton - Manchester United,0,Away,0,Away,Away,0.5513644400801355,0.4882230911442731,0,2026-02-18__2026-03-20
1391059,2026-02-23 20:00:00+00:00,La Liga,Alaves - Girona,1,Draw,2,Home,Home,0.3552996592182443,0.39591225390127166,0,2026-02-18__2026-03-20
1388515,2026-02-27 19:30:00+00:00,Bundesliga,FC Augsburg - 1. FC Köln,2,Home,0,Away,Home,0.3630277641905612,0.40691222322041953,0,2026-02-18__2026-03-20
1378127,2026-02-27 19:45:00+00:00,Serie A,Parma - Cagliari,1,Draw,1,Draw,Home,0.3495864175886234,0.36720408080556827,0,2026-02-18__2026-03-20
1387913,2026-02-27 19:45:00+00:00,Ligue 1,Strasbourg - Lens,1,Draw,0,Away,Away,0.3741011038150683,0.3847493788289513,0,2026-02-18__2026-03-20
1379248,2026-02-27 20:00:00+00:00,Premier League,Wolves - Aston Villa,2,Home,0,Away,Away,0.6273668666893941,0.49548518990102935,0,2026-02-18__2026-03-20
1391073,2026-02-27 20:00:00+00:00,La Liga,Levante - Alaves,2,Home,0,Away,Home,0.4252750772370629,0.3546315922347459,0,2026-02-18__2026-03-20
1379240,2026-02-28 12:30:00+00:00,Premier League,Bournemouth - Sunderland,1,Draw,2,Home,Home,0.4569742417472116,0.5148514851485149,0,2026-02-18__2026-03-20
1391075,2026-02-28 13:00:00+00:00,La Liga,Rayo Vallecano - Athletic Club,1,Draw,2,Home,Home,0.34123104969443435,0.36124253616802166,1,2026-02-18__2026-03-20
1378124,2026-02-28 14:00:00+00:00,Serie A,Como - Lecce,2,Home,2,Home,Home,0.6712946252216081,0.6666022573500404,0,2026-02-18__2026-03-20
1388516,2026-02-28 14:30:00+00:00,Bundesliga,Bayer Leverkusen - FSV Mainz 05,1,Draw,2,Home,Home,0.5386966949966185,0.573102083771642,0,2026-02-18__2026-03-20
1388517,2026-02-28 14:30:00+00:00,Bundesliga,Borussia Mönchengladbach - Union Berlin,2,Home,0,Away,Home,0.4237907800174227,0.37785491760721485,0,2026-02-18__2026-03-20
1388521,2026-02-28 14:30:00+00:00,Bundesliga,1899 Hoffenheim - FC St. Pauli,0,Away,2,Home,Home,0.5621240385535364,0.6093067515031115,0,2026-02-18__2026-03-20
1388523,2026-02-28 14:30:00+00:00,Bundesliga,Werder Bremen - 1. FC Heidenheim,2,Home,2,Home,Home,0.46103572861562175,0.541551211193542,0,2026-02-18__2026-03-20
1379242,2026-02-28 15:00:00+00:00,Premier League,Burnley - Brentford,0,Away,0,Away,Away,0.6402621421085638,0.5201584683346119,0,2026-02-18__2026-03-20
1379245,2026-02-28 15:00:00+00:00,Premier League,Liverpool - West Ham,2,Home,2,Home,Home,0.6506134299354458,0.6919792850827334,0,2026-02-18__2026-03-20
1379247,2026-02-28 15:00:00+00:00,Premier League,Newcastle - Everton,0,Away,2,Home,Home,0.4705758033203516,0.5332869163556049,0,2026-02-18__2026-03-20
1391069,2026-02-28 15:15:00+00:00,La Liga,Barcelona - Villarreal,2,Home,2,Home,Home,0.7723854794139525,0.7317598557832347,0,2026-02-18__2026-03-20
1387912,2026-02-28 16:00:00+00:00,Ligue 1,Rennes - Toulouse,2,Home,2,Home,Home,0.440545056312819,0.4138633740444393,0,2026-02-18__2026-03-20
1378133,2026-02-28 17:00:00+00:00,Serie A,Hellas Verona - Napoli,0,Away,0,Away,Away,0.7086084536128048,0.6139660296605184,0,2026-02-18__2026-03-20
1379244,2026-02-28 17:30:00+00:00,Premier League,Leeds - Manchester City,0,Away,0,Away,Away,0.6322321172035864,0.577566880019391,0,2026-02-18__2026-03-20
1388518,2026-02-28 17:30:00+00:00,Bundesliga,Borussia Dortmund - Bayern München,0,Away,0,Away,Away,0.5207812209195475,0.5614818022731477,0,2026-02-18__2026-03-20
1391074,2026-02-28 17:30:00+00:00,La Liga,Mallorca - Real Sociedad,0,Away,0,Away,Away,0.511181309238711,0.3940054313206155,0,2026-02-18__2026-03-20
1387910,2026-02-28 18:00:00+00:00,Ligue 1,Monaco - Angers,2,Home,2,Home,Home,0.5950490686291762,0.6221666037023044,0,2026-02-18__2026-03-20
1378126,2026-02-28 19:45:00+00:00,Serie A,Inter - Genoa,2,Home,2,Home,Home,0.7685715970263355,0.7294538057078891,0,2026-02-18__2026-03-20
1391077,2026-02-28 20:00:00+00:00,La Liga,Oviedo - Atletico Madrid,0,Away,0,Away,Away,0.6598680514759385,0.5786192251298249,0,2026-02-18__2026-03-20
1387905,2026-02-28 20:05:00+00:00,Ligue 1,Le Havre - Paris Saint Germain,0,Away,0,Away,Away,0.6670643105383542,0.7314214519371092,0,2026-02-18__2026-03-20
1378125,2026-03-01 11:30:00+00:00,Serie A,Cremonese - AC Milan,0,Away,0,Away,Away,0.6774122813021213,0.617639407358537,0,2026-02-18__2026-03-20
1391071,2026-03-01 13:00:00+00:00,La Liga,Elche - Espanyol,1,Draw,2,Home,Home,0.35672127454448893,0.38139429672364356,1,2026-02-18__2026-03-20
1378130,2026-03-01 14:00:00+00:00,Serie A,Sassuolo - Atalanta,2,Home,0,Away,Away,0.4978634407515487,0.49144268565944704,0,2026-02-18__2026-03-20
1379241,2026-03-01 14:00:00+00:00,Premier League,Brighton - Nottingham Forest,2,Home,2,Home,Home,0.3996156460002667,0.45183395003340404,0,2026-02-18__2026-03-20
1379243,2026-03-01 14:00:00+00:00,Premier League,Fulham - Tottenham,2,Home,2,Home,Home,0.36369276739663237,0.42481269756055956,0,2026-02-18__2026-03-20
1379246,2026-03-01 14:00:00+00:00,Premier League,Manchester United - Crystal Palace,2,Home,2,Home,Home,0.5620542506077204,0.5986900749629154,0,2026-02-18__2026-03-20
1387911,2026-03-01 14:00:00+00:00,Ligue 1,Paris FC - Nice,2,Home,2,Home,Home,0.35203267800065113,0.39716312056737585,1,2026-02-18__2026-03-20
1388522,2026-03-01 14:30:00+00:00,Bundesliga,VfB Stuttgart - VfL Wolfsburg,2,Home,2,Home,Home,0.6018067367506232,0.6095163206071308,0,2026-02-18__2026-03-20
1391078,2026-03-01 15:15:00+00:00,La Liga,Valencia - Osasuna,2,Home,2,Home,Home,0.34358568251603266,0.4137989112282796,0,2026-02-18__2026-03-20
1387906,2026-03-01 16:15:00+00:00,Ligue 1,Lille - Nantes,2,Home,2,Home,Home,0.6643231398173501,0.6494055746842831,0,2026-02-18__2026-03-20
1387907,2026-03-01 16:15:00+00:00,Ligue 1,Lorient - Auxerre,1,Draw,2,Home,Home,0.49406631638664583,0.4470023360507657,0,2026-02-18__2026-03-20
1387909,2026-03-01 16:15:00+00:00,Ligue 1,Metz - Stade Brestois 29,0,Away,0,Away,Away,0.5709047382619828,0.4298191496365124,0,2026-02-18__2026-03-20
1379239,2026-03-01 16:30:00+00:00,Premier League,Arsenal - Chelsea,2,Home,2,Home,Home,0.5949430194484664,0.5750990856993363,0,2026-02-18__2026-03-20
1388519,2026-03-01 16:30:00+00:00,Bundesliga,Eintracht Frankfurt - SC Freiburg,2,Home,2,Home,Home,0.3728962336494656,0.41788086462942897,0,2026-02-18__2026-03-20
1378131,2026-03-01 17:00:00+00:00,Serie A,Torino - Lazio,2,Home,0,Away,Home,0.38052157684089716,0.3445571015277892,0,2026-02-18__2026-03-20
1391070,2026-03-01 17:30:00+00:00,La Liga,Real Betis - Sevilla,1,Draw,2,Home,Home,0.45207080475732203,0.4957074894399497,0,2026-02-18__2026-03-20
1388520,2026-03-01 18:30:00+00:00,Bundesliga,Hamburger SV - RB Leipzig,0,Away,0,Away,Away,0.48513534857222934,0.4477545445914068,0,2026-02-18__2026-03-20
1378129,2026-03-01 19:45:00+00:00,Serie A,AS Roma - Juventus,1,Draw,1,Draw,Home,0.3730860439364262,0.3492565565931949,0,2026-02-18__2026-03-20
1387908,2026-03-01 19:45:00+00:00,Ligue 1,Marseille - Lyon,2,Home,2,Home,Home,0.5662371317013081,0.48403588568542627,0,2026-02-18__2026-03-20
1391072,2026-03-01 20:00:00+00:00,La Liga,Girona - Celta Vigo,0,Away,0,Away,Away,0.5161253900942346,0.3684164770622441,0,2026-02-18__2026-03-20
1378128,2026-03-02 17:30:00+00:00,Serie A,Pisa - Bologna,0,Away,0,Away,Away,0.6503091108578365,0.47741766725431395,0,2026-02-18__2026-03-20
1378132,2026-03-02 19:45:00+00:00,Serie A,Udinese - Fiorentina,2,Home,0,Away,Away,0.41896406510717166,0.40934289356789294,0,2026-02-18__2026-03-20
1391076,2026-03-02 20:00:00+00:00,La Liga,Real Madrid - Getafe,0,Away,2,Home,Home,0.759728590706602,0.7394066663479014,0,2026-02-18__2026-03-20
1379250,2026-03-03 19:30:00+00:00,Premier League,Bournemouth - Brentford,1,Draw,2,Home,Home,0.37718748746728037,0.4046601455738356,0,2026-02-18__2026-03-20
1379252,2026-03-03 19:30:00+00:00,Premier League,Everton - Burnley,2,Home,2,Home,Home,0.5093885850212272,0.5661240352867537,0,2026-02-18__2026-03-20
1379254,2026-03-03 19:30:00+00:00,Premier League,Leeds - Sunderland,0,Away,2,Home,Home,0.4374228729340549,0.48939985984575096,0,2026-02-18__2026-03-20
1379258,2026-03-03 20:15:00+00:00,Premier League,Wolves - Liverpool,2,Home,0,Away,Away,0.7319465780018684,0.6575850967224788,0,2026-02-18__2026-03-20
1379249,2026-03-04 19:30:00+00:00,Premier League,Aston Villa - Chelsea,0,Away,0,Away,Away,0.41851943569271416,0.3839175487287967,0,2026-02-18__2026-03-20
1379251,2026-03-04 19:30:00+00:00,Premier League,Brighton - Arsenal,0,Away,0,Away,Away,0.5548451043695168,0.5716451857467779,0,2026-02-18__2026-03-20
1379253,2026-03-04 19:30:00+00:00,Premier League,Fulham - West Ham,0,Away,2,Home,Home,0.3751448420913825,0.4694961996367795,0,2026-02-18__2026-03-20
1379255,2026-03-04 19:30:00+00:00,Premier League,Manchester City - Nottingham Forest,1,Draw,2,Home,Home,0.7402413965223812,0.6821212814439106,0,2026-02-18__2026-03-20
1379256,2026-03-04 20:15:00+00:00,Premier League,Newcastle - Manchester United,2,Home,0,Away,Home,0.41415573608543205,0.38942596537222135,0,2026-02-18__2026-03-20
1379257,2026-03-05 20:00:00+00:00,Premier League,Tottenham - Crystal Palace,0,Away,0,Away,Home,0.36918599358580384,0.4081318192080049,0,2026-02-18__2026-03-20
1388524,2026-03-06 19:30:00+00:00,Bundesliga,Bayern München - Borussia Mönchengladbach,2,Home,2,Home,Home,0.7963740699154946,0.8454929352778917,0,2026-02-18__2026-03-20
1378143,2026-03-06 19:45:00+00:00,Serie A,Napoli - Torino,2,Home,2,Home,Home,0.7079815769857906,0.6633532823434793,0,2026-02-18__2026-03-20
1387921,2026-03-06 19:45:00+00:00,Ligue 1,Paris Saint Germain - Monaco,0,Away,2,Home,Home,0.7734447569004038,0.7249695645169779,0,2026-02-18__2026-03-20
1391081,2026-03-06 20:00:00+00:00,La Liga,Celta Vigo - Real Madrid,0,Away,0,Away,Away,0.5516608483541345,0.5380403244567037,0,2026-02-18__2026-03-20
1378136,2026-03-07 14:00:00+00:00,Serie A,Cagliari - Como,0,Away,0,Away,Away,0.5899992651806557,0.576998505323328,0,2026-02-18__2026-03-20
1388526,2026-03-07 14:30:00+00:00,Bundesliga,SC Freiburg - Bayer Leverkusen,1,Draw,0,Away,Away,0.45855785048241804,0.416858971751143,0,2026-02-18__2026-03-20
1388527,2026-03-07 14:30:00+00:00,Bundesliga,1. FC Heidenheim - 1899 Hoffenheim,0,Away,0,Away,Away,0.7170935374588596,0.5803890042550879,0,2026-02-18__2026-03-20
1388528,2026-03-07 14:30:00+00:00,Bundesliga,FSV Mainz 05 - VfB Stuttgart,1,Draw,0,Away,Away,0.4924595478152812,0.4243508444778953,0,2026-02-18__2026-03-20
1388529,2026-03-07 14:30:00+00:00,Bundesliga,RB Leipzig - FC Augsburg,2,Home,2,Home,Home,0.5882916365582551,0.6321460125237914,0,2026-02-18__2026-03-20
1388532,2026-03-07 14:30:00+00:00,Bundesliga,VfL Wolfsburg - Hamburger SV,0,Away,0,Away,Home,0.434244160433687,0.4034374878711894,0,2026-02-18__2026-03-20
1391084,2026-03-07 15:15:00+00:00,La Liga,Levante - Girona,1,Draw,0,Away,Away,0.5304234862378154,0.3830895233297798,0,2026-02-18__2026-03-20
1387919,2026-03-07 16:00:00+00:00,Ligue 1,Nantes - Angers,0,Away,2,Home,Home,0.4119323432856699,0.4316719264607678,0,2026-02-18__2026-03-20
1378134,2026-03-07 17:00:00+00:00,Serie A,Atalanta - Udinese,1,Draw,2,Home,Home,0.592978651105053,0.6221544639446709,0,2026-02-18__2026-03-20
1388525,2026-03-07 17:30:00+00:00,Bundesliga,1. FC Köln - Borussia Dortmund,0,Away,0,Away,Away,0.6316904423078356,0.5584709940733705,0,2026-02-18__2026-03-20
1391080,2026-03-07 17:30:00+00:00,La Liga,Atletico Madrid - Real Sociedad,2,Home,2,Home,Home,0.6575051516788359,0.6382943310808561,0,2026-02-18__2026-03-20
1387914,2026-03-07 18:00:00+00:00,Ligue 1,Auxerre - Strasbourg,1,Draw,0,Away,Away,0.5077361686827536,0.44736141906873617,0,2026-02-18__2026-03-20
1378139,2026-03-07 19:45:00+00:00,Serie A,Juventus - Pisa,2,Home,2,Home,Home,0.7181932575429734,0.7383413480343887,0,2026-02-18__2026-03-20
1391079,2026-03-07 20:00:00+00:00,La Liga,Athletic Club - Barcelona,0,Away,0,Away,Away,0.5702955964507864,0.5897665474366011,0,2026-02-18__2026-03-20
1387922,2026-03-07 20:05:00+00:00,Ligue 1,Toulouse - Marseille,0,Away,0,Away,Away,0.4655094638991071,0.4421370858901225,0,2026-02-18__2026-03-20
1378141,2026-03-08 11:30:00+00:00,Serie A,Lecce - Cremonese,2,Home,2,Home,Home,0.3690087409408909,0.4408805365703292,0,2026-02-18__2026-03-20
1391088,2026-03-08 13:00:00+00:00,La Liga,Villarreal - Elche,2,Home,2,Home,Home,0.5759723783226348,0.6148194325025784,0,2026-02-18__2026-03-20
1378135,2026-03-08 14:00:00+00:00,Serie A,Bologna - Hellas Verona,0,Away,2,Home,Home,0.5784548917021572,0.6180869573122988,0,2026-02-18__2026-03-20
1378137,2026-03-08 14:00:00+00:00,Serie A,Fiorentina - Parma,1,Draw,2,Home,Home,0.5236041413728558,0.5525889529018038,0,2026-02-18__2026-03-20
1387916,2026-03-08 14:00:00+00:00,Ligue 1,Lens - Metz,2,Home,2,Home,Home,0.7617274796450292,0.7508959424001745,0,2026-02-18__2026-03-20
1388530,2026-03-08 14:30:00+00:00,Bundesliga,FC St. Pauli - Eintracht Frankfurt,1,Draw,0,Away,Home,0.4168159158373203,0.3741418920998244,0,2026-02-18__2026-03-20
1391083,2026-03-08 15:15:00+00:00,La Liga,Getafe - Real Betis,2,Home,0,Away,Home,0.4256555054166477,0.346726971532768,0,2026-02-18__2026-03-20
1387915,2026-03-08 16:15:00+00:00,Ligue 1,Stade Brestois 29 - Le Havre,2,Home,2,Home,Home,0.49779122620660265,0.4994829400636288,0,2026-02-18__2026-03-20
1387917,2026-03-08 16:15:00+00:00,Ligue 1,Lille - Lorient,1,Draw,2,Home,Home,0.6101219669724808,0.5855749065377952,0,2026-02-18__2026-03-20
1387920,2026-03-08 16:15:00+00:00,Ligue 1,Nice - Rennes,0,Away,0,Away,Away,0.44011879766874223,0.38236061075543293,0,2026-02-18__2026-03-20
1388531,2026-03-08 16:30:00+00:00,Bundesliga,Union Berlin - Werder Bremen,0,Away,1,Draw,Home,0.34711342459160266,0.41782997544236844,0,2026-02-18__2026-03-20
1378138,2026-03-08 17:00:00+00:00,Serie A,Genoa - AS Roma,2,Home,0,Away,Away,0.5757695751325895,0.4953984802041129,0,2026-02-18__2026-03-20
1391086,2026-03-08 17:30:00+00:00,La Liga,Sevilla - Rayo Vallecano,1,Draw,2,Home,Home,0.35529963536736225,0.39912981470404174,1,2026-02-18__2026-03-20
1378142,2026-03-08 19:45:00+00:00,Serie A,AC Milan - Inter,2,Home,0,Away,Away,0.3844656782318698,0.4364968274960456,0,2026-02-18__2026-03-20
1387918,2026-03-08 19:45:00+00:00,Ligue 1,Lyon - Paris FC,1,Draw,2,Home,Home,0.5572602410335922,0.5553310568053472,0,2026-02-18__2026-03-20
1391087,2026-03-08 20:00:00+00:00,La Liga,Valencia - Alaves,2,Home,2,Home,Home,0.3521333117897299,0.4349754913368428,1,2026-02-18__2026-03-20
1378140,2026-03-09 19:45:00+00:00,Serie A,Lazio - Sassuolo,2,Home,2,Home,Home,0.42958489452148946,0.4238639786154787,0,2026-02-18__2026-03-20
1391082,2026-03-09 20:00:00+00:00,La Liga,Espanyol - Oviedo,1,Draw,2,Home,Home,0.40956919416498044,0.49813340846657744,0,2026-02-18__2026-03-20
1388534,2026-03-13 19:30:00+00:00,Bundesliga,Borussia Mönchengladbach - FC St. Pauli,2,Home,1,Draw,Home,0.3597183342549994,0.4786310237611187,0,2026-02-18__2026-03-20
1378151,2026-03-13 19:45:00+00:00,Serie A,Torino - Parma,2,Home,2,Home,Home,0.405903935590334,0.4232983611718197,0,2026-02-18__2026-03-20
1387926,2026-03-13 19:45:00+00:00,Ligue 1,Marseille - Auxerre,2,Home,2,Home,Home,0.6079342036639414,0.6475951006698405,0,2026-02-18__2026-03-20
1391089,2026-03-13 20:00:00+00:00,La Liga,Alaves - Villarreal,1,Draw,0,Away,Away,0.544904048731786,0.43814418821977297,0,2026-02-18__2026-03-20
1391093,2026-03-14 13:00:00+00:00,La Liga,Girona - Athletic Club,2,Home,0,Away,Away,0.4269580911884993,0.36134498311077196,0,2026-02-18__2026-03-20
1378146,2026-03-14 14:00:00+00:00,Serie A,Inter - Atalanta,1,Draw,2,Home,Home,0.6074210092085721,0.618122324404392,0,2026-02-18__2026-03-20
1388533,2026-03-14 14:30:00+00:00,Bundesliga,Bayer Leverkusen - Bayern München,1,Draw,0,Away,Away,0.5463969938086572,0.6140378315393358,0,2026-02-18__2026-03-20
1388535,2026-03-14 14:30:00+00:00,Bundesliga,Borussia Dortmund - FC Augsburg,2,Home,2,Home,Home,0.6901243120388428,0.6659745871828081,0,2026-02-18__2026-03-20
1388536,2026-03-14 14:30:00+00:00,Bundesliga,Eintracht Frankfurt - 1. FC Heidenheim,2,Home,2,Home,Home,0.5507831208903442,0.6203221179215032,0,2026-02-18__2026-03-20
1388539,2026-03-14 14:30:00+00:00,Bundesliga,1899 Hoffenheim - VfL Wolfsburg,1,Draw,2,Home,Home,0.6441861578440019,0.652731248695328,0,2026-02-18__2026-03-20
1379261,2026-03-14 15:00:00+00:00,Premier League,Burnley - Bournemouth,1,Draw,0,Away,Away,0.6608694168137716,0.5181368674309518,0,2026-02-18__2026-03-20
1379267,2026-03-14 15:00:00+00:00,Premier League,Sunderland - Brighton,0,Away,0,Away,Away,0.4614369045234041,0.4260150526708572,0,2026-02-18__2026-03-20
1391090,2026-03-14 15:15:00+00:00,La Liga,Atletico Madrid - Getafe,2,Home,2,Home,Home,0.5051406244367065,0.6037305484882551,0,2026-02-18__2026-03-20
1387925,2026-03-14 16:00:00+00:00,Ligue 1,Lorient - Lens,2,Home,0,Away,Away,0.4774224406091891,0.51303540957643,0,2026-02-18__2026-03-20
1378148,2026-03-14 17:00:00+00:00,Serie A,Napoli - Lecce,2,Home,2,Home,Home,0.6979565007140814,0.7041456184067431,0,2026-02-18__2026-03-20
1379259,2026-03-14 17:30:00+00:00,Premier League,Arsenal - Everton,2,Home,2,Home,Home,0.7222567896043375,0.6899661349881059,0,2026-02-18__2026-03-20
1379262,2026-03-14 17:30:00+00:00,Premier League,Chelsea - Newcastle,0,Away,2,Home,Home,0.4731924190008503,0.527674218673851,0,2026-02-18__2026-03-20
1388538,2026-03-14 17:30:00+00:00,Bundesliga,Hamburger SV - 1. FC Köln,1,Draw,2,Home,Home,0.3745730908008035,0.4485130319303533,0,2026-02-18__2026-03-20
1391098,2026-03-14 17:30:00+00:00,La Liga,Oviedo - Valencia,2,Home,0,Away,Away,0.5155861070802266,0.3629141829959108,0,2026-02-18__2026-03-20
1387923,2026-03-14 18:00:00+00:00,Ligue 1,Angers - Nice,0,Away,0,Away,Away,0.39985172386468837,0.40217459619131424,0,2026-02-18__2026-03-20
1378152,2026-03-14 19:45:00+00:00,Serie A,Udinese - Juventus,0,Away,0,Away,Away,0.6223776724237574,0.6148403619398686,0,2026-02-18__2026-03-20
1379268,2026-03-14 20:00:00+00:00,Premier League,West Ham - Manchester City,1,Draw,0,Away,Away,0.6148218920132336,0.5595736068007018,0,2026-02-18__2026-03-20
1391096,2026-03-14 20:00:00+00:00,La Liga,Real Madrid - Elche,2,Home,2,Home,Home,0.789305842533288,0.754362887938318,0,2026-02-18__2026-03-20
1387928,2026-03-14 20:05:00+00:00,Ligue 1,Monaco - Stade Brestois 29,2,Home,2,Home,Home,0.5505723688308323,0.5746550568780933,0,2026-02-18__2026-03-20
1378153,2026-03-15 11:30:00+00:00,Serie A,Hellas Verona - Genoa,0,Away,0,Away,Away,0.5240796563709951,0.39581877931905685,0,2026-02-18__2026-03-20
1391094,2026-03-15 13:00:00+00:00,La Liga,Mallorca - Espanyol,2,Home,2,Home,Home,0.34063890970244715,0.4083766734672044,1,2026-02-18__2026-03-20
1378149,2026-03-15 14:00:00+00:00,Serie A,Pisa - Cagliari,2,Home,0,Away,Home,0.3547344281417836,0.3661082896041766,0,2026-02-18__2026-03-20
1378150,2026-03-15 14:00:00+00:00,Serie A,Sassuolo - Bologna,0,Away,2,Home,Home,0.3566079926163994,0.36167886415693656,0,2026-02-18__2026-03-20
1379263,2026-03-15 14:00:00+00:00,Premier League,Crystal Palace - Leeds,1,Draw,0,Away,Home,0.36870897428544863,0.40131114702601806,0,2026-02-18__2026-03-20
1379265,2026-03-15 14:00:00+00:00,Premier League,Manchester United - Aston Villa,2,Home,2,Home,Home,0.5110562490904011,0.5493885154318295,0,2026-02-18__2026-03-20
1379266,2026-03-15 14:00:00+00:00,Premier League,Nottingham Forest - Fulham,1,Draw,2,Home,Home,0.38995762626696684,0.44097468556876473,0,2026-02-18__2026-03-20
1387931,2026-03-15 14:00:00+00:00,Ligue 1,Strasbourg - Paris FC,1,Draw,2,Home,Home,0.5159139788915251,0.5475848284603739,0,2026-02-18__2026-03-20
1388541,2026-03-15 14:30:00+00:00,Bundesliga,Werder Bremen - FSV Mainz 05,0,Away,0,Away,Home,0.3982511198289178,0.4214376104394037,0,2026-02-18__2026-03-20
1391091,2026-03-15 15:15:00+00:00,La Liga,Barcelona - Sevilla,2,Home,2,Home,Home,0.7947203044802046,0.7608814732440995,0,2026-02-18__2026-03-20
1387924,2026-03-15 16:15:00+00:00,Ligue 1,Le Havre - Lyon,1,Draw,0,Away,Away,0.48991499980966075,0.4691028352218365,0,2026-02-18__2026-03-20
1387927,2026-03-15 16:15:00+00:00,Ligue 1,Metz - Toulouse,0,Away,0,Away,Away,0.5376745898151759,0.47876610148150006,0,2026-02-18__2026-03-20
1379264,2026-03-15 16:30:00+00:00,Premier League,Liverpool - Tottenham,1,Draw,2,Home,Home,0.7245766386541711,0.7173155913612167,0,2026-02-18__2026-03-20
1388537,2026-03-15 16:30:00+00:00,Bundesliga,SC Freiburg - Union Berlin,0,Away,2,Home,Home,0.3951231991939761,0.4441054081510913,0,2026-02-18__2026-03-20
1378144,2026-03-15 17:00:00+00:00,Serie A,Como - AS Roma,2,Home,2,Home,Home,0.4396224434525901,0.44248753333337343,0,2026-02-18__2026-03-20
1391092,2026-03-15 17:30:00+00:00,La Liga,Real Betis - Celta Vigo,1,Draw,2,Home,Home,0.4147620219902748,0.4331812160735689,0,2026-02-18__2026-03-20
1388540,2026-03-15 18:30:00+00:00,Bundesliga,VfB Stuttgart - RB Leipzig,2,Home,2,Home,Home,0.42850223687271133,0.4211229576822448,0,2026-02-18__2026-03-20
1378147,2026-03-15 19:45:00+00:00,Serie A,Lazio - AC Milan,2,Home,0,Away,Away,0.458518984320506,0.46738013465642825,0,2026-02-18__2026-03-20
1387930,2026-03-15 19:45:00+00:00,Ligue 1,Rennes - Lille,0,Away,2,Home,Home,0.42392209695872946,0.41538502953373674,0,2026-02-18__2026-03-20
1391097,2026-03-15 20:00:00+00:00,La Liga,Real Sociedad - Osasuna,2,Home,2,Home,Home,0.4165922810164797,0.5001586812027587,0,2026-02-18__2026-03-20
1378145,2026-03-16 19:45:00+00:00,Serie A,Cremonese - Fiorentina,0,Away,0,Away,Away,0.5795974797909957,0.4931940420552513,0,2026-02-18__2026-03-20
1379260,2026-03-16 20:00:00+00:00,Premier League,Brentford - Wolves,1,Draw,2,Home,Home,0.5476334084728371,0.6118757577911694,0,2026-02-18__2026-03-20
1391095,2026-03-16 20:00:00+00:00,La Liga,Rayo Vallecano - Levante,1,Draw,2,Home,Home,0.5048667524495057,0.5633684685473342,0,2026-02-18__2026-03-20
1378156,2026-03-20 17:30:00+00:00,Serie A,Cagliari - Napoli,0,Away,0,Away,Away,0.6371888494450946,0.5823892378234208,0,2026-02-18__2026-03-20
1378067,2026-01-19 19:45:00+00:00,Serie A,Lazio - Como,0,Away,2,Home,Home,0.44119408354425,0.3568646420555756,0,2026-01-19__2026-02-18
1379180,2026-01-19 20:00:00+00:00,Premier League,Brighton - Bournemouth,1,Draw,2,Home,Home,0.45840199068007154,0.506835505131989,0,2026-01-19__2026-02-18
1391012,2026-01-19 20:00:00+00:00,La Liga,Elche - Sevilla,1,Draw,2,Home,Home,0.4166969932519195,0.423307478022255,0,2026-01-19__2026-02-18
1387860,2026-01-23 19:00:00+00:00,Ligue 1,Auxerre - Paris Saint Germain,0,Away,0,Away,Away,0.694607062483061,0.7164322269974345,0,2026-01-19__2026-02-18
1388477,2026-01-23 19:30:00+00:00,Bundesliga,FC St. Pauli - Hamburger SV,1,Draw,2,Home,Home,0.4253088197510495,0.3970186454488808,0,2026-01-19__2026-02-18
1378078,2026-01-23 19:45:00+00:00,Serie A,Inter - Pisa,2,Home,2,Home,Home,0.6782738049294732,0.822121788495879,0,2026-01-19__2026-02-18
1391023,2026-01-23 20:00:00+00:00,La Liga,Levante - Elche,2,Home,2,Home,Home,0.39629545625640716,0.36590858388449493,1,2026-01-19__2026-02-18
1379198,2026-01-24 12:30:00+00:00,Premier League,West Ham - Sunderland,2,Home,2,Home,Home,0.35708387723711255,0.3906435126415429,0,2026-01-19__2026-02-18
1391024,2026-01-24 13:00:00+00:00,La Liga,Rayo Vallecano - Osasuna,0,Away,2,Home,Home,0.41508347404250506,0.47556692297290576,0,2026-01-19__2026-02-18
1378075,2026-01-24 14:00:00+00:00,Serie A,Como - Torino,2,Home,2,Home,Home,0.47937038204554266,0.5391414141414141,0,2026-01-19__2026-02-18
1388470,2026-01-24 14:30:00+00:00,Bundesliga,Bayer Leverkusen - Werder Bremen,2,Home,2,Home,Home,0.5502820638042758,0.608592604362175,0,2026-01-19__2026-02-18
1388471,2026-01-24 14:30:00+00:00,Bundesliga,Bayern München - FC Augsburg,0,Away,2,Home,Home,0.7204030065546453,0.8545176760916892,0,2026-01-19__2026-02-18
1388473,2026-01-24 14:30:00+00:00,Bundesliga,Eintracht Frankfurt - 1899 Hoffenheim,0,Away,0,Away,Home,0.3751779945254912,0.3800809892795226,0,2026-01-19__2026-02-18
1388475,2026-01-24 14:30:00+00:00,Bundesliga,1. FC Heidenheim - RB Leipzig,0,Away,0,Away,Away,0.6571657527884944,0.5629924805880149,0,2026-01-19__2026-02-18
1388476,2026-01-24 14:30:00+00:00,Bundesliga,FSV Mainz 05 - VfL Wolfsburg,2,Home,2,Home,Home,0.34914990607847185,0.40654257880635103,0,2026-01-19__2026-02-18
1379192,2026-01-24 15:00:00+00:00,Premier League,Burnley - Tottenham,1,Draw,0,Away,Away,0.6088092469765722,0.49621971298904277,0,2026-01-19__2026-02-18
1379195,2026-01-24 15:00:00+00:00,Premier League,Fulham - Brighton,2,Home,2,Home,Home,0.39850128090513826,0.36959947304040525,0,2026-01-19__2026-02-18
1379196,2026-01-24 15:00:00+00:00,Premier League,Manchester City - Wolves,2,Home,2,Home,Home,0.6834184036599946,0.794786809506336,0,2026-01-19__2026-02-18
1391027,2026-01-24 15:15:00+00:00,La Liga,Valencia - Espanyol,2,Home,2,Home,Home,0.4229958216291214,0.4076600682899944,0,2026-01-19__2026-02-18
1387868,2026-01-24 16:00:00+00:00,Ligue 1,Rennes - Lorient,0,Away,2,Home,Home,0.5034556478363192,0.5307969453417393,0,2026-01-19__2026-02-18
1378076,2026-01-24 17:00:00+00:00,Serie A,Fiorentina - Cagliari,0,Away,2,Home,Home,0.447077958992443,0.5602061929110518,0,2026-01-19__2026-02-18
1379190,2026-01-24 17:30:00+00:00,Premier League,Bournemouth - Liverpool,2,Home,0,Away,Away,0.5677328991012827,0.4988621621903014,0,2026-01-19__2026-02-18
1388478,2026-01-24 17:30:00+00:00,Bundesliga,Union Berlin - Borussia Dortmund,0,Away,0,Away,Away,0.5026837967328355,0.48286073074381625,0,2026-01-19__2026-02-18
1391026,2026-01-24 17:30:00+00:00,La Liga,Sevilla - Athletic Club,2,Home,0,Away,Away,0.40251073528709297,0.3852540896447342,0,2026-01-19__2026-02-18
1387862,2026-01-24 18:00:00+00:00,Ligue 1,Le Havre - Monaco,1,Draw,0,Away,Away,0.4855383320893708,0.4925633681735843,0,2026-01-19__2026-02-18
1378080,2026-01-24 19:45:00+00:00,Serie A,Lecce - Lazio,1,Draw,0,Away,Away,0.5976228588619548,0.48692814956564845,0,2026-01-19__2026-02-18
1391028,2026-01-24 20:00:00+00:00,La Liga,Villarreal - Real Madrid,0,Away,0,Away,Away,0.5112151238829395,0.46728573552546804,0,2026-01-19__2026-02-18
1387864,2026-01-24 20:05:00+00:00,Ligue 1,Marseille - Lens,2,Home,2,Home,Home,0.5863733847967135,0.4834887221428296,0,2026-01-19__2026-02-18
1378082,2026-01-25 11:30:00+00:00,Serie A,Sassuolo - Cremonese,2,Home,2,Home,Home,0.40566427064253924,0.4907111202418337,0,2026-01-19__2026-02-18
1391020,2026-01-25 13:00:00+00:00,La Liga,Atletico Madrid - Mallorca,2,Home,2,Home,Home,0.7018728299138839,0.7397303656314492,0,2026-01-19__2026-02-18
1378074,2026-01-25 14:00:00+00:00,Serie A,Atalanta - Parma,2,Home,2,Home,Home,0.6088443902109918,0.6611245655321956,0,2026-01-19__2026-02-18
1378077,2026-01-25 14:00:00+00:00,Serie A,Genoa - Bologna,2,Home,0,Away,Away,0.43385345104518225,0.3908366481214732,0,2026-01-19__2026-02-18
1379191,2026-01-25 14:00:00+00:00,Premier League,Brentford - Nottingham Forest,0,Away,2,Home,Home,0.36435181663783706,0.44216600524099076,0,2026-01-19__2026-02-18
1379193,2026-01-25 14:00:00+00:00,Premier League,Crystal Palace - Chelsea,0,Away,0,Away,Away,0.5890450047587803,0.4640276093238559,0,2026-01-19__2026-02-18
1379197,2026-01-25 14:00:00+00:00,Premier League,Newcastle - Aston Villa,0,Away,2,Home,Home,0.5210074112877936,0.48527286643605655,0,2026-01-19__2026-02-18
1387866,2026-01-25 14:00:00+00:00,Ligue 1,Nantes - Nice,0,Away,0,Away,Away,0.4674533506569124,0.4100395083853493,0,2026-01-19__2026-02-18
1388472,2026-01-25 14:30:00+00:00,Bundesliga,Borussia Mönchengladbach - VfB Stuttgart,0,Away,0,Away,Away,0.4567149228020884,0.4273103754454035,0,2026-01-19__2026-02-18
1391021,2026-01-25 15:15:00+00:00,La Liga,Barcelona - Oviedo,2,Home,2,Home,Home,0.7415922849248319,0.853006978286193,0,2026-01-19__2026-02-18
1387861,2026-01-25 16:15:00+00:00,Ligue 1,Stade Brestois 29 - Toulouse,0,Away,2,Home,Home,0.3722470698879956,0.3476917214692569,0,2026-01-19__2026-02-18
1387865,2026-01-25 16:15:00+00:00,Ligue 1,Metz - Lyon,0,Away,0,Away,Away,0.6061642900662975,0.5518728206114529,0,2026-01-19__2026-02-18
1387867,2026-01-25 16:15:00+00:00,Ligue 1,Paris FC - Angers,1,Draw,2,Home,Home,0.4964320877594051,0.5066537034601845,0,2026-01-19__2026-02-18
1379189,2026-01-25 16:30:00+00:00,Premier League,Arsenal - Manchester United,0,Away,2,Home,Home,0.5388418742389453,0.5849507462671865,0,2026-01-19__2026-02-18
1388474,2026-01-25 16:30:00+00:00,Bundesliga,SC Freiburg - 1. FC Köln,2,Home,2,Home,Home,0.4087909797539706,0.5130292884324896,0,2026-01-19__2026-02-18
1378079,2026-01-25 17:00:00+00:00,Serie A,Juventus - Napoli,2,Home,2,Home,Home,0.467386604102639,0.4413908232874973,0,2026-01-19__2026-02-18
1391025,2026-01-25 17:30:00+00:00,La Liga,Real Sociedad - Celta Vigo,2,Home,2,Home,Home,0.4588092620611353,0.4723674043260265,0,2026-01-19__2026-02-18
1378081,2026-01-25 19:45:00+00:00,Serie A,AS Roma - AC Milan,1,Draw,2,Home,Home,0.40072126764601984,0.3633296847862492,0,2026-01-19__2026-02-18
1387863,2026-01-25 19:45:00+00:00,Ligue 1,Lille - Strasbourg,0,Away,2,Home,Home,0.5255895782385644,0.5050483308525092,0,2026-01-19__2026-02-18
1391019,2026-01-25 20:00:00+00:00,La Liga,Alaves - Real Betis,2,Home,0,Away,Away,0.48297833070887364,0.38326586526480516,0,2026-01-19__2026-02-18
1378083,2026-01-26 19:45:00+00:00,Serie A,Hellas Verona - Udinese,0,Away,0,Away,Home,0.3876700449529025,0.3514225964439755,0,2026-01-19__2026-02-18
1379194,2026-01-26 20:00:00+00:00,Premier League,Everton - Leeds,1,Draw,2,Home,Home,0.3748178930605585,0.3964315017210983,0,2026-01-19__2026-02-18
1391022,2026-01-26 20:00:00+00:00,La Liga,Girona - Getafe,1,Draw,2,Home,Home,0.3623850896752685,0.4566196266661638,0,2026-01-19__2026-02-18
1388482,2026-01-30 19:30:00+00:00,Bundesliga,1. FC Köln - VfL Wolfsburg,2,Home,0,Away,Home,0.37307395462649673,0.4198762055201912,0,2026-01-19__2026-02-18
1378088,2026-01-30 19:45:00+00:00,Serie A,Lazio - Genoa,2,Home,2,Home,Home,0.4164088651675314,0.50069842624189,0,2026-01-19__2026-02-18
1387870,2026-01-30 19:45:00+00:00,Ligue 1,Lens - Le Havre,2,Home,2,Home,Home,0.6823972723061208,0.6710495737089374,0,2026-01-19__2026-02-18
1391032,2026-01-30 20:00:00+00:00,La Liga,Espanyol - Alaves,0,Away,2,Home,Home,0.4311301751556777,0.4644305227125436,0,2026-01-19__2026-02-18
1391038,2026-01-31 13:00:00+00:00,La Liga,Oviedo - Girona,2,Home,0,Away,Home,0.4226145776101875,0.3515723871759579,0,2026-01-19__2026-02-18
1378091,2026-01-31 14:00:00+00:00,Serie A,Pisa - Sassuolo,0,Away,0,Away,Away,0.49937888671512537,0.37020738484390925,0,2026-01-19__2026-02-18
1388479,2026-01-31 14:30:00+00:00,Bundesliga,FC Augsburg - FC St. Pauli,2,Home,2,Home,Home,0.4036205905472163,0.47667275736064546,0,2026-01-19__2026-02-18
1388481,2026-01-31 14:30:00+00:00,Bundesliga,Eintracht Frankfurt - Bayer Leverkusen,0,Away,0,Away,Away,0.48178537966636487,0.4049374669002322,0,2026-01-19__2026-02-18
1388484,2026-01-31 14:30:00+00:00,Bundesliga,1899 Hoffenheim - Union Berlin,2,Home,2,Home,Home,0.4437476401867156,0.5134543629268435,0,2026-01-19__2026-02-18
1388485,2026-01-31 14:30:00+00:00,Bundesliga,RB Leipzig - FSV Mainz 05,0,Away,2,Home,Home,0.6047784076060957,0.6140959311537717,0,2026-01-19__2026-02-18
1388487,2026-01-31 14:30:00+00:00,Bundesliga,Werder Bremen - Borussia Mönchengladbach,1,Draw,0,Away,Home,0.3641977461170243,0.40911077164491094,0,2026-01-19__2026-02-18
1379200,2026-01-31 15:00:00+00:00,Premier League,Brighton - Everton,1,Draw,2,Home,Home,0.46598010196306433,0.515722824990278,0,2026-01-19__2026-02-18
1379202,2026-01-31 15:00:00+00:00,Premier League,Leeds - Arsenal,0,Away,0,Away,Away,0.6470248615261353,0.6142576891624417,0,2026-01-19__2026-02-18
1379208,2026-01-31 15:00:00+00:00,Premier League,Wolves - Bournemouth,0,Away,0,Away,Away,0.5903970723924735,0.4343897456582991,0,2026-01-19__2026-02-18
1391036,2026-01-31 15:15:00+00:00,La Liga,Osasuna - Villarreal,1,Draw,0,Away,Away,0.4031799353102072,0.4180840361816553,0,2026-01-19__2026-02-18
1387875,2026-01-31 16:00:00+00:00,Ligue 1,Paris FC - Marseille,1,Draw,0,Away,Away,0.5555189344025456,0.5136301329446484,0,2026-01-19__2026-02-18
1378089,2026-01-31 17:00:00+00:00,Serie A,Napoli - Fiorentina,2,Home,2,Home,Home,0.5109580119452739,0.5612840830541528,0,2026-01-19__2026-02-18
1379201,2026-01-31 17:30:00+00:00,Premier League,Chelsea - West Ham,2,Home,2,Home,Home,0.6111546790272069,0.6393741265269351,0,2026-01-19__2026-02-18
1388483,2026-01-31 17:30:00+00:00,Bundesliga,Hamburger SV - Bayern München,1,Draw,0,Away,Away,0.7311237105306266,0.7257727502404008,0,2026-01-19__2026-02-18
1391034,2026-01-31 17:30:00+00:00,La Liga,Levante - Atletico Madrid,1,Draw,0,Away,Away,0.6266497141910119,0.6024707460787723,0,2026-01-19__2026-02-18
1387871,2026-01-31 18:00:00+00:00,Ligue 1,Lorient - Nantes,2,Home,2,Home,Home,0.49793307928484176,0.5124781926323093,0,2026-01-19__2026-02-18
1378085,2026-01-31 19:45:00+00:00,Serie A,Cagliari - Hellas Verona,2,Home,2,Home,Home,0.36420849663288135,0.3873105766440405,0,2026-01-19__2026-02-18
1379203,2026-01-31 20:00:00+00:00,Premier League,Liverpool - Newcastle,2,Home,2,Home,Home,0.5051286172553532,0.5209847770462791,0,2026-01-19__2026-02-18
1391031,2026-01-31 20:00:00+00:00,La Liga,Elche - Barcelona,0,Away,0,Away,Away,0.6776280563891196,0.689889582267014,0,2026-01-19__2026-02-18
1387873,2026-01-31 20:05:00+00:00,Ligue 1,Monaco - Rennes,2,Home,2,Home,Home,0.49040024412556915,0.4790215752747216,0,2026-01-19__2026-02-18
1378092,2026-02-01 11:30:00+00:00,Serie A,Torino - Lecce,2,Home,2,Home,Home,0.3894660106551687,0.5065073887482598,0,2026-01-19__2026-02-18
1391037,2026-02-01 13:00:00+00:00,La Liga,Real Madrid - Rayo Vallecano,2,Home,2,Home,Home,0.6929658725922613,0.719676639928829,0,2026-01-19__2026-02-18
1378086,2026-02-01 14:00:00+00:00,Serie A,Como - Atalanta,1,Draw,2,Home,Home,0.453542409316469,0.4262037817091123,0,2026-01-19__2026-02-18
1379199,2026-02-01 14:00:00+00:00,Premier League,Aston Villa - Brentford,0,Away,2,Home,Home,0.42071261856772424,0.48673862591314637,0,2026-01-19__2026-02-18
1379204,2026-02-01 14:00:00+00:00,Premier League,Manchester United - Fulham,2,Home,2,Home,Home,0.5690764156245665,0.5939463656687555,0,2026-01-19__2026-02-18
1379205,2026-02-01 14:00:00+00:00,Premier League,Nottingham Forest - Crystal Palace,1,Draw,2,Home,Home,0.40306894320719033,0.4862709002260162,0,2026-01-19__2026-02-18
1387872,2026-02-01 14:00:00+00:00,Ligue 1,Lyon - Lille,2,Home,2,Home,Home,0.5216299986058253,0.4659297010636603,0,2026-01-19__2026-02-18
1388486,2026-02-01 14:30:00+00:00,Bundesliga,VfB Stuttgart - SC Freiburg,2,Home,2,Home,Home,0.5127976758736735,0.5536703136346586,0,2026-01-19__2026-02-18
1391030,2026-02-01 15:15:00+00:00,La Liga,Real Betis - Valencia,2,Home,2,Home,Home,0.45933680231182994,0.5218472156621217,0,2026-01-19__2026-02-18
1387869,2026-02-01 16:15:00+00:00,Ligue 1,Angers - Metz,2,Home,2,Home,Home,0.4519050463983687,0.44573580795096307,0,2026-01-19__2026-02-18
1387874,2026-02-01 16:15:00+00:00,Ligue 1,Nice - Stade Brestois 29,1,Draw,2,Home,Home,0.4602980389735323,0.43901200216414366,0,2026-01-19__2026-02-18
1387877,2026-02-01 16:15:00+00:00,Ligue 1,Toulouse - Auxerre,1,Draw,2,Home,Home,0.5234301279966554,0.5402887650950409,0,2026-01-19__2026-02-18
1379207,2026-02-01 16:30:00+00:00,Premier League,Tottenham - Manchester City,1,Draw,0,Away,Away,0.6339292358380958,0.5641922705425588,0,2026-01-19__2026-02-18
1388480,2026-02-01 16:30:00+00:00,Bundesliga,Borussia Dortmund - 1. FC Heidenheim,2,Home,2,Home,Home,0.7039333572073155,0.7551761180292001,0,2026-01-19__2026-02-18
1378087,2026-02-01 17:00:00+00:00,Serie A,Cremonese - Inter,0,Away,0,Away,Away,0.7070454840160815,0.7216566929236494,0,2026-01-19__2026-02-18
1391033,2026-02-01 17:30:00+00:00,La Liga,Getafe - Celta Vigo,1,Draw,0,Away,Away,0.39081273496622765,0.34956430976974723,0,2026-01-19__2026-02-18
1378090,2026-02-01 19:45:00+00:00,Serie A,Parma - Juventus,0,Away,0,Away,Away,0.6826901180537887,0.6371353610622453,0,2026-01-19__2026-02-18
1387876,2026-02-01 19:45:00+00:00,Ligue 1,Strasbourg - Paris Saint Germain,0,Away,0,Away,Away,0.5378954683084709,0.6026459662566571,0,2026-01-19__2026-02-18
1391029,2026-02-01 20:00:00+00:00,La Liga,Athletic Club - Real Sociedad,1,Draw,2,Home,Home,0.4580363017004933,0.4335907975683089,0,2026-01-19__2026-02-18
1378093,2026-02-02 19:45:00+00:00,Serie A,Udinese - AS Roma,2,Home,0,Away,Away,0.562284860601183,0.48993279551790553,0,2026-01-19__2026-02-18
1379206,2026-02-02 20:00:00+00:00,Premier League,Sunderland - Burnley,2,Home,2,Home,Home,0.5276064801945847,0.550641782448379,0,2026-01-19__2026-02-18
1391035,2026-02-02 20:00:00+00:00,La Liga,Mallorca - Sevilla,2,Home,2,Home,Home,0.3530705178661914,0.3697951063099674,1,2026-01-19__2026-02-18
1378084,2026-02-03 19:45:00+00:00,Serie A,Bologna - AC Milan,0,Away,0,Away,Away,0.43816756857850175,0.45278355067264653,0,2026-01-19__2026-02-18
1388495,2026-02-06 19:30:00+00:00,Bundesliga,Union Berlin - Eintracht Frankfurt,1,Draw,2,Home,Home,0.3852538436046941,0.43471927953996753,0,2026-01-19__2026-02-18
1378103,2026-02-06 19:45:00+00:00,Serie A,Hellas Verona - Pisa,1,Draw,2,Home,Home,0.4029801333385032,0.4333243621471149,0,2026-01-19__2026-02-18
1387883,2026-02-06 19:45:00+00:00,Ligue 1,Metz - Lille,1,Draw,0,Away,Away,0.6087370903582954,0.5438085208694945,0,2026-01-19__2026-02-18
1379214,2026-02-06 20:00:00+00:00,Premier League,Leeds - Nottingham Forest,2,Home,2,Home,Home,0.37936006146181234,0.40557637528030865,0,2026-01-19__2026-02-18
1391043,2026-02-06 20:00:00+00:00,La Liga,Celta Vigo - Osasuna,0,Away,2,Home,Home,0.4617793914708275,0.4872310428305269,0,2026-01-19__2026-02-18
1379216,2026-02-07 12:30:00+00:00,Premier League,Manchester United - Tottenham,2,Home,2,Home,Home,0.46686460523402135,0.5702983687687977,0,2026-01-19__2026-02-18
1388491,2026-02-07 14:30:00+00:00,Bundesliga,SC Freiburg - Werder Bremen,2,Home,2,Home,Home,0.4542221407738189,0.5445781723972283,0,2026-01-19__2026-02-18
1388492,2026-02-07 14:30:00+00:00,Bundesliga,1. FC Heidenheim - Hamburger SV,0,Away,0,Away,Away,0.5135333942221365,0.38148103363657704,0,2026-01-19__2026-02-18
1388493,2026-02-07 14:30:00+00:00,Bundesliga,FSV Mainz 05 - FC Augsburg,2,Home,2,Home,Home,0.42590771092079366,0.47558467194003806,0,2026-01-19__2026-02-18
1388494,2026-02-07 14:30:00+00:00,Bundesliga,FC St. Pauli - VfB Stuttgart,2,Home,0,Away,Away,0.5699541247807824,0.5112266756084262,0,2026-01-19__2026-02-18
1388496,2026-02-07 14:30:00+00:00,Bundesliga,VfL Wolfsburg - Borussia Dortmund,0,Away,0,Away,Away,0.5654539570832701,0.5455241061518482,0,2026-01-19__2026-02-18
1379209,2026-02-07 15:00:00+00:00,Premier League,Arsenal - Sunderland,2,Home,2,Home,Home,0.7202552670864549,0.7697264391916546,0,2026-01-19__2026-02-18
1379210,2026-02-07 15:00:00+00:00,Premier League,Bournemouth - Aston Villa,1,Draw,0,Away,Away,0.4723868763060909,0.39142754623737563,0,2026-01-19__2026-02-18
1379212,2026-02-07 15:00:00+00:00,Premier League,Burnley - West Ham,0,Away,0,Away,Away,0.5791865264156435,0.44039718771639147,0,2026-01-19__2026-02-18
1379213,2026-02-07 15:00:00+00:00,Premier League,Fulham - Everton,0,Away,2,Home,Home,0.40356681547231343,0.4501282286546974,0,2026-01-19__2026-02-18
1379218,2026-02-07 15:00:00+00:00,Premier League,Wolves - Chelsea,0,Away,0,Away,Away,0.6751176525957255,0.5571814031467444,0,2026-01-19__2026-02-18
1391042,2026-02-07 15:15:00+00:00,La Liga,Barcelona - Mallorca,2,Home,2,Home,Home,0.706909311347789,0.8087066172781342,0,2026-01-19__2026-02-18
1387882,2026-02-07 16:00:00+00:00,Ligue 1,Lens - Rennes,2,Home,2,Home,Home,0.5875571750154958,0.5328101442449887,0,2026-01-19__2026-02-18
1378097,2026-02-07 17:00:00+00:00,Serie A,Genoa - Napoli,0,Away,0,Away,Away,0.5403080799827737,0.49964922398877515,0,2026-01-19__2026-02-18
1379217,2026-02-07 17:30:00+00:00,Premier League,Newcastle - Brentford,0,Away,2,Home,Home,0.49745280290175437,0.5106510424175622,0,2026-01-19__2026-02-18
1388489,2026-02-07 17:30:00+00:00,Bundesliga,Borussia Mönchengladbach - Bayer Leverkusen,1,Draw,0,Away,Away,0.5474075606600668,0.457760180752571,0,2026-01-19__2026-02-18
1387880,2026-02-07 18:00:00+00:00,Ligue 1,Stade Brestois 29 - Lorient,2,Home,2,Home,Home,0.46281140169005963,0.4188119694383272,0,2026-01-19__2026-02-18
1378096,2026-02-07 19:45:00+00:00,Serie A,Fiorentina - Torino,1,Draw,2,Home,Home,0.39362151169483417,0.5033296585001003,0,2026-01-19__2026-02-18
1391045,2026-02-07 20:00:00+00:00,La Liga,Real Sociedad - Elche,2,Home,2,Home,Home,0.476820906426484,0.5673667799750226,0,2026-01-19__2026-02-18
1387884,2026-02-07 20:05:00+00:00,Ligue 1,Nantes - Lyon,0,Away,0,Away,Away,0.6284833699189643,0.5751113140565255,0,2026-01-19__2026-02-18
1378095,2026-02-08 11:30:00+00:00,Serie A,Bologna - Parma,0,Away,2,Home,Home,0.5015609564394714,0.5915681258588387,0,2026-01-19__2026-02-18
1391039,2026-02-08 13:00:00+00:00,La Liga,Alaves - Getafe,0,Away,2,Home,Home,0.3569408964561609,0.4201930391783949,1,2026-01-19__2026-02-18
1378099,2026-02-08 14:00:00+00:00,Serie A,Lecce - Udinese,2,Home,0,Away,Away,0.47128138224372806,0.36146272624071996,0,2026-01-19__2026-02-18
1379211,2026-02-08 14:00:00+00:00,Premier League,Brighton - Crystal Palace,0,Away,2,Home,Home,0.3999220547422326,0.484268363733382,0,2026-01-19__2026-02-18
1387885,2026-02-08 14:00:00+00:00,Ligue 1,Nice - Monaco,1,Draw,0,Away,Away,0.4905147125220537,0.43653852650587976,0,2026-01-19__2026-02-18
1388490,2026-02-08 14:30:00+00:00,Bundesliga,1. FC Köln - RB Leipzig,0,Away,0,Away,Away,0.4470376803574166,0.445561683358653,0,2026-01-19__2026-02-18
1391040,2026-02-08 15:15:00+00:00,La Liga,Athletic Club - Levante,2,Home,2,Home,Home,0.5016546095917842,0.5773205966985019,0,2026-01-19__2026-02-18
1387878,2026-02-08 16:15:00+00:00,Ligue 1,Angers - Toulouse,2,Home,0,Away,Away,0.3892604990370823,0.4250017254582324,0,2026-01-19__2026-02-18
1387879,2026-02-08 16:15:00+00:00,Ligue 1,Auxerre - Paris FC,1,Draw,2,Home,Home,0.43226321110547844,0.3830798479087452,0,2026-01-19__2026-02-18
1387881,2026-02-08 16:15:00+00:00,Ligue 1,Le Havre - Strasbourg,2,Home,0,Away,Away,0.5464507352728286,0.4756688879742395,0,2026-01-19__2026-02-18
1379215,2026-02-08 16:30:00+00:00,Premier League,Liverpool - Manchester City,0,Away,0,Away,Home,0.3831866178851288,0.38800613931872324,0,2026-01-19__2026-02-18
1388488,2026-02-08 16:30:00+00:00,Bundesliga,Bayern München - 1899 Hoffenheim,2,Home,2,Home,Home,0.7551168963875641,0.7432145504627399,0,2026-01-19__2026-02-18
1378102,2026-02-08 17:00:00+00:00,Serie A,Sassuolo - Inter,0,Away,0,Away,Away,0.591432494670084,0.6346333591907178,0,2026-01-19__2026-02-18
1391041,2026-02-08 17:30:00+00:00,La Liga,Atletico Madrid - Real Betis,0,Away,2,Home,Home,0.5898657709363957,0.6106086085889013,0,2026-01-19__2026-02-18
1378098,2026-02-08 19:45:00+00:00,Serie A,Juventus - Lazio,1,Draw,2,Home,Home,0.5890666407442318,0.620766510481678,0,2026-01-19__2026-02-18
1387886,2026-02-08 19:45:00+00:00,Ligue 1,Paris Saint Germain - Marseille,2,Home,2,Home,Home,0.6956481103244967,0.6717392477815423,0,2026-01-19__2026-02-18
1391047,2026-02-08 20:00:00+00:00,La Liga,Valencia - Real Madrid,0,Away,0,Away,Away,0.6244481601300618,0.6249648121955398,0,2026-01-19__2026-02-18
1378094,2026-02-09 17:30:00+00:00,Serie A,Atalanta - Cremonese,2,Home,2,Home,Home,0.6323325141017764,0.6915916620805787,0,2026-01-19__2026-02-18
1378101,2026-02-09 19:45:00+00:00,Serie A,AS Roma - Cagliari,2,Home,2,Home,Home,0.6294756978757421,0.6485162260474004,0,2026-01-19__2026-02-18
1391048,2026-02-09 20:00:00+00:00,La Liga,Villarreal - Espanyol,2,Home,2,Home,Home,0.5372289552350981,0.546730809120078,0,2026-01-19__2026-02-18
1379221,2026-02-10 19:30:00+00:00,Premier League,Chelsea - Leeds,1,Draw,2,Home,Home,0.5412108847456649,0.591058233621676,0,2026-01-19__2026-02-18
1379223,2026-02-10 19:30:00+00:00,Premier League,Everton - Bournemouth,0,Away,2,Home,Home,0.3869275764872095,0.3877193434224124,0,2026-01-19__2026-02-18
1379227,2026-02-10 19:30:00+00:00,Premier League,Tottenham - Newcastle,0,Away,0,Away,Home,0.43877581680400435,0.37123396346558085,0,2026-01-19__2026-02-18
1379228,2026-02-10 20:15:00+00:00,Premier League,West Ham - Manchester United,1,Draw,0,Away,Away,0.5429171798195488,0.5132220013497296,0,2026-01-19__2026-02-18
1379219,2026-02-11 19:30:00+00:00,Premier League,Aston Villa - Brighton,2,Home,2,Home,Home,0.45365388369541054,0.4929989603057579,0,2026-01-19__2026-02-18
1379222,2026-02-11 19:30:00+00:00,Premier League,Crystal Palace - Burnley,0,Away,2,Home,Home,0.48586350874363976,0.5613731295518378,0,2026-01-19__2026-02-18
1379224,2026-02-11 19:30:00+00:00,Premier League,Manchester City - Fulham,2,Home,2,Home,Home,0.6568051036658596,0.6892667014263401,0,2026-01-19__2026-02-18
1379225,2026-02-11 19:30:00+00:00,Premier League,Nottingham Forest - Wolves,1,Draw,2,Home,Home,0.5180982052166484,0.563529319658655,0,2026-01-19__2026-02-18
1379226,2026-02-11 20:15:00+00:00,Premier League,Sunderland - Liverpool,0,Away,0,Away,Away,0.6114656436254227,0.5869670424343046,0,2026-01-19__2026-02-18
1379220,2026-02-12 20:00:00+00:00,Premier League,Brentford - Arsenal,1,Draw,0,Away,Away,0.5940240987188532,0.5593132488174275,0,2026-01-19__2026-02-18
1387895,2026-02-13 18:00:00+00:00,Ligue 1,Rennes - Paris Saint Germain,2,Home,0,Away,Away,0.561236104333903,0.6275996362648253,0,2026-01-19__2026-02-18
1388499,2026-02-13 19:30:00+00:00,Bundesliga,Borussia Dortmund - FSV Mainz 05,2,Home,2,Home,Home,0.6082597836382676,0.6248770874490215,0,2026-01-19__2026-02-18
1378111,2026-02-13 19:45:00+00:00,Serie A,Pisa - AC Milan,0,Away,0,Away,Away,0.6681898431278493,0.6091241356693091,0,2026-01-19__2026-02-18
1391049,2026-02-13 20:00:00+00:00,La Liga,Elche - Osasuna,1,Draw,0,Away,Away,0.3971873035657068,0.3523490977103799,0,2026-01-19__2026-02-18
1387893,2026-02-13 20:05:00+00:00,Ligue 1,Monaco - Nantes,2,Home,2,Home,Home,0.6472227578910124,0.6548709014639301,0,2026-01-19__2026-02-18
1391050,2026-02-14 13:00:00+00:00,La Liga,Espanyol - Celta Vigo,1,Draw,2,Home,Home,0.45482289387525804,0.40350212155775705,0,2026-01-19__2026-02-18
1378105,2026-02-14 14:00:00+00:00,Serie A,Como - Fiorentina,0,Away,2,Home,Home,0.4735805743838067,0.5522269838609192,0,2026-01-19__2026-02-18
1388498,2026-02-14 14:30:00+00:00,Bundesliga,Bayer Leverkusen - FC St. Pauli,2,Home,2,Home,Home,0.6008827322590176,0.648396537007682,0,2026-01-19__2026-02-18
1388500,2026-02-14 14:30:00+00:00,Bundesliga,Eintracht Frankfurt - Borussia Mönchengladbach,2,Home,0,Away,Home,0.36348854347307036,0.479933522017006,0,2026-01-19__2026-02-18
1388501,2026-02-14 14:30:00+00:00,Bundesliga,Hamburger SV - Union Berlin,2,Home,2,Home,Home,0.34608525187823097,0.3771732853883884,0,2026-01-19__2026-02-18
1388502,2026-02-14 14:30:00+00:00,Bundesliga,1899 Hoffenheim - SC Freiburg,2,Home,2,Home,Home,0.4697014695643565,0.51917183755892,0,2026-01-19__2026-02-18
1388505,2026-02-14 14:30:00+00:00,Bundesliga,Werder Bremen - Bayern München,0,Away,0,Away,Away,0.7278903711776733,0.6749578151022052,0,2026-01-19__2026-02-18
1391051,2026-02-14 15:15:00+00:00,La Liga,Getafe - Villarreal,2,Home,0,Away,Away,0.37446609867350394,0.3662058404015835,0,2026-01-19__2026-02-18
1387891,2026-02-14 16:00:00+00:00,Ligue 1,Marseille - Strasbourg,1,Draw,2,Home,Home,0.560023532334448,0.5610564270027566,0,2026-01-19__2026-02-18
1378108,2026-02-14 17:00:00+00:00,Serie A,Lazio - Atalanta,0,Away,0,Away,Away,0.3976756283013203,0.41622510506120963,0,2026-01-19__2026-02-18
1388504,2026-02-14 17:30:00+00:00,Bundesliga,VfB Stuttgart - 1. FC Köln,2,Home,2,Home,Home,0.5482932446104181,0.6218759114897956,0,2026-01-19__2026-02-18
1391058,2026-02-14 17:30:00+00:00,La Liga,Sevilla - Alaves,1,Draw,2,Home,Home,0.3878894266450895,0.44966281550640297,0,2026-01-19__2026-02-18
1387888,2026-02-14 18:00:00+00:00,Ligue 1,Lille - Stade Brestois 29,1,Draw,2,Home,Home,0.5670919945523442,0.5500886142387821,0,2026-01-19__2026-02-18
1378107,2026-02-14 19:45:00+00:00,Serie A,Inter - Juventus,2,Home,2,Home,Home,0.4597187323282245,0.4448580170074281,0,2026-01-19__2026-02-18
1391056,2026-02-14 20:00:00+00:00,La Liga,Real Madrid - Real Sociedad,2,Home,2,Home,Home,0.6757723883721339,0.6798718279030445,0,2026-01-19__2026-02-18
1387894,2026-02-14 20:05:00+00:00,Ligue 1,Paris FC - Lens,0,Away,0,Away,Away,0.4873428457128419,0.5030518577273834,0,2026-01-19__2026-02-18
1378113,2026-02-15 11:30:00+00:00,Serie A,Udinese - Sassuolo,0,Away,2,Home,Home,0.3647295310818039,0.4022369295371031,0,2026-01-19__2026-02-18
1391057,2026-02-15 13:00:00+00:00,La Liga,Oviedo - Athletic Club,0,Away,0,Away,Away,0.49637915367328217,0.43153756697869766,0,2026-01-19__2026-02-18
1378106,2026-02-15 14:00:00+00:00,Serie A,Cremonese - Genoa,1,Draw,0,Away,Away,0.4667559863328596,0.37002519804139444,0,2026-01-19__2026-02-18
1378110,2026-02-15 14:00:00+00:00,Serie A,Parma - Hellas Verona,2,Home,0,Away,Home,0.3570952336320134,0.3925035973717515,0,2026-01-19__2026-02-18
1387887,2026-02-15 14:00:00+00:00,Ligue 1,Le Havre - Toulouse,2,Home,0,Away,Away,0.4540640081885573,0.4288191960981143,0,2026-01-19__2026-02-18
1388497,2026-02-15 14:30:00+00:00,Bundesliga,FC Augsburg - 1. FC Heidenheim,2,Home,2,Home,Home,0.40627716564727273,0.5118964184037854,0,2026-01-19__2026-02-18
1391055,2026-02-15 15:15:00+00:00,La Liga,Rayo Vallecano - Atletico Madrid,2,Home,0,Away,Away,0.6617641101872269,0.5419096966977753,0,2026-01-19__2026-02-18
1387889,2026-02-15 16:15:00+00:00,Ligue 1,Lorient - Angers,2,Home,2,Home,Home,0.4767449843533251,0.4881712056832771,0,2026-01-19__2026-02-18
1387892,2026-02-15 16:15:00+00:00,Ligue 1,Metz - Auxerre,0,Away,2,Home,Home,0.3515701864789597,0.3443413944872698,0,2026-01-19__2026-02-18
1388503,2026-02-15 16:30:00+00:00,Bundesliga,RB Leipzig - VfL Wolfsburg,1,Draw,2,Home,Home,0.5558069882530929,0.6483775587653599,0,2026-01-19__2026-02-18
1378112,2026-02-15 17:00:00+00:00,Serie A,Torino - Bologna,0,Away,0,Away,Away,0.46992137561696634,0.4195803699411352,0,2026-01-19__2026-02-18
1391053,2026-02-15 17:30:00+00:00,La Liga,Levante - Valencia,0,Away,0,Away,Away,0.5189193573187765,0.4003488430928463,0,2026-01-19__2026-02-18
1378109,2026-02-15 19:45:00+00:00,Serie A,Napoli - AS Roma,1,Draw,2,Home,Home,0.44099543285970283,0.4202027220188547,0,2026-01-19__2026-02-18
1387890,2026-02-15 19:45:00+00:00,Ligue 1,Lyon - Nice,2,Home,2,Home,Home,0.609243272000774,0.5906868243657839,0,2026-01-19__2026-02-18
1391054,2026-02-15 20:00:00+00:00,La Liga,Mallorca - Real Betis,0,Away,0,Away,Away,0.46548256676862515,0.39238144232332517,0,2026-01-19__2026-02-18
1378104,2026-02-16 19:45:00+00:00,Serie A,Cagliari - Lecce,0,Away,2,Home,Home,0.424659048081474,0.4522549600192836,0,2026-01-19__2026-02-18
1391052,2026-02-16 20:00:00+00:00,La Liga,Girona - Barcelona,2,Home,0,Away,Away,0.6882389354091328,0.6832608711391709,0,2026-01-19__2026-02-18
1378019,2025-12-20 19:45:00+00:00,Serie A,Juventus - AS Roma,2,Home,2,Home,Home,0.41619941131987803,0.4583966300893749,0,2025-12-20__2026-01-19
1379132,2025-12-20 20:00:00+00:00,Premier League,Everton - Arsenal,0,Away,0,Away,Away,0.5870684998079501,0.5453178214090086,0,2025-12-20__2026-01-19
1379134,2025-12-20 20:00:00+00:00,Premier League,Leeds - Crystal Palace,2,Home,0,Away,Away,0.43815667836012645,0.3732713323978932,0,2025-12-20__2026-01-19
1390985,2025-12-20 20:00:00+00:00,La Liga,Real Madrid - Sevilla,2,Home,2,Home,Home,0.77591208245053,0.7586301184682692,0,2025-12-20__2026-01-19
1378014,2025-12-21 11:30:00+00:00,Serie A,Cagliari - Pisa,1,Draw,2,Home,Home,0.3734792067566524,0.42043059028699054,0,2025-12-20__2026-01-19
1390982,2025-12-21 13:00:00+00:00,La Liga,Girona - Atletico Madrid,0,Away,0,Away,Away,0.6637925111483258,0.5573525516938441,0,2025-12-20__2026-01-19
1378022,2025-12-21 14:00:00+00:00,Serie A,Sassuolo - Torino,0,Away,2,Home,Home,0.36913231356304094,0.399087057851936,0,2025-12-20__2026-01-19
1388439,2025-12-21 14:30:00+00:00,Bundesliga,FSV Mainz 05 - FC St. Pauli,1,Draw,2,Home,Home,0.36932803081858556,0.4809252839406687,0,2025-12-20__2026-01-19
1390988,2025-12-21 15:15:00+00:00,La Liga,Villarreal - Barcelona,0,Away,0,Away,Away,0.4583360102129817,0.4774625280828525,0,2025-12-20__2026-01-19
1379129,2025-12-21 16:30:00+00:00,Premier League,Aston Villa - Manchester United,2,Home,2,Home,Home,0.44187524303485204,0.4448033244992848,0,2025-12-20__2026-01-19
1388438,2025-12-21 16:30:00+00:00,Bundesliga,1. FC Heidenheim - Bayern München,0,Away,0,Away,Away,0.758578504005569,0.8111659371795356,0,2025-12-20__2026-01-19
1378016,2025-12-21 17:00:00+00:00,Serie A,Fiorentina - Udinese,2,Home,2,Home,Home,0.452695170934289,0.47965146840723155,0,2025-12-20__2026-01-19
1390981,2025-12-21 17:30:00+00:00,La Liga,Elche - Rayo Vallecano,2,Home,2,Home,Home,0.3575904850843486,0.38128450351507986,1,2025-12-20__2026-01-19
1378017,2025-12-21 19:45:00+00:00,Serie A,Genoa - Atalanta,0,Away,0,Away,Away,0.5601265159962744,0.485839735302995,0,2025-12-20__2026-01-19
1390980,2025-12-21 20:00:00+00:00,La Liga,Real Betis - Getafe,2,Home,2,Home,Home,0.4565342197930045,0.5374837346736364,0,2025-12-20__2026-01-19
1379133,2025-12-22 20:00:00+00:00,Premier League,Fulham - Nottingham Forest,2,Home,2,Home,Home,0.34097093277016705,0.42253225175460973,0,2025-12-20__2026-01-19
1390979,2025-12-22 20:00:00+00:00,La Liga,Athletic Club - Espanyol,0,Away,2,Home,Home,0.4778564308896135,0.5727164851671048,0,2025-12-20__2026-01-19
1379145,2025-12-26 20:00:00+00:00,Premier League,Manchester United - Newcastle,2,Home,2,Home,Home,0.44129720518774523,0.45036829372574705,0,2025-12-20__2026-01-19
1378029,2025-12-27 11:30:00+00:00,Serie A,Parma - Fiorentina,2,Home,0,Away,Away,0.42736426207620365,0.4079104078955424,0,2025-12-20__2026-01-19
1379146,2025-12-27 12:30:00+00:00,Premier League,Nottingham Forest - Manchester City,0,Away,0,Away,Away,0.6308844828864515,0.5727352756158429,0,2025-12-20__2026-01-19
1378027,2025-12-27 14:00:00+00:00,Serie A,Lecce - Como,0,Away,0,Away,Away,0.5854045892923831,0.5146090893815156,0,2025-12-20__2026-01-19
1378032,2025-12-27 14:00:00+00:00,Serie A,Torino - Cagliari,0,Away,2,Home,Home,0.40976940003051543,0.4843304521735428,0,2025-12-20__2026-01-19
1379139,2025-12-27 15:00:00+00:00,Premier League,Arsenal - Brighton,2,Home,2,Home,Home,0.5472959186758419,0.6545758328327781,0,2025-12-20__2026-01-19
1379140,2025-12-27 15:00:00+00:00,Premier League,Brentford - Bournemouth,2,Home,2,Home,Home,0.3739821827897761,0.41810028700785296,0,2025-12-20__2026-01-19
1379141,2025-12-27 15:00:00+00:00,Premier League,Burnley - Everton,1,Draw,0,Away,Away,0.5987111180891976,0.4896962903783552,0,2025-12-20__2026-01-19
1379144,2025-12-27 15:00:00+00:00,Premier League,Liverpool - Wolves,2,Home,2,Home,Home,0.6690510903498001,0.7753881292083404,0,2025-12-20__2026-01-19
1379148,2025-12-27 15:00:00+00:00,Premier League,West Ham - Fulham,0,Away,0,Away,Away,0.4945264539725582,0.3673997710809129,0,2025-12-20__2026-01-19
1378033,2025-12-27 17:00:00+00:00,Serie A,Udinese - Lazio,1,Draw,0,Away,Away,0.5061272890509723,0.3807052616352797,0,2025-12-20__2026-01-19
1379142,2025-12-27 17:30:00+00:00,Premier League,Chelsea - Aston Villa,0,Away,2,Home,Home,0.49624445600473127,0.5111259669821879,0,2025-12-20__2026-01-19
1378030,2025-12-27 19:45:00+00:00,Serie A,Pisa - Juventus,0,Away,0,Away,Away,0.6811487426429906,0.6287365485882903,0,2025-12-20__2026-01-19
1378028,2025-12-28 11:30:00+00:00,Serie A,AC Milan - Hellas Verona,2,Home,2,Home,Home,0.6054461011487665,0.6776687933468886,0,2025-12-20__2026-01-19
1378026,2025-12-28 14:00:00+00:00,Serie A,Cremonese - Napoli,0,Away,0,Away,Away,0.6368985812199731,0.5857542751386455,0,2025-12-20__2026-01-19
1379147,2025-12-28 14:00:00+00:00,Premier League,Sunderland - Leeds,1,Draw,1,Draw,Home,0.41418542208287845,0.37241594143644263,0,2025-12-20__2026-01-19
1379143,2025-12-28 16:30:00+00:00,Premier League,Crystal Palace - Tottenham,0,Away,2,Home,Home,0.3999947963901961,0.4539963984764172,0,2025-12-20__2026-01-19
1378025,2025-12-28 17:00:00+00:00,Serie A,Bologna - Sassuolo,1,Draw,2,Home,Home,0.44820819057292915,0.5337018842871597,0,2025-12-20__2026-01-19
1378024,2025-12-28 19:45:00+00:00,Serie A,Atalanta - Inter,0,Away,0,Away,Away,0.45601528515670464,0.4225757989962856,0,2025-12-20__2026-01-19
1378031,2025-12-29 19:45:00+00:00,Serie A,AS Roma - Genoa,2,Home,2,Home,Home,0.4953199256590861,0.5802485792886573,0,2025-12-20__2026-01-19
1379151,2025-12-30 19:30:00+00:00,Premier League,Burnley - Newcastle,0,Away,0,Away,Away,0.6934022811355707,0.5747799021946272,0,2025-12-20__2026-01-19
1379152,2025-12-30 19:30:00+00:00,Premier League,Chelsea - Bournemouth,1,Draw,2,Home,Home,0.5310836780088958,0.5891017206012519,0,2025-12-20__2026-01-19
1379156,2025-12-30 19:30:00+00:00,Premier League,Nottingham Forest - Everton,0,Away,2,Home,Home,0.38755334846703765,0.41311549821430266,0,2025-12-20__2026-01-19
1379158,2025-12-30 19:30:00+00:00,Premier League,West Ham - Brighton,1,Draw,0,Away,Away,0.5269125969223012,0.4311173556163573,0,2025-12-20__2026-01-19
1379149,2025-12-30 20:15:00+00:00,Premier League,Arsenal - Aston Villa,2,Home,2,Home,Home,0.5806891789456664,0.6465465517442707,0,2025-12-20__2026-01-19
1379155,2025-12-30 20:15:00+00:00,Premier League,Manchester United - Wolves,1,Draw,2,Home,Home,0.5892180058915916,0.7174857198436803,0,2025-12-20__2026-01-19
1379153,2026-01-01 17:30:00+00:00,Premier League,Crystal Palace - Fulham,1,Draw,2,Home,Home,0.4163686137213002,0.4460195335330065,0,2025-12-20__2026-01-19
1379154,2026-01-01 17:30:00+00:00,Premier League,Liverpool - Leeds,1,Draw,2,Home,Home,0.5352641222635941,0.6418976874503233,0,2025-12-20__2026-01-19
1379150,2026-01-01 20:00:00+00:00,Premier League,Brentford - Tottenham,1,Draw,2,Home,Home,0.4193555416264466,0.4165311604059133,0,2025-12-20__2026-01-19
1379157,2026-01-01 20:00:00+00:00,Premier League,Sunderland - Manchester City,1,Draw,0,Away,Away,0.5778912366087033,0.6259639957054935,0,2025-12-20__2026-01-19
1378035,2026-01-02 19:45:00+00:00,Serie A,Cagliari - AC Milan,0,Away,0,Away,Away,0.6244319655495365,0.5974997393230538,0,2025-12-20__2026-01-19
1387850,2026-01-02 19:45:00+00:00,Ligue 1,Toulouse - Lens,0,Away,0,Away,Away,0.4070697488878984,0.38131609086728413,0,2025-12-20__2026-01-19
1390995,2026-01-02 20:00:00+00:00,La Liga,Rayo Vallecano - Getafe,1,Draw,2,Home,Home,0.399265087880119,0.4444023485879696,0,2025-12-20__2026-01-19
1378036,2026-01-03 11:30:00+00:00,Serie A,Como - Udinese,2,Home,2,Home,Home,0.4823261457145806,0.5667799726944699,0,2025-12-20__2026-01-19
1379159,2026-01-03 12:30:00+00:00,Premier League,Aston Villa - Nottingham Forest,2,Home,2,Home,Home,0.4291069573117703,0.5146530378831102,0,2025-12-20__2026-01-19
1390990,2026-01-03 13:00:00+00:00,La Liga,Celta Vigo - Valencia,2,Home,2,Home,Home,0.4296213347786984,0.4863179738983631,0,2025-12-20__2026-01-19
1378038,2026-01-03 14:00:00+00:00,Serie A,Genoa - Pisa,1,Draw,2,Home,Home,0.4711092956012913,0.5067156813978485,0,2025-12-20__2026-01-19
1378042,2026-01-03 14:00:00+00:00,Serie A,Sassuolo - Parma,1,Draw,2,Home,Home,0.4321525268362533,0.4993772270900801,0,2025-12-20__2026-01-19
1379161,2026-01-03 15:00:00+00:00,Premier League,Brighton - Burnley,2,Home,2,Home,Home,0.50147785565676,0.622849836646735,0,2025-12-20__2026-01-19
1379168,2026-01-03 15:00:00+00:00,Premier League,Wolves - West Ham,2,Home,0,Away,Home,0.4201221964305743,0.38853033747433485,0,2025-12-20__2026-01-19
1390994,2026-01-03 15:15:00+00:00,La Liga,Osasuna - Athletic Club,1,Draw,0,Away,Away,0.43785063723514156,0.37071710522434,0,2025-12-20__2026-01-19
1387847,2026-01-03 16:00:00+00:00,Ligue 1,Monaco - Lyon,0,Away,2,Home,Home,0.42502787806394443,0.4848679989082427,0,2025-12-20__2026-01-19
1378040,2026-01-03 17:00:00+00:00,Serie A,Juventus - Lecce,1,Draw,2,Home,Home,0.7187524508548669,0.7375293154459273,0,2025-12-20__2026-01-19
1379160,2026-01-03 17:30:00+00:00,Premier League,Bournemouth - Arsenal,0,Away,0,Away,Away,0.6437857437238038,0.5943510586332297,0,2025-12-20__2026-01-19
1390991,2026-01-03 17:30:00+00:00,La Liga,Elche - Villarreal,0,Away,0,Away,Away,0.46751373060033385,0.4377889670700473,0,2025-12-20__2026-01-19
1387848,2026-01-03 18:00:00+00:00,Ligue 1,Nice - Strasbourg,1,Draw,0,Away,Away,0.45382814346892497,0.3857576837240383,0,2025-12-20__2026-01-19
1378034,2026-01-03 19:45:00+00:00,Serie A,Atalanta - AS Roma,2,Home,2,Home,Home,0.3740684620611609,0.4258718294758165,0,2025-12-20__2026-01-19
1390992,2026-01-03 20:00:00+00:00,La Liga,Espanyol - Barcelona,0,Away,0,Away,Away,0.6218949239634883,0.6250936742575679,0,2025-12-20__2026-01-19
1387844,2026-01-03 20:05:00+00:00,Ligue 1,Lille - Rennes,0,Away,2,Home,Home,0.4707542053858382,0.5065789772920705,0,2025-12-20__2026-01-19
1378041,2026-01-04 11:30:00+00:00,Serie A,Lazio - Napoli,0,Away,0,Away,Away,0.40403739334239586,0.4030569082526652,0,2025-12-20__2026-01-19
1379164,2026-01-04 12:30:00+00:00,Premier League,Leeds - Manchester United,1,Draw,0,Away,Away,0.44597236102031257,0.3829255351033575,0,2025-12-20__2026-01-19
1390998,2026-01-04 13:00:00+00:00,La Liga,Sevilla - Levante,0,Away,2,Home,Home,0.5104846672146366,0.5295367238043217,0,2025-12-20__2026-01-19
1378037,2026-01-04 14:00:00+00:00,Serie A,Fiorentina - Cremonese,2,Home,2,Home,Home,0.4902921384224948,0.5433989379921094,0,2025-12-20__2026-01-19
1387846,2026-01-04 14:00:00+00:00,Ligue 1,Marseille - Nantes,0,Away,2,Home,Home,0.7219752767262899,0.760979870897797,0,2025-12-20__2026-01-19
1379162,2026-01-04 15:00:00+00:00,Premier League,Everton - Brentford,0,Away,2,Home,Home,0.3812334959056231,0.3969030339042798,0,2025-12-20__2026-01-19
1379166,2026-01-04 15:00:00+00:00,Premier League,Newcastle - Crystal Palace,2,Home,2,Home,Home,0.48677202977012796,0.5348803886135894,0,2025-12-20__2026-01-19
1379167,2026-01-04 15:00:00+00:00,Premier League,Tottenham - Sunderland,1,Draw,2,Home,Home,0.44645197827541894,0.5232140298873581,0,2025-12-20__2026-01-19
1379163,2026-01-04 15:15:00+00:00,Premier League,Fulham - Liverpool,1,Draw,0,Away,Away,0.4782941311842774,0.48151524176541555,0,2025-12-20__2026-01-19
1390996,2026-01-04 15:15:00+00:00,La Liga,Real Madrid - Real Betis,2,Home,2,Home,Home,0.6817605715285211,0.6911616954083549,0,2025-12-20__2026-01-19
1387842,2026-01-04 16:15:00+00:00,Ligue 1,Stade Brestois 29 - Auxerre,2,Home,2,Home,Home,0.35777273238834306,0.48363837641870533,0,2025-12-20__2026-01-19
1387843,2026-01-04 16:15:00+00:00,Ligue 1,Le Havre - Angers,2,Home,2,Home,Home,0.4525340466179179,0.44740736424810534,0,2025-12-20__2026-01-19
1387845,2026-01-04 16:15:00+00:00,Ligue 1,Lorient - Metz,1,Draw,2,Home,Home,0.4958944700817379,0.5395521598731059,0,2025-12-20__2026-01-19
1378043,2026-01-04 17:00:00+00:00,Serie A,Hellas Verona - Torino,0,Away,0,Away,Home,0.36826500250463473,0.353047502667093,0,2025-12-20__2026-01-19
1379165,2026-01-04 17:30:00+00:00,Premier League,Manchester City - Chelsea,1,Draw,2,Home,Home,0.5092730811843026,0.54002310695589,0,2025-12-20__2026-01-19
1390989,2026-01-04 17:30:00+00:00,La Liga,Alaves - Oviedo,1,Draw,2,Home,Home,0.46017888849000244,0.5141875335866186,0,2025-12-20__2026-01-19
1390993,2026-01-04 17:30:00+00:00,La Liga,Mallorca - Girona,0,Away,2,Home,Home,0.3708227727012463,0.4134752805964951,0,2025-12-20__2026-01-19
1378039,2026-01-04 19:45:00+00:00,Serie A,Inter - Bologna,2,Home,2,Home,Home,0.5834301951576623,0.6519674969659688,0,2025-12-20__2026-01-19
1387849,2026-01-04 19:45:00+00:00,Ligue 1,Paris Saint Germain - Paris FC,2,Home,2,Home,Home,0.7740242637396991,0.7907437208209278,0,2025-12-20__2026-01-19
1390997,2026-01-04 20:00:00+00:00,La Liga,Real Sociedad - Atletico Madrid,1,Draw,0,Away,Away,0.5231012674195952,0.4644782249601142,0,2025-12-20__2026-01-19
1378051,2026-01-06 14:00:00+00:00,Serie A,Pisa - Como,0,Away,0,Away,Away,0.6345788120229391,0.5353648670973706,0,2025-12-20__2026-01-19
1378047,2026-01-06 17:00:00+00:00,Serie A,Lecce - AS Roma,0,Away,0,Away,Away,0.6307009427364231,0.5525400534276402,0,2025-12-20__2026-01-19
1378052,2026-01-06 19:45:00+00:00,Serie A,Sassuolo - Juventus,0,Away,0,Away,Away,0.6208887077096024,0.5434735430879781,0,2025-12-20__2026-01-19
1379178,2026-01-06 20:00:00+00:00,Premier League,West Ham - Nottingham Forest,0,Away,0,Away,Away,0.5630545805982562,0.41836340018775925,0,2025-12-20__2026-01-19
1378044,2026-01-07 17:30:00+00:00,Serie A,Bologna - Atalanta,0,Away,0,Away,Away,0.473181722149945,0.37243839545880764,0,2025-12-20__2026-01-19
1378049,2026-01-07 17:30:00+00:00,Serie A,Napoli - Hellas Verona,1,Draw,2,Home,Home,0.6144528209950075,0.6779621360825352,0,2025-12-20__2026-01-19
1379170,2026-01-07 19:30:00+00:00,Premier League,Bournemouth - Tottenham,2,Home,2,Home,Home,0.3676423084442831,0.45908277247767926,0,2025-12-20__2026-01-19
1379171,2026-01-07 19:30:00+00:00,Premier League,Brentford - Sunderland,2,Home,2,Home,Home,0.44752282492487483,0.4981332075351403,0,2025-12-20__2026-01-19
1379173,2026-01-07 19:30:00+00:00,Premier League,Crystal Palace - Aston Villa,1,Draw,0,Away,Away,0.47389404176411043,0.39135373935990897,0,2025-12-20__2026-01-19
1379174,2026-01-07 19:30:00+00:00,Premier League,Everton - Wolves,1,Draw,2,Home,Home,0.4543409178037509,0.5319306594386488,0,2025-12-20__2026-01-19
1379175,2026-01-07 19:30:00+00:00,Premier League,Fulham - Chelsea,2,Home,0,Away,Away,0.5263198615826465,0.4516396262629921,0,2025-12-20__2026-01-19
1379176,2026-01-07 19:30:00+00:00,Premier League,Manchester City - Brighton,1,Draw,2,Home,Home,0.6174652788273487,0.6696672262021148,0,2025-12-20__2026-01-19
1378046,2026-01-07 19:45:00+00:00,Serie A,Lazio - Fiorentina,1,Draw,2,Home,Home,0.3912630884565034,0.43319264829305665,0,2025-12-20__2026-01-19
1378050,2026-01-07 19:45:00+00:00,Serie A,Parma - Inter,0,Away,0,Away,Away,0.6660950633756068,0.6762293579510422,0,2025-12-20__2026-01-19
1378053,2026-01-07 19:45:00+00:00,Serie A,Torino - Udinese,0,Away,2,Home,Home,0.38480470163634883,0.40684974212113506,0,2025-12-20__2026-01-19
1379172,2026-01-07 20:15:00+00:00,Premier League,Burnley - Manchester United,1,Draw,0,Away,Away,0.6642622518656306,0.546044792020139,0,2025-12-20__2026-01-19
1379177,2026-01-07 20:15:00+00:00,Premier League,Newcastle - Leeds,2,Home,2,Home,Home,0.4499810506047884,0.5594831214402819,0,2025-12-20__2026-01-19
1378045,2026-01-08 17:30:00+00:00,Serie A,Cremonese - Cagliari,1,Draw,2,Home,Home,0.3858053934515732,0.4117901537580552,0,2025-12-20__2026-01-19
1378048,2026-01-08 19:45:00+00:00,Serie A,AC Milan - Genoa,1,Draw,2,Home,Home,0.6059780231871167,0.6614868757464536,0,2025-12-20__2026-01-19
1379169,2026-01-08 20:00:00+00:00,Premier League,Arsenal - Liverpool,1,Draw,2,Home,Home,0.4859204699006938,0.5834246734822757,0,2025-12-20__2026-01-19
1388446,2026-01-09 19:30:00+00:00,Bundesliga,Eintracht Frankfurt - Borussia Dortmund,1,Draw,0,Away,Away,0.5302289488442732,0.4568587403050095,0,2025-12-20__2026-01-19
1391001,2026-01-09 20:00:00+00:00,La Liga,Getafe - Real Sociedad,0,Away,0,Away,Away,0.380094377557107,0.3481294042776865,0,2025-12-20__2026-01-19
1391005,2026-01-10 13:00:00+00:00,La Liga,Oviedo - Real Betis,1,Draw,0,Away,Away,0.6384360284012691,0.4891158770692334,0,2025-12-20__2026-01-19
1378055,2026-01-10 14:00:00+00:00,Serie A,Como - Bologna,1,Draw,2,Home,Home,0.3909004694404891,0.44993752116339486,0,2025-12-20__2026-01-19
1378062,2026-01-10 14:00:00+00:00,Serie A,Udinese - Pisa,1,Draw,2,Home,Home,0.4387209378814347,0.48513512829212224,0,2025-12-20__2026-01-19
1388447,2026-01-10 14:30:00+00:00,Bundesliga,SC Freiburg - Hamburger SV,2,Home,2,Home,Home,0.4361965480727734,0.5267133826132039,0,2025-12-20__2026-01-19
1388448,2026-01-10 14:30:00+00:00,Bundesliga,1. FC Heidenheim - 1. FC Köln,1,Draw,0,Away,Away,0.5446208557781543,0.40609020131754736,0,2025-12-20__2026-01-19
1388450,2026-01-10 14:30:00+00:00,Bundesliga,Union Berlin - FSV Mainz 05,1,Draw,2,Home,Home,0.4049256166176481,0.44063599635084055,0,2025-12-20__2026-01-19
1391008,2026-01-10 15:15:00+00:00,La Liga,Villarreal - Alaves,2,Home,2,Home,Home,0.5486684102764905,0.6009481392453477,0,2025-12-20__2026-01-19
1378061,2026-01-10 17:00:00+00:00,Serie A,AS Roma - Sassuolo,2,Home,2,Home,Home,0.5584545230153802,0.6115892758422085,0,2025-12-20__2026-01-19
1388443,2026-01-10 17:30:00+00:00,Bundesliga,Bayer Leverkusen - VfB Stuttgart,0,Away,2,Home,Home,0.4712884612336828,0.48742384948246353,0,2025-12-20__2026-01-19
1391002,2026-01-10 17:30:00+00:00,La Liga,Girona - Osasuna,2,Home,2,Home,Home,0.36290625135291943,0.3856609926695919,1,2025-12-20__2026-01-19
1378054,2026-01-10 19:45:00+00:00,Serie A,Atalanta - Torino,2,Home,2,Home,Home,0.5395770526140997,0.6125775896374378,0,2025-12-20__2026-01-19
1391007,2026-01-10 20:00:00+00:00,La Liga,Valencia - Elche,1,Draw,2,Home,Home,0.3856784926014162,0.43278878233143336,0,2025-12-20__2026-01-19
1378060,2026-01-11 11:30:00+00:00,Serie A,Lecce - Parma,0,Away,0,Away,Home,0.369520877467706,0.3553972633870017,0,2025-12-20__2026-01-19
1391004,2026-01-11 13:00:00+00:00,La Liga,Rayo Vallecano - Mallorca,2,Home,2,Home,Home,0.4467191492885455,0.5249269849075261,0,2025-12-20__2026-01-19
1378056,2026-01-11 14:00:00+00:00,Serie A,Fiorentina - AC Milan,1,Draw,0,Away,Away,0.52725920824348,0.5068624800952027,0,2025-12-20__2026-01-19
1388445,2026-01-11 14:30:00+00:00,Bundesliga,Borussia Mönchengladbach - FC Augsburg,2,Home,2,Home,Home,0.3919942315934083,0.4838923453466457,0,2025-12-20__2026-01-19
1391003,2026-01-11 15:15:00+00:00,La Liga,Levante - Espanyol,1,Draw,0,Away,Away,0.48645341552761684,0.4081350900674871,0,2025-12-20__2026-01-19
1388444,2026-01-11 16:30:00+00:00,Bundesliga,Bayern München - VfL Wolfsburg,2,Home,2,Home,Home,0.750866418153854,0.836931107969954,0,2025-12-20__2026-01-19
1378063,2026-01-11 17:00:00+00:00,Serie A,Hellas Verona - Lazio,0,Away,0,Away,Away,0.5047549933336662,0.4237722221492917,0,2025-12-20__2026-01-19
1378058,2026-01-11 19:45:00+00:00,Serie A,Inter - Napoli,1,Draw,2,Home,Home,0.42825277270879253,0.531526841547406,0,2025-12-20__2026-01-19
1378057,2026-01-12 17:30:00+00:00,Serie A,Genoa - Cagliari,2,Home,2,Home,Home,0.3619854762174485,0.4492626885000767,0,2025-12-20__2026-01-19
1378059,2026-01-12 19:45:00+00:00,Serie A,Juventus - Cremonese,2,Home,2,Home,Home,0.7030746897167889,0.746588618718762,0,2025-12-20__2026-01-19
1391006,2026-01-12 20:00:00+00:00,La Liga,Sevilla - Celta Vigo,0,Away,2,Home,Home,0.38465995422493704,0.38071312341203006,1,2025-12-20__2026-01-19
1388459,2026-01-13 17:30:00+00:00,Bundesliga,VfB Stuttgart - Eintracht Frankfurt,2,Home,2,Home,Home,0.48515934937888283,0.5188924213625077,0,2025-12-20__2026-01-19
1388453,2026-01-13 19:30:00+00:00,Bundesliga,Borussia Dortmund - Werder Bremen,2,Home,2,Home,Home,0.6442527006795364,0.7008641801679855,0,2025-12-20__2026-01-19
1388457,2026-01-13 19:30:00+00:00,Bundesliga,FSV Mainz 05 - 1. FC Heidenheim,2,Home,2,Home,Home,0.48332050967977463,0.5585033481852053,0,2025-12-20__2026-01-19
1378021,2026-01-14 17:30:00+00:00,Serie A,Napoli - Parma,1,Draw,2,Home,Home,0.695191825128998,0.7163958641063516,0,2025-12-20__2026-01-19
1388460,2026-01-14 17:30:00+00:00,Bundesliga,VfL Wolfsburg - FC St. Pauli,2,Home,2,Home,Home,0.4090483571096246,0.5092400123216334,0,2025-12-20__2026-01-19
1388454,2026-01-14 19:30:00+00:00,Bundesliga,1. FC Köln - Bayern München,0,Away,0,Away,Away,0.7033368445285382,0.7355574200109283,0,2025-12-20__2026-01-19
1388456,2026-01-14 19:30:00+00:00,Bundesliga,1899 Hoffenheim - Borussia Mönchengladbach,2,Home,2,Home,Home,0.48044985706957605,0.5128010126734278,0,2025-12-20__2026-01-19
1388458,2026-01-14 19:30:00+00:00,Bundesliga,RB Leipzig - SC Freiburg,2,Home,2,Home,Home,0.517012117323641,0.5265282111877235,0,2025-12-20__2026-01-19
1378018,2026-01-14 19:45:00+00:00,Serie A,Inter - Lecce,2,Home,2,Home,Home,0.7181105049809574,0.8218282097162553,0,2025-12-20__2026-01-19
1378023,2026-01-15 17:30:00+00:00,Serie A,Hellas Verona - Bologna,0,Away,0,Away,Away,0.5704480114641612,0.4489193340984217,0,2025-12-20__2026-01-19
1388452,2026-01-15 19:30:00+00:00,Bundesliga,FC Augsburg - Union Berlin,1,Draw,0,Away,Home,0.38862215892494867,0.3902942457344608,0,2025-12-20__2026-01-19
1378015,2026-01-15 19:45:00+00:00,Serie A,Como - AC Milan,0,Away,0,Away,Away,0.3758607510917501,0.3740084418774601,0,2025-12-20__2026-01-19
1387854,2026-01-16 18:00:00+00:00,Ligue 1,Monaco - Lorient,0,Away,2,Home,Home,0.5182334207281084,0.5924694254541722,0,2025-12-20__2026-01-19
1388468,2026-01-16 19:30:00+00:00,Bundesliga,Werder Bremen - Eintracht Frankfurt,1,Draw,0,Away,Away,0.46950726005106386,0.3675404733071417,0,2025-12-20__2026-01-19
1378071,2026-01-16 19:45:00+00:00,Serie A,Pisa - Atalanta,1,Draw,0,Away,Away,0.6833965468025084,0.5559289231861768,0,2025-12-20__2026-01-19
1387856,2026-01-16 20:00:00+00:00,Ligue 1,Paris Saint Germain - Lille,2,Home,2,Home,Home,0.5993265464427706,0.6380061003726387,0,2025-12-20__2026-01-19
1391013,2026-01-16 20:00:00+00:00,La Liga,Espanyol - Girona,0,Away,2,Home,Home,0.46008874446929043,0.5042100913266486,0,2025-12-20__2026-01-19
1379184,2026-01-17 12:30:00+00:00,Premier League,Manchester United - Manchester City,2,Home,0,Away,Away,0.5451915741233692,0.5119899109057513,0,2025-12-20__2026-01-19
1391017,2026-01-17 13:00:00+00:00,La Liga,Real Madrid - Levante,2,Home,2,Home,Home,0.7509828749614194,0.8207464572378251,0,2025-12-20__2026-01-19
1378073,2026-01-17 14:00:00+00:00,Serie A,Udinese - Inter,0,Away,0,Away,Away,0.5863198899443878,0.6613501208683036,0,2025-12-20__2026-01-19
1388462,2026-01-17 14:30:00+00:00,Bundesliga,Borussia Dortmund - FC St. Pauli,2,Home,2,Home,Home,0.6513246162762689,0.701473949141427,0,2025-12-20__2026-01-19
1388463,2026-01-17 14:30:00+00:00,Bundesliga,1. FC Köln - FSV Mainz 05,2,Home,2,Home,Home,0.3658167486207202,0.4195827256165858,0,2025-12-20__2026-01-19
1388464,2026-01-17 14:30:00+00:00,Bundesliga,Hamburger SV - Borussia Mönchengladbach,1,Draw,0,Away,Home,0.3928165542354466,0.40469861735632756,0,2025-12-20__2026-01-19
1388465,2026-01-17 14:30:00+00:00,Bundesliga,1899 Hoffenheim - Bayer Leverkusen,2,Home,0,Away,Home,0.36201597688932735,0.3830991052202976,0,2025-12-20__2026-01-19
1388469,2026-01-17 14:30:00+00:00,Bundesliga,VfL Wolfsburg - 1. FC Heidenheim,1,Draw,2,Home,Home,0.5417477491128017,0.6017138915616447,0,2025-12-20__2026-01-19
1379181,2026-01-17 15:00:00+00:00,Premier League,Chelsea - Brentford,2,Home,2,Home,Home,0.5112224070737235,0.5664906941525617,0,2025-12-20__2026-01-19
1379182,2026-01-17 15:00:00+00:00,Premier League,Leeds - Fulham,2,Home,2,Home,Home,0.44330856237090277,0.4205815748290159,0,2025-12-20__2026-01-19
1379183,2026-01-17 15:00:00+00:00,Premier League,Liverpool - Burnley,1,Draw,2,Home,Home,0.6996411237325855,0.7802999199987395,0,2025-12-20__2026-01-19
1379186,2026-01-17 15:00:00+00:00,Premier League,Sunderland - Crystal Palace,2,Home,0,Away,Away,0.3788342283300519,0.34838313177314406,0,2025-12-20__2026-01-19
1379187,2026-01-17 15:00:00+00:00,Premier League,Tottenham - West Ham,0,Away,2,Home,Home,0.5251785889657795,0.556214365411236,0,2025-12-20__2026-01-19
1391015,2026-01-17 15:15:00+00:00,La Liga,Mallorca - Athletic Club,2,Home,0,Away,Away,0.43364094780329104,0.43428679496069655,0,2025-12-20__2026-01-19
1387852,2026-01-17 16:00:00+00:00,Ligue 1,Lens - Auxerre,2,Home,2,Home,Home,0.5934536045639026,0.6538013215883158,0,2025-12-20__2026-01-19
1378069,2026-01-17 17:00:00+00:00,Serie A,Napoli - Sassuolo,2,Home,2,Home,Home,0.5794245463294899,0.6606942972320236,0,2025-12-20__2026-01-19
1379185,2026-01-17 17:30:00+00:00,Premier League,Nottingham Forest - Arsenal,1,Draw,0,Away,Away,0.6793424916298074,0.6088807752532339,0,2025-12-20__2026-01-19
1388466,2026-01-17 17:30:00+00:00,Bundesliga,RB Leipzig - Bayern München,0,Away,0,Away,Away,0.5842153287491748,0.621500847279118,0,2025-12-20__2026-01-19
1391016,2026-01-17 17:30:00+00:00,La Liga,Osasuna - Oviedo,2,Home,2,Home,Home,0.5249883291959739,0.5453224207265629,0,2025-12-20__2026-01-19
1387859,2026-01-17 18:00:00+00:00,Ligue 1,Toulouse - Nice,2,Home,2,Home,Home,0.42538197265170297,0.4919317075618587,0,2025-12-20__2026-01-19
1378065,2026-01-17 19:45:00+00:00,Serie A,Cagliari - Juventus,2,Home,0,Away,Away,0.6053678697272006,0.5887060233250395,0,2025-12-20__2026-01-19
1391010,2026-01-17 20:00:00+00:00,La Liga,Real Betis - Villarreal,2,Home,2,Home,Home,0.42925571643670174,0.41588376859009846,0,2025-12-20__2026-01-19
1387851,2026-01-17 20:05:00+00:00,Ligue 1,Angers - Marseille,0,Away,0,Away,Away,0.596817841136899,0.5859516563342979,0,2025-12-20__2026-01-19
1378070,2026-01-18 11:30:00+00:00,Serie A,Parma - Genoa,1,Draw,0,Away,Home,0.4373611860807986,0.3349709466847219,0,2025-12-20__2026-01-19
1391014,2026-01-18 13:00:00+00:00,La Liga,Getafe - Valencia,0,Away,2,Home,Home,0.3979536941077578,0.3702091790420127,1,2025-12-20__2026-01-19
1378064,2026-01-18 14:00:00+00:00,Serie A,Bologna - Fiorentina,0,Away,2,Home,Home,0.40127821995114415,0.45045535494345634,0,2025-12-20__2026-01-19
1379188,2026-01-18 14:00:00+00:00,Premier League,Wolves - Newcastle,1,Draw,0,Away,Away,0.6766937780282477,0.5452556411766827,0,2025-12-20__2026-01-19
1387858,2026-01-18 14:00:00+00:00,Ligue 1,Strasbourg - Metz,2,Home,2,Home,Home,0.5198886658575753,0.6118122613968112,0,2025-12-20__2026-01-19
1388467,2026-01-18 14:30:00+00:00,Bundesliga,VfB Stuttgart - Union Berlin,1,Draw,2,Home,Home,0.4432933292400135,0.5420106168250459,0,2025-12-20__2026-01-19
1391009,2026-01-18 15:15:00+00:00,La Liga,Atletico Madrid - Alaves,2,Home,2,Home,Home,0.6764310392998418,0.7040860539155662,0,2025-12-20__2026-01-19
1387855,2026-01-18 16:15:00+00:00,Ligue 1,Nantes - Paris FC,0,Away,0,Away,Away,0.4714295078558572,0.39512844120723645,0,2025-12-20__2026-01-19
1387857,2026-01-18 16:15:00+00:00,Ligue 1,Rennes - Le Havre,1,Draw,2,Home,Home,0.48756980791015103,0.5686684327177,0,2025-12-20__2026-01-19
1379179,2026-01-18 16:30:00+00:00,Premier League,Aston Villa - Everton,0,Away,2,Home,Home,0.49087329153032455,0.5692742457166068,0,2025-12-20__2026-01-19
1388461,2026-01-18 16:30:00+00:00,Bundesliga,FC Augsburg - SC Freiburg,1,Draw,0,Away,Away,0.4936038733365328,0.38230534756880113,0,2025-12-20__2026-01-19
1378072,2026-01-18 17:00:00+00:00,Serie A,Torino - AS Roma,0,Away,0,Away,Away,0.5142709233529408,0.4865079826470422,0,2025-12-20__2026-01-19
1391011,2026-01-18 17:30:00+00:00,La Liga,Celta Vigo - Rayo Vallecano,2,Home,2,Home,Home,0.39302928225362693,0.4393040932020553,0,2025-12-20__2026-01-19
1378068,2026-01-18 19:45:00+00:00,Serie A,AC Milan - Lecce,2,Home,2,Home,Home,0.6947302107187494,0.7441968058547984,0,2025-12-20__2026-01-19
1387853,2026-01-18 19:45:00+00:00,Ligue 1,Lyon - Stade Brestois 29,2,Home,2,Home,Home,0.5474291300015282,0.5849041257043892,0,2025-12-20__2026-01-19
1391018,2026-01-18 20:00:00+00:00,La Liga,Real Sociedad - Barcelona,2,Home,0,Away,Away,0.5889828722137255,0.592678417804498,0,2025-12-20__2026-01-19
1378066,2026-01-19 17:30:00+00:00,Serie A,Cremonese - Hellas Verona,1,Draw,1,Draw,Home,0.406094447066583,0.3771539761909519,0,2025-12-20__2026-01-19
1388403,2025-11-21 19:30:00+00:00,Bundesliga,FSV Mainz 05 - 1899 Hoffenheim,1,Draw,2,Home,Home,0.3856888301687706,0.42618257459145825,0,2025-11-20__2025-12-20
1387811,2025-11-21 19:45:00+00:00,Ligue 1,Nice - Marseille,0,Away,0,Away,Away,0.4989458650452028,0.490261364817717,0,2025-11-20__2025-12-20
1390947,2025-11-21 20:00:00+00:00,La Liga,Valencia - Levante,2,Home,2,Home,Home,0.39372344465688774,0.47540774758062954,0,2025-11-20__2025-12-20
1379082,2025-11-22 12:30:00+00:00,Premier League,Burnley - Chelsea,0,Away,0,Away,Away,0.6327967790621336,0.6162278763533023,0,2025-11-20__2025-12-20
1390939,2025-11-22 13:00:00+00:00,La Liga,Alaves - Celta Vigo,0,Away,2,Home,Home,0.3655892684834013,0.3690410472708604,1,2025-11-20__2025-12-20
1377974,2025-11-22 14:00:00+00:00,Serie A,Cagliari - Genoa,1,Draw,0,Away,Away,0.4173805814317726,0.34987993493671765,0,2025-11-20__2025-12-20
1377982,2025-11-22 14:00:00+00:00,Serie A,Udinese - Bologna,0,Away,0,Away,Away,0.4666462568950058,0.4473891629648598,0,2025-11-20__2025-12-20
1388398,2025-11-22 14:30:00+00:00,Bundesliga,FC Augsburg - Hamburger SV,2,Home,0,Away,Home,0.38382879556261096,0.4104857394776123,0,2025-11-20__2025-12-20
1388399,2025-11-22 14:30:00+00:00,Bundesliga,Bayern München - SC Freiburg,2,Home,2,Home,Home,0.7264373886215602,0.7826094263833412,0,2025-11-20__2025-12-20
1388400,2025-11-22 14:30:00+00:00,Bundesliga,Borussia Dortmund - VfB Stuttgart,1,Draw,2,Home,Home,0.4682619949359063,0.5609689775110928,0,2025-11-20__2025-12-20
1388402,2025-11-22 14:30:00+00:00,Bundesliga,1. FC Heidenheim - Borussia Mönchengladbach,0,Away,0,Away,Away,0.5637121366871359,0.440992222219176,0,2025-11-20__2025-12-20
1388406,2025-11-22 14:30:00+00:00,Bundesliga,VfL Wolfsburg - Bayer Leverkusen,0,Away,0,Away,Away,0.5737585741155766,0.4377287559484384,0,2025-11-20__2025-12-20
1379080,2025-11-22 15:00:00+00:00,Premier League,Bournemouth - West Ham,1,Draw,2,Home,Home,0.4840756620398858,0.5828561517917528,0,2025-11-20__2025-12-20
1379081,2025-11-22 15:00:00+00:00,Premier League,Brighton - Brentford,2,Home,2,Home,Home,0.4214914035953261,0.49010040202986377,0,2025-11-20__2025-12-20
1379083,2025-11-22 15:00:00+00:00,Premier League,Fulham - Sunderland,2,Home,2,Home,Home,0.3687039402665616,0.4702538050311251,0,2025-11-20__2025-12-20
1379085,2025-11-22 15:00:00+00:00,Premier League,Liverpool - Nottingham Forest,0,Away,2,Home,Home,0.5596227235685866,0.6585360079077118,0,2025-11-20__2025-12-20
1379088,2025-11-22 15:00:00+00:00,Premier League,Wolves - Crystal Palace,0,Away,0,Away,Away,0.6034528736542197,0.4938393072068435,0,2025-11-20__2025-12-20
1390940,2025-11-22 15:15:00+00:00,La Liga,Barcelona - Athletic Club,2,Home,2,Home,Home,0.5670847784376685,0.654904466210875,0,2025-11-20__2025-12-20
1387808,2025-11-22 16:00:00+00:00,Ligue 1,Lens - Strasbourg,2,Home,2,Home,Home,0.4231869014817467,0.45622144733261594,0,2025-11-20__2025-12-20
1377976,2025-11-22 17:00:00+00:00,Serie A,Fiorentina - Juventus,1,Draw,0,Away,Away,0.5554684227977107,0.4672749640445906,0,2025-11-20__2025-12-20
1379087,2025-11-22 17:30:00+00:00,Premier League,Newcastle - Manchester City,2,Home,0,Away,Away,0.5072592900198514,0.4398815182433535,0,2025-11-20__2025-12-20
1388401,2025-11-22 17:30:00+00:00,Bundesliga,1. FC Köln - Eintracht Frankfurt,0,Away,0,Away,Away,0.4727884960077768,0.4160550930526608,0,2025-11-20__2025-12-20
1390945,2025-11-22 17:30:00+00:00,La Liga,Osasuna - Real Sociedad,0,Away,2,Home,Home,0.3444004934696373,0.3808879602409068,1,2025-11-20__2025-12-20
1387813,2025-11-22 18:00:00+00:00,Ligue 1,Rennes - Monaco,2,Home,2,Home,Home,0.34294442551942006,0.3813007972977674,1,2025-11-20__2025-12-20
1377979,2025-11-22 19:45:00+00:00,Serie A,Napoli - Atalanta,2,Home,2,Home,Home,0.40014212556740747,0.44369614594884976,0,2025-11-20__2025-12-20
1390948,2025-11-22 20:00:00+00:00,La Liga,Villarreal - Mallorca,2,Home,2,Home,Home,0.5863438409581347,0.6550280186302473,0,2025-11-20__2025-12-20
1387812,2025-11-22 20:05:00+00:00,Ligue 1,Paris Saint Germain - Le Havre,2,Home,2,Home,Home,0.6686666974540438,0.8134321938386051,0,2025-11-20__2025-12-20
1377983,2025-11-23 11:30:00+00:00,Serie A,Hellas Verona - Parma,0,Away,0,Away,Home,0.3637771037265755,0.4010956388949892,0,2025-11-20__2025-12-20
1390946,2025-11-23 13:00:00+00:00,La Liga,Oviedo - Rayo Vallecano,1,Draw,0,Away,Away,0.47502499707694584,0.4196621696098165,0,2025-11-20__2025-12-20
1377975,2025-11-23 14:00:00+00:00,Serie A,Cremonese - AS Roma,0,Away,0,Away,Away,0.5804548378474254,0.5788139503758468,0,2025-11-20__2025-12-20
1379084,2025-11-23 14:00:00+00:00,Premier League,Leeds - Aston Villa,0,Away,0,Away,Away,0.45965627134199394,0.3685230774055461,0,2025-11-20__2025-12-20
1387806,2025-11-23 14:00:00+00:00,Ligue 1,Auxerre - Lyon,1,Draw,0,Away,Away,0.49761590251280013,0.5066340912907993,0,2025-11-20__2025-12-20
1388404,2025-11-23 14:30:00+00:00,Bundesliga,RB Leipzig - Werder Bremen,2,Home,2,Home,Home,0.5115232871540725,0.6193992371166418,0,2025-11-20__2025-12-20
1390941,2025-11-23 15:15:00+00:00,La Liga,Real Betis - Girona,1,Draw,2,Home,Home,0.505206791019042,0.5910552333502005,0,2025-11-20__2025-12-20
1387807,2025-11-23 16:15:00+00:00,Ligue 1,Stade Brestois 29 - Metz,2,Home,2,Home,Home,0.5430503609737177,0.5645359243043004,0,2025-11-20__2025-12-20
1387810,2025-11-23 16:15:00+00:00,Ligue 1,Nantes - Lorient,1,Draw,2,Home,Home,0.3949517046971904,0.3861056242487294,1,2025-11-20__2025-12-20
1387814,2025-11-23 16:15:00+00:00,Ligue 1,Toulouse - Angers,0,Away,2,Home,Home,0.5180505149286316,0.5903211490522191,0,2025-11-20__2025-12-20
1379079,2025-11-23 16:30:00+00:00,Premier League,Arsenal - Tottenham,2,Home,2,Home,Home,0.6518498096287668,0.688922691852948,0,2025-11-20__2025-12-20
1388405,2025-11-23 16:30:00+00:00,Bundesliga,FC St. Pauli - Union Berlin,0,Away,0,Away,Home,0.3632300353468629,0.41121412588454237,0,2025-11-20__2025-12-20
1377978,2025-11-23 17:00:00+00:00,Serie A,Lazio - Lecce,2,Home,2,Home,Home,0.49348368276661797,0.5817924332451705,0,2025-11-20__2025-12-20
1390944,2025-11-23 17:30:00+00:00,La Liga,Getafe - Atletico Madrid,0,Away,0,Away,Away,0.5173588423337825,0.5140672814132972,0,2025-11-20__2025-12-20
1377977,2025-11-23 19:45:00+00:00,Serie A,Inter - AC Milan,0,Away,2,Home,Home,0.4423263050262748,0.5021762177607157,0,2025-11-20__2025-12-20
1387809,2025-11-23 19:45:00+00:00,Ligue 1,Lille - Paris FC,2,Home,2,Home,Home,0.512611139067108,0.588145703769514,0,2025-11-20__2025-12-20
1390942,2025-11-23 20:00:00+00:00,La Liga,Elche - Real Madrid,1,Draw,0,Away,Away,0.6796201050533661,0.673799384745995,0,2025-11-20__2025-12-20
1377981,2025-11-24 17:30:00+00:00,Serie A,Torino - Como,0,Away,0,Away,Away,0.4706005458528824,0.430267084508201,0,2025-11-20__2025-12-20
1377980,2025-11-24 19:45:00+00:00,Serie A,Sassuolo - Pisa,1,Draw,1,Draw,Home,0.3840088468922116,0.4676603384042567,0,2025-11-20__2025-12-20
1379086,2025-11-24 20:00:00+00:00,Premier League,Manchester United - Everton,0,Away,2,Home,Home,0.4658877125422941,0.5583679831433617,0,2025-11-20__2025-12-20
1390943,2025-11-24 20:00:00+00:00,La Liga,Espanyol - Sevilla,2,Home,2,Home,Home,0.3988300447293492,0.45298554978794126,0,2025-11-20__2025-12-20
1388409,2025-11-28 19:30:00+00:00,Bundesliga,Borussia Mönchengladbach - RB Leipzig,1,Draw,0,Away,Away,0.5694940564958952,0.45426095929272425,0,2025-11-20__2025-12-20
1377986,2025-11-28 19:45:00+00:00,Serie A,Como - Sassuolo,2,Home,2,Home,Home,0.5268417126241811,0.5815083571565569,0,2025-11-20__2025-12-20
1387820,2025-11-28 19:45:00+00:00,Ligue 1,Metz - Rennes,0,Away,0,Away,Away,0.5088827199226099,0.4775264180440003,0,2025-11-20__2025-12-20
1390952,2025-11-28 20:00:00+00:00,La Liga,Getafe - Elche,2,Home,2,Home,Home,0.35042757994631446,0.42547998856335206,0,2025-11-20__2025-12-20
1390955,2025-11-29 13:00:00+00:00,La Liga,Mallorca - Osasuna,1,Draw,2,Home,Home,0.3917915867364415,0.37760468334781633,1,2025-11-20__2025-12-20
1377987,2025-11-29 14:00:00+00:00,Serie A,Genoa - Hellas Verona,2,Home,2,Home,Home,0.4113785354676522,0.44775642908934726,0,2025-11-20__2025-12-20
1377991,2025-11-29 14:00:00+00:00,Serie A,Parma - Udinese,0,Away,1,Draw,Home,0.3983064637577141,0.3597357889648709,0,2025-11-20__2025-12-20
1388408,2025-11-29 14:30:00+00:00,Bundesliga,Bayern München - FC St. Pauli,2,Home,2,Home,Home,0.7317258264359302,0.8510394890243016,0,2025-11-20__2025-12-20
1388413,2025-11-29 14:30:00+00:00,Bundesliga,1899 Hoffenheim - FC Augsburg,2,Home,2,Home,Home,0.4743162677877927,0.5559868997723718,0,2025-11-20__2025-12-20
1388414,2025-11-29 14:30:00+00:00,Bundesliga,Union Berlin - 1. FC Heidenheim,0,Away,2,Home,Home,0.475522535414692,0.5354871171159864,0,2025-11-20__2025-12-20
1388415,2025-11-29 14:30:00+00:00,Bundesliga,Werder Bremen - 1. FC Köln,1,Draw,1,Draw,Home,0.3564906329941442,0.4211777583275362,0,2025-11-20__2025-12-20
1379090,2025-11-29 15:00:00+00:00,Premier League,Brentford - Burnley,2,Home,2,Home,Home,0.5190566764947226,0.6226357951744984,0,2025-11-20__2025-12-20
1379094,2025-11-29 15:00:00+00:00,Premier League,Manchester City - Leeds,2,Home,2,Home,Home,0.6785466564685225,0.7420108016553699,0,2025-11-20__2025-12-20
1379096,2025-11-29 15:00:00+00:00,Premier League,Sunderland - Bournemouth,2,Home,0,Away,Away,0.3959291668797335,0.38943075767555996,0,2025-11-20__2025-12-20
1390950,2025-11-29 15:15:00+00:00,La Liga,Barcelona - Alaves,2,Home,2,Home,Home,0.7427499209076548,0.7486480329662927,0,2025-11-20__2025-12-20
1387821,2025-11-29 16:00:00+00:00,Ligue 1,Monaco - Paris Saint Germain,2,Home,0,Away,Away,0.5494903748257877,0.5935281910316659,0,2025-11-20__2025-12-20
1377988,2025-11-29 17:00:00+00:00,Serie A,Juventus - Cagliari,2,Home,2,Home,Home,0.660682464952977,0.706612337797934,0,2025-11-20__2025-12-20
1379093,2025-11-29 17:30:00+00:00,Premier League,Everton - Newcastle,0,Away,0,Away,Away,0.38444599368602467,0.3831491292646721,0,2025-11-20__2025-12-20
1388407,2025-11-29 17:30:00+00:00,Bundesliga,Bayer Leverkusen - Borussia Dortmund,0,Away,0,Away,Home,0.34775721811991545,0.37529451107000095,0,2025-11-20__2025-12-20
1390954,2025-11-29 17:30:00+00:00,La Liga,Levante - Athletic Club,0,Away,0,Away,Away,0.521997961968061,0.472800752185924,0,2025-11-20__2025-12-20
1387822,2025-11-29 18:00:00+00:00,Ligue 1,Paris FC - Auxerre,1,Draw,2,Home,Home,0.4322857150600688,0.5240570942433121,0,2025-11-20__2025-12-20
1377990,2025-11-29 19:45:00+00:00,Serie A,AC Milan - Lazio,2,Home,2,Home,Home,0.526864954052775,0.5806633072526365,0,2025-11-20__2025-12-20
1379097,2025-11-29 20:00:00+00:00,Premier League,Tottenham - Fulham,0,Away,2,Home,Home,0.40558706428300983,0.47195260249753773,0,2025-11-20__2025-12-20
1390949,2025-11-29 20:00:00+00:00,La Liga,Atletico Madrid - Oviedo,2,Home,2,Home,Home,0.7456337491609542,0.746905890930542,0,2025-11-20__2025-12-20
1387819,2025-11-29 20:05:00+00:00,Ligue 1,Marseille - Toulouse,1,Draw,2,Home,Home,0.5135277597293498,0.5748354753910735,0,2025-11-20__2025-12-20
1377989,2025-11-30 11:30:00+00:00,Serie A,Lecce - Torino,2,Home,0,Away,Home,0.40729519470238457,0.3466864111990532,0,2025-11-20__2025-12-20
1379092,2025-11-30 12:00:00+00:00,Premier League,Crystal Palace - Manchester United,0,Away,1,Draw,Home,0.3386490636598926,0.37984839350860466,0,2025-11-20__2025-12-20
1390957,2025-11-30 13:00:00+00:00,La Liga,Real Sociedad - Villarreal,0,Away,0,Away,Home,0.4027498240273416,0.36665270601321814,0,2025-11-20__2025-12-20
1377992,2025-11-30 14:00:00+00:00,Serie A,Pisa - Inter,0,Away,0,Away,Away,0.67912655803431,0.7047647477391153,0,2025-11-20__2025-12-20
1387823,2025-11-30 14:00:00+00:00,Ligue 1,Strasbourg - Stade Brestois 29,0,Away,2,Home,Home,0.4215672756245312,0.4846079989050144,0,2025-11-20__2025-12-20
1379089,2025-11-30 14:05:00+00:00,Premier League,Aston Villa - Wolves,2,Home,2,Home,Home,0.552787553629436,0.6395512126709784,0,2025-11-20__2025-12-20
1379095,2025-11-30 14:05:00+00:00,Premier League,Nottingham Forest - Brighton,0,Away,0,Away,Away,0.46377352854002374,0.36862326252794664,0,2025-11-20__2025-12-20
1379098,2025-11-30 14:05:00+00:00,Premier League,West Ham - Liverpool,0,Away,0,Away,Away,0.5781109581712087,0.5857408853384587,0,2025-11-20__2025-12-20
1388412,2025-11-30 14:30:00+00:00,Bundesliga,Hamburger SV - VfB Stuttgart,2,Home,0,Away,Away,0.5393801687046959,0.42911116009046724,0,2025-11-20__2025-12-20
1390958,2025-11-30 15:15:00+00:00,La Liga,Sevilla - Real Betis,0,Away,0,Away,Away,0.4611871221116053,0.38450495078919233,0,2025-11-20__2025-12-20
1387815,2025-11-30 16:15:00+00:00,Ligue 1,Angers - Lens,0,Away,0,Away,Away,0.5242782457711526,0.5364283933902281,0,2025-11-20__2025-12-20
1387816,2025-11-30 16:15:00+00:00,Ligue 1,Le Havre - Lille,0,Away,0,Away,Away,0.5011895869611268,0.49512430443526273,0,2025-11-20__2025-12-20
1387817,2025-11-30 16:15:00+00:00,Ligue 1,Lorient - Nice,2,Home,2,Home,Home,0.35280126890957714,0.3784292092164007,1,2025-11-20__2025-12-20
1379091,2025-11-30 16:30:00+00:00,Premier League,Chelsea - Arsenal,1,Draw,0,Away,Away,0.4535779781600165,0.4317180521773837,0,2025-11-20__2025-12-20
1388410,2025-11-30 16:30:00+00:00,Bundesliga,Eintracht Frankfurt - VfL Wolfsburg,1,Draw,2,Home,Home,0.5039114047339106,0.5858354891522216,0,2025-11-20__2025-12-20
1377984,2025-11-30 17:00:00+00:00,Serie A,Atalanta - Fiorentina,2,Home,2,Home,Home,0.4989275829451212,0.5645942032551388,0,2025-11-20__2025-12-20
1390951,2025-11-30 17:30:00+00:00,La Liga,Celta Vigo - Espanyol,0,Away,2,Home,Home,0.417064838512526,0.4730285832716558,0,2025-11-20__2025-12-20
1388411,2025-11-30 18:30:00+00:00,Bundesliga,SC Freiburg - FSV Mainz 05,2,Home,2,Home,Home,0.37053310302623355,0.47127667975739473,0,2025-11-20__2025-12-20
1377993,2025-11-30 19:45:00+00:00,Serie A,AS Roma - Napoli,0,Away,2,Home,Home,0.34319623922183556,0.3747244137528925,0,2025-11-20__2025-12-20
1387818,2025-11-30 19:45:00+00:00,Ligue 1,Lyon - Nantes,2,Home,2,Home,Home,0.5479273618150843,0.6469889202667601,0,2025-11-20__2025-12-20
1390953,2025-11-30 20:00:00+00:00,La Liga,Girona - Real Madrid,1,Draw,0,Away,Away,0.7346116903953068,0.684816824867588,0,2025-11-20__2025-12-20
1377985,2025-12-01 19:45:00+00:00,Serie A,Bologna - Cremonese,0,Away,2,Home,Home,0.5448139842162989,0.6561390340141598,0,2025-11-20__2025-12-20
1390956,2025-12-01 20:00:00+00:00,La Liga,Rayo Vallecano - Valencia,1,Draw,2,Home,Home,0.47010967243657675,0.5286561310369164,0,2025-11-20__2025-12-20
1379100,2025-12-02 19:30:00+00:00,Premier League,Bournemouth - Everton,0,Away,2,Home,Home,0.3923667499736565,0.4648818242059729,0,2025-11-20__2025-12-20
1379103,2025-12-02 19:30:00+00:00,Premier League,Fulham - Manchester City,0,Away,0,Away,Away,0.5614631775523427,0.5784054509150637,0,2025-11-20__2025-12-20
1391000,2025-12-02 20:00:00+00:00,La Liga,Barcelona - Atletico Madrid,2,Home,2,Home,Home,0.4684728155545773,0.5274437995617953,0,2025-11-20__2025-12-20
1379107,2025-12-02 20:15:00+00:00,Premier League,Newcastle - Tottenham,1,Draw,2,Home,Home,0.48043290136067673,0.5431533594487071,0,2025-11-20__2025-12-20
1390999,2025-12-03 18:00:00+00:00,La Liga,Athletic Club - Real Madrid,0,Away,0,Away,Away,0.5637890855092258,0.5173011307620428,0,2025-11-20__2025-12-20
1379099,2025-12-03 19:30:00+00:00,Premier League,Arsenal - Brentford,2,Home,2,Home,Home,0.6960256974095279,0.7292362557393826,0,2025-11-20__2025-12-20
1379101,2025-12-03 19:30:00+00:00,Premier League,Brighton - Aston Villa,0,Away,2,Home,Home,0.38659991812118477,0.41765765658491977,0,2025-11-20__2025-12-20
1379102,2025-12-03 19:30:00+00:00,Premier League,Burnley - Crystal Palace,0,Away,0,Away,Away,0.6213690443657351,0.5477430215140738,0,2025-11-20__2025-12-20
1379108,2025-12-03 19:30:00+00:00,Premier League,Wolves - Nottingham Forest,0,Away,0,Away,Away,0.5364422215990594,0.4201434348531513,0,2025-11-20__2025-12-20
1379104,2025-12-03 20:15:00+00:00,Premier League,Leeds - Chelsea,2,Home,0,Away,Away,0.571270653594613,0.531113773440352,0,2025-11-20__2025-12-20
1379105,2025-12-03 20:15:00+00:00,Premier League,Liverpool - Sunderland,1,Draw,2,Home,Home,0.668660180383402,0.7051966198921251,0,2025-11-20__2025-12-20
1379106,2025-12-04 20:00:00+00:00,Premier League,Manchester United - West Ham,1,Draw,2,Home,Home,0.5874651297948094,0.6648912733545005,0,2025-11-20__2025-12-20
1387825,2025-12-05 18:00:00+00:00,Ligue 1,Stade Brestois 29 - Monaco,2,Home,0,Away,Away,0.4533705897612214,0.4242720437042305,0,2025-11-20__2025-12-20
1388421,2025-12-05 19:30:00+00:00,Bundesliga,FSV Mainz 05 - Borussia Mönchengladbach,0,Away,2,Home,Home,0.38841162155728787,0.43034970739097717,0,2025-11-20__2025-12-20
1387827,2025-12-05 20:00:00+00:00,Ligue 1,Lille - Marseille,2,Home,1,Draw,Home,0.371717733783271,0.36283397424444497,0,2025-11-20__2025-12-20
1390966,2025-12-05 20:00:00+00:00,La Liga,Oviedo - Mallorca,1,Draw,0,Away,Home,0.4063227266732432,0.3580378053763445,0,2025-11-20__2025-12-20
1379109,2025-12-06 12:30:00+00:00,Premier League,Aston Villa - Arsenal,2,Home,0,Away,Away,0.4845837679444436,0.5319310432423423,0,2025-11-20__2025-12-20
1390968,2025-12-06 13:00:00+00:00,La Liga,Villarreal - Getafe,2,Home,2,Home,Home,0.5469234969289855,0.5830001974455166,0,2025-11-20__2025-12-20
1378000,2025-12-06 14:00:00+00:00,Serie A,Sassuolo - Fiorentina,2,Home,0,Away,Away,0.4193891715304276,0.359174423854298,0,2025-11-20__2025-12-20
1388416,2025-12-06 14:30:00+00:00,Bundesliga,FC Augsburg - Bayer Leverkusen,2,Home,0,Away,Away,0.627150778288825,0.5054021506063964,0,2025-11-20__2025-12-20
1388418,2025-12-06 14:30:00+00:00,Bundesliga,1. FC Köln - FC St. Pauli,1,Draw,2,Home,Home,0.38519783435205823,0.48018863174853577,0,2025-11-20__2025-12-20
1388420,2025-12-06 14:30:00+00:00,Bundesliga,1. FC Heidenheim - SC Freiburg,2,Home,0,Away,Away,0.5814216488143436,0.4733728587482801,0,2025-11-20__2025-12-20
1388423,2025-12-06 14:30:00+00:00,Bundesliga,VfB Stuttgart - Bayern München,0,Away,0,Away,Away,0.6167582549785791,0.6359316406124319,0,2025-11-20__2025-12-20
1388424,2025-12-06 14:30:00+00:00,Bundesliga,VfL Wolfsburg - Union Berlin,2,Home,0,Away,Home,0.37695182726023313,0.42298270593633897,0,2025-11-20__2025-12-20
1379110,2025-12-06 15:00:00+00:00,Premier League,Bournemouth - Chelsea,1,Draw,0,Away,Away,0.5099749540231874,0.40908338321637344,0,2025-11-20__2025-12-20
1379112,2025-12-06 15:00:00+00:00,Premier League,Everton - Nottingham Forest,2,Home,2,Home,Home,0.4055629149722775,0.4515620069422532,0,2025-11-20__2025-12-20
1379115,2025-12-06 15:00:00+00:00,Premier League,Manchester City - Sunderland,2,Home,2,Home,Home,0.7285264711676954,0.7551171973971074,0,2025-11-20__2025-12-20
1379116,2025-12-06 15:00:00+00:00,Premier League,Newcastle - Burnley,2,Home,2,Home,Home,0.6657739748705156,0.7302989596095703,0,2025-11-20__2025-12-20
1379117,2025-12-06 15:00:00+00:00,Premier League,Tottenham - Brentford,2,Home,2,Home,Home,0.37421181582931284,0.4192633652588123,0,2025-11-20__2025-12-20
1390959,2025-12-06 15:15:00+00:00,La Liga,Alaves - Real Sociedad,2,Home,0,Away,Away,0.40153946139673885,0.34853746665603447,0,2025-11-20__2025-12-20
1387829,2025-12-06 16:00:00+00:00,Ligue 1,Nantes - Lens,0,Away,0,Away,Away,0.5916246856335293,0.5610560406211079,0,2025-11-20__2025-12-20
1377996,2025-12-06 17:00:00+00:00,Serie A,Inter - Como,2,Home,2,Home,Home,0.5834941424797686,0.6141068780543154,0,2025-11-20__2025-12-20
1379114,2025-12-06 17:30:00+00:00,Premier League,Leeds - Liverpool,1,Draw,0,Away,Away,0.5745319699915618,0.5363988010464605,0,2025-11-20__2025-12-20
1388422,2025-12-06 17:30:00+00:00,Bundesliga,RB Leipzig - Eintracht Frankfurt,2,Home,2,Home,Home,0.42187737395798286,0.4913297660884818,0,2025-11-20__2025-12-20
1390961,2025-12-06 17:30:00+00:00,La Liga,Real Betis - Barcelona,0,Away,0,Away,Away,0.5666075082236958,0.5472906106475176,0,2025-11-20__2025-12-20
1387832,2025-12-06 18:00:00+00:00,Ligue 1,Toulouse - Strasbourg,2,Home,2,Home,Home,0.3701652934586845,0.4075041029723755,0,2025-11-20__2025-12-20
1378003,2025-12-06 19:45:00+00:00,Serie A,Hellas Verona - Atalanta,2,Home,0,Away,Away,0.5941366715767511,0.5205487793355267,0,2025-11-20__2025-12-20
1390960,2025-12-06 20:00:00+00:00,La Liga,Athletic Club - Atletico Madrid,2,Home,0,Away,Away,0.49791164972193525,0.4339496475526446,0,2025-11-20__2025-12-20
1387831,2025-12-06 20:05:00+00:00,Ligue 1,Paris Saint Germain - Rennes,2,Home,2,Home,Home,0.692880860159475,0.7311489966651461,0,2025-11-20__2025-12-20
1377995,2025-12-07 11:30:00+00:00,Serie A,Cremonese - Lecce,2,Home,0,Away,Home,0.3889105008262761,0.3536704832786037,0,2025-11-20__2025-12-20
1390962,2025-12-07 13:00:00+00:00,La Liga,Elche - Girona,2,Home,2,Home,Home,0.3938072198642075,0.4321821505528822,1,2025-11-20__2025-12-20
1377994,2025-12-07 14:00:00+00:00,Serie A,Cagliari - AS Roma,2,Home,0,Away,Away,0.5658660103055986,0.5531329170645151,0,2025-11-20__2025-12-20
1379111,2025-12-07 14:00:00+00:00,Premier League,Brighton - West Ham,1,Draw,2,Home,Home,0.5112493820634935,0.6011821562359865,0,2025-11-20__2025-12-20
1387830,2025-12-07 14:00:00+00:00,Ligue 1,Nice - Angers,0,Away,2,Home,Home,0.46104815074362465,0.5433689537565742,0,2025-11-20__2025-12-20
1388419,2025-12-07 14:30:00+00:00,Bundesliga,Hamburger SV - Werder Bremen,2,Home,2,Home,Home,0.3653374776284924,0.41179482614146995,0,2025-11-20__2025-12-20
1390967,2025-12-07 15:15:00+00:00,La Liga,Valencia - Sevilla,1,Draw,2,Home,Home,0.3552005117491808,0.4359750173020086,0,2025-11-20__2025-12-20
1387824,2025-12-07 16:15:00+00:00,Ligue 1,Auxerre - Metz,2,Home,2,Home,Home,0.4076955646538072,0.4702515131041943,0,2025-11-20__2025-12-20
1387826,2025-12-07 16:15:00+00:00,Ligue 1,Le Havre - Paris FC,1,Draw,0,Away,Away,0.41242111503673556,0.37001091521524065,0,2025-11-20__2025-12-20
1379113,2025-12-07 16:30:00+00:00,Premier League,Fulham - Crystal Palace,0,Away,0,Away,Home,0.375285322884244,0.3638216698909582,0,2025-11-20__2025-12-20
1388417,2025-12-07 16:30:00+00:00,Bundesliga,Borussia Dortmund - 1899 Hoffenheim,2,Home,2,Home,Home,0.5779798738186297,0.5989720490100888,0,2025-11-20__2025-12-20
1377997,2025-12-07 17:00:00+00:00,Serie A,Lazio - Bologna,1,Draw,1,Draw,Home,0.3547558654705757,0.3551544223198636,0,2025-11-20__2025-12-20
1390963,2025-12-07 17:30:00+00:00,La Liga,Espanyol - Rayo Vallecano,2,Home,2,Home,Home,0.3449708792833203,0.4007325079072125,1,2025-11-20__2025-12-20
1377998,2025-12-07 19:45:00+00:00,Serie A,Napoli - Juventus,2,Home,2,Home,Home,0.3588182530466803,0.38687901844339373,0,2025-11-20__2025-12-20
1387828,2025-12-07 19:45:00+00:00,Ligue 1,Lorient - Lyon,2,Home,0,Away,Away,0.4245508574632892,0.41897560315557275,0,2025-11-20__2025-12-20
1390965,2025-12-07 20:00:00+00:00,La Liga,Real Madrid - Celta Vigo,0,Away,2,Home,Home,0.677257699464128,0.701597731169348,0,2025-11-20__2025-12-20
1377999,2025-12-08 14:00:00+00:00,Serie A,Pisa - Parma,0,Away,1,Draw,Home,0.37930245138151286,0.3889999020833176,0,2025-11-20__2025-12-20
1378002,2025-12-08 17:00:00+00:00,Serie A,Udinese - Genoa,0,Away,1,Draw,Home,0.3848812953195379,0.3832463060887761,0,2025-11-20__2025-12-20
1378001,2025-12-08 19:45:00+00:00,Serie A,Torino - AC Milan,0,Away,0,Away,Away,0.5593450537906519,0.5164445881512424,0,2025-11-20__2025-12-20
1379118,2025-12-08 20:00:00+00:00,Premier League,Wolves - Manchester United,0,Away,0,Away,Away,0.6369922223441599,0.5256444580407942,0,2025-11-20__2025-12-20
1390964,2025-12-08 20:00:00+00:00,La Liga,Osasuna - Levante,2,Home,2,Home,Home,0.3953163666309341,0.5131882167566929,0,2025-11-20__2025-12-20
1388432,2025-12-12 19:30:00+00:00,Bundesliga,Union Berlin - RB Leipzig,2,Home,0,Away,Away,0.5181866488913697,0.4604417570670649,0,2025-11-20__2025-12-20
1378008,2025-12-12 19:45:00+00:00,Serie A,Lecce - Pisa,2,Home,2,Home,Home,0.3827270536856283,0.4157318977527664,0,2025-11-20__2025-12-20
1387833,2025-12-12 19:45:00+00:00,Ligue 1,Angers - Nantes,2,Home,2,Home,Home,0.3569324447807426,0.40590021051806313,1,2025-11-20__2025-12-20
1390977,2025-12-12 20:00:00+00:00,La Liga,Real Sociedad - Girona,0,Away,2,Home,Home,0.4736071499809919,0.5521614644989556,0,2025-11-20__2025-12-20
1390970,2025-12-13 13:00:00+00:00,La Liga,Atletico Madrid - Valencia,2,Home,2,Home,Home,0.6941320832302018,0.7164249907955478,0,2025-11-20__2025-12-20
1378012,2025-12-13 14:00:00+00:00,Serie A,Torino - Cremonese,2,Home,2,Home,Home,0.44079527271342517,0.49577337535073623,0,2025-11-20__2025-12-20
1388427,2025-12-13 14:30:00+00:00,Bundesliga,Borussia Mönchengladbach - VfL Wolfsburg,0,Away,2,Home,Home,0.42645719168269314,0.47494587664704585,0,2025-11-20__2025-12-20
1388428,2025-12-13 14:30:00+00:00,Bundesliga,Eintracht Frankfurt - FC Augsburg,2,Home,2,Home,Home,0.5314617500783545,0.5894448441910666,0,2025-11-20__2025-12-20
1388430,2025-12-13 14:30:00+00:00,Bundesliga,1899 Hoffenheim - Hamburger SV,2,Home,2,Home,Home,0.43899436814392656,0.5416968732999908,0,2025-11-20__2025-12-20
1388431,2025-12-13 14:30:00+00:00,Bundesliga,FC St. Pauli - 1. FC Heidenheim,2,Home,2,Home,Home,0.4824700599855318,0.5132792501490345,0,2025-11-20__2025-12-20
1379122,2025-12-13 15:00:00+00:00,Premier League,Chelsea - Everton,2,Home,2,Home,Home,0.5254094021407306,0.5876920292675879,0,2025-11-20__2025-12-20
1379124,2025-12-13 15:00:00+00:00,Premier League,Liverpool - Brighton,2,Home,2,Home,Home,0.5022639673555621,0.5574129051802484,0,2025-11-20__2025-12-20
1390975,2025-12-13 15:15:00+00:00,La Liga,Mallorca - Elche,2,Home,2,Home,Home,0.3486372296134151,0.42305981180469654,0,2025-11-20__2025-12-20
1387840,2025-12-13 16:00:00+00:00,Ligue 1,Rennes - Stade Brestois 29,2,Home,2,Home,Home,0.46389354129750776,0.5148437037135558,0,2025-11-20__2025-12-20
1378010,2025-12-13 17:00:00+00:00,Serie A,Parma - Lazio,0,Away,0,Away,Away,0.48817413382559566,0.46046098317561246,0,2025-11-20__2025-12-20
1379121,2025-12-13 17:30:00+00:00,Premier League,Burnley - Fulham,0,Away,0,Away,Away,0.5595808514089088,0.4781682447638705,0,2025-11-20__2025-12-20
1388425,2025-12-13 17:30:00+00:00,Bundesliga,Bayer Leverkusen - 1. FC Köln,2,Home,2,Home,Home,0.5152663273715065,0.6184742940035078,0,2025-11-20__2025-12-20
1390971,2025-12-13 17:30:00+00:00,La Liga,Barcelona - Osasuna,2,Home,2,Home,Home,0.7219964248437392,0.7627940298205691,0,2025-11-20__2025-12-20
1387838,2025-12-13 18:00:00+00:00,Ligue 1,Metz - Paris Saint Germain,0,Away,0,Away,Away,0.6696890957169639,0.758480103705496,0,2025-11-20__2025-12-20
1378004,2025-12-13 19:45:00+00:00,Serie A,Atalanta - Cagliari,2,Home,2,Home,Home,0.6922064028604039,0.7097401641793638,0,2025-11-20__2025-12-20
1379119,2025-12-13 20:00:00+00:00,Premier League,Arsenal - Wolves,2,Home,2,Home,Home,0.6670823722766227,0.77007950758484,0,2025-11-20__2025-12-20
1390973,2025-12-13 20:00:00+00:00,La Liga,Getafe - Espanyol,0,Away,2,Home,Home,0.36092224460041517,0.38858918768533407,1,2025-11-20__2025-12-20
1387839,2025-12-13 20:05:00+00:00,Ligue 1,Paris FC - Toulouse,0,Away,2,Home,Home,0.35920993721137845,0.3993522555185503,1,2025-11-20__2025-12-20
1378009,2025-12-14 11:30:00+00:00,Serie A,AC Milan - Sassuolo,1,Draw,2,Home,Home,0.5870934910405207,0.6670792881143985,0,2025-11-20__2025-12-20
1390978,2025-12-14 13:00:00+00:00,La Liga,Sevilla - Oviedo,2,Home,2,Home,Home,0.46845969997569914,0.5744478656921175,0,2025-11-20__2025-12-20
1378006,2025-12-14 14:00:00+00:00,Serie A,Fiorentina - Hellas Verona,0,Away,2,Home,Home,0.4568775929042579,0.5277684957169084,0,2025-11-20__2025-12-20
1378013,2025-12-14 14:00:00+00:00,Serie A,Udinese - Napoli,2,Home,0,Away,Away,0.5348198838149187,0.49468780971258675,0,2025-11-20__2025-12-20
1379123,2025-12-14 14:00:00+00:00,Premier League,Crystal Palace - Manchester City,0,Away,0,Away,Away,0.5149180929099284,0.5030030353795883,0,2025-11-20__2025-12-20
1379126,2025-12-14 14:00:00+00:00,Premier League,Nottingham Forest - Tottenham,2,Home,0,Away,Home,0.39424881879138596,0.39766422418988,0,2025-11-20__2025-12-20
1379127,2025-12-14 14:00:00+00:00,Premier League,Sunderland - Newcastle,2,Home,0,Away,Away,0.43461153192430396,0.44178932725761694,0,2025-11-20__2025-12-20
1379128,2025-12-14 14:00:00+00:00,Premier League,West Ham - Aston Villa,0,Away,0,Away,Away,0.6026400425381585,0.4878558740810185,0,2025-11-20__2025-12-20
1387836,2025-12-14 14:00:00+00:00,Ligue 1,Lyon - Le Havre,2,Home,2,Home,Home,0.5269368343774861,0.6127067135557932,0,2025-11-20__2025-12-20
1388429,2025-12-14 14:30:00+00:00,Bundesliga,SC Freiburg - Borussia Dortmund,1,Draw,0,Away,Away,0.4724683038345975,0.43620718548040416,0,2025-11-20__2025-12-20
1390972,2025-12-14 15:15:00+00:00,La Liga,Celta Vigo - Athletic Club,2,Home,2,Home,Home,0.3826465995764775,0.37957862545873755,1,2025-11-20__2025-12-20
1387834,2025-12-14 16:15:00+00:00,Ligue 1,Auxerre - Lille,0,Away,0,Away,Away,0.5552335967299301,0.530910867069739,0,2025-11-20__2025-12-20
1387835,2025-12-14 16:15:00+00:00,Ligue 1,Lens - Nice,2,Home,2,Home,Home,0.4615293430248812,0.5710582727882175,0,2025-11-20__2025-12-20
1387841,2025-12-14 16:15:00+00:00,Ligue 1,Strasbourg - Lorient,1,Draw,2,Home,Home,0.4907958196487934,0.5501208299466792,0,2025-11-20__2025-12-20
1379120,2025-12-14 16:30:00+00:00,Premier League,Brentford - Leeds,1,Draw,2,Home,Home,0.4412450784253045,0.47722205893949066,0,2025-11-20__2025-12-20
1388426,2025-12-14 16:30:00+00:00,Bundesliga,Bayern München - FSV Mainz 05,1,Draw,2,Home,Home,0.7309530803027819,0.8454321485016579,0,2025-11-20__2025-12-20
1378007,2025-12-14 17:00:00+00:00,Serie A,Genoa - Inter,0,Away,0,Away,Away,0.6148185687128087,0.6142348881181511,0,2025-11-20__2025-12-20
1388433,2025-12-14 18:30:00+00:00,Bundesliga,Werder Bremen - VfB Stuttgart,0,Away,0,Away,Away,0.5005711356556657,0.42931900284977953,0,2025-11-20__2025-12-20
1378005,2025-12-14 19:45:00+00:00,Serie A,Bologna - Juventus,0,Away,1,Draw,Away,0.37500377790006023,0.3597280698869249,0,2025-11-20__2025-12-20
1387837,2025-12-14 19:45:00+00:00,Ligue 1,Marseille - Monaco,2,Home,2,Home,Home,0.43308363123401766,0.5167684026164578,0,2025-11-20__2025-12-20
1390969,2025-12-14 20:00:00+00:00,La Liga,Alaves - Real Madrid,0,Away,0,Away,Away,0.6001978178249585,0.6299477893611285,0,2025-11-20__2025-12-20
1378011,2025-12-15 19:45:00+00:00,Serie A,AS Roma - Como,2,Home,2,Home,Home,0.3931897391349246,0.4468805191530201,0,2025-11-20__2025-12-20
1379125,2025-12-15 20:00:00+00:00,Premier League,Manchester United - Bournemouth,1,Draw,2,Home,Home,0.43888725912702653,0.5088910009824288,0,2025-11-20__2025-12-20
1390976,2025-12-15 20:00:00+00:00,La Liga,Rayo Vallecano - Real Betis,1,Draw,2,Home,Home,0.42192293266240516,0.3791452485849159,1,2025-11-20__2025-12-20
1388435,2025-12-19 19:30:00+00:00,Bundesliga,Borussia Dortmund - Borussia Mönchengladbach,2,Home,2,Home,Home,0.5605847050029344,0.6357861687528589,0,2025-11-20__2025-12-20
1390987,2025-12-19 20:00:00+00:00,La Liga,Valencia - Mallorca,1,Draw,2,Home,Home,0.40208186960871317,0.48570458185683313,0,2025-11-20__2025-12-20
1379136,2025-12-20 12:30:00+00:00,Premier League,Newcastle - Chelsea,1,Draw,0,Away,Home,0.40273353517154703,0.38696839957032386,0,2025-11-20__2025-12-20
1390986,2025-12-20 13:00:00+00:00,La Liga,Oviedo - Celta Vigo,1,Draw,0,Away,Away,0.542088711183946,0.44149614886344507,0,2025-11-20__2025-12-20
1388434,2025-12-20 14:30:00+00:00,Bundesliga,FC Augsburg - Werder Bremen,1,Draw,2,Home,Home,0.37778111216314314,0.42295936162738507,0,2025-11-20__2025-12-20
1388436,2025-12-20 14:30:00+00:00,Bundesliga,1. FC Köln - Union Berlin,0,Away,0,Away,Home,0.3608093297266901,0.41071147733931296,0,2025-11-20__2025-12-20
1388437,2025-12-20 14:30:00+00:00,Bundesliga,Hamburger SV - Eintracht Frankfurt,1,Draw,0,Away,Away,0.4287156148710418,0.37565168028919,0,2025-11-20__2025-12-20
1388441,2025-12-20 14:30:00+00:00,Bundesliga,VfB Stuttgart - 1899 Hoffenheim,1,Draw,2,Home,Home,0.49055709985488233,0.4954947110045344,0,2025-11-20__2025-12-20
1388442,2025-12-20 14:30:00+00:00,Bundesliga,VfL Wolfsburg - SC Freiburg,0,Away,0,Away,Away,0.46549713152415617,0.3845724699190197,0,2025-11-20__2025-12-20
1379130,2025-12-20 15:00:00+00:00,Premier League,Bournemouth - Burnley,1,Draw,2,Home,Home,0.5523020818400874,0.6406127924945171,0,2025-11-20__2025-12-20
1379131,2025-12-20 15:00:00+00:00,Premier League,Brighton - Sunderland,1,Draw,2,Home,Home,0.4838192513305589,0.585772407675396,0,2025-11-20__2025-12-20
1379135,2025-12-20 15:00:00+00:00,Premier League,Manchester City - West Ham,2,Home,2,Home,Home,0.7255996040973853,0.7788394008225596,0,2025-11-20__2025-12-20
1379138,2025-12-20 15:00:00+00:00,Premier League,Wolves - Brentford,0,Away,0,Away,Away,0.5800957888201267,0.46368411260006626,0,2025-11-20__2025-12-20
1390983,2025-12-20 15:15:00+00:00,La Liga,Levante - Real Sociedad,1,Draw,0,Away,Away,0.5344742366315733,0.42746186149988025,0,2025-11-20__2025-12-20
1378020,2025-12-20 17:00:00+00:00,Serie A,Lazio - Cremonese,1,Draw,2,Home,Home,0.49181446916388327,0.6031388169799649,0,2025-11-20__2025-12-20
1379137,2025-12-20 17:30:00+00:00,Premier League,Tottenham - Liverpool,0,Away,0,Away,Away,0.544889904514091,0.4642960073632028,0,2025-11-20__2025-12-20
1388440,2025-12-20 17:30:00+00:00,Bundesliga,RB Leipzig - Bayer Leverkusen,0,Away,2,Home,Home,0.4104759818027623,0.47258807705759603,0,2025-11-20__2025-12-20
1390984,2025-12-20 17:30:00+00:00,La Liga,Osasuna - Alaves,2,Home,2,Home,Home,0.3464256620998134,0.4145601215773244,0,2025-11-20__2025-12-20
1388379,2025-10-24 18:30:00+00:00,Bundesliga,Werder Bremen - Union Berlin,2,Home,2,Home,Home,0.40244136720955415,0.4650469718108866,0,2025-10-21__2025-11-20
1377937,2025-10-24 18:45:00+00:00,Serie A,AC Milan - Pisa,1,Draw,2,Home,Home,0.6809342752320474,0.7458210336127776,0,2025-10-21__2025-11-20
1387777,2025-10-24 18:45:00+00:00,Ligue 1,Paris FC - Nantes,0,Away,2,Home,Home,0.4311965405313606,0.5710990589372119,0,2025-10-21__2025-11-20
1379055,2025-10-24 19:00:00+00:00,Premier League,Leeds - West Ham,2,Home,2,Home,Home,0.3889601835129285,0.4690493931155405,0,2025-10-21__2025-11-20
1390917,2025-10-24 19:00:00+00:00,La Liga,Real Sociedad - Sevilla,2,Home,2,Home,Home,0.46137894748090086,0.4744229122988133,0,2025-10-21__2025-11-20
1390912,2025-10-25 12:00:00+00:00,La Liga,Girona - Oviedo,1,Draw,2,Home,Home,0.3941160444404052,0.5080185327471562,0,2025-10-21__2025-11-20
1377939,2025-10-25 13:00:00+00:00,Serie A,Parma - Como,1,Draw,0,Away,Away,0.495182657674843,0.45086829547353974,0,2025-10-21__2025-11-20
1377942,2025-10-25 13:00:00+00:00,Serie A,Udinese - Lecce,2,Home,2,Home,Home,0.47442861929971414,0.5312481499899359,0,2025-10-21__2025-11-20
1388371,2025-10-25 13:30:00+00:00,Bundesliga,FC Augsburg - RB Leipzig,0,Away,0,Away,Away,0.5856077100834799,0.4862394943669201,0,2025-10-21__2025-11-20
1388373,2025-10-25 13:30:00+00:00,Bundesliga,Borussia Mönchengladbach - Bayern München,0,Away,0,Away,Away,0.7530136389885353,0.7502179597654469,0,2025-10-21__2025-11-20
1388375,2025-10-25 13:30:00+00:00,Bundesliga,Eintracht Frankfurt - FC St. Pauli,2,Home,2,Home,Home,0.4774439637775038,0.5392210580460477,0,2025-10-21__2025-11-20
1388376,2025-10-25 13:30:00+00:00,Bundesliga,Hamburger SV - VfL Wolfsburg,0,Away,2,Home,Home,0.3682862543611529,0.3807990870601299,0,2025-10-21__2025-11-20
1388377,2025-10-25 13:30:00+00:00,Bundesliga,1899 Hoffenheim - 1. FC Heidenheim,2,Home,2,Home,Home,0.5062099289267434,0.5877499486155562,0,2025-10-21__2025-11-20
1379053,2025-10-25 14:00:00+00:00,Premier League,Chelsea - Sunderland,0,Away,2,Home,Home,0.6570286066228849,0.6681432291059213,0,2025-10-21__2025-11-20
1379057,2025-10-25 14:00:00+00:00,Premier League,Newcastle - Fulham,2,Home,2,Home,Home,0.524770109205254,0.5837306237337043,0,2025-10-21__2025-11-20
1390911,2025-10-25 14:15:00+00:00,La Liga,Espanyol - Elche,2,Home,2,Home,Home,0.4053138248180886,0.4622887618512439,0,2025-10-21__2025-11-20
1387772,2025-10-25 15:00:00+00:00,Ligue 1,Stade Brestois 29 - Paris Saint Germain,0,Away,0,Away,Away,0.659054204951349,0.6430220976939157,0,2025-10-21__2025-11-20
1377938,2025-10-25 16:00:00+00:00,Serie A,Napoli - Inter,2,Home,1,Draw,Home,0.3603727930506655,0.3578591897330009,0,2025-10-21__2025-11-20
1379056,2025-10-25 16:30:00+00:00,Premier League,Manchester United - Brighton,2,Home,2,Home,Home,0.405555562050919,0.4711993561664428,0,2025-10-21__2025-11-20
1388374,2025-10-25 16:30:00+00:00,Bundesliga,Borussia Dortmund - 1. FC Köln,2,Home,2,Home,Home,0.5563893206867947,0.6124280869324819,0,2025-10-21__2025-11-20
1390909,2025-10-25 16:30:00+00:00,La Liga,Athletic Club - Getafe,0,Away,2,Home,Home,0.5427693788225081,0.5627433840093962,0,2025-10-21__2025-11-20
1387776,2025-10-25 17:00:00+00:00,Ligue 1,Monaco - Toulouse,2,Home,2,Home,Home,0.4576962981841137,0.5547457400373911,0,2025-10-21__2025-11-20
1377934,2025-10-25 18:45:00+00:00,Serie A,Cremonese - Atalanta,1,Draw,0,Away,Away,0.6071297222038612,0.5909049839045477,0,2025-10-21__2025-11-20
1379052,2025-10-25 19:00:00+00:00,Premier League,Brentford - Liverpool,2,Home,0,Away,Away,0.580874870890592,0.571546108642527,0,2025-10-21__2025-11-20
1390918,2025-10-25 19:00:00+00:00,La Liga,Valencia - Villarreal,0,Away,0,Away,Away,0.4755498043095822,0.411050578640276,0,2025-10-21__2025-11-20
1387773,2025-10-25 19:05:00+00:00,Ligue 1,Lens - Marseille,2,Home,0,Away,Away,0.43508401927551676,0.40180415660214613,0,2025-10-21__2025-11-20
1377941,2025-10-26 11:30:00+00:00,Serie A,Torino - Genoa,2,Home,1,Draw,Home,0.39498499350307664,0.40973124976874403,0,2025-10-21__2025-11-20
1390913,2025-10-26 13:00:00+00:00,La Liga,Mallorca - Levante,1,Draw,2,Home,Home,0.402162773832626,0.4475985015952607,0,2025-10-21__2025-11-20
1377940,2025-10-26 14:00:00+00:00,Serie A,Sassuolo - AS Roma,0,Away,0,Away,Away,0.5055654435941873,0.5214818321694875,0,2025-10-21__2025-11-20
1377943,2025-10-26 14:00:00+00:00,Serie A,Hellas Verona - Cagliari,1,Draw,1,Draw,Home,0.3543726300763868,0.400912761540268,0,2025-10-21__2025-11-20
1379049,2025-10-26 14:00:00+00:00,Premier League,Arsenal - Crystal Palace,2,Home,2,Home,Home,0.6060492159982528,0.6500366794742838,0,2025-10-21__2025-11-20
1379050,2025-10-26 14:00:00+00:00,Premier League,Aston Villa - Manchester City,2,Home,0,Away,Away,0.5985482995245549,0.5018873946057053,0,2025-10-21__2025-11-20
1379051,2025-10-26 14:00:00+00:00,Premier League,Bournemouth - Nottingham Forest,2,Home,2,Home,Home,0.5150468991036613,0.5753840587102436,0,2025-10-21__2025-11-20
1379058,2025-10-26 14:00:00+00:00,Premier League,Wolves - Burnley,0,Away,2,Home,Home,0.44365743904370886,0.495842609669323,0,2025-10-21__2025-11-20
1387774,2025-10-26 14:00:00+00:00,Ligue 1,Lille - Metz,2,Home,2,Home,Home,0.5127805460271234,0.6693654733835442,0,2025-10-21__2025-11-20
1388372,2025-10-26 14:30:00+00:00,Bundesliga,Bayer Leverkusen - SC Freiburg,2,Home,2,Home,Home,0.483717512321407,0.5724686869167153,0,2025-10-21__2025-11-20
1390916,2025-10-26 15:15:00+00:00,La Liga,Real Madrid - Barcelona,2,Home,2,Home,Home,0.40174467213708664,0.46205239521344976,0,2025-10-21__2025-11-20
1387770,2025-10-26 16:15:00+00:00,Ligue 1,Angers - Lorient,2,Home,1,Draw,Away,0.37056423715480963,0.35336079147382277,0,2025-10-21__2025-11-20
1387771,2025-10-26 16:15:00+00:00,Ligue 1,Auxerre - Le Havre,0,Away,2,Home,Home,0.4026561480925446,0.4229007188205496,1,2025-10-21__2025-11-20
1387778,2025-10-26 16:15:00+00:00,Ligue 1,Rennes - Nice,0,Away,2,Home,Home,0.44070712031477877,0.4217140431858985,1,2025-10-21__2025-11-20
1379054,2025-10-26 16:30:00+00:00,Premier League,Everton - Tottenham,0,Away,0,Away,Home,0.3670194835154245,0.3831934742575687,0,2025-10-21__2025-11-20
1388378,2025-10-26 16:30:00+00:00,Bundesliga,VfB Stuttgart - FSV Mainz 05,2,Home,2,Home,Home,0.4222562697609307,0.5455978595010041,0,2025-10-21__2025-11-20
1377935,2025-10-26 17:00:00+00:00,Serie A,Fiorentina - Bologna,1,Draw,1,Draw,Away,0.415324168364634,0.3510452961672474,0,2025-10-21__2025-11-20
1390914,2025-10-26 17:30:00+00:00,La Liga,Osasuna - Celta Vigo,0,Away,2,Home,Home,0.3646192533239876,0.3864088711970429,1,2025-10-21__2025-11-20
1377936,2025-10-26 19:45:00+00:00,Serie A,Lazio - Juventus,2,Home,0,Away,Away,0.4340414599396124,0.395654295453699,0,2025-10-21__2025-11-20
1387775,2025-10-26 19:45:00+00:00,Ligue 1,Lyon - Strasbourg,2,Home,2,Home,Home,0.432660021481353,0.4922899203959807,0,2025-10-21__2025-11-20
1390915,2025-10-26 20:00:00+00:00,La Liga,Rayo Vallecano - Alaves,2,Home,2,Home,Home,0.41080557216989,0.4802088024948689,0,2025-10-21__2025-11-20
1390910,2025-10-27 20:00:00+00:00,La Liga,Real Betis - Atletico Madrid,0,Away,0,Away,Away,0.4614090665628263,0.4278816257598875,0,2025-10-21__2025-11-20
1377951,2025-10-28 17:30:00+00:00,Serie A,Lecce - Napoli,0,Away,0,Away,Away,0.6203232021374104,0.6351395548657113,0,2025-10-21__2025-11-20
1377944,2025-10-28 19:45:00+00:00,Serie A,Atalanta - AC Milan,1,Draw,0,Away,Away,0.47877980759917604,0.3765942163363189,0,2025-10-21__2025-11-20
1377947,2025-10-29 17:30:00+00:00,Serie A,Como - Hellas Verona,2,Home,2,Home,Home,0.5164588374062632,0.5789894083835581,0,2025-10-21__2025-11-20
1377950,2025-10-29 17:30:00+00:00,Serie A,Juventus - Udinese,2,Home,2,Home,Home,0.6193715858219506,0.6402358046323378,0,2025-10-21__2025-11-20
1377953,2025-10-29 17:30:00+00:00,Serie A,AS Roma - Parma,2,Home,2,Home,Home,0.5918829745179547,0.6398356368187695,0,2025-10-21__2025-11-20
1387779,2025-10-29 18:00:00+00:00,Ligue 1,Le Havre - Stade Brestois 29,2,Home,0,Away,Away,0.40332915025844857,0.34928762243989314,0,2025-10-21__2025-11-20
1387780,2025-10-29 18:00:00+00:00,Ligue 1,Lorient - Paris Saint Germain,1,Draw,0,Away,Away,0.6891744608987873,0.729432186095286,0,2025-10-21__2025-11-20
1387782,2025-10-29 18:00:00+00:00,Ligue 1,Metz - Lens,2,Home,0,Away,Away,0.5299293700047586,0.49041259284694483,0,2025-10-21__2025-11-20
1387784,2025-10-29 18:00:00+00:00,Ligue 1,Nice - Lille,2,Home,0,Away,Away,0.4311134197760558,0.34861359570661893,0,2025-10-21__2025-11-20
1377945,2025-10-29 19:45:00+00:00,Serie A,Bologna - Torino,1,Draw,2,Home,Home,0.4735920835447312,0.5301232056064202,0,2025-10-21__2025-11-20
1377948,2025-10-29 19:45:00+00:00,Serie A,Genoa - Cremonese,0,Away,2,Home,Home,0.41561945241922865,0.5140334706500463,0,2025-10-21__2025-11-20
1377949,2025-10-29 19:45:00+00:00,Serie A,Inter - Fiorentina,2,Home,2,Home,Home,0.6182974199495599,0.6935934177532478,0,2025-10-21__2025-11-20
1387781,2025-10-29 20:05:00+00:00,Ligue 1,Marseille - Angers,1,Draw,2,Home,Home,0.647533905492624,0.7446163244014384,0,2025-10-21__2025-11-20
1387783,2025-10-29 20:05:00+00:00,Ligue 1,Nantes - Monaco,0,Away,0,Away,Away,0.5645864672523233,0.56851207274845,0,2025-10-21__2025-11-20
1387785,2025-10-29 20:05:00+00:00,Ligue 1,Paris FC - Lyon,1,Draw,0,Away,Away,0.4035060813167952,0.37106587425551096,0,2025-10-21__2025-11-20
1387786,2025-10-29 20:05:00+00:00,Ligue 1,Strasbourg - Auxerre,2,Home,2,Home,Home,0.4161221070489803,0.5525686263577252,0,2025-10-21__2025-11-20
1387787,2025-10-29 20:05:00+00:00,Ligue 1,Toulouse - Rennes,1,Draw,2,Home,Home,0.4093368119222563,0.44638849315761064,1,2025-10-21__2025-11-20
1377946,2025-10-30 17:30:00+00:00,Serie A,Cagliari - Sassuolo,0,Away,0,Away,Home,0.34416963943029383,0.3815426146065406,0,2025-10-21__2025-11-20
1377952,2025-10-30 19:45:00+00:00,Serie A,Pisa - Lazio,1,Draw,0,Away,Away,0.4970111442139714,0.4732050631138501,0,2025-10-21__2025-11-20
1388380,2025-10-31 19:30:00+00:00,Bundesliga,FC Augsburg - Borussia Dortmund,0,Away,0,Away,Away,0.580790419646112,0.526384319780606,0,2025-10-21__2025-11-20
1390923,2025-10-31 20:00:00+00:00,La Liga,Getafe - Girona,2,Home,2,Home,Home,0.4017574540863458,0.42148624178548955,0,2025-10-21__2025-11-20
1390928,2025-11-01 13:00:00+00:00,La Liga,Villarreal - Rayo Vallecano,2,Home,2,Home,Home,0.5054878072515905,0.5602208936150792,0,2025-10-21__2025-11-20
1377962,2025-11-01 14:00:00+00:00,Serie A,Udinese - Atalanta,2,Home,0,Away,Away,0.5244841419417983,0.4953379409869978,0,2025-10-21__2025-11-20
1388383,2025-11-01 14:30:00+00:00,Bundesliga,1. FC Heidenheim - Eintracht Frankfurt,1,Draw,0,Away,Away,0.5579782238081372,0.4917938134940618,0,2025-10-21__2025-11-20
1388384,2025-11-01 14:30:00+00:00,Bundesliga,FSV Mainz 05 - Werder Bremen,1,Draw,2,Home,Home,0.4713188539513514,0.48170726895082167,0,2025-10-21__2025-11-20
1388385,2025-11-01 14:30:00+00:00,Bundesliga,RB Leipzig - VfB Stuttgart,2,Home,2,Home,Home,0.4456724335733427,0.45987915584226047,0,2025-10-21__2025-11-20
1388386,2025-11-01 14:30:00+00:00,Bundesliga,FC St. Pauli - Borussia Mönchengladbach,0,Away,2,Home,Home,0.4182855780658998,0.4655863472221817,0,2025-10-21__2025-11-20
1388387,2025-11-01 14:30:00+00:00,Bundesliga,Union Berlin - SC Freiburg,1,Draw,0,Away,Away,0.40856787403707306,0.3586919060557754,0,2025-10-21__2025-11-20
1379059,2025-11-01 15:00:00+00:00,Premier League,Brighton - Leeds,2,Home,2,Home,Home,0.4508218682087294,0.536861030265082,0,2025-10-21__2025-11-20
1379060,2025-11-01 15:00:00+00:00,Premier League,Burnley - Arsenal,0,Away,0,Away,Away,0.6743041086935937,0.7249192453019504,0,2025-10-21__2025-11-20
1379061,2025-11-01 15:00:00+00:00,Premier League,Crystal Palace - Brentford,2,Home,2,Home,Home,0.4383575134732057,0.5151529185187788,0,2025-10-21__2025-11-20
1379062,2025-11-01 15:00:00+00:00,Premier League,Fulham - Wolves,2,Home,2,Home,Home,0.48736119856828497,0.5194893968528531,0,2025-10-21__2025-11-20
1379065,2025-11-01 15:00:00+00:00,Premier League,Nottingham Forest - Manchester United,1,Draw,0,Away,Away,0.6072369043963842,0.42118463402122924,0,2025-10-21__2025-11-20
1390920,2025-11-01 15:15:00+00:00,La Liga,Atletico Madrid - Sevilla,2,Home,2,Home,Home,0.676771227377215,0.6921033400065225,0,2025-10-21__2025-11-20
1387794,2025-11-01 16:00:00+00:00,Ligue 1,Paris Saint Germain - Nice,2,Home,2,Home,Home,0.671151950409118,0.7274220076688555,0,2025-10-21__2025-11-20
1377958,2025-11-01 17:00:00+00:00,Serie A,Napoli - Como,1,Draw,1,Draw,Home,0.4072389675039509,0.49700451006349994,0,2025-10-21__2025-11-20
1379067,2025-11-01 17:30:00+00:00,Premier League,Tottenham - Chelsea,0,Away,0,Away,Away,0.4105101045672401,0.3971875160136794,0,2025-10-21__2025-11-20
1388381,2025-11-01 17:30:00+00:00,Bundesliga,Bayern München - Bayer Leverkusen,2,Home,2,Home,Home,0.7379508876167555,0.7600074694802564,0,2025-10-21__2025-11-20
1390926,2025-11-01 17:30:00+00:00,La Liga,Real Sociedad - Athletic Club,2,Home,0,Away,Away,0.48396225750548183,0.3478484961680713,0,2025-10-21__2025-11-20
1387792,2025-11-01 18:00:00+00:00,Ligue 1,Monaco - Paris FC,0,Away,2,Home,Home,0.4504084802002101,0.546339140046245,0,2025-10-21__2025-11-20
1377954,2025-11-01 19:45:00+00:00,Serie A,Cremonese - Juventus,0,Away,0,Away,Away,0.6356796606606776,0.6119191258568898,0,2025-10-21__2025-11-20
1379063,2025-11-01 20:00:00+00:00,Premier League,Liverpool - Aston Villa,2,Home,2,Home,Home,0.6037982731171975,0.622897491371117,0,2025-10-21__2025-11-20
1390925,2025-11-01 20:00:00+00:00,La Liga,Real Madrid - Valencia,2,Home,2,Home,Home,0.7478904269189222,0.7715924159659409,0,2025-10-21__2025-11-20
1387788,2025-11-01 20:05:00+00:00,Ligue 1,Auxerre - Marseille,0,Away,0,Away,Away,0.5333702441557404,0.5581592582612959,0,2025-10-21__2025-11-20
1377963,2025-11-02 11:30:00+00:00,Serie A,Hellas Verona - Inter,0,Away,0,Away,Away,0.7220305821193764,0.6713734628120367,0,2025-10-21__2025-11-20
1390924,2025-11-02 13:00:00+00:00,La Liga,Levante - Celta Vigo,0,Away,0,Away,Away,0.4759360965624053,0.3853362722002946,0,2025-10-21__2025-11-20
1377955,2025-11-02 14:00:00+00:00,Serie A,Fiorentina - Lecce,0,Away,2,Home,Home,0.539458800395075,0.5821469123940956,0,2025-10-21__2025-11-20
1377961,2025-11-02 14:00:00+00:00,Serie A,Torino - Pisa,1,Draw,2,Home,Home,0.37616492642305327,0.4859859832525536,0,2025-10-21__2025-11-20
1379068,2025-11-02 14:00:00+00:00,Premier League,West Ham - Newcastle,2,Home,0,Away,Away,0.6222078835466799,0.5728751143320939,0,2025-10-21__2025-11-20
1387795,2025-11-02 14:00:00+00:00,Ligue 1,Rennes - Strasbourg,2,Home,2,Home,Home,0.43537895578120467,0.44299974110404733,0,2025-10-21__2025-11-20
1388382,2025-11-02 14:30:00+00:00,Bundesliga,1. FC Köln - Hamburger SV,2,Home,2,Home,Home,0.3727664740977809,0.4659456896009404,0,2025-10-21__2025-11-20
1390919,2025-11-02 15:15:00+00:00,La Liga,Alaves - Espanyol,2,Home,2,Home,Home,0.3831692545961003,0.3965844365652124,1,2025-10-21__2025-11-20
1387790,2025-11-02 16:15:00+00:00,Ligue 1,Lens - Lorient,2,Home,2,Home,Home,0.5454049059080743,0.6487593050196622,0,2025-10-21__2025-11-20
1387791,2025-11-02 16:15:00+00:00,Ligue 1,Lille - Angers,2,Home,2,Home,Home,0.638449649707079,0.7286197732164102,0,2025-10-21__2025-11-20
1387793,2025-11-02 16:15:00+00:00,Ligue 1,Nantes - Metz,0,Away,2,Home,Home,0.3940267879323749,0.48184274462305865,0,2025-10-21__2025-11-20
1387796,2025-11-02 16:15:00+00:00,Ligue 1,Toulouse - Le Havre,1,Draw,2,Home,Home,0.4098184606852188,0.5532373009709605,0,2025-10-21__2025-11-20
1379064,2025-11-02 16:30:00+00:00,Premier League,Manchester City - Bournemouth,2,Home,2,Home,Home,0.6243853508064916,0.6359787584872703,0,2025-10-21__2025-11-20
1388388,2025-11-02 16:30:00+00:00,Bundesliga,VfL Wolfsburg - 1899 Hoffenheim,0,Away,0,Away,Away,0.462647556794298,0.37821377220829155,0,2025-10-21__2025-11-20
1377959,2025-11-02 17:00:00+00:00,Serie A,Parma - Bologna,0,Away,0,Away,Away,0.5550356555447529,0.45728672793223013,0,2025-10-21__2025-11-20
1390921,2025-11-02 17:30:00+00:00,La Liga,Barcelona - Elche,2,Home,2,Home,Home,0.7684639004811429,0.7716883755222413,0,2025-10-21__2025-11-20
1377957,2025-11-02 19:45:00+00:00,Serie A,AC Milan - AS Roma,2,Home,2,Home,Home,0.41653287505177744,0.46645668446578736,0,2025-10-21__2025-11-20
1387789,2025-11-02 19:45:00+00:00,Ligue 1,Stade Brestois 29 - Lyon,1,Draw,0,Away,Away,0.49582788191372684,0.41789450118957255,0,2025-10-21__2025-11-20
1390922,2025-11-02 20:00:00+00:00,La Liga,Real Betis - Mallorca,2,Home,2,Home,Home,0.5311308479051474,0.5867784111947129,0,2025-10-21__2025-11-20
1377960,2025-11-03 17:30:00+00:00,Serie A,Sassuolo - Genoa,0,Away,0,Away,Home,0.351964235904101,0.38915028756735454,0,2025-10-21__2025-11-20
1377956,2025-11-03 19:45:00+00:00,Serie A,Lazio - Cagliari,2,Home,2,Home,Home,0.5331489651586045,0.6051770276995478,0,2025-10-21__2025-11-20
1379066,2025-11-03 20:00:00+00:00,Premier League,Sunderland - Everton,1,Draw,0,Away,Away,0.3715506393450452,0.35647575411649,0,2025-10-21__2025-11-20
1390927,2025-11-03 20:00:00+00:00,La Liga,Oviedo - Osasuna,1,Draw,0,Away,Away,0.4588371831524183,0.36983477167323414,0,2025-10-21__2025-11-20
1388397,2025-11-07 19:30:00+00:00,Bundesliga,Werder Bremen - VfL Wolfsburg,2,Home,2,Home,Home,0.38764353257559814,0.427686083132532,0,2025-10-21__2025-11-20
1377972,2025-11-07 19:45:00+00:00,Serie A,Pisa - Cremonese,2,Home,1,Draw,Home,0.3772622080992768,0.4175028459251725,0,2025-10-21__2025-11-20
1387804,2025-11-07 19:45:00+00:00,Ligue 1,Paris FC - Rennes,0,Away,2,Home,Home,0.3755067357255413,0.43615560564325967,0,2025-10-21__2025-11-20
1390932,2025-11-07 20:00:00+00:00,La Liga,Elche - Real Sociedad,1,Draw,1,Draw,Home,0.39326194123327995,0.3510596497526715,0,2025-10-21__2025-11-20
1379077,2025-11-08 12:30:00+00:00,Premier League,Tottenham - Manchester United,1,Draw,0,Away,Away,0.4750510499103861,0.386628392642882,0,2025-10-21__2025-11-20
1390934,2025-11-08 13:00:00+00:00,La Liga,Girona - Alaves,2,Home,2,Home,Home,0.404158443646225,0.3906015082619058,1,2025-10-21__2025-11-20
1377966,2025-11-08 14:00:00+00:00,Serie A,Como - Cagliari,1,Draw,2,Home,Home,0.5743654417031141,0.6364160977394058,0,2025-10-21__2025-11-20
1377970,2025-11-08 14:00:00+00:00,Serie A,Lecce - Hellas Verona,1,Draw,0,Away,Home,0.4126262390693366,0.3465099943777183,0,2025-10-21__2025-11-20
1388389,2025-11-08 14:30:00+00:00,Bundesliga,Bayer Leverkusen - 1. FC Heidenheim,2,Home,2,Home,Home,0.5769945733525119,0.6737698964664287,0,2025-10-21__2025-11-20
1388393,2025-11-08 14:30:00+00:00,Bundesliga,Hamburger SV - Borussia Dortmund,1,Draw,0,Away,Away,0.6360919060773764,0.5618884095477091,0,2025-10-21__2025-11-20
1388394,2025-11-08 14:30:00+00:00,Bundesliga,1899 Hoffenheim - RB Leipzig,2,Home,0,Away,Away,0.5011883597851101,0.39932459834009515,0,2025-10-21__2025-11-20
1388396,2025-11-08 14:30:00+00:00,Bundesliga,Union Berlin - Bayern München,1,Draw,0,Away,Away,0.6946671949844172,0.7567684804113459,0,2025-10-21__2025-11-20
1379073,2025-11-08 15:00:00+00:00,Premier League,Everton - Fulham,2,Home,2,Home,Home,0.38406811594549034,0.431818956723189,0,2025-10-21__2025-11-20
1379078,2025-11-08 15:00:00+00:00,Premier League,West Ham - Burnley,2,Home,2,Home,Home,0.4636124418331167,0.4890462805297031,0,2025-10-21__2025-11-20
1390937,2025-11-08 15:15:00+00:00,La Liga,Sevilla - Osasuna,2,Home,2,Home,Home,0.39656130293956493,0.4382889349377387,1,2025-10-21__2025-11-20
1387801,2025-11-08 16:00:00+00:00,Ligue 1,Marseille - Stade Brestois 29,2,Home,2,Home,Home,0.5669832594807951,0.6512367925812055,0,2025-10-21__2025-11-20
1377969,2025-11-08 17:00:00+00:00,Serie A,Juventus - Torino,1,Draw,2,Home,Home,0.51808509070703,0.6305959584067817,0,2025-10-21__2025-11-20
1379076,2025-11-08 17:30:00+00:00,Premier League,Sunderland - Arsenal,1,Draw,0,Away,Away,0.6156230900784649,0.6771897543411419,0,2025-10-21__2025-11-20
1388390,2025-11-08 17:30:00+00:00,Bundesliga,Borussia Mönchengladbach - 1. FC Köln,2,Home,2,Home,Home,0.374862652574461,0.43405173293814375,0,2025-10-21__2025-11-20
1390930,2025-11-08 17:30:00+00:00,La Liga,Atletico Madrid - Levante,2,Home,2,Home,Home,0.7556423452341446,0.7655709559796021,0,2025-10-21__2025-11-20
1387798,2025-11-08 18:00:00+00:00,Ligue 1,Le Havre - Nantes,1,Draw,2,Home,Home,0.3839707112279543,0.4949285649560517,1,2025-10-21__2025-11-20
1377971,2025-11-08 19:45:00+00:00,Serie A,Parma - AC Milan,1,Draw,0,Away,Away,0.6095903413737194,0.5900469043358864,0,2025-10-21__2025-11-20
1379071,2025-11-08 20:00:00+00:00,Premier League,Chelsea - Wolves,2,Home,2,Home,Home,0.6161647353489259,0.6867932297321305,0,2025-10-21__2025-11-20
1390933,2025-11-08 20:00:00+00:00,La Liga,Espanyol - Villarreal,0,Away,0,Away,Away,0.504851854164209,0.3988835160204681,0,2025-10-21__2025-11-20
1387803,2025-11-08 20:05:00+00:00,Ligue 1,Monaco - Lens,0,Away,2,Home,Home,0.42564430163076605,0.4626954122695719,0,2025-10-21__2025-11-20
1377964,2025-11-09 11:30:00+00:00,Serie A,Atalanta - Sassuolo,0,Away,2,Home,Home,0.5620114679675872,0.6449474373749863,0,2025-10-21__2025-11-20
1390929,2025-11-09 13:00:00+00:00,La Liga,Athletic Club - Oviedo,2,Home,2,Home,Home,0.5679639627115591,0.6327288416181863,0,2025-10-21__2025-11-20
1377965,2025-11-09 14:00:00+00:00,Serie A,Bologna - Napoli,2,Home,0,Away,Away,0.42215192937065177,0.3638856298194245,0,2025-10-21__2025-11-20
1377967,2025-11-09 14:00:00+00:00,Serie A,Genoa - Fiorentina,1,Draw,0,Away,Away,0.42031755907002777,0.34246589683727846,0,2025-10-21__2025-11-20
1379069,2025-11-09 14:00:00+00:00,Premier League,Aston Villa - Bournemouth,2,Home,2,Home,Home,0.4299401816570138,0.44177299064945513,0,2025-10-21__2025-11-20
1379070,2025-11-09 14:00:00+00:00,Premier League,Brentford - Newcastle,2,Home,0,Away,Away,0.399912966845768,0.40133960545002795,0,2025-10-21__2025-11-20
1379072,2025-11-09 14:00:00+00:00,Premier League,Crystal Palace - Brighton,1,Draw,2,Home,Home,0.401559706383933,0.41772882458136884,0,2025-10-21__2025-11-20
1379075,2025-11-09 14:00:00+00:00,Premier League,Nottingham Forest - Leeds,2,Home,2,Home,Home,0.3866965289722653,0.42592828303045455,0,2025-10-21__2025-11-20
1387799,2025-11-09 14:00:00+00:00,Ligue 1,Lorient - Toulouse,1,Draw,0,Away,Away,0.40649260652814734,0.39409792196183907,0,2025-10-21__2025-11-20
1388392,2025-11-09 14:30:00+00:00,Bundesliga,SC Freiburg - FC St. Pauli,2,Home,2,Home,Home,0.4338005664732285,0.5168508817822398,0,2025-10-21__2025-11-20
1390936,2025-11-09 15:15:00+00:00,La Liga,Rayo Vallecano - Real Madrid,1,Draw,0,Away,Away,0.6182843784423439,0.6362470259646219,0,2025-10-21__2025-11-20
1387797,2025-11-09 16:15:00+00:00,Ligue 1,Angers - Auxerre,2,Home,1,Draw,Home,0.4981622595632001,0.36283741368487127,0,2025-10-21__2025-11-20
1387802,2025-11-09 16:15:00+00:00,Ligue 1,Metz - Nice,2,Home,0,Away,Away,0.5288536052260577,0.45465960353524965,0,2025-10-21__2025-11-20
1387805,2025-11-09 16:15:00+00:00,Ligue 1,Strasbourg - Lille,2,Home,0,Away,Away,0.38635831148819894,0.3822074609040541,0,2025-10-21__2025-11-20
1379074,2025-11-09 16:30:00+00:00,Premier League,Manchester City - Liverpool,2,Home,2,Home,Home,0.4774272409776967,0.4878701893110052,0,2025-10-21__2025-11-20
1388395,2025-11-09 16:30:00+00:00,Bundesliga,VfB Stuttgart - FC Augsburg,2,Home,2,Home,Home,0.5250741311665124,0.633093935274934,0,2025-10-21__2025-11-20
1377973,2025-11-09 17:00:00+00:00,Serie A,AS Roma - Udinese,2,Home,2,Home,Home,0.5718876391094254,0.6077415689644724,0,2025-10-21__2025-11-20
1390935,2025-11-09 17:30:00+00:00,La Liga,Mallorca - Getafe,2,Home,2,Home,Home,0.43413253408186975,0.3790013283495882,1,2025-10-21__2025-11-20
1390938,2025-11-09 17:30:00+00:00,La Liga,Valencia - Real Betis,1,Draw,0,Away,Away,0.4848681405873126,0.42003054685870644,0,2025-10-21__2025-11-20
1388391,2025-11-09 18:30:00+00:00,Bundesliga,Eintracht Frankfurt - FSV Mainz 05,2,Home,2,Home,Home,0.4754866660760969,0.5130850421334315,0,2025-10-21__2025-11-20
1377968,2025-11-09 19:45:00+00:00,Serie A,Inter - Lazio,2,Home,2,Home,Home,0.6336012461294489,0.6813765678714659,0,2025-10-21__2025-11-20
1387800,2025-11-09 19:45:00+00:00,Ligue 1,Lyon - Paris Saint Germain,0,Away,0,Away,Away,0.5542581230903136,0.5099560638118944,0,2025-10-21__2025-11-20
1390931,2025-11-09 20:00:00+00:00,La Liga,Celta Vigo - Barcelona,0,Away,0,Away,Away,0.625930900607984,0.5893481636433169,0,2025-10-21__2025-11-20
1035428,2024-05-02 18:30:00+00:00,Premier League,Chelsea - Tottenham,2,Home,2,Home,Home,0.3672378633386627,0.41920701334927274,0,2024-04-29__2024-05-29
1049165,2024-05-03 18:30:00+00:00,Bundesliga,1899 Hoffenheim - RB Leipzig,1,Draw,0,Away,Away,0.5383987405781503,0.6198347107438017,0,2024-04-29__2024-05-29
1052601,2024-05-03 18:45:00+00:00,Serie A,Torino - Bologna,1,Draw,2,Home,Draw,0.3999655528699643,0.3395061728395061,0,2024-04-29__2024-05-29
1035531,2024-05-03 19:00:00+00:00,Premier League,Luton - Everton,1,Draw,0,Away,Home,0.41541854877725043,0.3745598317375516,0,2024-04-29__2024-05-29
1035524,2024-05-04 11:30:00+00:00,Premier League,Arsenal - Bournemouth,2,Home,2,Home,Home,0.7039406979447079,0.7782101167315175,0,2024-04-29__2024-05-29
1038290,2024-05-04 12:00:00+00:00,La Liga,Real Sociedad - Las Palmas,2,Home,2,Home,Home,0.5963289594512976,0.7093067365435457,0,2024-04-29__2024-05-29
1049160,2024-05-04 13:30:00+00:00,Bundesliga,Borussia Dortmund - FC Augsburg,2,Home,2,Home,Home,0.4777448664602779,0.4956268221574344,0,2024-04-29__2024-05-29
1049163,2024-05-04 13:30:00+00:00,Bundesliga,VfL Wolfsburg - SV Darmstadt 98,2,Home,2,Home,Home,0.6823940252772457,0.6786266560789066,0,2024-04-29__2024-05-29
1049166,2024-05-04 13:30:00+00:00,Bundesliga,Werder Bremen - Borussia Monchengladbach,1,Draw,2,Home,Home,0.3968471856138977,0.39244186046511625,0,2024-04-29__2024-05-29
1049167,2024-05-04 13:30:00+00:00,Bundesliga,VfB Stuttgart - Bayern Munich,2,Home,2,Home,Home,0.35974999074594105,0.44771942915772783,0,2024-04-29__2024-05-29
1035525,2024-05-04 14:00:00+00:00,Premier League,Brentford - Fulham,1,Draw,2,Home,Home,0.4407816326505276,0.4438928929406711,0,2024-04-29__2024-05-29
1035527,2024-05-04 14:00:00+00:00,Premier League,Burnley - Newcastle,0,Away,0,Away,Away,0.4853027385884607,0.4624924238892256,0,2024-04-29__2024-05-29
1035533,2024-05-04 14:00:00+00:00,Premier League,Sheffield Utd - Nottingham Forest,0,Away,0,Away,Away,0.45771824487414337,0.5361806556195965,0,2024-04-29__2024-05-29
1052597,2024-05-04 16:00:00+00:00,Serie A,Monza - Lazio,1,Draw,0,Away,Away,0.4076463910055746,0.5084398976982096,0,2024-04-29__2024-05-29
1035532,2024-05-04 16:30:00+00:00,Premier League,Manchester City - Wolves,2,Home,2,Home,Home,0.6791247531935636,0.8638070764973315,0,2024-04-29__2024-05-29
1038286,2024-05-04 16:30:00+00:00,La Liga,Girona - Barcelona,2,Home,2,Home,Away,0.3480398218468032,0.3912621359223301,0,2024-04-29__2024-05-29
1049164,2024-05-04 16:30:00+00:00,Bundesliga,1.FC Köln - SC Freiburg,1,Draw,2,Home,Home,0.392757760886672,0.4088307440719542,0,2024-04-29__2024-05-29
1052600,2024-05-04 18:45:00+00:00,Serie A,Sassuolo - Inter,2,Home,0,Away,Away,0.4678152701548,0.6142963514519733,0,2024-04-29__2024-05-29
1038285,2024-05-04 19:00:00+00:00,La Liga,Mallorca - Atletico Madrid,0,Away,0,Away,Away,0.38835695786529123,0.44386129334582947,0,2024-04-29__2024-05-29
1052593,2024-05-05 10:30:00+00:00,Serie A,Cagliari - Lecce,1,Draw,2,Home,Home,0.4575332421420077,0.43187066974595845,0,2024-04-29__2024-05-29
1035526,2024-05-05 13:00:00+00:00,Premier League,Brighton - Aston Villa,2,Home,0,Away,Away,0.3946675486349248,0.3773584905660377,0,2024-04-29__2024-05-29
1035528,2024-05-05 13:00:00+00:00,Premier League,Chelsea - West Ham,2,Home,2,Home,Home,0.501799920257069,0.5714285714285715,0,2024-04-29__2024-05-29
1052594,2024-05-05 13:00:00+00:00,Serie A,Empoli - Frosinone,1,Draw,2,Home,Home,0.42566326740992205,0.39593908629441626,0,2024-04-29__2024-05-29
1052595,2024-05-05 13:00:00+00:00,Serie A,Verona - Fiorentina,2,Home,0,Away,Away,0.37944926789246003,0.41127321807314093,0,2024-04-29__2024-05-29
1049161,2024-05-05 13:30:00+00:00,Bundesliga,Union Berlin - Vfl Bochum,0,Away,2,Home,Home,0.4426599704073175,0.4896329344033838,0,2024-04-29__2024-05-29
1038282,2024-05-05 14:15:00+00:00,La Liga,Celta Vigo - Villarreal,2,Home,2,Home,Home,0.35735348133118455,0.40351031282479183,1,2024-04-29__2024-05-29
1035530,2024-05-05 15:30:00+00:00,Premier League,Liverpool - Tottenham,2,Home,2,Home,Home,0.6178008396724924,0.62664120315111,0,2024-04-29__2024-05-29
1049162,2024-05-05 15:30:00+00:00,Bundesliga,Eintracht Frankfurt - Bayer Leverkusen,0,Away,0,Away,Away,0.4054846848044238,0.411663807890223,0,2024-04-29__2024-05-29
1052596,2024-05-05 16:00:00+00:00,Serie A,AC Milan - Genoa,1,Draw,2,Home,Home,0.6402787275560184,0.6499245527053243,0,2024-04-29__2024-05-29
1038291,2024-05-05 16:30:00+00:00,La Liga,Valencia - Alaves,0,Away,2,Home,Home,0.41769358630104053,0.45540796963946867,0,2024-04-29__2024-05-29
1049168,2024-05-05 17:30:00+00:00,Bundesliga,FC Heidenheim - FSV Mainz 05,1,Draw,2,Home,Away,0.340028595303998,0.4134849181836105,0,2024-04-29__2024-05-29
1052598,2024-05-05 18:45:00+00:00,Serie A,AS Roma - Juventus,1,Draw,2,Home,Away,0.4285914704414736,0.3562753036437247,0,2024-04-29__2024-05-29
1038283,2024-05-05 19:00:00+00:00,La Liga,Rayo Vallecano - Almeria,0,Away,2,Home,Home,0.5770613669601042,0.599697017186439,0,2024-04-29__2024-05-29
1038289,2024-05-05 19:00:00+00:00,La Liga,Sevilla - Granada CF,2,Home,2,Home,Home,0.5483806702975995,0.5782128904391515,0,2024-04-29__2024-05-29
1052599,2024-05-06 16:00:00+00:00,Serie A,Salernitana - Atalanta,0,Away,0,Away,Away,0.5173116790434944,0.6786266560789066,0,2024-04-29__2024-05-29
1052602,2024-05-06 18:45:00+00:00,Serie A,Udinese - Napoli,1,Draw,0,Away,Away,0.47216922255894134,0.46902517003671584,0,2024-04-29__2024-05-29
1035529,2024-05-06 19:00:00+00:00,Premier League,Crystal Palace - Manchester United,2,Home,0,Away,Home,0.3757794149997775,0.4081632653061224,0,2024-04-29__2024-05-29
1049176,2024-05-10 18:30:00+00:00,Bundesliga,FC Augsburg - VfB Stuttgart,0,Away,0,Away,Away,0.4295519796100027,0.4954104829716051,0,2024-04-29__2024-05-29
1052605,2024-05-10 18:45:00+00:00,Serie A,Frosinone - Inter,0,Away,0,Away,Away,0.5463724144286942,0.5887119307069014,0,2024-04-29__2024-05-29
1038297,2024-05-10 19:00:00+00:00,La Liga,Alaves - Girona,1,Draw,0,Away,Away,0.41514924746114223,0.4548697823760257,0,2024-04-29__2024-05-29
1035537,2024-05-11 11:30:00+00:00,Premier League,Fulham - Manchester City,0,Away,0,Away,Away,0.5400831927384939,0.7580978635423846,0,2024-04-29__2024-05-29
1038301,2024-05-11 12:00:00+00:00,La Liga,Mallorca - Las Palmas,2,Home,2,Home,Home,0.5372297710768141,0.5698838393243671,0,2024-04-29__2024-05-29
1049170,2024-05-11 13:30:00+00:00,Bundesliga,RB Leipzig - Werder Bremen,1,Draw,2,Home,Home,0.6731381586783403,0.7058823529411765,0,2024-04-29__2024-05-29
1049171,2024-05-11 13:30:00+00:00,Bundesliga,SC Freiburg - FC Heidenheim,1,Draw,2,Home,Home,0.5446173236196176,0.5402750491159136,0,2024-04-29__2024-05-29
1049173,2024-05-11 13:30:00+00:00,Bundesliga,Borussia Monchengladbach - Eintracht Frankfurt,1,Draw,2,Home,Home,0.36902166232111006,0.3722084367245657,0,2024-04-29__2024-05-29
1049174,2024-05-11 13:30:00+00:00,Bundesliga,1.FC Köln - Union Berlin,2,Home,2,Home,Away,0.3938517474366508,0.3678548509421854,0,2024-04-29__2024-05-29
1035534,2024-05-11 14:00:00+00:00,Premier League,Bournemouth - Brentford,0,Away,2,Home,Home,0.4346547018474018,0.4624924238892256,0,2024-04-29__2024-05-29
1035536,2024-05-11 14:00:00+00:00,Premier League,Everton - Sheffield Utd,2,Home,2,Home,Home,0.6198155380199564,0.6729723128843891,0,2024-04-29__2024-05-29
1035539,2024-05-11 14:00:00+00:00,Premier League,Newcastle - Brighton,1,Draw,2,Home,Home,0.6289134582658492,0.5725998413118222,0,2024-04-29__2024-05-29
1035541,2024-05-11 14:00:00+00:00,Premier League,Tottenham - Burnley,2,Home,2,Home,Home,0.6273726750554132,0.673342541436464,0,2024-04-29__2024-05-29
1035542,2024-05-11 14:00:00+00:00,Premier League,West Ham - Luton,2,Home,2,Home,Home,0.4821371215055558,0.4934388894913784,0,2024-04-29__2024-05-29
1035543,2024-05-11 14:00:00+00:00,Premier League,Wolves - Crystal Palace,0,Away,2,Home,Away,0.360785759621611,0.3709263083664938,0,2024-04-29__2024-05-29
1038300,2024-05-11 14:15:00+00:00,La Liga,Villarreal - Sevilla,2,Home,2,Home,Home,0.4571485867346685,0.5157206845210285,0,2024-04-29__2024-05-29
1052612,2024-05-11 16:00:00+00:00,Serie A,Napoli - Bologna,0,Away,2,Home,Home,0.4955114227883622,0.4640522875816993,0,2024-04-29__2024-05-29
1035540,2024-05-11 16:30:00+00:00,Premier League,Nottingham Forest - Chelsea,0,Away,0,Away,Away,0.3725256749558295,0.4643820147035099,0,2024-04-29__2024-05-29
1038296,2024-05-11 16:30:00+00:00,La Liga,Granada CF - Real Madrid,0,Away,0,Away,Away,0.5238281994898916,0.5736764464841829,0,2024-04-29__2024-05-29
1049172,2024-05-11 16:30:00+00:00,Bundesliga,FSV Mainz 05 - Borussia Dortmund,2,Home,2,Home,Home,0.3582282496571201,0.4081632653061224,0,2024-04-29__2024-05-29
1052611,2024-05-11 18:45:00+00:00,Serie A,AC Milan - Cagliari,2,Home,2,Home,Home,0.6420231691368423,0.6516432743439978,0,2024-04-29__2024-05-29
1052609,2024-05-12 10:30:00+00:00,Serie A,Lazio - Empoli,2,Home,2,Home,Home,0.5603103482854443,0.5995424544426622,0,2024-04-29__2024-05-29
1052606,2024-05-12 13:00:00+00:00,Serie A,Genoa - Sassuolo,2,Home,2,Home,Home,0.4074109121958595,0.43879666077167356,0,2024-04-29__2024-05-29
1052607,2024-05-12 13:00:00+00:00,Serie A,Verona - Torino,0,Away,0,Away,Away,0.36691024111631654,0.36559577063847093,0,2024-04-29__2024-05-29
1049177,2024-05-12 13:30:00+00:00,Bundesliga,SV Darmstadt 98 - 1899 Hoffenheim,0,Away,0,Away,Away,0.4499063183761302,0.56657223796034,0,2024-04-29__2024-05-29
1038293,2024-05-12 14:15:00+00:00,La Liga,Atletico Madrid - Celta Vigo,2,Home,2,Home,Home,0.6150902522149578,0.6454816285998014,0,2024-04-29__2024-05-29
1035538,2024-05-12 15:30:00+00:00,Premier League,Manchester United - Arsenal,0,Away,0,Away,Away,0.5041105585937684,0.70630642332922,0,2024-04-29__2024-05-29
1049169,2024-05-12 15:30:00+00:00,Bundesliga,Bayern Munich - VfL Wolfsburg,2,Home,2,Home,Home,0.6183364789227361,0.644963144963145,0,2024-04-29__2024-05-29
1052608,2024-05-12 16:00:00+00:00,Serie A,Juventus - Salernitana,1,Draw,2,Home,Home,0.7005662686487958,0.8461995249406176,0,2024-04-29__2024-05-29
1038299,2024-05-12 16:30:00+00:00,La Liga,Valencia - Rayo Vallecano,1,Draw,2,Home,Home,0.4945052827057914,0.39949367088607596,0,2024-04-29__2024-05-29
1049175,2024-05-12 17:30:00+00:00,Bundesliga,Vfl Bochum - Bayer Leverkusen,0,Away,0,Away,Away,0.5221961503283641,0.5694558605951011,0,2024-04-29__2024-05-29
1052603,2024-05-12 18:45:00+00:00,Serie A,Atalanta - AS Roma,2,Home,2,Home,Home,0.5070807988735564,0.4761904761904762,0,2024-04-29__2024-05-29
1038298,2024-05-12 19:00:00+00:00,La Liga,Real Betis - Almeria,2,Home,2,Home,Home,0.6248594423121209,0.6838905775075987,0,2024-04-29__2024-05-29
1052610,2024-05-13 16:30:00+00:00,Serie A,Lecce - Udinese,0,Away,0,Away,Away,0.383243888778859,0.38256011658974987,0,2024-04-29__2024-05-29
1052604,2024-05-13 18:45:00+00:00,Serie A,Fiorentina - Monza,2,Home,2,Home,Home,0.5592840265255304,0.6107799619530755,0,2024-04-29__2024-05-29
1035535,2024-05-13 19:00:00+00:00,Premier League,Aston Villa - Liverpool,1,Draw,0,Away,Away,0.4323587990439474,0.5114918512327623,0,2024-04-29__2024-05-29
1038294,2024-05-13 19:00:00+00:00,La Liga,Barcelona - Real Sociedad,2,Home,2,Home,Home,0.5684838103281237,0.5164412359684265,0,2024-04-29__2024-05-29
1035512,2024-05-14 19:00:00+00:00,Premier League,Tottenham - Manchester City,0,Away,0,Away,Away,0.5231042757586712,0.6716417910447761,0,2024-04-29__2024-05-29
1038311,2024-05-14 19:30:00+00:00,La Liga,Real Madrid - Alaves,2,Home,2,Home,Home,0.6745287922046919,0.7676203768318214,0,2024-04-29__2024-05-29
1038303,2024-05-14 20:00:00+00:00,La Liga,Girona - Villarreal,0,Away,2,Home,Home,0.5194217799553196,0.5353728489483748,0,2024-04-29__2024-05-29
1038310,2024-05-15 17:30:00+00:00,La Liga,Rayo Vallecano - Granada CF,2,Home,2,Home,Home,0.5236963274318724,0.5913043478260869,0,2024-04-29__2024-05-29
1035505,2024-05-15 18:45:00+00:00,Premier League,Brighton - Chelsea,0,Away,0,Away,Away,0.4016885899219925,0.43872667053238845,0,2024-04-29__2024-05-29
1035510,2024-05-15 19:00:00+00:00,Premier League,Manchester United - Newcastle,2,Home,0,Away,Away,0.36973358363363507,0.3807574206755373,0,2024-04-29__2024-05-29
1038306,2024-05-15 20:00:00+00:00,La Liga,Getafe - Atletico Madrid,0,Away,0,Away,Away,0.44361960784380305,0.509915014164306,0,2024-04-29__2024-05-29
1038307,2024-05-16 17:30:00+00:00,La Liga,Las Palmas - Real Betis,1,Draw,0,Away,Away,0.408097340868556,0.4558404558404559,0,2024-04-29__2024-05-29
1038302,2024-05-16 19:30:00+00:00,La Liga,Almeria - Barcelona,0,Away,0,Away,Away,0.5317253885717876,0.6500541711809317,0,2024-04-29__2024-05-29
1038304,2024-05-16 20:00:00+00:00,La Liga,Real Sociedad - Valencia,2,Home,2,Home,Home,0.5022841329357169,0.5794517494985514,0,2024-04-29__2024-05-29
1052614,2024-05-17 18:45:00+00:00,Serie A,Fiorentina - Napoli,1,Draw,2,Home,Home,0.3797490628872127,0.39436938484357376,0,2024-04-29__2024-05-29
1049178,2024-05-18 13:30:00+00:00,Bundesliga,Borussia Dortmund - SV Darmstadt 98,2,Home,2,Home,Home,0.6820243228517221,0.7964350052147531,0,2024-04-29__2024-05-29
1049179,2024-05-18 13:30:00+00:00,Bundesliga,Union Berlin - SC Freiburg,2,Home,2,Home,Home,0.3978818069382988,0.4415171175900931,0,2024-04-29__2024-05-29
1049180,2024-05-18 13:30:00+00:00,Bundesliga,Bayer Leverkusen - FC Augsburg,2,Home,2,Home,Home,0.656117863360459,0.7160759040458289,0,2024-04-29__2024-05-29
1049181,2024-05-18 13:30:00+00:00,Bundesliga,Eintracht Frankfurt - RB Leipzig,1,Draw,1,Draw,Away,0.35035607480167036,0.3773584905660377,0,2024-04-29__2024-05-29
1049182,2024-05-18 13:30:00+00:00,Bundesliga,VfL Wolfsburg - FSV Mainz 05,0,Away,0,Away,Away,0.3469130955126585,0.44176185011916325,0,2024-04-29__2024-05-29
1049183,2024-05-18 13:30:00+00:00,Bundesliga,1899 Hoffenheim - Bayern Munich,2,Home,0,Away,Away,0.364483056365534,0.42256195530454255,0,2024-04-29__2024-05-29
1049184,2024-05-18 13:30:00+00:00,Bundesliga,Werder Bremen - Vfl Bochum,2,Home,2,Home,Home,0.4159278801067366,0.39244186046511625,0,2024-04-29__2024-05-29
1049185,2024-05-18 13:30:00+00:00,Bundesliga,VfB Stuttgart - Borussia Monchengladbach,2,Home,2,Home,Home,0.6786130683253809,0.7356412273800158,0,2024-04-29__2024-05-29
1049186,2024-05-18 13:30:00+00:00,Bundesliga,FC Heidenheim - 1.FC Köln,2,Home,2,Home,Home,0.3980083402228495,0.40729927007299266,0,2024-04-29__2024-05-29
1052616,2024-05-18 16:00:00+00:00,Serie A,Lecce - Atalanta,0,Away,0,Away,Away,0.4864209638322296,0.5504659090909091,0,2024-04-29__2024-05-29
1052621,2024-05-18 18:45:00+00:00,Serie A,Torino - AC Milan,2,Home,2,Home,Home,0.43224892187262065,0.34764515813179286,0,2024-04-29__2024-05-29
1038317,2024-05-18 19:00:00+00:00,La Liga,Alaves - Getafe,2,Home,2,Home,Home,0.44433676011812534,0.45943588252398954,0,2024-04-29__2024-05-29
1052620,2024-05-19 10:30:00+00:00,Serie A,Sassuolo - Cagliari,0,Away,2,Home,Home,0.3951275215344937,0.4067796610169492,0,2024-04-29__2024-05-29
1052617,2024-05-19 13:00:00+00:00,Serie A,Monza - Frosinone,0,Away,0,Away,Away,0.38151805707197733,0.3922178988326848,0,2024-04-29__2024-05-29
1052622,2024-05-19 13:00:00+00:00,Serie A,Udinese - Empoli,1,Draw,2,Home,Home,0.4952008282261217,0.45631342213337395,0,2024-04-29__2024-05-29
1035544,2024-05-19 15:00:00+00:00,Premier League,Arsenal - Everton,2,Home,2,Home,Home,0.6800783806092424,0.800525473131081,0,2024-04-29__2024-05-29
1035545,2024-05-19 15:00:00+00:00,Premier League,Brentford - Newcastle,0,Away,0,Away,Away,0.43153552746337925,0.40024349414092225,0,2024-04-29__2024-05-29
1035546,2024-05-19 15:00:00+00:00,Premier League,Brighton - Manchester United,0,Away,2,Home,Home,0.3553040419716544,0.42512077294685985,0,2024-04-29__2024-05-29
1035547,2024-05-19 15:00:00+00:00,Premier League,Burnley - Nottingham Forest,0,Away,0,Away,Away,0.37131842657255326,0.40382571732199785,0,2024-04-29__2024-05-29
1035548,2024-05-19 15:00:00+00:00,Premier League,Chelsea - Bournemouth,2,Home,2,Home,Home,0.579177095537462,0.6365039127080349,0,2024-04-29__2024-05-29
1035549,2024-05-19 15:00:00+00:00,Premier League,Crystal Palace - Aston Villa,2,Home,2,Home,Home,0.48693359552277854,0.5076272272785541,0,2024-04-29__2024-05-29
1035550,2024-05-19 15:00:00+00:00,Premier League,Liverpool - Wolves,2,Home,2,Home,Home,0.6678186011713781,0.8010563380281691,0,2024-04-29__2024-05-29
1035551,2024-05-19 15:00:00+00:00,Premier League,Luton - Fulham,0,Away,0,Away,Away,0.42931644752496867,0.4035874439461883,0,2024-04-29__2024-05-29
1035552,2024-05-19 15:00:00+00:00,Premier League,Manchester City - West Ham,2,Home,2,Home,Home,0.7059108225622684,0.8436491963276447,0,2024-04-29__2024-05-29
1035553,2024-05-19 15:00:00+00:00,Premier League,Sheffield Utd - Tottenham,0,Away,0,Away,Away,0.48602407555972665,0.673342541436464,0,2024-04-29__2024-05-29
1052615,2024-05-19 16:00:00+00:00,Serie A,Inter - Lazio,1,Draw,2,Home,Home,0.6426303836612682,0.5726756874727194,0,2024-04-29__2024-05-29
1038314,2024-05-19 17:00:00+00:00,La Liga,Barcelona - Rayo Vallecano,2,Home,2,Home,Home,0.6698315189854971,0.7352941176470588,0,2024-04-29__2024-05-29
1038315,2024-05-19 17:00:00+00:00,La Liga,Real Betis - Real Sociedad,0,Away,2,Home,Home,0.49604215533943385,0.3358876117496807,0,2024-04-29__2024-05-29
1038318,2024-05-19 17:00:00+00:00,La Liga,Mallorca - Almeria,1,Draw,2,Home,Home,0.5790232433315243,0.6476683937823834,0,2024-04-29__2024-05-29
1038319,2024-05-19 17:00:00+00:00,La Liga,Granada CF - Celta Vigo,0,Away,0,Away,Away,0.3701422637440366,0.47206923682140045,0,2024-04-29__2024-05-29
1038320,2024-05-19 17:00:00+00:00,La Liga,Valencia - Girona,0,Away,0,Away,Away,0.3643511295717085,0.3922178988326848,0,2024-04-29__2024-05-29
1038321,2024-05-19 17:00:00+00:00,La Liga,Villarreal - Real Madrid,1,Draw,0,Away,Away,0.4263989549045245,0.4274224435082344,0,2024-04-29__2024-05-29
1052618,2024-05-19 18:45:00+00:00,Serie A,AS Roma - Genoa,2,Home,2,Home,Home,0.5996227631024813,0.6512716824518463,0,2024-04-29__2024-05-29
1052619,2024-05-20 16:30:00+00:00,Serie A,Salernitana - Verona,0,Away,0,Away,Away,0.42546813061766214,0.5773251749199244,0,2024-04-29__2024-05-29
1052613,2024-05-20 18:45:00+00:00,Serie A,Bologna - Juventus,1,Draw,2,Home,Home,0.4743495302953656,0.3654146652005324,0,2024-04-29__2024-05-29
1200849,2024-05-23 18:30:00+00:00,Bundesliga,Vfl Bochum - Fortuna Dusseldorf,0,Away,2,Home,Home,0.39676355396030366,0.4316518659340087,0,2024-04-29__2024-05-29
1052624,2024-05-23 18:45:00+00:00,Serie A,Cagliari - Fiorentina,0,Away,0,Away,Away,0.43203688521975203,0.5402750491159136,0,2024-04-29__2024-05-29
1052627,2024-05-24 18:45:00+00:00,Serie A,Genoa - Bologna,2,Home,0,Away,Away,0.4033563891719096,0.4108416547788873,0,2024-04-29__2024-05-29
1038325,2024-05-24 19:00:00+00:00,La Liga,Girona - Granada CF,2,Home,2,Home,Home,0.6913404441079258,0.7684247293049249,0,2024-04-29__2024-05-29
1038328,2024-05-25 14:15:00+00:00,La Liga,Real Sociedad - Atletico Madrid,0,Away,2,Home,Home,0.45110222164051644,0.4006968641114983,0,2024-04-29__2024-05-29
1052629,2024-05-25 16:00:00+00:00,Serie A,Juventus - Monza,2,Home,2,Home,Home,0.6549595892186522,0.6952017448200654,0,2024-04-29__2024-05-29
1052631,2024-05-25 18:45:00+00:00,Serie A,AC Milan - Salernitana,1,Draw,2,Home,Home,0.6929598060290179,0.8050603795284648,0,2024-04-29__2024-05-29
1038330,2024-05-25 19:00:00+00:00,La Liga,Real Madrid - Real Betis,1,Draw,2,Home,Home,0.6928970826271456,0.7111111111111111,0,2024-04-29__2024-05-29
1038324,2024-05-26 12:00:00+00:00,La Liga,Getafe - Mallorca,0,Away,2,Home,Home,0.41846324916368,0.3969754253308128,0,2024-04-29__2024-05-29
1038323,2024-05-26 14:15:00+00:00,La Liga,Celta Vigo - Valencia,1,Draw,2,Home,Home,0.39581149572547697,0.4987793954934228,0,2024-04-29__2024-05-29
1038331,2024-05-26 14:15:00+00:00,La Liga,Las Palmas - Alaves,1,Draw,2,Home,Home,0.4480466930536641,0.3795102784033735,0,2024-04-29__2024-05-29
1052623,2024-05-26 16:00:00+00:00,Serie A,Atalanta - Torino,2,Home,2,Home,Away,0.37703399812095817,0.4617852048395799,0,2024-04-29__2024-05-29
1052632,2024-05-26 16:00:00+00:00,Serie A,Napoli - Lecce,1,Draw,2,Home,Home,0.621428616321301,0.6781914893617021,0,2024-04-29__2024-05-29
1052625,2024-05-26 18:45:00+00:00,Serie A,Empoli - AS Roma,2,Home,2,Home,Home,0.4303460508265074,0.4733303770001794,0,2024-04-29__2024-05-29
1052626,2024-05-26 18:45:00+00:00,Serie A,Frosinone - Udinese,0,Away,2,Home,Home,0.40560023619008106,0.3824776260009421,0,2024-04-29__2024-05-29
1052628,2024-05-26 18:45:00+00:00,Serie A,Verona - Inter,1,Draw,0,Away,Away,0.5082786608689355,0.6126725199059183,0,2024-04-29__2024-05-29
1052630,2024-05-26 18:45:00+00:00,Serie A,Lazio - Sassuolo,1,Draw,2,Home,Home,0.5835103450304083,0.7242136064374541,0,2024-04-29__2024-05-29
1038329,2024-05-26 19:00:00+00:00,La Liga,Sevilla - Barcelona,0,Away,0,Away,Away,0.40337506787053934,0.4934388894913784,0,2024-04-29__2024-05-29
1200850,2024-05-27 18:30:00+00:00,Bundesliga,Fortuna Dusseldorf - Vfl Bochum,0,Away,2,Home,Home,0.3612177277595603,0.4309462315097441,0,2024-04-29__2024-05-29
