fixture_id,date_utc,league,home_team,away_team,actual_outcome,pred_idx,pred_outcome,market_pred_outcome,pred_conf,market_conf,correct,market_correct,window,conf_bucket,market_conf_bucket
1387984,2026-05-02 15:00:00+00:00,Ligue 1,Paris Saint Germain,Lorient,Draw,2,Home,Home,0.7809425225634801,0.7693408929454124,0,0,2026-04-19__2026-05-19,0.70+,0.70+
1388471,2026-01-24 14:30:00+00:00,Bundesliga,Bayern München,FC Augsburg,Away,2,Home,Home,0.7788850805258635,0.8545176760916892,0,0,2026-01-19__2026-02-18,0.70+,0.70+
1388588,2026-05-02 13:30:00+00:00,Bundesliga,Bayern München,1. FC Heidenheim,Draw,2,Home,Home,0.7748775578039117,0.8469830596162404,0,0,2026-04-19__2026-05-19,0.70+,0.70+
1379278,2026-02-18 20:00:00+00:00,Premier League,Wolves,Arsenal,Draw,0,Away,Away,0.7718799664371273,0.7299633547835125,0,0,2026-02-18__2026-03-20,0.70+,0.70+
1378228,2026-05-17 13:00:00+00:00,Serie A,Inter,Hellas Verona,Draw,2,Home,Home,0.7701709448648819,0.8047609535078225,0,0,2026-04-19__2026-05-19,0.70+,0.70+
1049170,2024-05-11 13:30:00+00:00,Bundesliga,RB Leipzig,Werder Bremen,Draw,2,Home,Home,0.7597107391694221,0.7058823529411765,0,0,2024-04-29__2024-05-29,0.70+,0.70+
1391076,2026-03-02 20:00:00+00:00,La Liga,Real Madrid,Getafe,Away,2,Home,Home,0.7595661163746548,0.7394066663479014,0,0,2026-02-18__2026-03-20,0.70+,0.70+
1379231,2026-02-21 15:00:00+00:00,Premier League,Chelsea,Burnley,Draw,2,Home,Home,0.7578045974928631,0.767566390326353,0,0,2026-02-18__2026-03-20,0.70+,0.70+
1388426,2025-12-14 16:30:00+00:00,Bundesliga,Bayern München,FSV Mainz 05,Draw,2,Home,Home,0.7531835207394731,0.8454321485016579,0,0,2025-11-20__2025-12-20,0.70+,0.70+
1378209,2026-05-03 16:00:00+00:00,Serie A,Juventus,Hellas Verona,Draw,2,Home,Home,0.7518212243437159,0.73244954759226,0,0,2026-04-19__2026-05-19,0.70+,0.70+
1387966,2026-04-19 18:45:00+00:00,Ligue 1,Paris Saint Germain,Lyon,Away,2,Home,Home,0.7511185008874219,0.7247605925331552,0,0,2026-03-20__2026-04-19,0.70+,0.70+
1391126,2026-04-10 19:00:00+00:00,La Liga,Real Madrid,Girona,Draw,2,Home,Home,0.7485571471884086,0.778490894201125,0,0,2026-03-20__2026-04-19,0.70+,0.70+
1378121,2026-02-22 17:00:00+00:00,Serie A,AC Milan,Parma,Away,2,Home,Home,0.7467732919107042,0.7030541521073205,0,0,2026-02-18__2026-03-20,0.70+,0.70+
1377937,2025-10-24 18:45:00+00:00,Serie A,AC Milan,Pisa,Draw,2,Home,Home,0.746333253484257,0.7458210336127776,0,0,2025-10-21__2025-11-20,0.70+,0.70+
1379264,2026-03-15 16:30:00+00:00,Premier League,Liverpool,Tottenham,Draw,2,Home,Home,0.7462702243837814,0.7173155913612167,0,0,2026-02-18__2026-03-20,0.70+,0.70+
1379258,2026-03-03 20:15:00+00:00,Premier League,Wolves,Liverpool,Home,0,Away,Away,0.7429134055022945,0.6575850967224788,0,0,2026-02-18__2026-03-20,0.70+,0.60-0.70
1387996,2026-05-17 19:00:00+00:00,Ligue 1,Lille,Auxerre,Away,2,Home,Home,0.7397429530675618,0.7326885217837885,0,0,2026-04-19__2026-05-19,0.70+,0.70+
1378229,2026-05-17 10:00:00+00:00,Serie A,Juventus,Fiorentina,Away,2,Home,Home,0.738416841916986,0.6885330078135783,0,0,2026-04-19__2026-05-19,0.70+,0.60-0.70
1390953,2025-11-30 20:00:00+00:00,La Liga,Girona,Real Madrid,Draw,0,Away,Away,0.7343609858583011,0.684816824867588,0,0,2025-11-20__2025-12-20,0.70+,0.60-0.70
1390965,2025-12-07 20:00:00+00:00,La Liga,Real Madrid,Celta Vigo,Away,2,Home,Home,0.7301159988197059,0.701597731169348,0,0,2025-11-20__2025-12-20,0.70+,0.70+
1387921,2026-03-06 19:45:00+00:00,Ligue 1,Paris Saint Germain,Monaco,Away,2,Home,Home,0.7297704027938379,0.7249695645169779,0,0,2026-02-18__2026-03-20,0.70+,0.70+
1387846,2026-01-04 14:00:00+00:00,Ligue 1,Marseille,Nantes,Away,2,Home,Home,0.7291164576118605,0.760979870897797,0,0,2025-12-20__2026-01-19,0.70+,0.70+
1038330,2024-05-25 19:00:00+00:00,La Liga,Real Madrid,Real Betis,Draw,2,Home,Home,0.7287341217461675,0.7111111111111111,0,0,2024-04-29__2024-05-29,0.70+,0.70+
1379320,2026-05-10 13:00:00+00:00,Premier League,Burnley,Aston Villa,Draw,0,Away,Away,0.727272958859995,0.5863974640310147,0,0,2026-04-19__2026-05-19,0.70+,0.50-0.60
1052608,2024-05-12 16:00:00+00:00,Serie A,Juventus,Salernitana,Draw,2,Home,Home,0.7202713428638764,0.8461995249406176,0,0,2024-04-29__2024-05-29,0.70+,0.70+
1052596,2024-05-05 16:00:00+00:00,Serie A,AC Milan,Genoa,Draw,2,Home,Home,0.7197504516074696,0.6499245527053243,0,0,2024-04-29__2024-05-29,0.70+,0.60-0.70
1378021,2026-01-14 17:30:00+00:00,Serie A,Napoli,Parma,Draw,2,Home,Home,0.7148753830347143,0.7163958641063516,0,0,2025-12-20__2026-01-19,0.70+,0.70+
1379188,2026-01-18 14:00:00+00:00,Premier League,Wolves,Newcastle,Draw,0,Away,Away,0.7146674244873306,0.5452556411766827,0,0,2025-12-20__2026-01-19,0.70+,0.50-0.60
1379183,2026-01-17 15:00:00+00:00,Premier League,Liverpool,Burnley,Draw,2,Home,Home,0.7030592699272441,0.7802999199987395,0,0,2025-12-20__2026-01-19,0.70+,0.70+
1378160,2026-03-21 19:45:00+00:00,Serie A,Juventus,Sassuolo,Draw,2,Home,Home,0.7023884830691335,0.7067717466857809,0,0,2026-03-20__2026-04-19,0.70+,0.70+
1378040,2026-01-03 17:00:00+00:00,Serie A,Juventus,Lecce,Draw,2,Home,Home,0.7014196365363998,0.7375293154459273,0,0,2025-12-20__2026-01-19,0.70+,0.70+
1391034,2026-01-31 17:30:00+00:00,La Liga,Levante,Atletico Madrid,Draw,0,Away,Away,0.6998322849809793,0.6024707460787723,0,0,2026-01-19__2026-02-18,0.60-0.70,0.60-0.70
1052631,2024-05-25 18:45:00+00:00,Serie A,AC Milan,Salernitana,Draw,2,Home,Home,0.6980316220783316,0.8050603795284648,0,0,2024-04-29__2024-05-29,0.60-0.70,0.70+
1388483,2026-01-31 17:30:00+00:00,Bundesliga,Hamburger SV,Bayern München,Draw,0,Away,Away,0.6935263679475675,0.7257727502404008,0,0,2026-01-19__2026-02-18,0.60-0.70,0.70+
1379255,2026-03-04 19:30:00+00:00,Premier League,Manchester City,Nottingham Forest,Draw,2,Home,Home,0.6927753845884219,0.6821212814439106,0,0,2026-02-18__2026-03-20,0.60-0.70,0.60-0.70
1379105,2025-12-03 20:15:00+00:00,Premier League,Liverpool,Sunderland,Draw,2,Home,Home,0.6895529621581734,0.7051966198921251,0,0,2025-11-20__2025-12-20,0.60-0.70,0.70+
1387939,2026-03-22 16:15:00+00:00,Ligue 1,Rennes,Metz,Draw,2,Home,Home,0.6880372258372613,0.6982225601302098,0,0,2026-03-20__2026-04-19,0.60-0.70,0.60-0.70
1388509,2026-02-22 18:30:00+00:00,Bundesliga,1. FC Heidenheim,VfB Stuttgart,Draw,0,Away,Away,0.6866944286031524,0.5570535674156082,0,0,2026-02-18__2026-03-20,0.60-0.70,0.50-0.60
1390942,2025-11-23 20:00:00+00:00,La Liga,Elche,Real Madrid,Draw,0,Away,Away,0.6837187394144633,0.673799384745995,0,0,2025-11-20__2025-12-20,0.60-0.70,0.60-0.70
1379172,2026-01-07 20:15:00+00:00,Premier League,Burnley,Manchester United,Draw,0,Away,Away,0.679754455926477,0.546044792020139,0,0,2025-12-20__2026-01-19,0.60-0.70,0.50-0.60
1052632,2024-05-26 16:00:00+00:00,Serie A,Napoli,Lecce,Draw,2,Home,Home,0.6770943797823333,0.6781914893617021,0,0,2024-04-29__2024-05-29,0.60-0.70,0.60-0.70
1387978,2026-05-03 13:00:00+00:00,Ligue 1,Lille,Le Havre,Draw,2,Home,Home,0.6768733656846281,0.6562927166835263,0,0,2026-04-19__2026-05-19,0.60-0.70,0.60-0.70
1052630,2024-05-26 18:45:00+00:00,Serie A,Lazio,Sassuolo,Draw,2,Home,Home,0.6765137152132977,0.7242136064374541,0,0,2024-04-29__2024-05-29,0.60-0.70,0.70+
1379185,2026-01-17 17:30:00+00:00,Premier League,Nottingham Forest,Arsenal,Draw,0,Away,Away,0.6735526638057373,0.6088807752532339,0,0,2025-12-20__2026-01-19,0.60-0.70,0.60-0.70
1388546,2026-03-21 14:30:00+00:00,Bundesliga,1. FC Heidenheim,Bayer Leverkusen,Draw,0,Away,Away,0.6733667667852873,0.6047777834603385,0,0,2026-03-20__2026-04-19,0.60-0.70,0.60-0.70
1379279,2026-04-11 11:30:00+00:00,Premier League,Arsenal,Bournemouth,Away,2,Home,Home,0.6730899153542385,0.6604371972687304,0,0,2026-03-20__2026-04-19,0.60-0.70,0.60-0.70
1378071,2026-01-16 19:45:00+00:00,Serie A,Pisa,Atalanta,Draw,0,Away,Away,0.6720663885079502,0.5559289231861768,0,0,2025-12-20__2026-01-19,0.60-0.70,0.50-0.60
1052615,2024-05-19 16:00:00+00:00,Serie A,Inter,Lazio,Draw,2,Home,Home,0.6714452829227029,0.5726756874727194,0,0,2024-04-29__2024-05-29,0.60-0.70,0.50-0.60
1379261,2026-03-14 15:00:00+00:00,Premier League,Burnley,Bournemouth,Draw,0,Away,Away,0.6709346391065726,0.5181368674309518,0,0,2026-02-18__2026-03-20,0.60-0.70,0.50-0.60
1388420,2025-12-06 14:30:00+00:00,Bundesliga,1. FC Heidenheim,SC Freiburg,Home,0,Away,Away,0.6701979297079546,0.4733728587482801,0,0,2025-11-20__2025-12-20,0.60-0.70,0.40-0.50
1391005,2026-01-10 13:00:00+00:00,La Liga,Oviedo,Real Betis,Draw,0,Away,Away,0.6701041236667107,0.4891158770692334,0,0,2025-12-20__2026-01-19,0.60-0.70,0.40-0.50
1391052,2026-02-16 20:00:00+00:00,La Liga,Girona,Barcelona,Home,0,Away,Away,0.668912515449796,0.6832608711391709,0,0,2026-01-19__2026-02-18,0.60-0.70,0.60-0.70
1378180,2026-04-11 16:00:00+00:00,Serie A,AC Milan,Udinese,Away,2,Home,Home,0.6668631090033381,0.6855802561388215,0,0,2026-03-20__2026-04-19,0.60-0.70,0.60-0.70
1387781,2025-10-29 20:05:00+00:00,Ligue 1,Marseille,Angers,Draw,2,Home,Home,0.6665471557234635,0.7446163244014384,0,0,2025-10-21__2025-11-20,0.60-0.70,0.70+
1387981,2026-05-02 13:00:00+00:00,Ligue 1,Nantes,Marseille,Home,0,Away,Away,0.6657342038278612,0.5784574742534002,0,0,2026-04-19__2026-05-19,0.60-0.70,0.50-0.60
1379176,2026-01-07 19:30:00+00:00,Premier League,Manchester City,Brighton,Draw,2,Home,Home,0.6656814095194794,0.6696672262021148,0,0,2025-12-20__2026-01-19,0.60-0.70,0.60-0.70
1379192,2026-01-24 15:00:00+00:00,Premier League,Burnley,Tottenham,Draw,0,Away,Away,0.6626747273649203,0.49621971298904277,0,0,2026-01-19__2026-02-18,0.60-0.70,0.40-0.50
1378195,2026-04-27 16:30:00+00:00,Serie A,Cagliari,Atalanta,Home,0,Away,Away,0.660823819814803,0.5465306023040015,0,0,2026-04-19__2026-05-19,0.60-0.70,0.50-0.60
1387780,2025-10-29 18:00:00+00:00,Ligue 1,Lorient,Paris Saint Germain,Draw,0,Away,Away,0.660822936212285,0.729432186095286,0,0,2025-10-21__2025-11-20,0.60-0.70,0.70+
1035539,2024-05-11 14:00:00+00:00,Premier League,Newcastle,Brighton,Draw,2,Home,Home,0.6554679699357617,0.5725998413118222,0,0,2024-04-29__2024-05-29,0.60-0.70,0.50-0.60
1378065,2026-01-17 19:45:00+00:00,Serie A,Cagliari,Juventus,Home,0,Away,Away,0.6550478126228183,0.5887060233250395,0,0,2025-12-20__2026-01-19,0.60-0.70,0.50-0.60
1377985,2025-12-01 19:45:00+00:00,Serie A,Bologna,Cremonese,Away,2,Home,Home,0.654626779947421,0.6561390340141598,0,0,2025-11-20__2025-12-20,0.60-0.70,0.60-0.70
1379068,2025-11-02 14:00:00+00:00,Premier League,West Ham,Newcastle,Home,0,Away,Away,0.6544537189728042,0.5728751143320939,0,0,2025-10-21__2025-11-20,0.60-0.70,0.50-0.60
1387982,2026-05-02 19:05:00+00:00,Ligue 1,Nice,Lens,Draw,0,Away,Away,0.6541098331008179,0.5330853637987572,0,0,2026-04-19__2026-05-19,0.60-0.70,0.50-0.60
1379053,2025-10-25 14:00:00+00:00,Premier League,Chelsea,Sunderland,Away,2,Home,Home,0.6534136988277237,0.6681432291059213,0,0,2025-10-21__2025-11-20,0.60-0.70,0.60-0.70
1378048,2026-01-08 19:45:00+00:00,Serie A,AC Milan,Genoa,Draw,2,Home,Home,0.6517187278602392,0.6614868757464536,0,0,2025-12-20__2026-01-19,0.60-0.70,0.60-0.70
1379085,2025-11-22 15:00:00+00:00,Premier League,Liverpool,Nottingham Forest,Away,2,Home,Home,0.6510542641428378,0.6585360079077118,0,0,2025-11-20__2025-12-20,0.60-0.70,0.60-0.70
1379155,2025-12-30 20:15:00+00:00,Premier League,Manchester United,Wolves,Draw,2,Home,Home,0.65062084865522,0.7174857198436803,0,0,2025-12-20__2026-01-19,0.60-0.70,0.70+
1391055,2026-02-15 15:15:00+00:00,La Liga,Rayo Vallecano,Atletico Madrid,Home,0,Away,Away,0.6490721002497012,0.5419096966977753,0,0,2026-01-19__2026-02-18,0.60-0.70,0.50-0.60
1379114,2025-12-06 17:30:00+00:00,Premier League,Leeds,Liverpool,Draw,0,Away,Away,0.6489278036481086,0.5363988010464605,0,0,2025-11-20__2025-12-20,0.60-0.70,0.50-0.60
1378049,2026-01-07 17:30:00+00:00,Serie A,Napoli,Hellas Verona,Draw,2,Home,Home,0.6471616197051491,0.6779621360825352,0,0,2025-12-20__2026-01-19,0.60-0.70,0.60-0.70
1388605,2026-05-16 13:30:00+00:00,Bundesliga,Bayer Leverkusen,Hamburger SV,Draw,2,Home,Home,0.6437799752687016,0.6756195474758986,0,0,2026-04-19__2026-05-19,0.60-0.70,0.60-0.70
1391018,2026-01-18 20:00:00+00:00,La Liga,Real Sociedad,Barcelona,Home,0,Away,Away,0.6433138605875786,0.592678417804498,0,0,2025-12-20__2026-01-19,0.60-0.70,0.50-0.60
1379106,2025-12-04 20:00:00+00:00,Premier League,Manchester United,West Ham,Draw,2,Home,Home,0.6408503802030338,0.6648912733545005,0,0,2025-11-20__2025-12-20,0.60-0.70,0.60-0.70
1388393,2025-11-08 14:30:00+00:00,Bundesliga,Hamburger SV,Borussia Dortmund,Draw,0,Away,Away,0.6401990414632509,0.5618884095477091,0,0,2025-10-21__2025-11-20,0.60-0.70,0.50-0.60
1379228,2026-02-10 20:15:00+00:00,Premier League,West Ham,Manchester United,Draw,0,Away,Away,0.6386947625695881,0.5132220013497296,0,0,2026-01-19__2026-02-18,0.60-0.70,0.50-0.60
1379207,2026-02-01 16:30:00+00:00,Premier League,Tottenham,Manchester City,Draw,0,Away,Away,0.6375673782514661,0.5641922705425588,0,0,2026-01-19__2026-02-18,0.60-0.70,0.50-0.60
1379248,2026-02-27 20:00:00+00:00,Premier League,Wolves,Aston Villa,Home,0,Away,Away,0.6366691016083951,0.49548518990102935,0,0,2026-02-18__2026-03-20,0.60-0.70,0.40-0.50
1388002,2026-05-17 19:00:00+00:00,Ligue 1,Paris FC,Paris Saint Germain,Home,0,Away,Away,0.636270513597589,0.7148041027107768,0,0,2026-04-19__2026-05-19,0.60-0.70,0.70+
1378003,2025-12-06 19:45:00+00:00,Serie A,Hellas Verona,Atalanta,Home,0,Away,Away,0.6349786013279751,0.5205487793355267,0,0,2025-11-20__2025-12-20,0.60-0.70,0.50-0.60
1377966,2025-11-08 14:00:00+00:00,Serie A,Como,Cagliari,Draw,2,Home,Home,0.633562321607377,0.6364160977394058,0,0,2025-10-21__2025-11-20,0.60-0.70,0.60-0.70
1379076,2025-11-08 17:30:00+00:00,Premier League,Sunderland,Arsenal,Draw,0,Away,Away,0.6333104047399561,0.6771897543411419,0,0,2025-10-21__2025-11-20,0.60-0.70,0.60-0.70
1378191,2026-04-17 16:30:00+00:00,Serie A,Sassuolo,Como,Home,0,Away,Away,0.6316589382477923,0.5658717388251715,0,0,2026-03-20__2026-04-19,0.60-0.70,0.50-0.60
1378146,2026-03-14 14:00:00+00:00,Serie A,Inter,Atalanta,Draw,2,Home,Home,0.6308260699934897,0.618122324404392,0,0,2026-02-18__2026-03-20,0.60-0.70,0.60-0.70
1379268,2026-03-14 20:00:00+00:00,Premier League,West Ham,Manchester City,Draw,0,Away,Away,0.6304101002482865,0.5595736068007018,0,0,2026-02-18__2026-03-20,0.60-0.70,0.50-0.60
1388494,2026-02-07 14:30:00+00:00,Bundesliga,FC St. Pauli,VfB Stuttgart,Home,0,Away,Away,0.6299166129594146,0.5112266756084262,0,0,2026-01-19__2026-02-18,0.60-0.70,0.50-0.60
1379314,2026-05-04 19:00:00+00:00,Premier League,Everton,Manchester City,Draw,0,Away,Away,0.6235279682741629,0.6489902804704757,0,0,2026-04-19__2026-05-19,0.60-0.70,0.60-0.70
1378134,2026-03-07 17:00:00+00:00,Serie A,Atalanta,Udinese,Draw,2,Home,Home,0.6230441691766591,0.6221544639446709,0,0,2026-02-18__2026-03-20,0.60-0.70,0.60-0.70
1377994,2025-12-07 14:00:00+00:00,Serie A,Cagliari,AS Roma,Home,0,Away,Away,0.6224467667986339,0.5531329170645151,0,0,2025-11-20__2025-12-20,0.60-0.70,0.50-0.60
1388569,2026-04-18 13:30:00+00:00,Bundesliga,Bayer Leverkusen,FC Augsburg,Away,2,Home,Home,0.621710439252922,0.6558757842988239,0,0,2026-03-20__2026-04-19,0.60-0.70,0.60-0.70
1379141,2025-12-27 15:00:00+00:00,Premier League,Burnley,Everton,Draw,0,Away,Away,0.6216861651154338,0.4896962903783552,0,0,2025-12-20__2026-01-19,0.60-0.70,0.40-0.50
1378098,2026-02-08 19:45:00+00:00,Serie A,Juventus,Lazio,Draw,2,Home,Home,0.6212416800214855,0.620766510481678,0,0,2026-01-19__2026-02-18,0.60-0.70,0.60-0.70
1388607,2026-05-16 13:30:00+00:00,Bundesliga,Borussia Mönchengladbach,1899 Hoffenheim,Home,0,Away,Away,0.6203217579455709,0.4470447462154942,0,0,2026-04-19__2026-05-19,0.60-0.70,0.40-0.50
1378080,2026-01-24 19:45:00+00:00,Serie A,Lecce,Lazio,Draw,0,Away,Away,0.6189634370651227,0.48692814956564845,0,0,2026-01-19__2026-02-18,0.60-0.70,0.40-0.50
1049171,2024-05-11 13:30:00+00:00,Bundesliga,SC Freiburg,FC Heidenheim,Draw,2,Home,Home,0.6187512042440446,0.5402750491159136,0,0,2024-04-29__2024-05-29,0.60-0.70,0.50-0.60
1379184,2026-01-17 12:30:00+00:00,Premier League,Manchester United,Manchester City,Home,0,Away,Away,0.6178822944474366,0.5119899109057513,0,0,2025-12-20__2026-01-19,0.60-0.70,0.50-0.60
1391114,2026-04-04 14:15:00+00:00,La Liga,Mallorca,Real Madrid,Home,0,Away,Away,0.6176708527513531,0.5640201608383953,0,0,2026-03-20__2026-04-19,0.60-0.70,0.50-0.60
1388416,2025-12-06 14:30:00+00:00,Bundesliga,FC Augsburg,Bayer Leverkusen,Home,0,Away,Away,0.61697000971308,0.5054021506063964,0,0,2025-11-20__2025-12-20,0.60-0.70,0.50-0.60
1379104,2025-12-03 20:15:00+00:00,Premier League,Leeds,Chelsea,Home,0,Away,Away,0.6169467277122512,0.531113773440352,0,0,2025-11-20__2025-12-20,0.60-0.70,0.50-0.60
1391169,2026-05-13 19:30:00+00:00,La Liga,Alaves,Barcelona,Home,0,Away,Away,0.6168274720024688,0.5348196581070745,0,0,2026-04-19__2026-05-19,0.60-0.70,0.50-0.60
1378220,2026-05-11 18:45:00+00:00,Serie A,Napoli,Bologna,Away,2,Home,Home,0.6164375931429541,0.6093571567190087,0,0,2026-04-19__2026-05-19,0.60-0.70,0.60-0.70
1388589,2026-05-03 15:30:00+00:00,Bundesliga,Borussia Mönchengladbach,Borussia Dortmund,Home,0,Away,Away,0.6144588224558274,0.5035623523475468,0,0,2026-04-19__2026-05-19,0.60-0.70,0.50-0.60
1387883,2026-02-06 19:45:00+00:00,Ligue 1,Metz,Lille,Draw,0,Away,Away,0.6138197795572056,0.5438085208694945,0,0,2026-01-19__2026-02-18,0.60-0.70,0.50-0.60
1388396,2025-11-08 14:30:00+00:00,Bundesliga,Union Berlin,Bayern München,Draw,0,Away,Away,0.613645297016492,0.7567684804113459,0,0,2025-10-21__2025-11-20,0.60-0.70,0.70+
1388539,2026-03-14 14:30:00+00:00,Bundesliga,1899 Hoffenheim,VfL Wolfsburg,Draw,2,Home,Home,0.6132916040382643,0.652731248695328,0,0,2026-02-18__2026-03-20,0.60-0.70,0.60-0.70
1378181,2026-04-12 13:00:00+00:00,Serie A,Parma,Napoli,Draw,0,Away,Away,0.612461431967446,0.5630558310585242,0,0,2026-03-20__2026-04-19,0.60-0.70,0.50-0.60
1388503,2026-02-15 16:30:00+00:00,Bundesliga,RB Leipzig,VfL Wolfsburg,Draw,2,Home,Home,0.6123149363416168,0.6483775587653599,0,0,2026-01-19__2026-02-18,0.60-0.70,0.60-0.70
1390936,2025-11-09 15:15:00+00:00,La Liga,Rayo Vallecano,Real Madrid,Draw,0,Away,Away,0.6100524358042104,0.6362470259646219,0,0,2025-10-21__2025-11-20,0.60-0.70,0.60-0.70
1378172,2026-04-06 10:30:00+00:00,Serie A,Udinese,Como,Draw,0,Away,Away,0.6098462644879906,0.5554905446230968,0,0,2026-03-20__2026-04-19,0.60-0.70,0.50-0.60
1378009,2025-12-14 11:30:00+00:00,Serie A,AC Milan,Sassuolo,Draw,2,Home,Home,0.6082335414673569,0.6670792881143985,0,0,2025-11-20__2025-12-20,0.60-0.70,0.60-0.70
1377964,2025-11-09 11:30:00+00:00,Serie A,Atalanta,Sassuolo,Away,2,Home,Home,0.6077354526302751,0.6449474373749863,0,0,2025-10-21__2025-11-20,0.60-0.70,0.60-0.70
1391148,2026-04-23 19:30:00+00:00,La Liga,Oviedo,Villarreal,Draw,0,Away,Away,0.607131522844315,0.4938178773098159,0,0,2026-04-19__2026-05-19,0.60-0.70,0.40-0.50
1038318,2024-05-19 17:00:00+00:00,La Liga,Mallorca,Almeria,Draw,2,Home,Home,0.605758585638321,0.6476683937823834,0,0,2024-04-29__2024-05-29,0.60-0.70,0.60-0.70
1379157,2026-01-01 20:00:00+00:00,Premier League,Sunderland,Manchester City,Draw,0,Away,Away,0.6046193067368538,0.6259639957054935,0,0,2025-12-20__2026-01-19,0.60-0.70,0.60-0.70
1378093,2026-02-02 19:45:00+00:00,Serie A,Udinese,AS Roma,Home,0,Away,Away,0.6014986948600382,0.48993279551790553,0,0,2026-01-19__2026-02-18,0.60-0.70,0.40-0.50
1388001,2026-05-17 19:00:00+00:00,Ligue 1,Nice,Metz,Draw,2,Home,Home,0.5995719207421417,0.6714402767001908,0,0,2026-04-19__2026-05-19,0.50-0.60,0.60-0.70
1377969,2025-11-08 17:00:00+00:00,Serie A,Juventus,Torino,Draw,2,Home,Home,0.5993274998644199,0.6305959584067817,0,0,2025-10-21__2025-11-20,0.50-0.60,0.60-0.70
1378212,2026-05-03 13:00:00+00:00,Serie A,Sassuolo,AC Milan,Home,0,Away,Away,0.5983740438629643,0.5576649570204867,0,0,2026-04-19__2026-05-19,0.50-0.60,0.50-0.60
1377971,2025-11-08 19:45:00+00:00,Serie A,Parma,AC Milan,Draw,0,Away,Away,0.5962375946977629,0.5900469043358864,0,0,2025-10-21__2025-11-20,0.50-0.60,0.50-0.60
1379285,2026-04-13 19:00:00+00:00,Premier League,Manchester United,Leeds,Away,2,Home,Home,0.596196090907667,0.5904069601362254,0,0,2026-03-20__2026-04-19,0.50-0.60,0.50-0.60
1379154,2026-01-01 17:30:00+00:00,Premier League,Liverpool,Leeds,Draw,2,Home,Home,0.5948110402433197,0.6418976874503233,0,0,2025-12-20__2026-01-19,0.50-0.60,0.60-0.70
1391041,2026-02-08 17:30:00+00:00,La Liga,Atletico Madrid,Real Betis,Away,2,Home,Home,0.5930317247254391,0.6106086085889013,0,0,2026-01-19__2026-02-18,0.50-0.60,0.60-0.70
1387782,2025-10-29 18:00:00+00:00,Ligue 1,Metz,Lens,Home,0,Away,Away,0.591887479970877,0.49041259284694483,0,0,2025-10-21__2025-11-20,0.50-0.60,0.40-0.50
1378013,2025-12-14 14:00:00+00:00,Serie A,Udinese,Napoli,Home,0,Away,Away,0.5905868728114455,0.49468780971258675,0,0,2025-11-20__2025-12-20,0.50-0.60,0.40-0.50
1391128,2026-04-11 19:00:00+00:00,La Liga,Sevilla,Atletico Madrid,Home,0,Away,Away,0.5896688294251686,0.4549414875669441,0,0,2026-03-20__2026-04-19,0.50-0.60,0.40-0.50
1390986,2025-12-20 13:00:00+00:00,La Liga,Oviedo,Celta Vigo,Draw,0,Away,Away,0.5895331337653953,0.44149614886344507,0,0,2025-11-20__2025-12-20,0.50-0.60,0.40-0.50
1388410,2025-11-30 16:30:00+00:00,Bundesliga,Eintracht Frankfurt,VfL Wolfsburg,Draw,2,Home,Home,0.5894093933592166,0.5858354891522216,0,0,2025-11-20__2025-12-20,0.50-0.60,0.50-0.60
1387964,2026-04-19 13:00:00+00:00,Ligue 1,Monaco,Auxerre,Draw,2,Home,Home,0.5870037826050719,0.6042226089361653,0,0,2026-03-20__2026-04-19,0.50-0.60,0.60-0.70
1038303,2024-05-14 20:00:00+00:00,La Liga,Girona,Villarreal,Away,2,Home,Home,0.5867349651737725,0.5353728489483748,0,0,2024-04-29__2024-05-29,0.50-0.60,0.50-0.60
1387961,2026-04-18 19:05:00+00:00,Ligue 1,Lille,Nice,Draw,2,Home,Home,0.5865594739121844,0.5920124289294831,0,0,2026-03-20__2026-04-19,0.50-0.60,0.50-0.60
1388448,2026-01-10 14:30:00+00:00,Bundesliga,1. FC Heidenheim,1. FC Köln,Draw,0,Away,Away,0.5852792600175826,0.40609020131754736,0,0,2025-12-20__2026-01-19,0.50-0.60,0.40-0.50
1379130,2025-12-20 15:00:00+00:00,Premier League,Bournemouth,Burnley,Draw,2,Home,Home,0.5851106604946684,0.6406127924945171,0,0,2025-11-20__2025-12-20,0.50-0.60,0.60-0.70
1378202,2026-04-26 16:00:00+00:00,Serie A,Torino,Inter,Draw,0,Away,Away,0.584940541182875,0.6650200881731219,0,0,2026-04-19__2026-05-19,0.50-0.60,0.60-0.70
1387802,2025-11-09 16:15:00+00:00,Ligue 1,Metz,Nice,Home,0,Away,Away,0.5843629556898503,0.45465960353524965,0,0,2025-10-21__2025-11-20,0.50-0.60,0.40-0.50
1390997,2026-01-04 20:00:00+00:00,La Liga,Real Sociedad,Atletico Madrid,Draw,0,Away,Away,0.5841797253520155,0.4644782249601142,0,0,2025-12-20__2026-01-19,0.50-0.60,0.40-0.50
1379338,2026-05-17 14:00:00+00:00,Premier League,Wolves,Fulham,Draw,0,Away,Away,0.5835296744696455,0.4867490711484824,0,0,2026-04-19__2026-05-19,0.50-0.60,0.40-0.50
1387891,2026-02-14 16:00:00+00:00,Ligue 1,Marseille,Strasbourg,Draw,2,Home,Home,0.5831086413119644,0.5610564270027566,0,0,2026-01-19__2026-02-18,0.50-0.60,0.50-0.60
1379158,2025-12-30 19:30:00+00:00,Premier League,West Ham,Brighton,Draw,0,Away,Away,0.5829692173562893,0.4311173556163573,0,0,2025-12-20__2026-01-19,0.50-0.60,0.40-0.50
1387973,2026-04-26 18:45:00+00:00,Ligue 1,Marseille,Nice,Draw,2,Home,Home,0.5804605341805806,0.6257061312939115,0,0,2026-04-19__2026-05-19,0.50-0.60,0.60-0.70
1038283,2024-05-05 19:00:00+00:00,La Liga,Rayo Vallecano,Almeria,Away,2,Home,Home,0.5800316979627517,0.599697017186439,0,0,2024-04-29__2024-05-29,0.50-0.60,0.50-0.60
1377955,2025-11-02 14:00:00+00:00,Serie A,Fiorentina,Lecce,Away,2,Home,Home,0.579702232859526,0.5821469123940956,0,0,2025-10-21__2025-11-20,0.50-0.60,0.50-0.60
1378158,2026-03-22 19:45:00+00:00,Serie A,Fiorentina,Inter,Draw,0,Away,Away,0.5772028335240892,0.5763483815781093,0,0,2026-03-20__2026-04-19,0.50-0.60,0.50-0.60
1379052,2025-10-25 19:00:00+00:00,Premier League,Brentford,Liverpool,Home,0,Away,Away,0.5758415509501744,0.571546108642527,0,0,2025-10-21__2025-11-20,0.50-0.60,0.50-0.60
1388485,2026-01-31 14:30:00+00:00,Bundesliga,RB Leipzig,FSV Mainz 05,Away,2,Home,Home,0.5753570870922367,0.6140959311537717,0,0,2026-01-19__2026-02-18,0.50-0.60,0.60-0.70
1388489,2026-02-07 17:30:00+00:00,Bundesliga,Borussia Mönchengladbach,Bayer Leverkusen,Draw,0,Away,Away,0.5750330426112241,0.457760180752571,0,0,2026-01-19__2026-02-18,0.50-0.60,0.40-0.50
1388608,2026-05-16 13:30:00+00:00,Bundesliga,Eintracht Frankfurt,VfB Stuttgart,Draw,0,Away,Away,0.5744184429888586,0.46532076324053706,0,0,2026-04-19__2026-05-19,0.50-0.60,0.40-0.50
1388409,2025-11-28 19:30:00+00:00,Bundesliga,Borussia Mönchengladbach,RB Leipzig,Draw,0,Away,Away,0.5739846349735203,0.45426095929272425,0,0,2025-11-20__2025-12-20,0.50-0.60,0.40-0.50
1378138,2026-03-08 17:00:00+00:00,Serie A,Genoa,AS Roma,Home,0,Away,Away,0.5730732463374258,0.4953984802041129,0,0,2026-02-18__2026-03-20,0.50-0.60,0.40-0.50
1390983,2025-12-20 15:15:00+00:00,La Liga,Levante,Real Sociedad,Draw,0,Away,Away,0.569969441141846,0.42746186149988025,0,0,2025-11-20__2025-12-20,0.50-0.60,0.40-0.50
1379169,2026-01-08 20:00:00+00:00,Premier League,Arsenal,Liverpool,Draw,2,Home,Home,0.5698620246074518,0.5834246734822757,0,0,2025-12-20__2026-01-19,0.50-0.60,0.50-0.60
1388563,2026-04-11 13:30:00+00:00,Bundesliga,1. FC Heidenheim,Union Berlin,Home,0,Away,Away,0.5686110022025813,0.4437110827806765,0,0,2026-03-20__2026-04-19,0.50-0.60,0.40-0.50
1387875,2026-01-31 16:00:00+00:00,Ligue 1,Paris FC,Marseille,Draw,0,Away,Away,0.5684534671818993,0.5136301329446484,0,0,2026-01-19__2026-02-18,0.50-0.60,0.50-0.60
1379190,2026-01-24 17:30:00+00:00,Premier League,Bournemouth,Liverpool,Home,0,Away,Away,0.5679213907739333,0.4988621621903014,0,0,2026-01-19__2026-02-18,0.50-0.60,0.40-0.50
1387863,2026-01-25 19:45:00+00:00,Ligue 1,Lille,Strasbourg,Away,2,Home,Home,0.5659824005903182,0.5050483308525092,0,0,2026-01-19__2026-02-18,0.50-0.60,0.50-0.60
1387917,2026-03-08 16:15:00+00:00,Ligue 1,Lille,Lorient,Draw,2,Home,Home,0.5643853267995098,0.5855749065377952,0,0,2026-02-18__2026-03-20,0.50-0.60,0.50-0.60
1379220,2026-02-12 20:00:00+00:00,Premier League,Brentford,Arsenal,Draw,0,Away,Away,0.5635470835091857,0.5593132488174275,0,0,2026-01-19__2026-02-18,0.50-0.60,0.50-0.60
1387969,2026-04-24 18:45:00+00:00,Ligue 1,Stade Brestois 29,Lens,Draw,0,Away,Away,0.5620980847268434,0.5369537994836263,0,0,2026-04-19__2026-05-19,0.50-0.60,0.50-0.60
1379152,2025-12-30 19:30:00+00:00,Premier League,Chelsea,Bournemouth,Draw,2,Home,Home,0.5619188065331856,0.5891017206012519,0,0,2025-12-20__2026-01-19,0.50-0.60,0.50-0.60
1379331,2026-05-19 18:30:00+00:00,Premier League,Bournemouth,Manchester City,Home,0,Away,Away,0.5614209857655418,0.5605215678943712,0,0,2026-04-19__2026-05-19,0.50-0.60,0.50-0.60
1387868,2026-01-24 16:00:00+00:00,Ligue 1,Rennes,Lorient,Away,2,Home,Home,0.5613823948574344,0.5307969453417393,0,0,2026-01-19__2026-02-18,0.50-0.60,0.50-0.60
1379189,2026-01-25 16:30:00+00:00,Premier League,Arsenal,Manchester United,Away,2,Home,Home,0.5602369382625997,0.5849507462671865,0,0,2026-01-19__2026-02-18,0.50-0.60,0.50-0.60
1377976,2025-11-22 17:00:00+00:00,Serie A,Fiorentina,Juventus,Draw,0,Away,Away,0.5601684129847588,0.4672749640445906,0,0,2025-11-20__2025-12-20,0.50-0.60,0.40-0.50
1387994,2026-05-10 19:00:00+00:00,Ligue 1,Toulouse,Lyon,Home,0,Away,Away,0.5600848390439397,0.4977617269032188,0,0,2026-04-19__2026-05-19,0.50-0.60,0.40-0.50
1377934,2025-10-25 18:45:00+00:00,Serie A,Cremonese,Atalanta,Draw,0,Away,Away,0.5594290031284019,0.5909049839045477,0,0,2025-10-21__2025-11-20,0.50-0.60,0.50-0.60
1388412,2025-11-30 14:30:00+00:00,Bundesliga,Hamburger SV,VfB Stuttgart,Home,0,Away,Away,0.5591810395689327,0.42911116009046724,0,0,2025-11-20__2025-12-20,0.50-0.60,0.40-0.50
1377952,2025-10-30 19:45:00+00:00,Serie A,Pisa,Lazio,Draw,0,Away,Away,0.5588521672427033,0.4732050631138501,0,0,2025-10-21__2025-11-20,0.50-0.60,0.40-0.50
1388521,2026-02-28 14:30:00+00:00,Bundesliga,1899 Hoffenheim,FC St. Pauli,Away,2,Home,Home,0.5571324203510668,0.6093067515031115,0,0,2026-02-18__2026-03-20,0.50-0.60,0.60-0.70
1391084,2026-03-07 15:15:00+00:00,La Liga,Levante,Girona,Draw,0,Away,Away,0.5567893466664733,0.3830895233297798,0,0,2026-02-18__2026-03-20,0.50-0.60,<=0.40
1378224,2026-05-17 16:00:00+00:00,Serie A,Atalanta,Bologna,Away,2,Home,Home,0.5560102388128952,0.5879205779240956,0,0,2026-04-19__2026-05-19,0.50-0.60,0.50-0.60
1388560,2026-04-10 18:30:00+00:00,Bundesliga,FC Augsburg,1899 Hoffenheim,Draw,0,Away,Away,0.5550753060829684,0.455168619283962,0,0,2026-03-20__2026-04-19,0.50-0.60,0.40-0.50
1379272,2026-03-21 17:30:00+00:00,Premier League,Everton,Chelsea,Home,0,Away,Away,0.5549247210458937,0.477325872842766,0,0,2026-03-20__2026-04-19,0.50-0.60,0.40-0.50
1379065,2025-11-01 15:00:00+00:00,Premier League,Nottingham Forest,Manchester United,Draw,0,Away,Away,0.5523733858156268,0.42118463402122924,0,0,2025-10-21__2025-11-20,0.50-0.60,0.40-0.50
1378187,2026-04-20 18:45:00+00:00,Serie A,Lecce,Fiorentina,Draw,0,Away,Away,0.5508311032829426,0.44162609432856315,0,0,2026-04-19__2026-05-19,0.50-0.60,0.40-0.50
1391066,2026-02-21 17:30:00+00:00,La Liga,Osasuna,Real Madrid,Home,0,Away,Away,0.5501372101064106,0.5575070159451924,0,0,2026-02-18__2026-03-20,0.50-0.60,0.50-0.60
1391131,2026-04-24 19:00:00+00:00,La Liga,Real Betis,Real Madrid,Draw,0,Away,Away,0.5498864035271994,0.5027767715752629,0,0,2026-04-19__2026-05-19,0.50-0.60,0.50-0.60
1379179,2026-01-18 16:30:00+00:00,Premier League,Aston Villa,Everton,Away,2,Home,Home,0.5484671921405616,0.5692742457166068,0,0,2025-12-20__2026-01-19,0.50-0.60,0.50-0.60
1379260,2026-03-16 20:00:00+00:00,Premier League,Brentford,Wolves,Draw,2,Home,Home,0.5477275007027338,0.6118757577911694,0,0,2026-02-18__2026-03-20,0.50-0.60,0.60-0.70
1387895,2026-02-13 18:00:00+00:00,Ligue 1,Rennes,Paris Saint Germain,Home,0,Away,Away,0.5476273717682766,0.6275996362648253,0,0,2026-01-19__2026-02-18,0.50-0.60,0.60-0.70
1387806,2025-11-23 14:00:00+00:00,Ligue 1,Auxerre,Lyon,Draw,0,Away,Away,0.5466175990343187,0.5066340912907993,0,0,2025-11-20__2025-12-20,0.50-0.60,0.50-0.60
1390941,2025-11-23 15:15:00+00:00,La Liga,Real Betis,Girona,Draw,2,Home,Home,0.546435474932606,0.5910552333502005,0,0,2025-11-20__2025-12-20,0.50-0.60,0.50-0.60
1378188,2026-04-18 16:00:00+00:00,Serie A,Napoli,Lazio,Away,2,Home,Home,0.5461972975791785,0.572566627104074,0,0,2026-03-20__2026-04-19,0.50-0.60,0.50-0.60
1379221,2026-02-10 19:30:00+00:00,Premier League,Chelsea,Leeds,Draw,2,Home,Home,0.5450816713694036,0.591058233621676,0,0,2026-01-19__2026-02-18,0.50-0.60,0.50-0.60
1388507,2026-02-21 14:30:00+00:00,Bundesliga,1. FC Köln,1899 Hoffenheim,Draw,0,Away,Away,0.5448927526502232,0.425659193542685,0,0,2026-02-18__2026-03-20,0.50-0.60,0.40-0.50
1391003,2026-01-11 15:15:00+00:00,La Liga,Levante,Espanyol,Draw,0,Away,Away,0.5448538007772412,0.4081350900674871,0,0,2025-12-20__2026-01-19,0.50-0.60,0.40-0.50
1379276,2026-03-22 12:00:00+00:00,Premier League,Newcastle,Sunderland,Away,2,Home,Home,0.5447589335193727,0.5786437154428962,0,0,2026-03-20__2026-04-19,0.50-0.60,0.50-0.60
1388400,2025-11-22 14:30:00+00:00,Bundesliga,Borussia Dortmund,VfB Stuttgart,Draw,2,Home,Home,0.5446187483565653,0.5609689775110928,0,0,2025-11-20__2025-12-20,0.50-0.60,0.50-0.60
1388468,2026-01-16 19:30:00+00:00,Bundesliga,Werder Bremen,Eintracht Frankfurt,Draw,0,Away,Away,0.5445083693818684,0.3675404733071417,0,0,2025-12-20__2026-01-19,0.50-0.60,<=0.40
1387821,2025-11-29 16:00:00+00:00,Ligue 1,Monaco,Paris Saint Germain,Home,0,Away,Away,0.5444847698696237,0.5935281910316659,0,0,2025-11-20__2025-12-20,0.50-0.60,0.50-0.60
1387888,2026-02-14 18:00:00+00:00,Ligue 1,Lille,Stade Brestois 29,Draw,2,Home,Home,0.543597651046599,0.5500886142387821,0,0,2026-01-19__2026-02-18,0.50-0.60,0.50-0.60
1378135,2026-03-08 14:00:00+00:00,Serie A,Bologna,Hellas Verona,Away,2,Home,Home,0.5435005956424281,0.6180869573122988,0,0,2026-02-18__2026-03-20,0.50-0.60,0.60-0.70
1379107,2025-12-02 20:15:00+00:00,Premier League,Newcastle,Tottenham,Draw,2,Home,Home,0.5431563657090744,0.5431533594487071,0,0,2025-11-20__2025-12-20,0.50-0.60,0.50-0.60
1388446,2026-01-09 19:30:00+00:00,Bundesliga,Eintracht Frankfurt,Borussia Dortmund,Draw,0,Away,Away,0.543113877071542,0.4568587403050095,0,0,2025-12-20__2026-01-19,0.50-0.60,0.40-0.50
1052628,2024-05-26 18:45:00+00:00,Serie A,Verona,Inter,Draw,0,Away,Away,0.5418359308536874,0.6126725199059183,0,0,2024-04-29__2024-05-29,0.50-0.60,0.60-0.70
1388585,2026-04-26 13:30:00+00:00,Bundesliga,VfB Stuttgart,Werder Bremen,Draw,2,Home,Home,0.541544138148467,0.5927545444386841,0,0,2026-04-19__2026-05-19,0.50-0.60,0.50-0.60
1378056,2026-01-11 14:00:00+00:00,Serie A,Fiorentina,AC Milan,Draw,0,Away,Away,0.5413355629742066,0.5068624800952027,0,0,2025-12-20__2026-01-19,0.50-0.60,0.50-0.60
1391098,2026-03-14 17:30:00+00:00,La Liga,Oviedo,Valencia,Home,0,Away,Away,0.541334199210855,0.3629141829959108,0,0,2026-02-18__2026-03-20,0.50-0.60,<=0.40
1388609,2026-05-16 13:30:00+00:00,Bundesliga,SC Freiburg,RB Leipzig,Home,0,Away,Away,0.5408337380641103,0.46216380294134085,0,0,2026-04-19__2026-05-19,0.50-0.60,0.40-0.50
1387857,2026-01-18 16:15:00+00:00,Ligue 1,Rennes,Le Havre,Draw,2,Home,Home,0.5400689494670018,0.5686684327177,0,0,2025-12-20__2026-01-19,0.50-0.60,0.50-0.60
1379111,2025-12-07 14:00:00+00:00,Premier League,Brighton,West Ham,Draw,2,Home,Home,0.538861073640316,0.6011821562359865,0,0,2025-11-20__2025-12-20,0.50-0.60,0.60-0.70
1387792,2025-11-01 18:00:00+00:00,Ligue 1,Monaco,Paris FC,Away,2,Home,Home,0.5387989758912677,0.546339140046245,0,0,2025-10-21__2025-11-20,0.50-0.60,0.50-0.60
1388533,2026-03-14 14:30:00+00:00,Bundesliga,Bayer Leverkusen,Bayern München,Draw,0,Away,Away,0.538040476686598,0.6140378315393358,0,0,2026-02-18__2026-03-20,0.50-0.60,0.60-0.70
1379271,2026-03-21 12:30:00+00:00,Premier League,Brighton,Liverpool,Home,0,Away,Away,0.5378637517537057,0.44601296080141006,0,0,2026-03-20__2026-04-19,0.50-0.60,0.40-0.50
1544972,2026-05-15 18:30:00+00:00,Ligue 1,Saint Etienne,Rodez,Draw,2,Home,Home,0.5377970415290638,0.5831556928921486,0,0,2026-04-19__2026-05-19,0.50-0.60,0.50-0.60
1390946,2025-11-23 13:00:00+00:00,La Liga,Oviedo,Rayo Vallecano,Draw,0,Away,Away,0.5377571986539071,0.4196621696098165,0,0,2025-11-20__2025-12-20,0.50-0.60,0.40-0.50
1379313,2026-05-04 14:00:00+00:00,Premier League,Chelsea,Nottingham Forest,Away,2,Home,Home,0.53741436319148,0.5506493350096286,0,0,2026-04-19__2026-05-19,0.50-0.60,0.50-0.60
1379175,2026-01-07 19:30:00+00:00,Premier League,Fulham,Chelsea,Home,0,Away,Away,0.5354148994934023,0.4516396262629921,0,0,2025-12-20__2026-01-19,0.50-0.60,0.40-0.50
1388383,2025-11-01 14:30:00+00:00,Bundesliga,1. FC Heidenheim,Eintracht Frankfurt,Draw,0,Away,Away,0.5353551412477795,0.4917938134940618,0,0,2025-10-21__2025-11-20,0.50-0.60,0.40-0.50
1379131,2025-12-20 15:00:00+00:00,Premier League,Brighton,Sunderland,Draw,2,Home,Home,0.5352169848076156,0.585772407675396,0,0,2025-11-20__2025-12-20,0.50-0.60,0.50-0.60
1388432,2025-12-12 19:30:00+00:00,Bundesliga,Union Berlin,RB Leipzig,Home,0,Away,Away,0.5351388255203654,0.4604417570670649,0,0,2025-11-20__2025-12-20,0.50-0.60,0.40-0.50
1387986,2026-05-10 19:00:00+00:00,Ligue 1,Angers,Strasbourg,Draw,0,Away,Away,0.5344067241548294,0.46247048042535366,0,0,2026-04-19__2026-05-19,0.50-0.60,0.40-0.50
1387862,2026-01-24 18:00:00+00:00,Ligue 1,Le Havre,Monaco,Draw,0,Away,Away,0.5342328090484094,0.4925633681735843,0,0,2026-01-19__2026-02-18,0.50-0.60,0.40-0.50
1378025,2025-12-28 17:00:00+00:00,Serie A,Bologna,Sassuolo,Draw,2,Home,Home,0.5332971825490097,0.5337018842871597,0,0,2025-12-20__2026-01-19,0.50-0.60,0.50-0.60
1387918,2026-03-08 19:45:00+00:00,Ligue 1,Lyon,Paris FC,Draw,2,Home,Home,0.5325697193570141,0.5553310568053472,0,0,2026-02-18__2026-03-20,0.50-0.60,0.50-0.60
1388461,2026-01-18 16:30:00+00:00,Bundesliga,FC Augsburg,SC Freiburg,Draw,0,Away,Away,0.5324015136036937,0.38230534756880113,0,0,2025-12-20__2026-01-19,0.50-0.60,<=0.40
1387854,2026-01-16 18:00:00+00:00,Ligue 1,Monaco,Lorient,Away,2,Home,Home,0.5315383676123612,0.5924694254541722,0,0,2025-12-20__2026-01-19,0.50-0.60,0.50-0.60
1387881,2026-02-08 16:15:00+00:00,Ligue 1,Le Havre,Strasbourg,Home,0,Away,Away,0.5314421022793565,0.4756688879742395,0,0,2026-01-19__2026-02-18,0.50-0.60,0.40-0.50
1378204,2026-05-02 18:45:00+00:00,Serie A,Atalanta,Genoa,Draw,2,Home,Home,0.5307092608838768,0.581710754009123,0,0,2026-04-19__2026-05-19,0.50-0.60,0.50-0.60
1388467,2026-01-18 14:30:00+00:00,Bundesliga,VfB Stuttgart,Union Berlin,Draw,2,Home,Home,0.5301849360010416,0.5420106168250459,0,0,2025-12-20__2026-01-19,0.50-0.60,0.50-0.60
1379109,2025-12-06 12:30:00+00:00,Premier League,Aston Villa,Arsenal,Home,0,Away,Away,0.5268391297867544,0.5319310432423423,0,0,2025-11-20__2025-12-20,0.50-0.60,0.50-0.60
1379165,2026-01-04 17:30:00+00:00,Premier League,Manchester City,Chelsea,Draw,2,Home,Home,0.5260842960771615,0.54002310695589,0,0,2025-12-20__2026-01-19,0.50-0.60,0.50-0.60
1387885,2026-02-08 14:00:00+00:00,Ligue 1,Nice,Monaco,Draw,0,Away,Away,0.5260388204874169,0.43653852650587976,0,0,2026-01-19__2026-02-18,0.50-0.60,0.40-0.50
1378130,2026-03-01 14:00:00+00:00,Serie A,Sassuolo,Atalanta,Home,0,Away,Away,0.5255639306318467,0.49144268565944704,0,0,2026-02-18__2026-03-20,0.50-0.60,0.40-0.50
1052612,2024-05-11 16:00:00+00:00,Serie A,Napoli,Bologna,Away,2,Home,Home,0.5254425097210194,0.4640522875816993,0,0,2024-04-29__2024-05-29,0.50-0.60,0.40-0.50
1377945,2025-10-29 19:45:00+00:00,Serie A,Bologna,Torino,Draw,2,Home,Home,0.5248082469051331,0.5301232056064202,0,0,2025-10-21__2025-11-20,0.50-0.60,0.50-0.60
1388561,2026-04-11 13:30:00+00:00,Bundesliga,Borussia Dortmund,Bayer Leverkusen,Away,2,Home,Home,0.5246371346162266,0.49725580059442037,0,0,2026-03-20__2026-04-19,0.50-0.60,0.40-0.50
1391067,2026-02-21 13:00:00+00:00,La Liga,Real Sociedad,Oviedo,Draw,2,Home,Home,0.5241535227515066,0.5842113661175574,0,0,2026-02-18__2026-03-20,0.50-0.60,0.50-0.60
1052600,2024-05-04 18:45:00+00:00,Serie A,Sassuolo,Inter,Home,0,Away,Away,0.523386705526628,0.6142963514519733,0,0,2024-04-29__2024-05-29,0.50-0.60,0.60-0.70
1391089,2026-03-13 20:00:00+00:00,La Liga,Alaves,Villarreal,Draw,0,Away,Away,0.522923324294963,0.43814418821977297,0,0,2026-02-18__2026-03-20,0.50-0.60,0.40-0.50
1388429,2025-12-14 14:30:00+00:00,Bundesliga,SC Freiburg,Borussia Dortmund,Draw,0,Away,Away,0.5213500839547356,0.43620718548040416,0,0,2025-11-20__2025-12-20,0.50-0.60,0.40-0.50
1379225,2026-02-11 19:30:00+00:00,Premier League,Nottingham Forest,Wolves,Draw,2,Home,Home,0.5208778164762489,0.563529319658655,0,0,2026-01-19__2026-02-18,0.50-0.60,0.50-0.60
1388552,2026-04-04 13:30:00+00:00,Bundesliga,Borussia Mönchengladbach,1. FC Heidenheim,Draw,2,Home,Home,0.5206606784140441,0.6026468901320753,0,0,2026-03-20__2026-04-19,0.50-0.60,0.60-0.70
1388000,2026-05-17 19:00:00+00:00,Ligue 1,Nantes,Toulouse,Draw,0,Away,Away,0.520625246274895,0.35612903225806447,0,0,2026-04-19__2026-05-19,0.50-0.60,<=0.40
1378099,2026-02-08 14:00:00+00:00,Serie A,Lecce,Udinese,Home,0,Away,Away,0.5205952675778031,0.36146272624071996,0,0,2026-01-19__2026-02-18,0.50-0.60,<=0.40
1035525,2024-05-04 14:00:00+00:00,Premier League,Brentford,Fulham,Draw,2,Home,Home,0.5198872075349596,0.4438928929406711,0,0,2024-04-29__2024-05-29,0.50-0.60,0.40-0.50
1378020,2025-12-20 17:00:00+00:00,Serie A,Lazio,Cremonese,Draw,2,Home,Home,0.5197731867821446,0.6031388169799649,0,0,2025-11-20__2025-12-20,0.50-0.60,0.60-0.70
1379086,2025-11-24 20:00:00+00:00,Premier League,Manchester United,Everton,Away,2,Home,Home,0.5194569157101945,0.5583679831433617,0,0,2025-11-20__2025-12-20,0.50-0.60,0.50-0.60
1379262,2026-03-14 17:30:00+00:00,Premier League,Chelsea,Newcastle,Away,2,Home,Home,0.519283451362898,0.527674218673851,0,0,2026-02-18__2026-03-20,0.50-0.60,0.50-0.60
1379222,2026-02-11 19:30:00+00:00,Premier League,Crystal Palace,Burnley,Away,2,Home,Home,0.5189344160789459,0.5613731295518378,0,0,2026-01-19__2026-02-18,0.50-0.60,0.50-0.60
1388414,2025-11-29 14:30:00+00:00,Bundesliga,Union Berlin,1. FC Heidenheim,Away,2,Home,Home,0.5181803720855409,0.5354871171159864,0,0,2025-11-20__2025-12-20,0.50-0.60,0.50-0.60
1049165,2024-05-03 18:30:00+00:00,Bundesliga,1899 Hoffenheim,RB Leipzig,Draw,0,Away,Away,0.5181188981549456,0.6198347107438017,0,0,2024-04-29__2024-05-29,0.50-0.60,0.60-0.70
1379163,2026-01-04 15:15:00+00:00,Premier League,Fulham,Liverpool,Draw,0,Away,Away,0.5180194423916961,0.48151524176541555,0,0,2025-12-20__2026-01-19,0.50-0.60,0.40-0.50
1379200,2026-01-31 15:00:00+00:00,Premier League,Brighton,Everton,Draw,2,Home,Home,0.5161665950473839,0.515722824990278,0,0,2026-01-19__2026-02-18,0.50-0.60,0.50-0.60
1387777,2025-10-24 18:45:00+00:00,Ligue 1,Paris FC,Nantes,Away,2,Home,Home,0.5158509171814363,0.5710990589372119,0,0,2025-10-21__2025-11-20,0.50-0.60,0.50-0.60
1379326,2026-05-09 14:00:00+00:00,Premier League,Sunderland,Manchester United,Draw,0,Away,Away,0.5151934812663813,0.5061516684492139,0,0,2026-04-19__2026-05-19,0.50-0.60,0.50-0.60
1391121,2026-04-12 16:30:00+00:00,La Liga,Celta Vigo,Oviedo,Away,2,Home,Home,0.5148422888553627,0.5789917091419359,0,0,2026-03-20__2026-04-19,0.50-0.60,0.50-0.60
1391015,2026-01-17 15:15:00+00:00,La Liga,Mallorca,Athletic Club,Home,0,Away,Away,0.5147752352047127,0.43428679496069655,0,0,2025-12-20__2026-01-19,0.50-0.60,0.40-0.50
1387819,2025-11-29 20:05:00+00:00,Ligue 1,Marseille,Toulouse,Draw,2,Home,Home,0.5141109669530208,0.5748354753910735,0,0,2025-11-20__2025-12-20,0.50-0.60,0.50-0.60
1379197,2026-01-25 14:00:00+00:00,Premier League,Newcastle,Aston Villa,Away,2,Home,Home,0.5132388599329916,0.48527286643605655,0,0,2026-01-19__2026-02-18,0.50-0.60,0.40-0.50
1391111,2026-04-04 16:30:00+00:00,La Liga,Real Betis,Espanyol,Draw,2,Home,Home,0.5112738504545824,0.5253155154319997,0,0,2026-03-20__2026-04-19,0.50-0.60,0.50-0.60
1388469,2026-01-17 14:30:00+00:00,Bundesliga,VfL Wolfsburg,1. FC Heidenheim,Draw,2,Home,Home,0.5111422465900702,0.6017138915616447,0,0,2025-12-20__2026-01-19,0.50-0.60,0.60-0.70
1378105,2026-02-14 14:00:00+00:00,Serie A,Como,Fiorentina,Away,2,Home,Home,0.5110830706596046,0.5522269838609192,0,0,2026-01-19__2026-02-18,0.50-0.60,0.50-0.60
1377962,2025-11-01 14:00:00+00:00,Serie A,Udinese,Atalanta,Home,0,Away,Away,0.5108782072597592,0.4953379409869978,0,0,2025-10-21__2025-11-20,0.50-0.60,0.40-0.50
1387844,2026-01-03 20:05:00+00:00,Ligue 1,Lille,Rennes,Away,2,Home,Home,0.5105113631797645,0.5065789772920705,0,0,2025-12-20__2026-01-19,0.50-0.60,0.50-0.60
1378095,2026-02-08 11:30:00+00:00,Serie A,Bologna,Parma,Away,2,Home,Home,0.5104189059347779,0.5915681258588387,0,0,2026-01-19__2026-02-18,0.50-0.60,0.50-0.60
1379217,2026-02-07 17:30:00+00:00,Premier League,Newcastle,Brentford,Away,2,Home,Home,0.510301051931851,0.5106510424175622,0,0,2026-01-19__2026-02-18,0.50-0.60,0.50-0.60
1379080,2025-11-22 15:00:00+00:00,Premier League,Bournemouth,West Ham,Draw,2,Home,Home,0.5100979306114244,0.5828561517917528,0,0,2025-11-20__2025-12-20,0.50-0.60,0.50-0.60
1377939,2025-10-25 13:00:00+00:00,Serie A,Parma,Como,Draw,0,Away,Away,0.5095198296930302,0.45086829547353974,0,0,2025-10-21__2025-11-20,0.50-0.60,0.40-0.50
1379323,2026-05-09 11:30:00+00:00,Premier League,Liverpool,Chelsea,Draw,2,Home,Home,0.5085761468106161,0.4946575228146308,0,0,2026-04-19__2026-05-19,0.50-0.60,0.40-0.50
1379050,2025-10-26 14:00:00+00:00,Premier League,Aston Villa,Manchester City,Home,0,Away,Away,0.5085024034107799,0.5018873946057053,0,0,2025-10-21__2025-11-20,0.50-0.60,0.50-0.60
1387848,2026-01-03 18:00:00+00:00,Ligue 1,Nice,Strasbourg,Draw,0,Away,Away,0.5078757533379674,0.3857576837240383,0,0,2025-12-20__2026-01-19,0.50-0.60,<=0.40
1379142,2025-12-27 17:30:00+00:00,Premier League,Chelsea,Aston Villa,Away,2,Home,Home,0.5063881126752592,0.5111259669821879,0,0,2025-12-20__2026-01-19,0.50-0.60,0.50-0.60
1387867,2026-01-25 16:15:00+00:00,Ligue 1,Paris FC,Angers,Draw,2,Home,Home,0.5056982428045153,0.5066537034601845,0,0,2026-01-19__2026-02-18,0.50-0.60,0.50-0.60
1387931,2026-03-15 14:00:00+00:00,Ligue 1,Strasbourg,Paris FC,Draw,2,Home,Home,0.505052852953543,0.5475848284603739,0,0,2026-02-18__2026-03-20,0.50-0.60,0.50-0.60
1052613,2024-05-20 18:45:00+00:00,Serie A,Bologna,Juventus,Draw,2,Home,Home,0.5049786164263107,0.3654146652005324,0,0,2024-04-29__2024-05-29,0.50-0.60,<=0.40
1049161,2024-05-05 13:30:00+00:00,Bundesliga,Union Berlin,Vfl Bochum,Away,2,Home,Home,0.503777725302671,0.4896329344033838,0,0,2024-04-29__2024-05-29,0.50-0.60,0.40-0.50
1388556,2026-04-04 13:30:00+00:00,Bundesliga,1899 Hoffenheim,FSV Mainz 05,Away,2,Home,Home,0.5034952363567173,0.5303716796843152,0,0,2026-03-20__2026-04-19,0.50-0.60,0.50-0.60
1390979,2025-12-22 20:00:00+00:00,La Liga,Athletic Club,Espanyol,Away,2,Home,Home,0.5033843236697276,0.5727164851671048,0,0,2025-12-20__2026-01-19,0.50-0.60,0.50-0.60
1387976,2026-04-25 19:05:00+00:00,Ligue 1,Toulouse,Monaco,Draw,0,Away,Away,0.5030219374124165,0.43836757455443964,0,0,2026-04-19__2026-05-19,0.50-0.60,0.40-0.50
1388516,2026-02-28 14:30:00+00:00,Bundesliga,Bayer Leverkusen,FSV Mainz 05,Draw,2,Home,Home,0.5021730487961098,0.573102083771642,0,0,2026-02-18__2026-03-20,0.50-0.60,0.50-0.60
1379330,2026-05-15 19:00:00+00:00,Premier League,Aston Villa,Liverpool,Home,0,Away,Away,0.5015570889029808,0.49449059437221043,0,0,2026-04-19__2026-05-19,0.50-0.60,0.40-0.50
1378076,2026-01-24 17:00:00+00:00,Serie A,Fiorentina,Cagliari,Away,2,Home,Home,0.5009692573722194,0.5602061929110518,0,0,2026-01-19__2026-02-18,0.50-0.60,0.50-0.60
1388443,2026-01-10 17:30:00+00:00,Bundesliga,Bayer Leverkusen,VfB Stuttgart,Away,2,Home,Home,0.5007802423494924,0.48742384948246353,0,0,2025-12-20__2026-01-19,0.50-0.60,0.40-0.50
1378132,2026-03-02 19:45:00+00:00,Serie A,Udinese,Fiorentina,Home,0,Away,Away,0.49926166678742284,0.40934289356789294,0,0,2026-02-18__2026-03-20,0.40-0.50,0.40-0.50
1390956,2025-12-01 20:00:00+00:00,La Liga,Rayo Vallecano,Valencia,Draw,2,Home,Home,0.4988958442991443,0.5286561310369164,0,0,2025-11-20__2025-12-20,0.40-0.50,0.50-0.60
1391160,2026-05-09 16:30:00+00:00,La Liga,Atletico Madrid,Celta Vigo,Away,2,Home,Home,0.49820757048963527,0.5094175023527594,0,0,2026-04-19__2026-05-19,0.40-0.50,0.50-0.60
1387845,2026-01-04 16:15:00+00:00,Ligue 1,Lorient,Metz,Draw,2,Home,Home,0.4979845991491645,0.5395521598731059,0,0,2025-12-20__2026-01-19,0.40-0.50,0.50-0.60
1038323,2024-05-26 14:15:00+00:00,La Liga,Celta Vigo,Valencia,Draw,2,Home,Home,0.49793631834680235,0.4987793954934228,0,0,2024-04-29__2024-05-29,0.40-0.50,0.40-0.50
1388528,2026-03-07 14:30:00+00:00,Bundesliga,FSV Mainz 05,VfB Stuttgart,Draw,0,Away,Away,0.4978515952565573,0.4243508444778953,0,0,2026-02-18__2026-03-20,0.40-0.50,0.40-0.50
1387825,2025-12-05 18:00:00+00:00,Ligue 1,Stade Brestois 29,Monaco,Home,0,Away,Away,0.497812336640179,0.4242720437042305,0,0,2025-11-20__2025-12-20,0.40-0.50,0.40-0.50
1387956,2026-04-10 17:00:00+00:00,Ligue 1,Paris FC,Monaco,Home,0,Away,Away,0.49721801453520376,0.4520246081462628,0,0,2026-03-20__2026-04-19,0.40-0.50,0.40-0.50
1379332,2026-05-17 14:00:00+00:00,Premier League,Brentford,Crystal Palace,Draw,2,Home,Home,0.4971971209095067,0.5582877838827351,0,0,2026-04-19__2026-05-19,0.40-0.50,0.50-0.60
1387789,2025-11-02 19:45:00+00:00,Ligue 1,Stade Brestois 29,Lyon,Draw,0,Away,Away,0.49717771466805843,0.41789450118957255,0,0,2025-10-21__2025-11-20,0.40-0.50,0.40-0.50
1387898,2026-02-20 19:45:00+00:00,Ligue 1,Stade Brestois 29,Marseille,Home,0,Away,Away,0.49702265250192096,0.5070251232088786,0,0,2026-02-18__2026-03-20,0.40-0.50,0.50-0.60
1387899,2026-02-21 16:00:00+00:00,Ligue 1,Lens,Monaco,Away,2,Home,Home,0.4969547258335774,0.48930633249720507,0,0,2026-02-18__2026-03-20,0.40-0.50,0.40-0.50
1379187,2026-01-17 15:00:00+00:00,Premier League,Tottenham,West Ham,Away,2,Home,Home,0.49660707932805903,0.556214365411236,0,0,2025-12-20__2026-01-19,0.40-0.50,0.50-0.60
1379180,2026-01-19 20:00:00+00:00,Premier League,Brighton,Bournemouth,Draw,2,Home,Home,0.4958881301729471,0.506835505131989,0,0,2026-01-19__2026-02-18,0.40-0.50,0.50-0.60
1390960,2025-12-06 20:00:00+00:00,La Liga,Athletic Club,Atletico Madrid,Home,0,Away,Away,0.4957411405900487,0.4339496475526446,0,0,2025-11-20__2025-12-20,0.40-0.50,0.40-0.50
1387828,2025-12-07 19:45:00+00:00,Ligue 1,Lorient,Lyon,Home,0,Away,Away,0.4955312232645162,0.41897560315557275,0,0,2025-11-20__2025-12-20,0.40-0.50,0.40-0.50
1379125,2025-12-15 20:00:00+00:00,Premier League,Manchester United,Bournemouth,Draw,2,Home,Home,0.49538228759595143,0.5088910009824288,0,0,2025-11-20__2025-12-20,0.40-0.50,0.50-0.60
1052614,2024-05-17 18:45:00+00:00,Serie A,Fiorentina,Napoli,Draw,2,Home,Home,0.4952882350353061,0.39436938484357376,0,0,2024-04-29__2024-05-29,0.40-0.50,<=0.40
1387941,2026-04-05 13:00:00+00:00,Ligue 1,Angers,Lyon,Draw,0,Away,Away,0.4937173036479868,0.5253231220069376,0,0,2026-03-20__2026-04-19,0.40-0.50,0.50-0.60
1388513,2026-02-21 14:30:00+00:00,Bundesliga,Union Berlin,Bayer Leverkusen,Home,0,Away,Away,0.49366043047421415,0.39628247095143165,0,0,2026-02-18__2026-03-20,0.40-0.50,<=0.40
1377977,2025-11-23 19:45:00+00:00,Serie A,Inter,AC Milan,Away,2,Home,Home,0.49327552082523146,0.5021762177607157,0,0,2025-11-20__2025-12-20,0.40-0.50,0.50-0.60
1388590,2026-05-02 13:30:00+00:00,Bundesliga,Eintracht Frankfurt,Hamburger SV,Away,2,Home,Home,0.4925957452675149,0.554993344283479,0,0,2026-04-19__2026-05-19,0.40-0.50,0.50-0.60
1378116,2026-02-21 19:45:00+00:00,Serie A,Cagliari,Lazio,Draw,0,Away,Away,0.49216169826517653,0.40309507876042416,0,0,2026-02-18__2026-03-20,0.40-0.50,0.40-0.50
1379270,2026-03-20 20:00:00+00:00,Premier League,Bournemouth,Manchester United,Draw,0,Away,Away,0.49195649174559647,0.42025980001849594,0,0,2026-03-20__2026-04-19,0.40-0.50,0.40-0.50
1388512,2026-02-22 16:30:00+00:00,Bundesliga,FC St. Pauli,Werder Bremen,Home,0,Away,Away,0.491028751030015,0.3584331615115763,0,0,2026-02-18__2026-03-20,0.40-0.50,<=0.40
1387914,2026-03-07 18:00:00+00:00,Ligue 1,Auxerre,Strasbourg,Draw,0,Away,Away,0.49004395381283566,0.44736141906873617,0,0,2026-02-18__2026-03-20,0.40-0.50,0.40-0.50
1391070,2026-03-01 17:30:00+00:00,La Liga,Real Betis,Sevilla,Draw,2,Home,Home,0.4895266686011223,0.4957074894399497,0,0,2026-02-18__2026-03-20,0.40-0.50,0.40-0.50
1387773,2025-10-25 19:05:00+00:00,Ligue 1,Lens,Marseille,Home,0,Away,Away,0.48815419513200137,0.40180415660214613,0,0,2025-10-21__2025-11-20,0.40-0.50,0.40-0.50
1388384,2025-11-01 14:30:00+00:00,Bundesliga,FSV Mainz 05,Werder Bremen,Draw,2,Home,Home,0.4881288989469889,0.48170726895082167,0,0,2025-10-21__2025-11-20,0.40-0.50,0.40-0.50
1387877,2026-02-01 16:15:00+00:00,Ligue 1,Toulouse,Auxerre,Draw,2,Home,Home,0.4878622241251959,0.5402887650950409,0,0,2026-01-19__2026-02-18,0.40-0.50,0.50-0.60
1378137,2026-03-08 14:00:00+00:00,Serie A,Fiorentina,Parma,Draw,2,Home,Home,0.48773672371669213,0.5525889529018038,0,0,2026-02-18__2026-03-20,0.40-0.50,0.50-0.60
1038315,2024-05-19 17:00:00+00:00,La Liga,Real Betis,Real Sociedad,Away,2,Home,Home,0.4876715241181468,0.3358876117496807,0,0,2024-04-29__2024-05-29,0.40-0.50,<=0.40
1387925,2026-03-14 16:00:00+00:00,Ligue 1,Lorient,Lens,Home,0,Away,Away,0.4875086898022059,0.51303540957643,0,0,2026-02-18__2026-03-20,0.40-0.50,0.50-0.60
1387991,2026-05-10 19:00:00+00:00,Ligue 1,Monaco,Lille,Away,2,Home,Home,0.48642795221884266,0.422166398493685,0,0,2026-04-19__2026-05-19,0.40-0.50,0.40-0.50
1052622,2024-05-19 13:00:00+00:00,Serie A,Udinese,Empoli,Draw,2,Home,Home,0.4860897228951755,0.45631342213337395,0,0,2024-04-29__2024-05-29,0.40-0.50,0.40-0.50
1544684,2026-05-12 18:30:00+00:00,Ligue 1,RED Star FC 93,Rodez,Away,2,Home,Home,0.4859964111443704,0.5232500623842696,0,0,2026-04-19__2026-05-19,0.40-0.50,0.50-0.60
1377948,2025-10-29 19:45:00+00:00,Serie A,Genoa,Cremonese,Away,2,Home,Home,0.48570846105687604,0.5140334706500463,0,0,2025-10-21__2025-11-20,0.40-0.50,0.50-0.60
1388574,2026-04-18 13:30:00+00:00,Bundesliga,1899 Hoffenheim,Borussia Dortmund,Home,0,Away,Away,0.4854712910569204,0.4020993421904235,0,0,2026-03-20__2026-04-19,0.40-0.50,0.40-0.50
1390938,2025-11-09 17:30:00+00:00,La Liga,Valencia,Real Betis,Draw,0,Away,Away,0.48546696555819885,0.42003054685870644,0,0,2025-10-21__2025-11-20,0.40-0.50,0.40-0.50
1038291,2024-05-05 16:30:00+00:00,La Liga,Valencia,Alaves,Away,2,Home,Home,0.48535048763394023,0.45540796963946867,0,0,2024-04-29__2024-05-29,0.40-0.50,0.40-0.50
1379229,2026-02-21 15:00:00+00:00,Premier League,Aston Villa,Leeds,Draw,2,Home,Home,0.4843891775896322,0.5325642268840032,0,0,2026-02-18__2026-03-20,0.40-0.50,0.50-0.60
1391095,2026-03-16 20:00:00+00:00,La Liga,Rayo Vallecano,Levante,Draw,2,Home,Home,0.48382330282803226,0.5633684685473342,0,0,2026-02-18__2026-03-20,0.40-0.50,0.50-0.60
1391013,2026-01-16 20:00:00+00:00,La Liga,Espanyol,Girona,Away,2,Home,Home,0.4836939035922889,0.5042100913266486,0,0,2025-12-20__2026-01-19,0.40-0.50,0.50-0.60
1379283,2026-04-12 13:00:00+00:00,Premier League,Crystal Palace,Newcastle,Home,0,Away,Away,0.48360619525231735,0.3883590991494589,0,0,2026-03-20__2026-04-19,0.40-0.50,<=0.40
1390909,2025-10-25 16:30:00+00:00,La Liga,Athletic Club,Getafe,Away,2,Home,Home,0.48258711906422486,0.5627433840093962,0,0,2025-10-21__2025-11-20,0.40-0.50,0.50-0.60
1387962,2026-04-18 15:00:00+00:00,Ligue 1,Lorient,Marseille,Home,0,Away,Away,0.48236873704045796,0.4954750322310626,0,0,2026-03-20__2026-04-19,0.40-0.50,0.40-0.50
1391093,2026-03-14 13:00:00+00:00,La Liga,Girona,Athletic Club,Home,0,Away,Away,0.4822005177885412,0.36134498311077196,0,0,2026-02-18__2026-03-20,0.40-0.50,<=0.40
1388441,2025-12-20 14:30:00+00:00,Bundesliga,VfB Stuttgart,1899 Hoffenheim,Draw,2,Home,Home,0.4811762514044065,0.4954947110045344,0,0,2025-11-20__2025-12-20,0.40-0.50,0.40-0.50
1387935,2026-03-22 16:15:00+00:00,Ligue 1,Marseille,Lille,Away,2,Home,Home,0.4808267669670048,0.48916318956552457,0,0,2026-03-20__2026-04-19,0.40-0.50,0.40-0.50
1391127,2026-04-11 12:00:00+00:00,La Liga,Real Sociedad,Alaves,Draw,2,Home,Home,0.4804373027121747,0.5287819075883016,0,0,2026-03-20__2026-04-19,0.40-0.50,0.50-0.60
1379199,2026-02-01 14:00:00+00:00,Premier League,Aston Villa,Brentford,Away,2,Home,Home,0.4802369714758696,0.48673862591314637,0,0,2026-01-19__2026-02-18,0.40-0.50,0.40-0.50
1379173,2026-01-07 19:30:00+00:00,Premier League,Crystal Palace,Aston Villa,Draw,0,Away,Away,0.479186741232447,0.39135373935990897,0,0,2025-12-20__2026-01-19,0.40-0.50,<=0.40
1378058,2026-01-11 19:45:00+00:00,Serie A,Inter,Napoli,Draw,2,Home,Home,0.47916670291464736,0.531526841547406,0,0,2025-12-20__2026-01-19,0.40-0.50,0.50-0.60
1038331,2024-05-26 14:15:00+00:00,La Liga,Las Palmas,Alaves,Draw,2,Home,Home,0.478555578428682,0.3795102784033735,0,0,2024-04-29__2024-05-29,0.40-0.50,<=0.40
1388440,2025-12-20 17:30:00+00:00,Bundesliga,RB Leipzig,Bayer Leverkusen,Away,2,Home,Home,0.47825249326030284,0.47258807705759603,0,0,2025-11-20__2025-12-20,0.40-0.50,0.40-0.50
1052597,2024-05-04 16:00:00+00:00,Serie A,Monza,Lazio,Draw,0,Away,Away,0.47749559290571697,0.5084398976982096,0,0,2024-04-29__2024-05-29,0.40-0.50,0.50-0.60
1379167,2026-01-04 15:00:00+00:00,Premier League,Tottenham,Sunderland,Draw,2,Home,Home,0.47747776919715074,0.5232140298873581,0,0,2025-12-20__2026-01-19,0.40-0.50,0.50-0.60
1388437,2025-12-20 14:30:00+00:00,Bundesliga,Hamburger SV,Eintracht Frankfurt,Draw,0,Away,Away,0.4773270488165567,0.37565168028919,0,0,2025-11-20__2025-12-20,0.40-0.50,<=0.40
1378106,2026-02-15 14:00:00+00:00,Serie A,Cremonese,Genoa,Draw,0,Away,Away,0.4766589660643291,0.37002519804139444,0,0,2026-01-19__2026-02-18,0.40-0.50,<=0.40
1379174,2026-01-07 19:30:00+00:00,Premier League,Everton,Wolves,Draw,2,Home,Home,0.47661810412763667,0.5319306594386488,0,0,2025-12-20__2026-01-19,0.40-0.50,0.50-0.60
1390998,2026-01-04 13:00:00+00:00,La Liga,Sevilla,Levante,Away,2,Home,Home,0.47643088116412385,0.5295367238043217,0,0,2025-12-20__2026-01-19,0.40-0.50,0.50-0.60
1379318,2026-05-02 14:00:00+00:00,Premier League,Wolves,Sunderland,Draw,0,Away,Away,0.4762052964928813,0.3998607473802538,0,0,2026-04-19__2026-05-19,0.40-0.50,<=0.40
1387847,2026-01-03 16:00:00+00:00,Ligue 1,Monaco,Lyon,Away,2,Home,Home,0.47582296676233654,0.4848679989082427,0,0,2025-12-20__2026-01-19,0.40-0.50,0.40-0.50
1379087,2025-11-22 17:30:00+00:00,Premier League,Newcastle,Manchester City,Home,0,Away,Away,0.47415629213421523,0.4398815182433535,0,0,2025-11-20__2025-12-20,0.40-0.50,0.40-0.50
1387924,2026-03-15 16:15:00+00:00,Ligue 1,Le Havre,Lyon,Draw,0,Away,Away,0.47414102199203784,0.4691028352218365,0,0,2026-02-18__2026-03-20,0.40-0.50,0.40-0.50
1391101,2026-03-22 15:15:00+00:00,La Liga,Celta Vigo,Alaves,Away,2,Home,Home,0.4737746039668899,0.5277842307789647,0,0,2026-03-20__2026-04-19,0.40-0.50,0.50-0.60
1379164,2026-01-04 12:30:00+00:00,Premier League,Leeds,Manchester United,Draw,0,Away,Away,0.47375214995537135,0.3829255351033575,0,0,2025-12-20__2026-01-19,0.40-0.50,<=0.40
1378196,2026-04-26 10:30:00+00:00,Serie A,Fiorentina,Sassuolo,Draw,2,Home,Home,0.47351663725948717,0.48821729702760225,0,0,2026-04-19__2026-05-19,0.40-0.50,0.40-0.50
1391043,2026-02-06 20:00:00+00:00,La Liga,Celta Vigo,Osasuna,Away,2,Home,Home,0.4724882638903503,0.4872310428305269,0,0,2026-01-19__2026-02-18,0.40-0.50,0.40-0.50
1052593,2024-05-05 10:30:00+00:00,Serie A,Cagliari,Lecce,Draw,2,Home,Home,0.4719924131308182,0.43187066974595845,0,0,2024-04-29__2024-05-29,0.40-0.50,0.40-0.50
1378219,2026-05-10 18:45:00+00:00,Serie A,AC Milan,Atalanta,Away,2,Home,Home,0.47194434867058793,0.4583190322036891,0,0,2026-04-19__2026-05-19,0.40-0.50,0.40-0.50
1377967,2025-11-09 14:00:00+00:00,Serie A,Genoa,Fiorentina,Draw,0,Away,Away,0.4709453993359951,0.34246589683727846,0,0,2025-10-21__2025-11-20,0.40-0.50,<=0.40
1052626,2024-05-26 18:45:00+00:00,Serie A,Frosinone,Udinese,Away,2,Home,Home,0.4708992735324145,0.3824776260009421,0,0,2024-04-29__2024-05-29,0.40-0.50,<=0.40
1391179,2026-05-17 17:00:00+00:00,La Liga,Athletic Club,Celta Vigo,Draw,2,Home,Home,0.469847227257005,0.5268123656441586,0,0,2026-04-19__2026-05-19,0.40-0.50,0.50-0.60
1379143,2025-12-28 16:30:00+00:00,Premier League,Crystal Palace,Tottenham,Away,2,Home,Home,0.46982821474380904,0.4539963984764172,0,0,2025-12-20__2026-01-19,0.40-0.50,0.40-0.50
1379335,2026-05-17 14:00:00+00:00,Premier League,Leeds,Brighton,Home,0,Away,Away,0.4692529375678957,0.416756534567928,0,0,2026-04-19__2026-05-19,0.40-0.50,0.40-0.50
1387814,2025-11-23 16:15:00+00:00,Ligue 1,Toulouse,Angers,Away,2,Home,Home,0.46889427490882746,0.5903211490522191,0,0,2025-11-20__2025-12-20,0.40-0.50,0.50-0.60
1379153,2026-01-01 17:30:00+00:00,Premier League,Crystal Palace,Fulham,Draw,2,Home,Home,0.4683200710544797,0.4460195335330065,0,0,2025-12-20__2026-01-19,0.40-0.50,0.40-0.50
1391184,2026-05-17 17:00:00+00:00,La Liga,Osasuna,Espanyol,Away,2,Home,Home,0.4681007721738253,0.48414420835810645,0,0,2026-04-19__2026-05-19,0.40-0.50,0.40-0.50
1379127,2025-12-14 14:00:00+00:00,Premier League,Sunderland,Newcastle,Home,0,Away,Away,0.4677011645247641,0.44178932725761694,0,0,2025-11-20__2025-12-20,0.40-0.50,0.40-0.50
1378033,2025-12-27 17:00:00+00:00,Serie A,Udinese,Lazio,Draw,0,Away,Away,0.46696413605050646,0.3807052616352797,0,0,2025-12-20__2026-01-19,0.40-0.50,<=0.40
1378147,2026-03-15 19:45:00+00:00,Serie A,Lazio,AC Milan,Home,0,Away,Away,0.46680407820001385,0.46738013465642825,0,0,2026-02-18__2026-03-20,0.40-0.50,0.40-0.50
1038299,2024-05-12 16:30:00+00:00,La Liga,Valencia,Rayo Vallecano,Draw,2,Home,Home,0.46632129896433033,0.39949367088607596,0,0,2024-04-29__2024-05-29,0.40-0.50,<=0.40
1379134,2025-12-20 20:00:00+00:00,Premier League,Leeds,Crystal Palace,Home,0,Away,Away,0.46626663945282987,0.3732713323978932,0,0,2025-12-20__2026-01-19,0.40-0.50,<=0.40
1379110,2025-12-06 15:00:00+00:00,Premier League,Bournemouth,Chelsea,Draw,0,Away,Away,0.4661356968356754,0.40908338321637344,0,0,2025-11-20__2025-12-20,0.40-0.50,0.40-0.50
1387785,2025-10-29 20:05:00+00:00,Ligue 1,Paris FC,Lyon,Draw,0,Away,Away,0.4656236705287366,0.37106587425551096,0,0,2025-10-21__2025-11-20,0.40-0.50,<=0.40
1390989,2026-01-04 17:30:00+00:00,La Liga,Alaves,Oviedo,Draw,2,Home,Home,0.4655567718939919,0.5141875335866186,0,0,2025-12-20__2026-01-19,0.40-0.50,0.50-0.60
1038328,2024-05-25 14:15:00+00:00,La Liga,Real Sociedad,Atletico Madrid,Away,2,Home,Home,0.4654834048325972,0.4006968641114983,0,0,2024-04-29__2024-05-29,0.40-0.50,0.40-0.50
1035534,2024-05-11 14:00:00+00:00,Premier League,Bournemouth,Brentford,Away,2,Home,Home,0.4652830559003915,0.4624924238892256,0,0,2024-04-29__2024-05-29,0.40-0.50,0.40-0.50
1391147,2026-04-22 18:00:00+00:00,La Liga,Real Sociedad,Getafe,Away,2,Home,Home,0.46483247242038656,0.5512773876390062,0,0,2026-04-19__2026-05-19,0.40-0.50,0.50-0.60
1388599,2026-05-10 13:30:00+00:00,Bundesliga,Hamburger SV,SC Freiburg,Home,0,Away,Away,0.4645550413080901,0.3894889868902263,0,0,2026-04-19__2026-05-19,0.40-0.50,<=0.40
1378038,2026-01-03 14:00:00+00:00,Serie A,Genoa,Pisa,Draw,2,Home,Home,0.46295857033921145,0.5067156813978485,0,0,2025-12-20__2026-01-19,0.40-0.50,0.50-0.60
1379240,2026-02-28 12:30:00+00:00,Premier League,Bournemouth,Sunderland,Draw,2,Home,Home,0.4629350039467622,0.5148514851485149,0,0,2026-02-18__2026-03-20,0.40-0.50,0.50-0.60
1390927,2025-11-03 20:00:00+00:00,La Liga,Oviedo,Osasuna,Draw,0,Away,Away,0.46293365071619635,0.36983477167323414,0,0,2025-10-21__2025-11-20,0.40-0.50,<=0.40
1387904,2026-02-21 18:00:00+00:00,Ligue 1,Toulouse,Paris FC,Draw,2,Home,Home,0.46238811755728837,0.4884778075662794,0,0,2026-02-18__2026-03-20,0.40-0.50,0.40-0.50
1390977,2025-12-12 20:00:00+00:00,La Liga,Real Sociedad,Girona,Away,2,Home,Home,0.462337646273239,0.5521614644989556,0,0,2025-11-20__2025-12-20,0.40-0.50,0.50-0.60
1391058,2026-02-14 17:30:00+00:00,La Liga,Sevilla,Alaves,Draw,2,Home,Home,0.46196460869000583,0.44966281550640297,0,0,2026-01-19__2026-02-18,0.40-0.50,0.40-0.50
1388511,2026-02-21 17:30:00+00:00,Bundesliga,RB Leipzig,Borussia Dortmund,Draw,2,Home,Home,0.46140415596933265,0.42506290099191085,0,0,2026-02-18__2026-03-20,0.40-0.50,0.40-0.50
1379334,2026-05-17 14:00:00+00:00,Premier League,Everton,Sunderland,Away,2,Home,Home,0.4613910780561175,0.53551247500652,0,0,2026-04-19__2026-05-19,0.40-0.50,0.50-0.60
1387826,2025-12-07 16:15:00+00:00,Ligue 1,Le Havre,Paris FC,Draw,0,Away,Away,0.4613360719122137,0.37001091521524065,0,0,2025-11-20__2025-12-20,0.40-0.50,<=0.40
1035546,2024-05-19 15:00:00+00:00,Premier League,Brighton,Manchester United,Away,2,Home,Home,0.4611734973916552,0.42512077294685985,0,0,2024-04-29__2024-05-29,0.40-0.50,0.40-0.50
1388394,2025-11-08 14:30:00+00:00,Bundesliga,1899 Hoffenheim,RB Leipzig,Home,0,Away,Away,0.46107710355243825,0.39932459834009515,0,0,2025-10-21__2025-11-20,0.40-0.50,<=0.40
1391026,2026-01-24 17:30:00+00:00,La Liga,Sevilla,Athletic Club,Home,0,Away,Away,0.46096447317404976,0.3852540896447342,0,0,2026-01-19__2026-02-18,0.40-0.50,<=0.40
1379296,2026-04-18 14:00:00+00:00,Premier League,Newcastle,Bournemouth,Away,2,Home,Home,0.4608769360095941,0.5062667875156325,0,0,2026-03-20__2026-04-19,0.40-0.50,0.50-0.60
1379247,2026-02-28 15:00:00+00:00,Premier League,Newcastle,Everton,Away,2,Home,Home,0.46050652046988283,0.5332869163556049,0,0,2026-02-18__2026-03-20,0.40-0.50,0.50-0.60
1379091,2025-11-30 16:30:00+00:00,Premier League,Chelsea,Arsenal,Draw,0,Away,Away,0.46043328714739895,0.4317180521773837,0,0,2025-11-20__2025-12-20,0.40-0.50,0.40-0.50
1378205,2026-05-03 10:30:00+00:00,Serie A,Bologna,Cagliari,Draw,2,Home,Home,0.458988318912305,0.5683155306300628,0,0,2026-04-19__2026-05-19,0.40-0.50,0.50-0.60
1390926,2025-11-01 17:30:00+00:00,La Liga,Real Sociedad,Athletic Club,Home,0,Away,Away,0.4576644562567788,0.3478484961680713,0,0,2025-10-21__2025-11-20,0.40-0.50,<=0.40
1379280,2026-04-11 14:00:00+00:00,Premier League,Brentford,Everton,Draw,2,Home,Home,0.4576309557259451,0.4296667074527321,0,0,2026-03-20__2026-04-19,0.40-0.50,0.40-0.50
1378096,2026-02-07 19:45:00+00:00,Serie A,Fiorentina,Torino,Draw,2,Home,Home,0.45725943616700304,0.5033296585001003,0,0,2026-01-19__2026-02-18,0.40-0.50,0.50-0.60
1378190,2026-04-18 18:45:00+00:00,Serie A,AS Roma,Atalanta,Draw,2,Home,Home,0.45669161837635225,0.4309902185822943,0,0,2026-03-20__2026-04-19,0.40-0.50,0.40-0.50
1391019,2026-01-25 20:00:00+00:00,La Liga,Alaves,Real Betis,Home,0,Away,Away,0.4562795734644758,0.38326586526480516,0,0,2026-01-19__2026-02-18,0.40-0.50,<=0.40
1052602,2024-05-06 18:45:00+00:00,Serie A,Udinese,Napoli,Draw,0,Away,Away,0.45593742327306247,0.46902517003671584,0,0,2024-04-29__2024-05-29,0.40-0.50,0.40-0.50
1390994,2026-01-03 15:15:00+00:00,La Liga,Osasuna,Athletic Club,Draw,0,Away,Away,0.4557793768688401,0.37071710522434,0,0,2025-12-20__2026-01-19,0.40-0.50,<=0.40
1379186,2026-01-17 15:00:00+00:00,Premier League,Sunderland,Crystal Palace,Home,0,Away,Away,0.4557715399897423,0.34838313177314406,0,0,2025-12-20__2026-01-19,0.40-0.50,<=0.40
1388526,2026-03-07 14:30:00+00:00,Bundesliga,SC Freiburg,Bayer Leverkusen,Draw,0,Away,Away,0.4555037657327833,0.416858971751143,0,0,2026-02-18__2026-03-20,0.40-0.50,0.40-0.50
1377958,2025-11-01 17:00:00+00:00,Serie A,Napoli,Como,Draw,2,Home,Home,0.4547234358984554,0.49700451006349994,0,0,2025-10-21__2025-11-20,0.40-0.50,0.40-0.50
1379077,2025-11-08 12:30:00+00:00,Premier League,Tottenham,Manchester United,Draw,0,Away,Away,0.4538363006342808,0.386628392642882,0,0,2025-10-21__2025-11-20,0.40-0.50,<=0.40
1391171,2026-05-12 17:00:00+00:00,La Liga,Celta Vigo,Levante,Away,2,Home,Home,0.4534729289255654,0.5453210083831809,0,0,2026-04-19__2026-05-19,0.40-0.50,0.50-0.60
1391117,2026-04-05 16:30:00+00:00,La Liga,Oviedo,Sevilla,Home,0,Away,Away,0.45322689551681933,0.3596544351200702,0,0,2026-03-20__2026-04-19,0.40-0.50,<=0.40
1391063,2026-02-21 15:15:00+00:00,La Liga,Real Betis,Rayo Vallecano,Draw,2,Home,Home,0.45320775779427575,0.5135040141425882,0,0,2026-02-18__2026-03-20,0.40-0.50,0.50-0.60
1391113,2026-04-06 19:00:00+00:00,La Liga,Girona,Villarreal,Home,0,Away,Away,0.4523256267412759,0.4122466624300978,0,0,2026-03-20__2026-04-19,0.40-0.50,0.40-0.50
1379327,2026-05-11 19:00:00+00:00,Premier League,Tottenham,Leeds,Draw,2,Home,Home,0.4517293118075512,0.5237088252199819,0,0,2026-04-19__2026-05-19,0.40-0.50,0.50-0.60
1378032,2025-12-27 14:00:00+00:00,Serie A,Torino,Cagliari,Away,2,Home,Home,0.451353140432718,0.4843304521735428,0,0,2025-12-20__2026-01-19,0.40-0.50,0.40-0.50
1378006,2025-12-14 14:00:00+00:00,Serie A,Fiorentina,Hellas Verona,Away,2,Home,Home,0.4502814214935246,0.5277684957169084,0,0,2025-11-20__2025-12-20,0.40-0.50,0.50-0.60
1038324,2024-05-26 12:00:00+00:00,La Liga,Getafe,Mallorca,Away,2,Home,Home,0.45012793925962397,0.3969754253308128,0,0,2024-04-29__2024-05-29,0.40-0.50,<=0.40
1378119,2026-02-21 14:00:00+00:00,Serie A,Juventus,Como,Away,2,Home,Home,0.4496106121081325,0.4471450101486443,0,0,2026-02-18__2026-03-20,0.40-0.50,0.40-0.50
1378000,2025-12-06 14:00:00+00:00,Serie A,Sassuolo,Fiorentina,Home,0,Away,Away,0.4495961642679509,0.359174423854298,0,0,2025-11-20__2025-12-20,0.40-0.50,<=0.40
1378029,2025-12-27 11:30:00+00:00,Serie A,Parma,Fiorentina,Home,0,Away,Away,0.4493983028654628,0.4079104078955424,0,0,2025-12-20__2026-01-19,0.40-0.50,0.40-0.50
1377961,2025-11-02 14:00:00+00:00,Serie A,Torino,Pisa,Draw,2,Home,Home,0.4487609672841678,0.4859859832525536,0,0,2025-10-21__2025-11-20,0.40-0.50,0.40-0.50
1035535,2024-05-13 19:00:00+00:00,Premier League,Aston Villa,Liverpool,Draw,0,Away,Away,0.4486576477986305,0.5114918512327623,0,0,2024-04-29__2024-05-29,0.40-0.50,0.50-0.60
1391033,2026-02-01 17:30:00+00:00,La Liga,Getafe,Celta Vigo,Draw,0,Away,Away,0.4486104167131133,0.34956430976974723,0,0,2026-01-19__2026-02-18,0.40-0.50,<=0.40
1387901,2026-02-22 16:15:00+00:00,Ligue 1,Nice,Lorient,Draw,2,Home,Home,0.44750889867680976,0.4352489465969966,0,0,2026-02-18__2026-03-20,0.40-0.50,0.40-0.50
1049166,2024-05-04 13:30:00+00:00,Bundesliga,Werder Bremen,Borussia Monchengladbach,Draw,2,Home,Home,0.44729683303910545,0.39244186046511625,0,0,2024-04-29__2024-05-29,0.40-0.50,<=0.40
1379300,2026-04-22 19:00:00+00:00,Premier League,Bournemouth,Leeds,Draw,2,Home,Home,0.4469227538450075,0.46292127564393937,0,0,2026-04-19__2026-05-19,0.40-0.50,0.40-0.50
1387874,2026-02-01 16:15:00+00:00,Ligue 1,Nice,Stade Brestois 29,Draw,2,Home,Home,0.4460067758178928,0.43901200216414366,0,0,2026-01-19__2026-02-18,0.40-0.50,0.40-0.50
1378167,2026-04-04 18:45:00+00:00,Serie A,Lazio,Parma,Draw,2,Home,Home,0.4459613942308274,0.5228196635527662,0,0,2026-03-20__2026-04-19,0.40-0.50,0.50-0.60
1052601,2024-05-03 18:45:00+00:00,Serie A,Torino,Bologna,Draw,2,Home,Draw,0.44578627931147313,0.3395061728395061,0,1,2024-04-29__2024-05-29,0.40-0.50,<=0.40
1379096,2025-11-29 15:00:00+00:00,Premier League,Sunderland,Bournemouth,Home,0,Away,Away,0.44525051408203226,0.38943075767555996,0,0,2025-11-20__2025-12-20,0.40-0.50,<=0.40
1388595,2026-05-02 13:30:00+00:00,Bundesliga,Werder Bremen,FC Augsburg,Away,2,Home,Home,0.4451291023981036,0.5019115723336229,0,0,2026-04-19__2026-05-19,0.40-0.50,0.50-0.60
1388003,2026-05-17 19:00:00+00:00,Ligue 1,Strasbourg,Monaco,Home,0,Away,Away,0.4447928472331755,0.377439770908975,0,0,2026-04-19__2026-05-19,0.40-0.50,<=0.40
1388439,2025-12-21 14:30:00+00:00,Bundesliga,FSV Mainz 05,FC St. Pauli,Draw,2,Home,Home,0.4445979700304893,0.4809252839406687,0,0,2025-12-20__2026-01-19,0.40-0.50,0.40-0.50
1390951,2025-11-30 17:30:00+00:00,La Liga,Celta Vigo,Espanyol,Away,2,Home,Home,0.4436929239632628,0.4730285832716558,0,0,2025-11-20__2025-12-20,0.40-0.50,0.40-0.50
1378155,2026-03-22 14:00:00+00:00,Serie A,Bologna,Lazio,Away,2,Home,Home,0.4431562041004517,0.41693094162909844,0,0,2026-03-20__2026-04-19,0.40-0.50,0.40-0.50
1391178,2026-05-13 17:00:00+00:00,La Liga,Villarreal,Sevilla,Away,2,Home,Home,0.4429230361236343,0.4717811865950527,0,0,2026-04-19__2026-05-19,0.40-0.50,0.40-0.50
1379310,2026-05-03 18:00:00+00:00,Premier League,Aston Villa,Tottenham,Away,2,Home,Home,0.4422260159554608,0.4321229020900062,0,0,2026-04-19__2026-05-19,0.40-0.50,0.40-0.50
1391024,2026-01-24 13:00:00+00:00,La Liga,Rayo Vallecano,Osasuna,Away,2,Home,Home,0.44143785300122906,0.47556692297290576,0,0,2026-01-19__2026-02-18,0.40-0.50,0.40-0.50
1378062,2026-01-10 14:00:00+00:00,Serie A,Udinese,Pisa,Draw,2,Home,Home,0.44138625479027294,0.48513512829212224,0,0,2025-12-20__2026-01-19,0.40-0.50,0.40-0.50
1388557,2026-04-04 16:30:00+00:00,Bundesliga,VfB Stuttgart,Borussia Dortmund,Away,2,Home,Home,0.44067355633916183,0.4016325983517328,0,0,2026-03-20__2026-04-19,0.40-0.50,0.40-0.50
1379210,2026-02-07 15:00:00+00:00,Premier League,Bournemouth,Aston Villa,Draw,0,Away,Away,0.4395987562524523,0.39142754623737563,0,0,2026-01-19__2026-02-18,0.40-0.50,<=0.40
1049183,2024-05-18 13:30:00+00:00,Bundesliga,1899 Hoffenheim,Bayern Munich,Home,0,Away,Away,0.4395921678504059,0.42256195530454255,0,0,2024-04-29__2024-05-29,0.40-0.50,0.40-0.50
1379058,2025-10-26 14:00:00+00:00,Premier League,Wolves,Burnley,Away,2,Home,Home,0.43954214381019413,0.495842609669323,0,0,2025-10-21__2025-11-20,0.40-0.50,0.40-0.50
1378103,2026-02-06 19:45:00+00:00,Serie A,Hellas Verona,Pisa,Draw,2,Home,Home,0.4393145814951903,0.4333243621471149,0,0,2026-01-19__2026-02-18,0.40-0.50,0.40-0.50
1391186,2026-05-17 17:00:00+00:00,La Liga,Real Sociedad,Valencia,Away,2,Home,Home,0.43891707395783114,0.47980957953646924,0,0,2026-04-19__2026-05-19,0.40-0.50,0.40-0.50
1038321,2024-05-19 17:00:00+00:00,La Liga,Villarreal,Real Madrid,Draw,0,Away,Away,0.4385169285919451,0.4274224435082344,0,0,2024-04-29__2024-05-29,0.40-0.50,0.40-0.50
1379290,2026-04-18 11:30:00+00:00,Premier League,Brentford,Fulham,Draw,2,Home,Home,0.4380921697794086,0.4491662910745593,0,0,2026-03-20__2026-04-19,0.40-0.50,0.40-0.50
1387998,2026-05-17 19:00:00+00:00,Ligue 1,Lyon,Lens,Away,2,Home,Home,0.43791049536681803,0.39453852166772285,0,0,2026-04-19__2026-05-19,0.40-0.50,<=0.40
1378216,2026-05-10 13:00:00+00:00,Serie A,Fiorentina,Genoa,Draw,2,Home,Home,0.4370756279111131,0.47012010144924143,0,0,2026-04-19__2026-05-19,0.40-0.50,0.40-0.50
1391118,2026-04-05 14:15:00+00:00,La Liga,Valencia,Celta Vigo,Away,2,Home,Home,0.4368811660929485,0.41104611327343205,0,0,2026-03-20__2026-04-19,0.40-0.50,0.40-0.50
1387799,2025-11-09 14:00:00+00:00,Ligue 1,Lorient,Toulouse,Draw,0,Away,Away,0.4367937397556734,0.39409792196183907,0,0,2025-10-21__2025-11-20,0.40-0.50,<=0.40
1387830,2025-12-07 14:00:00+00:00,Ligue 1,Nice,Angers,Away,2,Home,Home,0.43604170071050574,0.5433689537565742,0,0,2025-11-20__2025-12-20,0.40-0.50,0.50-0.60
1378042,2026-01-03 14:00:00+00:00,Serie A,Sassuolo,Parma,Draw,2,Home,Home,0.4350778664438107,0.4993772270900801,0,0,2025-12-20__2026-01-19,0.40-0.50,0.40-0.50
1387945,2026-04-05 15:15:00+00:00,Ligue 1,Lorient,Paris FC,Draw,2,Home,Home,0.4350615940946581,0.4108362567177045,0,0,2026-03-20__2026-04-19,0.40-0.50,0.40-0.50
1379213,2026-02-07 15:00:00+00:00,Premier League,Fulham,Everton,Away,2,Home,Home,0.43492492792090176,0.4501282286546974,0,0,2026-01-19__2026-02-18,0.40-0.50,0.40-0.50
1378109,2026-02-15 19:45:00+00:00,Serie A,Napoli,AS Roma,Draw,2,Home,Home,0.4348949330696369,0.4202027220188547,0,0,2026-01-19__2026-02-18,0.40-0.50,0.40-0.50
1052595,2024-05-05 13:00:00+00:00,Serie A,Verona,Fiorentina,Home,0,Away,Away,0.43464441541189514,0.41127321807314093,0,0,2024-04-29__2024-05-29,0.40-0.50,0.40-0.50
1052627,2024-05-24 18:45:00+00:00,Serie A,Genoa,Bologna,Home,0,Away,Away,0.4346113265481469,0.4108416547788873,0,0,2024-04-29__2024-05-29,0.40-0.50,0.40-0.50
1388427,2025-12-13 14:30:00+00:00,Bundesliga,Borussia Mönchengladbach,VfL Wolfsburg,Away,2,Home,Home,0.43460600422614964,0.47494587664704585,0,0,2025-11-20__2025-12-20,0.40-0.50,0.40-0.50
1379321,2026-05-10 13:00:00+00:00,Premier League,Crystal Palace,Everton,Draw,0,Away,Away,0.43446023051548416,0.3561235640296842,0,0,2026-04-19__2026-05-19,0.40-0.50,<=0.40
1378077,2026-01-25 14:00:00+00:00,Serie A,Genoa,Bologna,Home,0,Away,Away,0.4339589653641645,0.3908366481214732,0,0,2026-01-19__2026-02-18,0.40-0.50,<=0.40
1391051,2026-02-14 15:15:00+00:00,La Liga,Getafe,Villarreal,Home,0,Away,Away,0.433894770155533,0.3662058404015835,0,0,2026-01-19__2026-02-18,0.40-0.50,<=0.40
1378184,2026-04-19 10:30:00+00:00,Serie A,Cremonese,Torino,Draw,0,Away,Away,0.4337403216184804,0.36927683826184177,0,0,2026-03-20__2026-04-19,0.40-0.50,<=0.40
1387841,2025-12-14 16:15:00+00:00,Ligue 1,Strasbourg,Lorient,Draw,2,Home,Home,0.4336457575308565,0.5501208299466792,0,0,2025-11-20__2025-12-20,0.40-0.50,0.50-0.60
1387967,2026-04-19 15:15:00+00:00,Ligue 1,Strasbourg,Rennes,Away,2,Home,Home,0.4328074950152728,0.3776404552502527,0,0,2026-03-20__2026-04-19,0.40-0.50,<=0.40
1391172,2026-05-13 17:00:00+00:00,La Liga,Espanyol,Athletic Club,Home,0,Away,Away,0.4326470192886682,0.40059741974545987,0,0,2026-04-19__2026-05-19,0.40-0.50,0.40-0.50
1378159,2026-03-20 19:45:00+00:00,Serie A,Genoa,Udinese,Away,2,Home,Home,0.43260280486598734,0.4363039812302955,0,0,2026-03-20__2026-04-19,0.40-0.50,0.40-0.50
1379205,2026-02-01 14:00:00+00:00,Premier League,Nottingham Forest,Crystal Palace,Draw,2,Home,Home,0.43242558039293266,0.4862709002260162,0,0,2026-01-19__2026-02-18,0.40-0.50,0.40-0.50
1387796,2025-11-02 16:15:00+00:00,Ligue 1,Toulouse,Le Havre,Draw,2,Home,Home,0.4321731531754634,0.5532373009709605,0,0,2025-10-21__2025-11-20,0.40-0.50,0.50-0.60
1379211,2026-02-08 14:00:00+00:00,Premier League,Brighton,Crystal Palace,Away,2,Home,Home,0.4321728154850417,0.484268363733382,0,0,2026-01-19__2026-02-18,0.40-0.50,0.40-0.50
1378199,2026-04-26 18:45:00+00:00,Serie A,AC Milan,Juventus,Draw,2,Home,Home,0.43213435489002483,0.365072737346188,0,0,2026-04-19__2026-05-19,0.40-0.50,<=0.40
1052594,2024-05-05 13:00:00+00:00,Serie A,Empoli,Frosinone,Draw,2,Home,Home,0.43149482650397797,0.39593908629441626,0,0,2024-04-29__2024-05-29,0.40-0.50,<=0.40
1038297,2024-05-10 19:00:00+00:00,La Liga,Alaves,Girona,Draw,0,Away,Away,0.43143459011612095,0.4548697823760257,0,0,2024-04-29__2024-05-29,0.40-0.50,0.40-0.50
1038307,2024-05-16 17:30:00+00:00,La Liga,Las Palmas,Real Betis,Draw,0,Away,Away,0.4314150838528667,0.4558404558404559,0,0,2024-04-29__2024-05-29,0.40-0.50,0.40-0.50
1388473,2026-01-24 14:30:00+00:00,Bundesliga,Eintracht Frankfurt,1899 Hoffenheim,Away,2,Home,Home,0.4304746844796007,0.3800809892795226,0,0,2026-01-19__2026-02-18,0.40-0.50,<=0.40
1378055,2026-01-10 14:00:00+00:00,Serie A,Como,Bologna,Draw,2,Home,Home,0.43045803031003754,0.44993752116339486,0,0,2025-12-20__2026-01-19,0.40-0.50,0.40-0.50
1390913,2025-10-26 13:00:00+00:00,La Liga,Mallorca,Levante,Draw,2,Home,Home,0.43031746610602917,0.4475985015952607,0,0,2025-10-21__2025-11-20,0.40-0.50,0.40-0.50
1379291,2026-04-18 19:00:00+00:00,Premier League,Chelsea,Manchester United,Away,2,Home,Home,0.43012310353041294,0.4309389265577269,0,0,2026-03-20__2026-04-19,0.40-0.50,0.40-0.50
1049173,2024-05-11 13:30:00+00:00,Bundesliga,Borussia Monchengladbach,Eintracht Frankfurt,Draw,2,Home,Home,0.4301150233763818,0.3722084367245657,0,0,2024-04-29__2024-05-29,0.40-0.50,<=0.40
1391012,2026-01-19 20:00:00+00:00,La Liga,Elche,Sevilla,Draw,2,Home,Home,0.4300770171805443,0.423307478022255,0,0,2026-01-19__2026-02-18,0.40-0.50,0.40-0.50
1379215,2026-02-08 16:30:00+00:00,Premier League,Liverpool,Manchester City,Away,2,Home,Home,0.43002837660520704,0.38800613931872324,0,0,2026-01-19__2026-02-18,0.40-0.50,<=0.40
1379120,2025-12-14 16:30:00+00:00,Premier League,Brentford,Leeds,Draw,2,Home,Home,0.42986558197424807,0.47722205893949066,0,0,2025-11-20__2025-12-20,0.40-0.50,0.40-0.50
1388612,2026-05-16 13:30:00+00:00,Bundesliga,Union Berlin,FC Augsburg,Home,0,Away,Home,0.42978622681289785,0.4000023416852718,0,1,2026-04-19__2026-05-19,0.40-0.50,0.40-0.50
1387907,2026-03-01 16:15:00+00:00,Ligue 1,Lorient,Auxerre,Draw,2,Home,Home,0.4296540975211776,0.4470023360507657,0,0,2026-02-18__2026-03-20,0.40-0.50,0.40-0.50
1388598,2026-05-10 15:30:00+00:00,Bundesliga,1. FC Köln,1. FC Heidenheim,Away,2,Home,Home,0.4291675054820302,0.5497606252665812,0,0,2026-04-19__2026-05-19,0.40-0.50,0.50-0.60
1391159,2026-05-10 14:15:00+00:00,La Liga,Athletic Club,Valencia,Away,2,Home,Home,0.4290668155554173,0.5208198847239652,0,0,2026-04-19__2026-05-19,0.40-0.50,0.50-0.60
1378233,2026-05-17 18:45:00+00:00,Serie A,Udinese,Cremonese,Away,2,Home,Home,0.42882475709177265,0.4849576606421893,0,0,2026-04-19__2026-05-19,0.40-0.50,0.40-0.50
1379230,2026-02-21 15:00:00+00:00,Premier League,Brentford,Brighton,Away,2,Home,Home,0.428691860967215,0.47501409011402607,0,0,2026-02-18__2026-03-20,0.40-0.50,0.40-0.50
1049164,2024-05-04 16:30:00+00:00,Bundesliga,1.FC Köln,SC Freiburg,Draw,2,Home,Home,0.4282798543092025,0.4088307440719542,0,0,2024-04-29__2024-05-29,0.40-0.50,0.40-0.50
1377941,2025-10-26 11:30:00+00:00,Serie A,Torino,Genoa,Home,1,Draw,Home,0.4273171266521838,0.40973124976874403,0,1,2025-10-21__2025-11-20,0.40-0.50,0.40-0.50
1378198,2026-04-27 18:45:00+00:00,Serie A,Lazio,Udinese,Draw,2,Home,Home,0.42702747515092737,0.4790986997478358,0,0,2026-04-19__2026-05-19,0.40-0.50,0.40-0.50
1387997,2026-05-17 19:00:00+00:00,Ligue 1,Lorient,Le Havre,Away,2,Home,Home,0.4267168871172014,0.4771437330183684,0,0,2026-04-19__2026-05-19,0.40-0.50,0.40-0.50
1387887,2026-02-15 14:00:00+00:00,Ligue 1,Le Havre,Toulouse,Home,0,Away,Away,0.42662042812851547,0.4288191960981143,0,0,2026-01-19__2026-02-18,0.40-0.50,0.40-0.50
1391022,2026-01-26 20:00:00+00:00,La Liga,Girona,Getafe,Draw,2,Home,Home,0.4259724413206038,0.4566196266661638,0,0,2026-01-19__2026-02-18,0.40-0.50,0.40-0.50
1388415,2025-11-29 14:30:00+00:00,Bundesliga,Werder Bremen,1. FC Köln,Draw,2,Home,Home,0.42579751244508823,0.4211777583275362,0,0,2025-11-20__2025-12-20,0.40-0.50,0.40-0.50
1391103,2026-03-21 15:15:00+00:00,La Liga,Espanyol,Getafe,Away,2,Home,Home,0.4256086696076204,0.39479938609953963,0,0,2026-03-20__2026-04-19,0.40-0.50,<=0.40
1052620,2024-05-19 10:30:00+00:00,Serie A,Sassuolo,Cagliari,Away,2,Home,Home,0.4250918538146014,0.4067796610169492,0,0,2024-04-29__2024-05-29,0.40-0.50,0.40-0.50
1379191,2026-01-25 14:00:00+00:00,Premier League,Brentford,Nottingham Forest,Away,2,Home,Home,0.4249928819599868,0.44216600524099076,0,0,2026-01-19__2026-02-18,0.40-0.50,0.40-0.50
1378104,2026-02-16 19:45:00+00:00,Serie A,Cagliari,Lecce,Away,2,Home,Home,0.4243926545891335,0.4522549600192836,0,0,2026-01-19__2026-02-18,0.40-0.50,0.40-0.50
1035526,2024-05-05 13:00:00+00:00,Premier League,Brighton,Aston Villa,Home,0,Away,Away,0.4243288162648403,0.3773584905660377,0,0,2024-04-29__2024-05-29,0.40-0.50,<=0.40
1391082,2026-03-09 20:00:00+00:00,La Liga,Espanyol,Oviedo,Draw,2,Home,Home,0.4239940066305364,0.49813340846657744,0,0,2026-02-18__2026-03-20,0.40-0.50,0.40-0.50
1390959,2025-12-06 15:15:00+00:00,La Liga,Alaves,Real Sociedad,Home,0,Away,Away,0.423707661222965,0.34853746665603447,0,0,2025-11-20__2025-12-20,0.40-0.50,<=0.40
1377974,2025-11-22 14:00:00+00:00,Serie A,Cagliari,Genoa,Draw,0,Away,Away,0.4234297306149494,0.34987993493671765,0,0,2025-11-20__2025-12-20,0.40-0.50,<=0.40
1391032,2026-01-30 20:00:00+00:00,La Liga,Espanyol,Alaves,Away,2,Home,Home,0.422905983761985,0.4644305227125436,0,0,2026-01-19__2026-02-18,0.40-0.50,0.40-0.50
1378086,2026-02-01 14:00:00+00:00,Serie A,Como,Atalanta,Draw,2,Home,Home,0.4227030463848491,0.4262037817091123,0,0,2026-01-19__2026-02-18,0.40-0.50,0.40-0.50
1391029,2026-02-01 20:00:00+00:00,La Liga,Athletic Club,Real Sociedad,Draw,2,Home,Home,0.42105430434697716,0.4335907975683089,0,0,2026-01-19__2026-02-18,0.40-0.50,0.40-0.50
1387770,2025-10-26 16:15:00+00:00,Ligue 1,Angers,Lorient,Home,0,Away,Away,0.42022833210215516,0.35336079147382277,0,0,2025-10-21__2025-11-20,0.40-0.50,<=0.40
1387995,2026-05-17 19:00:00+00:00,Ligue 1,Stade Brestois 29,Angers,Draw,2,Home,Home,0.42015429216384614,0.5063551236556469,0,0,2026-04-19__2026-05-19,0.40-0.50,0.50-0.60
1200850,2024-05-27 18:30:00+00:00,Bundesliga,Fortuna Dusseldorf,Vfl Bochum,Away,2,Home,Home,0.41998083472058156,0.4309462315097441,0,0,2024-04-29__2024-05-29,0.40-0.50,0.40-0.50
1379150,2026-01-01 20:00:00+00:00,Premier League,Brentford,Tottenham,Draw,2,Home,Home,0.41808614496428814,0.4165311604059133,0,0,2025-12-20__2026-01-19,0.40-0.50,0.40-0.50
1200849,2024-05-23 18:30:00+00:00,Bundesliga,Vfl Bochum,Fortuna Dusseldorf,Away,2,Home,Home,0.41807484566617575,0.4316518659340087,0,0,2024-04-29__2024-05-29,0.40-0.50,0.40-0.50
1052623,2024-05-26 16:00:00+00:00,Serie A,Atalanta,Torino,Home,0,Away,Away,0.41803427220597966,0.4617852048395799,0,0,2024-04-29__2024-05-29,0.40-0.50,0.40-0.50
1378100,2026-02-18 19:45:00+00:00,Serie A,AC Milan,Como,Draw,2,Home,Home,0.4180212420180321,0.4263720368822716,0,0,2026-02-18__2026-03-20,0.40-0.50,0.40-0.50
1387797,2025-11-09 16:15:00+00:00,Ligue 1,Angers,Auxerre,Home,1,Draw,Home,0.41738534253508536,0.36283741368487127,0,1,2025-10-21__2025-11-20,0.40-0.50,<=0.40
1049181,2024-05-18 13:30:00+00:00,Bundesliga,Eintracht Frankfurt,RB Leipzig,Draw,0,Away,Away,0.4167579438419932,0.3773584905660377,0,0,2024-04-29__2024-05-29,0.40-0.50,<=0.40
1388477,2026-01-23 19:30:00+00:00,Bundesliga,FC St. Pauli,Hamburger SV,Draw,2,Home,Home,0.41605627939863166,0.3970186454488808,0,0,2026-01-19__2026-02-18,0.40-0.50,<=0.40
1391036,2026-01-31 15:15:00+00:00,La Liga,Osasuna,Villarreal,Draw,0,Away,Away,0.4150788947194166,0.4180840361816553,0,0,2026-01-19__2026-02-18,0.40-0.50,0.40-0.50
1387946,2026-04-05 15:15:00+00:00,Ligue 1,Metz,Nantes,Draw,0,Away,Away,0.4150737578068597,0.38234909829826264,0,0,2026-03-20__2026-04-19,0.40-0.50,<=0.40
1387805,2025-11-09 16:15:00+00:00,Ligue 1,Strasbourg,Lille,Home,0,Away,Away,0.41503389743453833,0.3822074609040541,0,0,2025-10-21__2025-11-20,0.40-0.50,<=0.40
1391050,2026-02-14 13:00:00+00:00,La Liga,Espanyol,Celta Vigo,Draw,2,Home,Home,0.4149267577064379,0.40350212155775705,0,0,2026-01-19__2026-02-18,0.40-0.50,0.40-0.50
1379223,2026-02-10 19:30:00+00:00,Premier League,Everton,Bournemouth,Away,2,Home,Home,0.41488501886344004,0.3877193434224124,0,0,2026-01-19__2026-02-18,0.40-0.50,<=0.40
1387930,2026-03-15 19:45:00+00:00,Ligue 1,Rennes,Lille,Away,2,Home,Home,0.41456024234314365,0.41538502953373674,0,0,2026-02-18__2026-03-20,0.40-0.50,0.40-0.50
1035510,2024-05-15 19:00:00+00:00,Premier League,Manchester United,Newcastle,Home,0,Away,Away,0.41438459057289334,0.3807574206755373,0,0,2024-04-29__2024-05-29,0.40-0.50,<=0.40
1379298,2026-04-18 16:30:00+00:00,Premier League,Tottenham,Brighton,Draw,0,Away,Home,0.4140585420595844,0.37271367767168984,0,0,2026-03-20__2026-04-19,0.40-0.50,<=0.40
1387823,2025-11-30 14:00:00+00:00,Ligue 1,Strasbourg,Stade Brestois 29,Away,2,Home,Home,0.4137862436223713,0.4846079989050144,0,0,2025-11-20__2025-12-20,0.40-0.50,0.40-0.50
1379254,2026-03-03 19:30:00+00:00,Premier League,Leeds,Sunderland,Away,2,Home,Home,0.41376935625763894,0.48939985984575096,0,0,2026-02-18__2026-03-20,0.40-0.50,0.40-0.50
1391049,2026-02-13 20:00:00+00:00,La Liga,Elche,Osasuna,Draw,0,Away,Away,0.41357627896430804,0.3523490977103799,0,0,2026-01-19__2026-02-18,0.40-0.50,<=0.40
1379100,2025-12-02 19:30:00+00:00,Premier League,Bournemouth,Everton,Away,2,Home,Home,0.4130121770752923,0.4648818242059729,0,0,2025-11-20__2025-12-20,0.40-0.50,0.40-0.50
1379097,2025-11-29 20:00:00+00:00,Premier League,Tottenham,Fulham,Away,2,Home,Home,0.4120483334016382,0.47195260249753773,0,0,2025-11-20__2025-12-20,0.40-0.50,0.40-0.50
1377995,2025-12-07 11:30:00+00:00,Serie A,Cremonese,Lecce,Home,0,Away,Home,0.4113668149174428,0.3536704832786037,0,1,2025-11-20__2025-12-20,0.40-0.50,<=0.40
1379072,2025-11-09 14:00:00+00:00,Premier League,Crystal Palace,Brighton,Draw,2,Home,Home,0.4106200397607585,0.41772882458136884,0,0,2025-10-21__2025-11-20,0.40-0.50,0.40-0.50
1379070,2025-11-09 14:00:00+00:00,Premier League,Brentford,Newcastle,Home,0,Away,Away,0.4104324784171785,0.40133960545002795,0,0,2025-10-21__2025-11-20,0.40-0.50,0.40-0.50
1377980,2025-11-24 19:45:00+00:00,Serie A,Sassuolo,Pisa,Draw,2,Home,Home,0.41021859598559834,0.4676603384042567,0,0,2025-11-20__2025-12-20,0.40-0.50,0.40-0.50
1378192,2026-04-18 13:00:00+00:00,Serie A,Udinese,Parma,Away,2,Home,Home,0.4097988548905031,0.42384290321268925,0,0,2026-03-20__2026-04-19,0.40-0.50,0.40-0.50
1387985,2026-05-03 15:15:00+00:00,Ligue 1,Strasbourg,Toulouse,Away,2,Home,Home,0.4097916698454831,0.40738336140287723,0,0,2026-04-19__2026-05-19,0.40-0.50,0.40-0.50
1387822,2025-11-29 18:00:00+00:00,Ligue 1,Paris FC,Auxerre,Draw,2,Home,Home,0.409710884191305,0.5240570942433121,0,0,2025-11-20__2025-12-20,0.40-0.50,0.50-0.60
1391132,2026-04-27 19:00:00+00:00,La Liga,Espanyol,Levante,Draw,2,Home,Home,0.4092265156209851,0.5025932929364364,0,0,2026-04-19__2026-05-19,0.40-0.50,0.50-0.60
1391112,2026-04-05 12:00:00+00:00,La Liga,Getafe,Athletic Club,Home,0,Away,Away,0.40863445629671985,0.3481859423347154,0,0,2026-03-20__2026-04-19,0.40-0.50,<=0.40
1379156,2025-12-30 19:30:00+00:00,Premier League,Nottingham Forest,Everton,Away,2,Home,Home,0.40800557997897297,0.41311549821430266,0,0,2025-12-20__2026-01-19,0.40-0.50,0.40-0.50
1378064,2026-01-18 14:00:00+00:00,Serie A,Bologna,Fiorentina,Away,2,Home,Home,0.4071256610552225,0.45045535494345634,0,0,2025-12-20__2026-01-19,0.40-0.50,0.40-0.50
1388538,2026-03-14 17:30:00+00:00,Bundesliga,Hamburger SV,1. FC Köln,Draw,2,Home,Home,0.40711667370762666,0.4485130319303533,0,0,2026-02-18__2026-03-20,0.40-0.50,0.40-0.50
1378129,2026-03-01 19:45:00+00:00,Serie A,AS Roma,Juventus,Draw,2,Home,Home,0.4067118193825521,0.3492565565931949,0,0,2026-02-18__2026-03-20,0.40-0.50,<=0.40
1388530,2026-03-08 14:30:00+00:00,Bundesliga,FC St. Pauli,Eintracht Frankfurt,Draw,0,Away,Home,0.40657968499542313,0.3741418920998244,0,0,2026-02-18__2026-03-20,0.40-0.50,<=0.40
1378142,2026-03-08 19:45:00+00:00,Serie A,AC Milan,Inter,Home,0,Away,Away,0.40657075145409505,0.4364968274960456,0,0,2026-02-18__2026-03-20,0.40-0.50,0.40-0.50
1391157,2026-05-02 14:15:00+00:00,La Liga,Valencia,Atletico Madrid,Away,2,Home,Home,0.40650887367391964,0.42468953188674297,0,0,2026-04-19__2026-05-19,0.40-0.50,0.40-0.50
1391092,2026-03-15 17:30:00+00:00,La Liga,Real Betis,Celta Vigo,Draw,2,Home,Home,0.40644130957528213,0.4331812160735689,0,0,2026-02-18__2026-03-20,0.40-0.50,0.40-0.50
1390976,2025-12-15 20:00:00+00:00,La Liga,Rayo Vallecano,Real Betis,Draw,2,Home,Home,0.40631650367433736,0.3791452485849159,0,0,2025-11-20__2025-12-20,0.40-0.50,<=0.40
1387784,2025-10-29 18:00:00+00:00,Ligue 1,Nice,Lille,Home,0,Away,Away,0.4062147834506711,0.34861359570661893,0,0,2025-10-21__2025-11-20,0.40-0.50,<=0.40
1391177,2026-05-14 17:00:00+00:00,La Liga,Valencia,Rayo Vallecano,Draw,2,Home,Home,0.4061884139267144,0.43668179858799544,0,0,2026-04-19__2026-05-19,0.40-0.50,0.40-0.50
1387955,2026-04-12 15:15:00+00:00,Ligue 1,Nice,Le Havre,Draw,2,Home,Home,0.40561281879210953,0.4933127919945737,0,0,2026-03-20__2026-04-19,0.40-0.50,0.40-0.50
1387970,2026-04-26 15:15:00+00:00,Ligue 1,Le Havre,Metz,Draw,2,Home,Home,0.4051619811682902,0.4960581437448181,0,0,2026-04-19__2026-05-19,0.40-0.50,0.40-0.50
1379250,2026-03-03 19:30:00+00:00,Premier League,Bournemouth,Brentford,Draw,2,Home,Home,0.4050039034463848,0.4046601455738356,0,0,2026-02-18__2026-03-20,0.40-0.50,0.40-0.50
1379066,2025-11-03 20:00:00+00:00,Premier League,Sunderland,Everton,Draw,0,Away,Away,0.404716438203454,0.35647575411649,0,0,2025-10-21__2025-11-20,0.40-0.50,<=0.40
1387943,2026-04-05 15:15:00+00:00,Ligue 1,Le Havre,Auxerre,Draw,2,Home,Home,0.404672788416317,0.40006933031509795,0,0,2026-03-20__2026-04-19,0.40-0.50,0.40-0.50
1377946,2025-10-30 17:30:00+00:00,Serie A,Cagliari,Sassuolo,Away,2,Home,Home,0.40393168420849296,0.3815426146065406,0,0,2025-10-21__2025-11-20,0.40-0.50,<=0.40
1388407,2025-11-29 17:30:00+00:00,Bundesliga,Bayer Leverkusen,Borussia Dortmund,Away,2,Home,Home,0.40350571156626047,0.37529451107000095,0,0,2025-11-20__2025-12-20,0.40-0.50,<=0.40
1390987,2025-12-19 20:00:00+00:00,La Liga,Valencia,Mallorca,Draw,2,Home,Home,0.40274477081994353,0.48570458185683313,0,0,2025-11-20__2025-12-20,0.40-0.50,0.40-0.50
1379054,2025-10-26 16:30:00+00:00,Premier League,Everton,Tottenham,Away,2,Home,Home,0.40272194101538966,0.3831934742575687,0,0,2025-10-21__2025-11-20,0.40-0.50,<=0.40
1391125,2026-04-12 12:00:00+00:00,La Liga,Osasuna,Real Betis,Draw,2,Home,Home,0.4023481301692805,0.4056289663914763,0,0,2026-03-20__2026-04-19,0.40-0.50,0.40-0.50
1388586,2026-04-25 13:30:00+00:00,Bundesliga,VfL Wolfsburg,Borussia Mönchengladbach,Draw,0,Away,Home,0.4022145472837022,0.3972046788827611,0,0,2026-04-19__2026-05-19,0.40-0.50,<=0.40
1391154,2026-05-01 19:00:00+00:00,La Liga,Girona,Mallorca,Away,2,Home,Home,0.4018023083090711,0.5074888421260025,0,0,2026-04-19__2026-05-19,0.40-0.50,0.50-0.60
1388387,2025-11-01 14:30:00+00:00,Bundesliga,Union Berlin,SC Freiburg,Draw,0,Away,Away,0.40165538283563795,0.3586919060557754,0,0,2025-10-21__2025-11-20,0.40-0.50,<=0.40
1378162,2026-03-21 14:00:00+00:00,Serie A,Parma,Cremonese,Away,2,Home,Home,0.40127505347654174,0.45078947073104125,0,0,2026-03-20__2026-04-19,0.40-0.50,0.40-0.50
1038286,2024-05-04 16:30:00+00:00,La Liga,Girona,Barcelona,Home,0,Away,Away,0.4005882166609479,0.3912621359223301,0,0,2024-04-29__2024-05-29,0.40-0.50,<=0.40
1387779,2025-10-29 18:00:00+00:00,Ligue 1,Le Havre,Stade Brestois 29,Home,0,Away,Away,0.4004201634110117,0.34928762243989314,0,0,2025-10-21__2025-11-20,0.40-0.50,<=0.40
1388564,2026-04-12 17:30:00+00:00,Bundesliga,FSV Mainz 05,SC Freiburg,Away,2,Home,Home,0.4000766927071948,0.4470412054960883,0,0,2026-03-20__2026-04-19,0.40-0.50,0.40-0.50
1049168,2024-05-05 17:30:00+00:00,Bundesliga,FC Heidenheim,FSV Mainz 05,Draw,0,Away,Away,0.4000013417242815,0.4134849181836105,0,0,2024-04-29__2024-05-29,0.40-0.50,0.40-0.50
1391083,2026-03-08 15:15:00+00:00,La Liga,Getafe,Real Betis,Home,0,Away,Home,0.39969762237343903,0.346726971532768,0,1,2026-02-18__2026-03-20,<=0.40,<=0.40
1378081,2026-01-25 19:45:00+00:00,Serie A,AS Roma,AC Milan,Draw,2,Home,Home,0.3994261692467952,0.3633296847862492,0,0,2026-01-19__2026-02-18,<=0.40,<=0.40
1391109,2026-04-05 19:00:00+00:00,La Liga,Alaves,Osasuna,Draw,2,Home,Home,0.39900709113983296,0.39346098577451427,0,0,2026-03-20__2026-04-19,<=0.40,<=0.40
1391164,2026-05-10 12:00:00+00:00,La Liga,Mallorca,Villarreal,Draw,2,Home,Home,0.3989696122873965,0.37446523141506527,0,0,2026-04-19__2026-05-19,<=0.40,<=0.40
1388553,2026-04-05 15:30:00+00:00,Bundesliga,Eintracht Frankfurt,1. FC Köln,Draw,2,Home,Home,0.3989092444122715,0.43048433817029474,0,0,2026-03-20__2026-04-19,<=0.40,0.40-0.50
1379238,2026-02-21 17:30:00+00:00,Premier League,West Ham,Bournemouth,Draw,0,Away,Home,0.3980121527958455,0.3703825951610972,0,0,2026-02-18__2026-03-20,<=0.40,<=0.40
1391166,2026-05-09 19:00:00+00:00,La Liga,Real Sociedad,Real Betis,Draw,2,Home,Home,0.3974587341725803,0.427980616418,0,0,2026-04-19__2026-05-19,<=0.40,0.40-0.50
1378067,2026-01-19 19:45:00+00:00,Serie A,Lazio,Como,Away,2,Home,Home,0.39668342487674096,0.3568646420555756,0,0,2026-01-19__2026-02-18,<=0.40,<=0.40
1377998,2025-12-07 19:45:00+00:00,Serie A,Napoli,Juventus,Home,1,Draw,Home,0.3963577137910157,0.38687901844339373,0,1,2025-11-20__2025-12-20,<=0.40,<=0.40
1390995,2026-01-02 20:00:00+00:00,La Liga,Rayo Vallecano,Getafe,Draw,2,Home,Home,0.39625163387173107,0.4444023485879696,0,0,2025-12-20__2026-01-19,<=0.40,0.40-0.50
1379307,2026-04-25 14:00:00+00:00,Premier League,West Ham,Everton,Home,0,Away,Home,0.3955043143490245,0.36704188573128216,0,1,2026-04-19__2026-05-19,<=0.40,<=0.40
1388601,2026-05-10 17:30:00+00:00,Bundesliga,FSV Mainz 05,Union Berlin,Away,2,Home,Home,0.3950067169660511,0.5204214670681166,0,0,2026-04-19__2026-05-19,<=0.40,0.50-0.60
1388403,2025-11-21 19:30:00+00:00,Bundesliga,FSV Mainz 05,1899 Hoffenheim,Draw,2,Home,Home,0.3949204073116845,0.42618257459145825,0,0,2025-11-20__2025-12-20,<=0.40,0.40-0.50
1388537,2026-03-15 16:30:00+00:00,Bundesliga,SC Freiburg,Union Berlin,Away,2,Home,Home,0.3935978867369381,0.4441054081510913,0,0,2026-02-18__2026-03-20,<=0.40,0.40-0.50
1391007,2026-01-10 20:00:00+00:00,La Liga,Valencia,Elche,Draw,2,Home,Home,0.3933299271477458,0.43278878233143336,0,0,2025-12-20__2026-01-19,<=0.40,0.40-0.50
1377935,2025-10-26 17:00:00+00:00,Serie A,Fiorentina,Bologna,Draw,0,Away,Away,0.39324943232236154,0.3510452961672474,0,0,2025-10-21__2025-11-20,<=0.40,<=0.40
1387861,2026-01-25 16:15:00+00:00,Ligue 1,Stade Brestois 29,Toulouse,Away,2,Home,Home,0.39235355242630715,0.3476917214692569,0,0,2026-01-19__2026-02-18,<=0.40,<=0.40
1387803,2025-11-08 20:05:00+00:00,Ligue 1,Monaco,Lens,Away,2,Home,Home,0.392000118894987,0.4626954122695719,0,0,2025-10-21__2025-11-20,<=0.40,0.40-0.50
1388571,2026-04-19 17:30:00+00:00,Bundesliga,Borussia Mönchengladbach,FSV Mainz 05,Draw,0,Away,Home,0.39141584162376447,0.3894292063826691,0,0,2026-03-20__2026-04-19,<=0.40,<=0.40
1035531,2024-05-03 19:00:00+00:00,Premier League,Luton,Everton,Draw,2,Home,Home,0.39121532022012756,0.3745598317375516,0,0,2024-04-29__2024-05-29,<=0.40,<=0.40
1388510,2026-02-20 19:30:00+00:00,Bundesliga,FSV Mainz 05,Hamburger SV,Draw,2,Home,Home,0.39114864721035036,0.4344367972472569,0,0,2026-02-18__2026-03-20,<=0.40,0.40-0.50
1387810,2025-11-23 16:15:00+00:00,Ligue 1,Nantes,Lorient,Draw,0,Away,Home,0.39102864279017674,0.3861056242487294,0,0,2025-11-20__2025-12-20,<=0.40,<=0.40
1387919,2026-03-07 16:00:00+00:00,Ligue 1,Nantes,Angers,Away,2,Home,Home,0.3903513520031806,0.4316719264607678,0,0,2026-02-18__2026-03-20,<=0.40,0.40-0.50
1391153,2026-05-03 14:15:00+00:00,La Liga,Getafe,Rayo Vallecano,Away,2,Home,Home,0.39010785830931693,0.43850179598939243,0,0,2026-04-19__2026-05-19,<=0.40,0.40-0.50
1388421,2025-12-05 19:30:00+00:00,Bundesliga,FSV Mainz 05,Borussia Mönchengladbach,Away,2,Home,Home,0.38998862745165613,0.43034970739097717,0,0,2025-11-20__2025-12-20,<=0.40,0.40-0.50
1391039,2026-02-08 13:00:00+00:00,La Liga,Alaves,Getafe,Away,2,Home,Home,0.38998390912388525,0.4201930391783949,0,0,2026-01-19__2026-02-18,<=0.40,0.40-0.50
1391167,2026-05-10 16:30:00+00:00,La Liga,Oviedo,Getafe,Draw,0,Away,Home,0.3897840913308504,0.3404071509765424,0,0,2026-04-19__2026-05-19,<=0.40,<=0.40
1388582,2026-04-25 13:30:00+00:00,Bundesliga,1. FC Heidenheim,FC St. Pauli,Home,0,Away,Home,0.38928646570201203,0.372846540183595,0,1,2026-04-19__2026-05-19,<=0.40,<=0.40
1378014,2025-12-21 11:30:00+00:00,Serie A,Cagliari,Pisa,Draw,2,Home,Home,0.38893177327502026,0.42043059028699054,0,0,2025-12-20__2026-01-19,<=0.40,0.40-0.50
1379092,2025-11-30 12:00:00+00:00,Premier League,Crystal Palace,Manchester United,Away,2,Home,Home,0.3888720238623928,0.37984839350860466,0,0,2025-11-20__2025-12-20,<=0.40,<=0.40
1379227,2026-02-10 19:30:00+00:00,Premier League,Tottenham,Newcastle,Away,2,Home,Home,0.38830694501107593,0.37123396346558085,0,0,2026-01-19__2026-02-18,<=0.40,<=0.40
1387950,2026-04-11 17:00:00+00:00,Ligue 1,Auxerre,Nantes,Draw,2,Home,Home,0.3877687205610608,0.4521530534571072,0,0,2026-03-20__2026-04-19,<=0.40,0.40-0.50
1388591,2026-05-03 17:30:00+00:00,Bundesliga,SC Freiburg,VfL Wolfsburg,Draw,2,Home,Home,0.38762586226810797,0.4149487471794239,0,0,2026-04-19__2026-05-19,<=0.40,0.40-0.50
1388495,2026-02-06 19:30:00+00:00,Bundesliga,Union Berlin,Eintracht Frankfurt,Draw,2,Home,Home,0.3866136669244359,0.43471927953996753,0,0,2026-01-19__2026-02-18,<=0.40,0.40-0.50
1391073,2026-02-27 20:00:00+00:00,La Liga,Levante,Alaves,Home,0,Away,Home,0.3858336876563896,0.3546315922347459,0,1,2026-02-18__2026-03-20,<=0.40,<=0.40
1387778,2025-10-26 16:15:00+00:00,Ligue 1,Rennes,Nice,Away,1,Draw,Home,0.38557493241990365,0.4217140431858985,0,0,2025-10-21__2025-11-20,<=0.40,0.40-0.50
1391006,2026-01-12 20:00:00+00:00,La Liga,Sevilla,Celta Vigo,Away,2,Home,Home,0.38473878326684624,0.38071312341203006,0,0,2025-12-20__2026-01-19,<=0.40,<=0.40
1377993,2025-11-30 19:45:00+00:00,Serie A,AS Roma,Napoli,Away,1,Draw,Home,0.3843724040142985,0.3747244137528925,0,0,2025-11-20__2025-12-20,<=0.40,<=0.40
1391107,2026-03-21 20:00:00+00:00,La Liga,Sevilla,Valencia,Away,2,Home,Home,0.3839969221022216,0.43665541399787317,0,0,2026-03-20__2026-04-19,<=0.40,0.40-0.50
1052598,2024-05-05 18:45:00+00:00,Serie A,AS Roma,Juventus,Draw,0,Away,Away,0.3832625554966404,0.3562753036437247,0,0,2024-04-29__2024-05-29,<=0.40,<=0.40
1390912,2025-10-25 12:00:00+00:00,La Liga,Girona,Oviedo,Draw,2,Home,Home,0.38305792513735604,0.5080185327471562,0,0,2025-10-21__2025-11-20,<=0.40,0.50-0.60
1379253,2026-03-04 19:30:00+00:00,Premier League,Fulham,West Ham,Away,2,Home,Home,0.38254059563002424,0.4694961996367795,0,0,2026-02-18__2026-03-20,<=0.40,0.40-0.50
1391175,2026-05-12 19:30:00+00:00,La Liga,Osasuna,Atletico Madrid,Away,2,Home,Home,0.3820746235414385,0.36494931951483406,0,0,2026-04-19__2026-05-19,<=0.40,<=0.40
1388592,2026-05-02 13:30:00+00:00,Bundesliga,1899 Hoffenheim,VfB Stuttgart,Draw,2,Home,Home,0.3819520882965761,0.40362530510983957,0,0,2026-04-19__2026-05-19,<=0.40,0.40-0.50
1390935,2025-11-09 17:30:00+00:00,La Liga,Mallorca,Getafe,Home,0,Away,Home,0.3816569635469415,0.3790013283495882,0,1,2025-10-21__2025-11-20,<=0.40,<=0.40
1049174,2024-05-11 13:30:00+00:00,Bundesliga,1.FC Köln,Union Berlin,Home,0,Away,Away,0.38165221258973353,0.3678548509421854,0,0,2024-04-29__2024-05-29,<=0.40,<=0.40
1387793,2025-11-02 16:15:00+00:00,Ligue 1,Nantes,Metz,Away,2,Home,Home,0.38154557522794497,0.48184274462305865,0,0,2025-10-21__2025-11-20,<=0.40,0.40-0.50
1377944,2025-10-28 19:45:00+00:00,Serie A,Atalanta,AC Milan,Draw,0,Away,Away,0.381515511468163,0.3765942163363189,0,0,2025-10-21__2025-11-20,<=0.40,<=0.40
1387878,2026-02-08 16:15:00+00:00,Ligue 1,Angers,Toulouse,Home,0,Away,Away,0.3813255102705806,0.4250017254582324,0,0,2026-01-19__2026-02-18,<=0.40,0.40-0.50
1388386,2025-11-01 14:30:00+00:00,Bundesliga,FC St. Pauli,Borussia Mönchengladbach,Away,2,Home,Home,0.3809186333097861,0.4655863472221817,0,0,2025-10-21__2025-11-20,<=0.40,0.40-0.50
1387798,2025-11-08 18:00:00+00:00,Ligue 1,Le Havre,Nantes,Draw,2,Home,Home,0.3804984988950138,0.4949285649560517,0,0,2025-10-21__2025-11-20,<=0.40,0.40-0.50
1391119,2026-04-12 19:00:00+00:00,La Liga,Athletic Club,Villarreal,Away,2,Home,Home,0.38035130513753496,0.3975940379085735,0,0,2026-03-20__2026-04-19,<=0.40,<=0.40
1390981,2025-12-21 17:30:00+00:00,La Liga,Elche,Rayo Vallecano,Home,0,Away,Home,0.38033035181443464,0.38128450351507986,0,1,2025-12-20__2026-01-19,<=0.40,<=0.40
1378053,2026-01-07 19:45:00+00:00,Serie A,Torino,Udinese,Away,2,Home,Home,0.3799237926537146,0.40684974212113506,0,0,2025-12-20__2026-01-19,<=0.40,0.40-0.50
1379162,2026-01-04 15:00:00+00:00,Premier League,Everton,Brentford,Away,2,Home,Home,0.3792987668948917,0.3969030339042798,0,0,2025-12-20__2026-01-19,<=0.40,<=0.40
1379266,2026-03-15 14:00:00+00:00,Premier League,Nottingham Forest,Fulham,Draw,2,Home,Home,0.3785962841531078,0.44097468556876473,0,0,2026-02-18__2026-03-20,<=0.40,0.40-0.50
1388405,2025-11-23 16:30:00+00:00,Bundesliga,FC St. Pauli,Union Berlin,Away,2,Home,Home,0.378408598708517,0.41121412588454237,0,0,2025-11-20__2025-12-20,<=0.40,0.40-0.50
1388558,2026-04-05 13:30:00+00:00,Bundesliga,Union Berlin,FC St. Pauli,Draw,2,Home,Home,0.3778996228592185,0.4476749927682809,0,0,2026-03-20__2026-04-19,<=0.40,0.40-0.50
1388419,2025-12-07 14:30:00+00:00,Bundesliga,Hamburger SV,Werder Bremen,Home,0,Away,Home,0.3778467154170136,0.41179482614146995,0,1,2025-11-20__2025-12-20,<=0.40,0.40-0.50
1387879,2026-02-08 16:15:00+00:00,Ligue 1,Auxerre,Paris FC,Draw,2,Home,Home,0.37756214605757665,0.3830798479087452,0,0,2026-01-19__2026-02-18,<=0.40,<=0.40
1391014,2026-01-18 13:00:00+00:00,La Liga,Getafe,Valencia,Away,1,Draw,Home,0.37755067019000976,0.3702091790420127,0,0,2025-12-20__2026-01-19,<=0.40,<=0.40
1379287,2026-04-12 13:00:00+00:00,Premier League,Sunderland,Tottenham,Home,0,Away,Away,0.3774466589719639,0.3633392053491893,0,0,2026-03-20__2026-04-19,<=0.40,<=0.40
1390966,2025-12-05 20:00:00+00:00,La Liga,Oviedo,Mallorca,Draw,0,Away,Home,0.37707255970546166,0.3580378053763445,0,0,2025-11-20__2025-12-20,<=0.40,<=0.40
1390911,2025-10-25 14:15:00+00:00,La Liga,Espanyol,Elche,Home,1,Draw,Home,0.37705645858865877,0.4622887618512439,0,1,2025-10-21__2025-11-20,<=0.40,0.40-0.50
1377997,2025-12-07 17:00:00+00:00,Serie A,Lazio,Bologna,Draw,2,Home,Home,0.3762275860950334,0.3551544223198636,0,0,2025-11-20__2025-12-20,<=0.40,<=0.40
1387965,2026-04-19 15:15:00+00:00,Ligue 1,Nantes,Stade Brestois 29,Draw,2,Home,Home,0.37587292773116493,0.40000357932454317,0,0,2026-03-20__2026-04-19,<=0.40,0.40-0.50
1377936,2025-10-26 19:45:00+00:00,Serie A,Lazio,Juventus,Home,0,Away,Away,0.37583889434276896,0.395654295453699,0,0,2025-10-21__2025-11-20,<=0.40,<=0.40
1390934,2025-11-08 13:00:00+00:00,La Liga,Girona,Alaves,Home,0,Away,Home,0.37570537592191383,0.3906015082619058,0,1,2025-10-21__2025-11-20,<=0.40,<=0.40
1379274,2026-03-21 20:00:00+00:00,Premier League,Leeds,Brentford,Draw,2,Home,Home,0.3757051877098402,0.3802144368626478,0,0,2026-03-20__2026-04-19,<=0.40,<=0.40
1390975,2025-12-13 15:15:00+00:00,La Liga,Mallorca,Elche,Home,1,Draw,Home,0.37562405276760813,0.42305981180469654,0,1,2025-11-20__2025-12-20,<=0.40,0.40-0.50
1391059,2026-02-23 20:00:00+00:00,La Liga,Alaves,Girona,Draw,2,Home,Home,0.37537552651120304,0.39591225390127166,0,0,2026-02-18__2026-03-20,<=0.40,<=0.40
1379113,2025-12-07 16:30:00+00:00,Premier League,Fulham,Crystal Palace,Away,2,Home,Home,0.3751519128911303,0.3638216698909582,0,0,2025-11-20__2025-12-20,<=0.40,<=0.40
1377965,2025-11-09 14:00:00+00:00,Serie A,Bologna,Napoli,Home,1,Draw,Away,0.3750292676718566,0.3638856298194245,0,0,2025-10-21__2025-11-20,<=0.40,<=0.40
1391162,2026-05-09 12:00:00+00:00,La Liga,Elche,Alaves,Draw,2,Home,Home,0.37444923254592033,0.4179854158521868,0,0,2026-04-19__2026-05-19,<=0.40,0.40-0.50
1378113,2026-02-15 11:30:00+00:00,Serie A,Udinese,Sassuolo,Away,2,Home,Home,0.37413981235444255,0.4022369295371031,0,0,2026-01-19__2026-02-18,<=0.40,0.40-0.50
1387913,2026-02-27 19:45:00+00:00,Ligue 1,Strasbourg,Lens,Draw,0,Away,Away,0.37407964416294,0.3847493788289513,0,0,2026-02-18__2026-03-20,<=0.40,<=0.40
1388487,2026-01-31 14:30:00+00:00,Bundesliga,Werder Bremen,Borussia Mönchengladbach,Draw,2,Home,Home,0.37404006897370856,0.40911077164491094,0,0,2026-01-19__2026-02-18,<=0.40,0.40-0.50
1388418,2025-12-06 14:30:00+00:00,Bundesliga,1. FC Köln,FC St. Pauli,Draw,2,Home,Home,0.3740296200072618,0.48018863174853577,0,0,2025-11-20__2025-12-20,<=0.40,0.40-0.50
1390957,2025-11-30 13:00:00+00:00,La Liga,Real Sociedad,Villarreal,Away,2,Home,Home,0.37389724848928213,0.36665270601321814,0,0,2025-11-20__2025-12-20,<=0.40,<=0.40
1379194,2026-01-26 20:00:00+00:00,Premier League,Everton,Leeds,Draw,2,Home,Home,0.3738927611176232,0.3964315017210983,0,0,2026-01-19__2026-02-18,<=0.40,<=0.40
1388517,2026-02-28 14:30:00+00:00,Bundesliga,Borussia Mönchengladbach,Union Berlin,Home,0,Away,Home,0.3735267454239775,0.37785491760721485,0,1,2026-02-18__2026-03-20,<=0.40,<=0.40
1378022,2025-12-21 14:00:00+00:00,Serie A,Sassuolo,Torino,Away,2,Home,Home,0.37319308327040035,0.399087057851936,0,0,2025-12-20__2026-01-19,<=0.40,<=0.40
1387771,2025-10-26 16:15:00+00:00,Ligue 1,Auxerre,Le Havre,Away,1,Draw,Home,0.3731118192118819,0.4229007188205496,0,0,2025-10-21__2025-11-20,<=0.40,0.40-0.50
1391174,2026-05-14 18:00:00+00:00,La Liga,Girona,Real Sociedad,Draw,2,Home,Home,0.37299714042459653,0.42149884504119933,0,0,2026-04-19__2026-05-19,<=0.40,0.40-0.50
1378214,2026-05-09 13:00:00+00:00,Serie A,Cagliari,Udinese,Away,2,Home,Home,0.37220328629987953,0.38353692356968205,0,0,2026-04-19__2026-05-19,<=0.40,<=0.40
1388434,2025-12-20 14:30:00+00:00,Bundesliga,FC Augsburg,Werder Bremen,Draw,2,Home,Home,0.37202131162079893,0.42295936162738507,0,0,2025-11-20__2025-12-20,<=0.40,0.40-0.50
1378150,2026-03-15 14:00:00+00:00,Serie A,Sassuolo,Bologna,Away,2,Home,Home,0.3719983223347021,0.36167886415693656,0,0,2026-02-18__2026-03-20,<=0.40,<=0.40
1387787,2025-10-29 20:05:00+00:00,Ligue 1,Toulouse,Rennes,Draw,2,Home,Home,0.37187388634794805,0.44638849315761064,0,0,2025-10-21__2025-11-20,<=0.40,0.40-0.50
1388575,2026-04-17 18:30:00+00:00,Bundesliga,FC St. Pauli,1. FC Köln,Draw,2,Home,Home,0.3711080467895824,0.40354343851000174,0,0,2026-03-20__2026-04-19,<=0.40,0.40-0.50
1391038,2026-01-31 13:00:00+00:00,La Liga,Oviedo,Girona,Home,0,Away,Home,0.37058864439754363,0.3515723871759579,0,1,2026-01-19__2026-02-18,<=0.40,<=0.40
1388578,2026-04-25 13:30:00+00:00,Bundesliga,FC Augsburg,Eintracht Frankfurt,Draw,2,Home,Home,0.3704352882402201,0.403030526842656,0,0,2026-04-19__2026-05-19,<=0.40,0.40-0.50
1391144,2026-04-21 17:00:00+00:00,La Liga,Mallorca,Valencia,Draw,2,Home,Home,0.3703894399657587,0.3753379172350591,0,0,2026-04-19__2026-05-19,<=0.40,<=0.40
1377938,2025-10-25 16:00:00+00:00,Serie A,Napoli,Inter,Home,1,Draw,Home,0.3693625032727628,0.3578591897330009,0,1,2025-10-21__2025-11-20,<=0.40,<=0.40
1378127,2026-02-27 19:45:00+00:00,Serie A,Parma,Cagliari,Draw,0,Away,Home,0.36839533762894944,0.36720408080556827,0,0,2026-02-18__2026-03-20,<=0.40,<=0.40
1379325,2026-05-10 13:00:00+00:00,Premier League,Nottingham Forest,Newcastle,Draw,0,Away,Home,0.36835742226000123,0.38447518357696886,0,0,2026-04-19__2026-05-19,<=0.40,<=0.40
1388464,2026-01-17 14:30:00+00:00,Bundesliga,Hamburger SV,Borussia Mönchengladbach,Draw,0,Away,Home,0.36634822691225305,0.40469861735632756,0,0,2025-12-20__2026-01-19,<=0.40,0.40-0.50
1379286,2026-04-12 13:00:00+00:00,Premier League,Nottingham Forest,Aston Villa,Draw,0,Away,Home,0.3656548758437027,0.36361986609786845,0,0,2026-03-20__2026-04-19,<=0.40,<=0.40
1390932,2025-11-07 20:00:00+00:00,La Liga,Elche,Real Sociedad,Draw,0,Away,Home,0.3653132831994264,0.3510596497526715,0,0,2025-10-21__2025-11-20,<=0.40,<=0.40
1388382,2025-11-02 14:30:00+00:00,Bundesliga,1. FC Köln,Hamburger SV,Home,1,Draw,Home,0.36479574585438673,0.4659456896009404,0,1,2025-10-21__2025-11-20,<=0.40,0.40-0.50
1388514,2026-02-21 14:30:00+00:00,Bundesliga,VfL Wolfsburg,FC Augsburg,Away,2,Home,Home,0.3637541947211452,0.46674989491284224,0,0,2026-02-18__2026-03-20,<=0.40,0.40-0.50
1378043,2026-01-04 17:00:00+00:00,Serie A,Hellas Verona,Torino,Away,2,Home,Home,0.36358181924738875,0.353047502667093,0,0,2025-12-20__2026-01-19,<=0.40,<=0.40
1390967,2025-12-07 15:15:00+00:00,La Liga,Valencia,Sevilla,Draw,2,Home,Home,0.36343034914480205,0.4359750173020086,0,0,2025-11-20__2025-12-20,<=0.40,0.40-0.50
1388463,2026-01-17 14:30:00+00:00,Bundesliga,1. FC Köln,FSV Mainz 05,Home,0,Away,Home,0.363423281633538,0.4195827256165858,0,1,2025-12-20__2026-01-19,<=0.40,0.40-0.50
1379198,2026-01-24 12:30:00+00:00,Premier League,West Ham,Sunderland,Home,0,Away,Home,0.3633884379944239,0.3906435126415429,0,1,2026-01-19__2026-02-18,<=0.40,<=0.40
1390939,2025-11-22 13:00:00+00:00,La Liga,Alaves,Celta Vigo,Away,2,Home,Home,0.3631323559649941,0.3690410472708604,0,0,2025-11-20__2025-12-20,<=0.40,<=0.40
1377991,2025-11-29 14:00:00+00:00,Serie A,Parma,Udinese,Away,1,Draw,Home,0.3622477704925809,0.3597357889648709,0,0,2025-11-20__2025-12-20,<=0.40,<=0.40
1379101,2025-12-03 19:30:00+00:00,Premier League,Brighton,Aston Villa,Away,2,Home,Home,0.3618142567508095,0.41765765658491977,0,0,2025-11-20__2025-12-20,<=0.40,0.40-0.50
1390963,2025-12-07 17:30:00+00:00,La Liga,Espanyol,Rayo Vallecano,Home,0,Away,Home,0.36163728798545813,0.4007325079072125,0,1,2025-11-20__2025-12-20,<=0.40,0.40-0.50
1387817,2025-11-30 16:15:00+00:00,Ligue 1,Lorient,Nice,Home,0,Away,Home,0.3615182963626522,0.3784292092164007,0,1,2025-11-20__2025-12-20,<=0.40,<=0.40
1379136,2025-12-20 12:30:00+00:00,Premier League,Newcastle,Chelsea,Draw,2,Home,Home,0.36147516152910225,0.38696839957032386,0,0,2025-11-20__2025-12-20,<=0.40,<=0.40
1388545,2026-03-21 14:30:00+00:00,Bundesliga,1. FC Köln,Borussia Mönchengladbach,Draw,2,Home,Home,0.3614146178134098,0.4174667338608135,0,0,2026-03-20__2026-04-19,<=0.40,0.40-0.50
1391023,2026-01-23 20:00:00+00:00,La Liga,Levante,Elche,Home,0,Away,Home,0.36097932706989444,0.36590858388449493,0,1,2026-01-19__2026-02-18,<=0.40,<=0.40
1379263,2026-03-15 14:00:00+00:00,Premier League,Crystal Palace,Leeds,Draw,2,Home,Home,0.360698671667076,0.40131114702601806,0,0,2026-02-18__2026-03-20,<=0.40,0.40-0.50
1391135,2026-04-26 12:00:00+00:00,La Liga,Rayo Vallecano,Real Sociedad,Draw,2,Home,Home,0.36068863383980615,0.3868538904503724,0,0,2026-04-19__2026-05-19,<=0.40,<=0.40
1388452,2026-01-15 19:30:00+00:00,Bundesliga,FC Augsburg,Union Berlin,Draw,2,Home,Home,0.3605930853931363,0.3902942457344608,0,0,2025-12-20__2026-01-19,<=0.40,<=0.40
1388436,2025-12-20 14:30:00+00:00,Bundesliga,1. FC Köln,Union Berlin,Away,2,Home,Home,0.3605348503231303,0.41071147733931296,0,0,2025-11-20__2025-12-20,<=0.40,0.40-0.50
1390962,2025-12-07 13:00:00+00:00,La Liga,Elche,Girona,Home,1,Draw,Home,0.360130266597206,0.4321821505528822,0,1,2025-11-20__2025-12-20,<=0.40,0.40-0.50
1391143,2026-04-23 17:00:00+00:00,La Liga,Levante,Sevilla,Home,0,Away,Home,0.3597290772307317,0.372562222150112,0,1,2026-04-19__2026-05-19,<=0.40,<=0.40
1379168,2026-01-03 15:00:00+00:00,Premier League,Wolves,West Ham,Home,0,Away,Home,0.3595933488930475,0.38853033747433485,0,1,2025-12-20__2026-01-19,<=0.40,<=0.40
1391156,2026-05-04 19:00:00+00:00,La Liga,Sevilla,Real Sociedad,Home,0,Away,Home,0.35933453046480074,0.3710541084038722,0,1,2026-04-19__2026-05-19,<=0.40,<=0.40
1379236,2026-02-22 14:00:00+00:00,Premier League,Sunderland,Fulham,Away,2,Home,Home,0.35909628873243626,0.3633471984340592,0,0,2026-02-18__2026-03-20,<=0.40,<=0.40
1377972,2025-11-07 19:45:00+00:00,Serie A,Pisa,Cremonese,Home,0,Away,Home,0.3583703782606106,0.4175028459251725,0,1,2025-10-21__2025-11-20,<=0.40,0.40-0.50
1378149,2026-03-15 14:00:00+00:00,Serie A,Pisa,Cagliari,Home,0,Away,Home,0.357563844011956,0.3661082896041766,0,1,2026-02-18__2026-03-20,<=0.40,<=0.40
1391086,2026-03-08 17:30:00+00:00,La Liga,Sevilla,Rayo Vallecano,Draw,0,Away,Home,0.357539910490161,0.39912981470404174,0,0,2026-02-18__2026-03-20,<=0.40,<=0.40
1390993,2026-01-04 17:30:00+00:00,La Liga,Mallorca,Girona,Away,2,Home,Home,0.3575253260745257,0.4134752805964951,0,0,2025-12-20__2026-01-19,<=0.40,0.40-0.50
1391165,2026-05-11 19:00:00+00:00,La Liga,Rayo Vallecano,Girona,Draw,2,Home,Home,0.3570064537113695,0.41754465473493413,0,0,2026-04-19__2026-05-19,<=0.40,0.40-0.50
1377970,2025-11-08 14:00:00+00:00,Serie A,Lecce,Hellas Verona,Draw,2,Home,Home,0.3556383870933446,0.3465099943777183,0,0,2025-10-21__2025-11-20,<=0.40,<=0.40
1378232,2026-05-17 18:45:00+00:00,Serie A,Sassuolo,Lecce,Away,2,Home,Home,0.35561938729042814,0.4084820710866669,0,0,2026-04-19__2026-05-19,<=0.40,0.40-0.50
1391002,2026-01-10 17:30:00+00:00,La Liga,Girona,Osasuna,Home,0,Away,Home,0.35511284319437497,0.3856609926695919,0,1,2025-12-20__2026-01-19,<=0.40,<=0.40
1387934,2026-03-22 14:00:00+00:00,Ligue 1,Lyon,Monaco,Away,2,Home,Away,0.3542925164427766,0.3680796754357291,0,1,2026-03-20__2026-04-19,<=0.40,<=0.40
1391136,2026-04-26 14:15:00+00:00,La Liga,Oviedo,Elche,Away,2,Home,Home,0.3542188930251622,0.4140003849302199,0,0,2026-04-19__2026-05-19,<=0.40,0.40-0.50
1378045,2026-01-08 17:30:00+00:00,Serie A,Cremonese,Cagliari,Draw,2,Home,Home,0.3530330206748841,0.4117901537580552,0,0,2025-12-20__2026-01-19,<=0.40,0.40-0.50
1388596,2026-05-09 13:30:00+00:00,Bundesliga,FC Augsburg,Borussia Mönchengladbach,Home,0,Away,Home,0.3528291381442721,0.4118174834795941,0,1,2026-04-19__2026-05-19,<=0.40,0.40-0.50
1387987,2026-05-10 19:00:00+00:00,Ligue 1,Auxerre,Nice,Home,0,Away,Home,0.3521909416635073,0.39210434982223036,0,1,2026-04-19__2026-05-19,<=0.40,<=0.40
1388555,2026-04-04 13:30:00+00:00,Bundesliga,Hamburger SV,FC Augsburg,Draw,0,Away,Home,0.3520348312997067,0.4175243026882878,0,0,2026-03-20__2026-04-19,<=0.40,0.40-0.50
1391065,2026-02-22 13:00:00+00:00,La Liga,Getafe,Sevilla,Away,2,Home,Home,0.3515163344489385,0.3911663014522817,0,0,2026-02-18__2026-03-20,<=0.40,<=0.40
1387833,2025-12-12 19:45:00+00:00,Ligue 1,Angers,Nantes,Home,1,Draw,Home,0.35112636503424677,0.40590021051806313,0,1,2025-11-20__2025-12-20,<=0.40,0.40-0.50
1378002,2025-12-08 17:00:00+00:00,Serie A,Udinese,Genoa,Away,1,Draw,Home,0.34997595210395815,0.3832463060887761,0,0,2025-11-20__2025-12-20,<=0.40,<=0.40
1391075,2026-02-28 13:00:00+00:00,La Liga,Rayo Vallecano,Athletic Club,Draw,2,Home,Home,0.3499374431569452,0.36124253616802166,0,0,2026-02-18__2026-03-20,<=0.40,<=0.40
1391094,2026-03-15 13:00:00+00:00,La Liga,Mallorca,Espanyol,Home,1,Draw,Home,0.3493682991306848,0.4083766734672044,0,1,2026-02-18__2026-03-20,<=0.40,0.40-0.50
1390972,2025-12-14 15:15:00+00:00,La Liga,Celta Vigo,Athletic Club,Home,1,Draw,Home,0.3475960260150361,0.37957862545873755,0,1,2025-11-20__2025-12-20,<=0.40,<=0.40
1388594,2026-05-02 13:30:00+00:00,Bundesliga,Union Berlin,1. FC Köln,Draw,2,Home,Home,0.34755596097965713,0.40528739870583774,0,0,2026-04-19__2026-05-19,<=0.40,0.40-0.50
1378203,2026-04-25 18:45:00+00:00,Serie A,Hellas Verona,Lecce,Draw,2,Home,Home,0.3472359133829958,0.4283557146216805,0,0,2026-04-19__2026-05-19,<=0.40,0.40-0.50
1390984,2025-12-20 17:30:00+00:00,La Liga,Osasuna,Alaves,Home,1,Draw,Home,0.3457830038559819,0.4145601215773244,0,1,2025-11-20__2025-12-20,<=0.40,0.40-0.50
1387959,2026-04-18 17:00:00+00:00,Ligue 1,Angers,Le Havre,Draw,0,Away,Away,0.3456595738911124,0.3544896609330794,0,0,2026-03-20__2026-04-19,<=0.40,<=0.40
1378060,2026-01-11 11:30:00+00:00,Serie A,Lecce,Parma,Away,1,Draw,Home,0.3443033937445478,0.3553972633870017,0,0,2025-12-20__2026-01-19,<=0.40,<=0.40
1379292,2026-04-20 19:00:00+00:00,Premier League,Crystal Palace,West Ham,Draw,0,Away,Home,0.34383024150215696,0.42141691401324904,0,0,2026-04-19__2026-05-19,<=0.40,0.40-0.50
1378070,2026-01-18 11:30:00+00:00,Serie A,Parma,Genoa,Draw,0,Away,Home,0.3431089104130516,0.3349709466847219,0,0,2025-12-20__2026-01-19,<=0.40,<=0.40
1387813,2025-11-22 18:00:00+00:00,Ligue 1,Rennes,Monaco,Home,0,Away,Home,0.3430712562707111,0.3813007972977674,0,1,2025-11-20__2025-12-20,<=0.40,<=0.40
1388531,2026-03-08 16:30:00+00:00,Bundesliga,Union Berlin,Werder Bremen,Away,1,Draw,Home,0.33920356284681624,0.41782997544236844,0,0,2026-02-18__2026-03-20,<=0.40,0.40-0.50
1390945,2025-11-22 17:30:00+00:00,La Liga,Osasuna,Real Sociedad,Away,2,Home,Home,0.3388914260513189,0.3808879602409068,0,0,2025-11-20__2025-12-20,<=0.40,<=0.40
1377989,2025-11-30 11:30:00+00:00,Serie A,Lecce,Torino,Home,0,Away,Home,0.33578872297738355,0.3466864111990532,0,1,2025-11-20__2025-12-20,<=0.40,<=0.40
