league,outcome,odds_bucket,edge_bucket,draw_risk_bucket,n,model_logloss,market_logloss,model_minus_market_logloss,avg_p_model,actual_win_rate,avg_p_market,calibration_gap,avg_edge,avg_ev,avg_odds,roi,profit,hit_rate,clv,status
135,Draw,4.00+,0.08-0.12,0.22-0.26,1,1.3046670519813075,1.8591116512575465,-0.554444599276239,0.2712628364358674,1.0,0.1558109833971903,-0.7287371635641327,0.11545185303867711,0.6275770186152045,6.0,5.0,5.0,1.0,,BLOCKED
78,Draw,4.00+,0.08-0.12,0.22-0.26,1,1.278919973397117,1.623120309556012,-0.344200336158895,0.27833775035201397,1.0,0.19728215628417478,-0.7216622496479861,0.08105559406783919,0.3889053742565498,4.99,3.99,3.99,1.0,,BLOCKED
78,Away,4.00+,-0.02-0.02,<=0.22,8,0.8136070371661341,0.7875134613370107,0.026093575829123417,0.04176407002243906,0.25,0.04266604654263313,-0.20823592997756094,-0.0009019765201940702,-0.05732418204719014,23.3625,3.9125,31.3,0.25,,BLOCKED
78,Draw,4.00+,0.08-0.12,0.26-0.30,1,1.2011231808776528,1.5691479056360578,-0.368024724758405,0.3008561062453768,1.0,0.20822253203295127,-0.6991438937546233,0.09263357421242552,0.37310726890389967,4.564,3.564,3.564,1.0,,BLOCKED
78,Home,4.00+,<-0.02,0.26-0.30,1,1.5760232411496258,1.4822296178118308,0.09379362333779495,0.20679584236878976,1.0,0.2271307087346008,-0.7932041576312102,-0.020334866365811055,-0.131457462051083,4.2,3.2,3.2,1.0,,BLOCKED
140,Draw,4.00+,0.02-0.05,0.34+,1,1.3152305425416746,1.4130386865801587,-0.09780814403848415,0.26841243562052125,1.0,0.24340253425713054,-0.7315875643794787,0.025009901363390707,0.08707036426311099,4.05,3.05,3.05,1.0,,BLOCKED
61,Away,4.00+,-0.02-0.02,0.30-0.34,1,1.4680983810943462,1.4478730629228016,0.020225318171544604,0.2303631318229221,1.0,0.23506973529485264,-0.7696368681770779,-0.004706603471930554,-0.07347948380820735,4.022,3.0220000000000002,3.0220000000000002,1.0,,BLOCKED
61,Away,3.20-4.00,0.08-0.12,0.30-0.34,1,1.0989964383941375,1.3827725788293035,-0.28377614043516597,0.3332053080166769,1.0,0.2508819977630836,-0.6667946919833231,0.0823233102535933,0.2668465810794054,3.8019999999999996,2.8019999999999996,2.8019999999999996,1.0,,BLOCKED
39,Home,3.20-4.00,0.02-0.05,0.26-0.30,2,1.3015726379214754,1.3843885271214003,-0.08281588919992489,0.2721052235602588,1.0,0.25048702111899734,-0.7278947764397412,0.02161820244126142,0.03017696000623815,3.7859999999999996,2.7859999999999996,5.571999999999999,1.0,,BLOCKED
61,Away,3.20-4.00,0.08-0.12,0.34+,1,1.0361556245425907,1.3809223457983142,-0.3447667212557235,0.3548161097063823,1.0,0.2513466176171791,-0.6451838902936178,0.1034694920892032,0.33410857249599735,3.7600000000000002,2.7600000000000002,2.7600000000000002,1.0,,BLOCKED
78,Away,3.20-4.00,0.12+,0.34+,1,0.9368157839814284,1.3773865609670177,-0.44057077698558933,0.39187366120583644,1.0,0.2522368981678739,-0.6081263387941636,0.13963676303796252,0.4695262295218867,3.75,2.75,2.75,1.0,,BLOCKED
140,Home,3.20-4.00,0.02-0.05,0.34+,1,1.1870067626726397,1.363907093863487,-0.17690033119084725,0.30513323470146025,1.0,0.2556599356705256,-0.6948667652985397,0.04947329903093467,0.13326483368122344,3.714,2.714,2.714,1.0,,BLOCKED
135,Home,3.20-4.00,0.02-0.05,0.30-0.34,1,1.156159991732891,1.327798154438282,-0.1716381627053909,0.3146922846509733,1.0,0.26506024096385544,-0.6853077153490267,0.04963204368711788,0.14862683897605256,3.65,2.65,2.65,1.0,,BLOCKED
140,Away,3.20-4.00,0.12+,0.34+,1,0.887637898451932,1.3458314975067096,-0.45819359905477763,0.41162690987596795,1.0,0.26032315978456017,-0.588373090124032,0.15130375009140778,0.48185687555348466,3.6,2.6,2.6,1.0,,BLOCKED
135,Away,4.00+,0.02-0.05,0.26-0.30,2,1.0090699866008876,1.0853608783733504,-0.07629089177246273,0.16918531505676893,0.5,0.14241731611086852,-0.3308146849432311,0.026767998945900415,0.13681304119724447,6.739,2.585,5.17,0.5,,BLOCKED
78,Away,3.20-4.00,0.02-0.05,0.26-0.30,1,1.158720269829294,1.2795709856385595,-0.12085071580926554,0.3138876154155358,1.0,0.27815660803860853,-0.6861123845844642,0.03573100737692725,0.0665901171819907,3.3980000000000006,2.3980000000000006,2.3980000000000006,1.0,,BLOCKED
78,Home,3.20-4.00,0.12+,0.30-0.34,1,0.889446600385033,1.238001365452099,-0.34855476506706595,0.4108830723812988,1.0,0.2899631695983144,-0.5891169276187012,0.12091990278298437,0.35180530813447297,3.29,2.29,2.29,1.0,,BLOCKED
140,Home,3.20-4.00,0.12+,0.34+,1,0.8716519637462672,1.236680542190949,-0.36502857844468184,0.41826002781826754,1.0,0.2903464127401084,-0.5817399721817325,0.12791361507815913,0.35934509040936957,3.25,2.25,2.25,1.0,,BLOCKED
78,Home,3.20-4.00,<-0.02,0.34+,1,1.3322310378301618,1.212447431316908,0.11978360651325382,0.26388786025713823,1.0,0.2974683544303798,-0.7361121397428618,-0.03358049417324155,-0.15555884717715762,3.2,2.2,2.2,1.0,,BLOCKED
39,Draw,4.00+,0.02-0.05,<=0.22,2,0.9322114999837229,0.977388779509136,-0.04517727952541317,0.14176620303991277,0.5,0.11338079611302293,-0.3582337969600872,0.028385406926889838,0.26514263396537563,9.68,2.18,4.36,0.5,,BLOCKED
78,Home,2.40-3.20,0.12+,0.26-0.30,1,0.7826087384943228,1.1277927776145482,-0.34518403912022544,0.4572117083868218,1.0,0.32374705011799526,-0.5427882916131782,0.13346465826882653,0.32591395432178305,2.9,1.9,1.9,1.0,,BLOCKED
61,Home,2.40-3.20,0.02-0.05,0.30-0.34,2,0.9850602912718005,1.1059197219613854,-0.12085943068958493,0.37418900124255017,1.0,0.3313900552389547,-0.6258109987574498,0.04279894600359549,0.07002982104206301,2.87,1.8699999999999999,3.7399999999999998,1.0,,BLOCKED
61,Home,4.00+,-0.02-0.02,0.26-0.30,2,0.9858683581606984,0.9885003655677405,-0.0026320074070420585,0.18182040622335705,0.5,0.17078589677664532,-0.31817959377664295,0.011034509446711707,0.004808668163951646,5.532,1.819,3.638,0.5,,BLOCKED
78,Away,2.40-3.20,0.12+,0.34+,4,0.6686683766217045,1.0809389620823417,-0.4122705854606372,0.5143721171342148,1.0,0.3405179128605201,-0.4856278828657852,0.17385420427369475,0.4353325469817666,2.8064999999999998,1.8065,7.226,1.0,,BLOCKED
61,Home,2.40-3.20,0.08-0.12,0.34+,2,0.8068177806231822,1.0580270377025913,-0.2512092570794091,0.4462797894770135,1.0,0.34747958620234126,-0.5537202105229865,0.09880020327467229,0.2154288616256379,2.723,1.7229999999999999,3.4459999999999997,1.0,,BLOCKED
135,Home,2.40-3.20,0.02-0.05,0.30-0.34,1,0.9240945359091902,1.0486767710651335,-0.12458223515594324,0.39689062663607516,1.0,0.3504011033604476,-0.6031093733639248,0.04648952327562755,0.07239847317067505,2.702,1.702,1.702,1.0,,BLOCKED
39,Home,3.20-4.00,<-0.02,0.30-0.34,4,1.2030603978240166,1.0759454831474369,0.12711491467657976,0.217142244375931,0.75,0.26312151186992827,-0.532857755624069,-0.04597926749399724,-0.223377971299555,3.6015,1.7015000000000002,6.806000000000001,0.75,,BLOCKED
61,Home,2.40-3.20,0.08-0.12,0.30-0.34,2,0.7870526617030131,1.0387542492865323,-0.2517015875835191,0.4558149953386703,1.0,0.3540537723252217,-0.5441850046613297,0.10176122301344859,0.2157805389377906,2.6719999999999997,1.672,3.344,1.0,,BLOCKED
78,Away,2.40-3.20,0.02-0.05,0.26-0.30,1,0.9043002399928777,1.0336754941572355,-0.1293752541643578,0.4048250664033388,1.0,0.3556971920692171,-0.5951749335966612,0.04912787433412169,0.07602502650007481,2.6580000000000004,1.6580000000000004,1.6580000000000004,1.0,,BLOCKED
135,Home,2.40-3.20,0.05-0.08,0.30-0.34,1,0.8910722291121274,1.0257275677366244,-0.13465533862449708,0.41021567167521567,1.0,0.35853551161599795,-0.5897843283247843,0.05168016005921772,0.08625109859597124,2.648,1.6480000000000001,1.6480000000000001,1.0,,BLOCKED
140,Away,2.40-3.20,0.12+,0.30-0.34,1,0.6360541102780244,0.9973078388295071,-0.36125372855148274,0.5293771721877262,1.0,0.36887116626129635,-0.4706228278122738,0.16050600592642983,0.37214563031058634,2.592,1.592,1.592,1.0,,BLOCKED
61,Away,4.00+,<-0.02,<=0.22,8,0.7258495902879367,0.6472252382024156,0.0786243520855211,0.049541349392317836,0.25,0.08204335475827762,-0.20045865060768217,-0.03250200536595978,-0.4320536038530059,12.330000000000002,1.5100000000000002,12.080000000000002,0.25,,BLOCKED
61,Home,3.20-4.00,-0.02-0.02,0.30-0.34,3,1.0228309586126512,1.0004681488080065,0.022362809804644668,0.2629742225592066,0.6666666666666666,0.2599426505748352,-0.40369244410746,0.003031571984371456,-0.041690236203338706,3.6460000000000004,1.436,4.308,0.6666666666666666,,BLOCKED
39,Home,2.40-3.20,<-0.02,0.34+,1,0.9982702585075828,0.943081507804263,0.055188750703319744,0.3685163281711811,1.0,0.3894259653722213,-0.6314836718288189,-0.02090963720104022,-0.10229422457500292,2.436,1.436,1.436,1.0,,BLOCKED
140,Home,4.00+,-0.02-0.02,0.30-0.34,4,0.9160089006455086,0.9167064408427783,-0.0006975401972697526,0.2175414827152361,0.5,0.21766945535682106,-0.2824585172847639,-0.00012797264158494887,-0.03557811102271269,4.4475,1.3325,5.33,0.5,,BLOCKED
140,Home,2.00-2.40,0.02-0.05,0.30-0.34,1,0.7799429995082294,0.8773494601886521,-0.09740646068042269,0.4584321414180061,1.0,0.41588376859009846,-0.5415678585819939,0.04254837282790763,0.045225282433053904,2.28,1.2799999999999998,1.2799999999999998,1.0,,BLOCKED
135,Away,2.00-2.40,-0.02-0.02,0.34+,1,0.8470905183057015,0.8658953573357431,-0.018804839030041598,0.4286602986764388,1.0,0.42067472975168707,-0.5713397013235613,0.007985568924751718,-0.029513083796542494,2.2640000000000002,1.2640000000000002,1.2640000000000002,1.0,,BLOCKED
140,Home,2.00-2.40,0.08-0.12,0.30-0.34,2,0.6549130256635556,0.840125840449196,-0.18521281478564044,0.5199588311923173,1.0,0.43213303126567915,-0.48004116880768266,0.08782579992663822,0.17006032919463587,2.2560000000000002,1.256,2.512,1.0,,BLOCKED
78,Draw,4.00+,0.05-0.08,0.34+,2,0.8355450194535967,0.8961571063231419,-0.06061208686954522,0.27960318572418935,0.5,0.21781597212568726,-0.22039681427581065,0.0617872135985021,0.23087338408839708,4.406000000000001,1.242,2.484,0.5,,BLOCKED
140,Home,2.00-2.40,0.05-0.08,0.30-0.34,2,0.730786852352868,0.8591886188936457,-0.12840176654077773,0.4818096353516832,1.0,0.4241506054701486,-0.5181903646483168,0.05765902988153457,0.07741516575540919,2.2399999999999998,1.2399999999999998,2.4799999999999995,1.0,,BLOCKED
135,Away,2.00-2.40,<-0.02,0.34+,2,0.9487816847993472,0.8599390917437251,0.08884259305562214,0.3873430100769524,1.0,0.4232460947847053,-0.6126569899230476,-0.035903084707752914,-0.13426300480513398,2.2359999999999998,1.236,2.472,1.0,,BLOCKED
78,Away,2.00-2.40,-0.02-0.02,0.34+,2,0.8528365297183795,0.8469187826861997,0.005917747032179843,0.42666861108163884,1.0,0.42874456492534657,-0.5733313889183611,-0.002075953843707734,-0.05563429857008251,2.2140000000000004,1.2140000000000002,2.4280000000000004,1.0,,BLOCKED
78,Away,2.00-2.40,0.12+,0.26-0.30,4,0.5425391121737684,0.8407461173240479,-0.29820700515027954,0.5829431399199274,1.0,0.43153435754664454,-0.4170568600800726,0.15140878237328284,0.2872312512266017,2.212,1.2120000000000002,4.848000000000001,1.0,,BLOCKED
39,Home,2.00-2.40,0.05-0.08,0.30-0.34,5,0.6902916910812678,0.838285155418221,-0.14799346433695326,0.5017171339839454,1.0,0.43279369776582116,-0.49828286601605465,0.06892343621812433,0.10472191947695353,2.2041999999999997,1.2042000000000002,6.021000000000001,1.0,,BLOCKED
78,Away,2.00-2.40,0.05-0.08,0.34+,1,0.7193476236359666,0.8388589917413389,-0.11951136810537233,0.4870699052290717,1.0,0.4322033898305085,-0.5129300947709283,0.05486651539856319,0.07155379150395769,2.2,1.2000000000000002,1.2000000000000002,1.0,,BLOCKED
39,Away,2.00-2.40,0.08-0.12,0.26-0.30,1,0.6088338652612025,0.8247343363719831,-0.2159004711107806,0.5439848589852675,1.0,0.4383514310290323,-0.4560151410147325,0.1056334279562352,0.17065541653629568,2.152,1.1520000000000001,1.1520000000000001,1.0,,BLOCKED
140,Away,2.00-2.40,0.05-0.08,0.34+,1,0.6792272573312126,0.8122431677319574,-0.13301591040074479,0.5070086282297065,1.0,0.44386129334582947,-0.4929913717702935,0.06314733488387703,0.09006855069386899,2.15,1.15,1.15,1.0,,BLOCKED
140,Home,4.00+,-0.02-0.02,0.26-0.30,6,0.757863065387684,0.7657582868582451,-0.007895221470561098,0.1657788678285652,0.3333333333333333,0.1723078987044453,-0.1675544655047681,-0.006529030875880072,-0.0765939791544847,5.664999999999999,1.1433333333333333,6.859999999999999,0.3333333333333333,,BLOCKED
78,Home,2.00-2.40,0.08-0.12,0.26-0.30,1,0.5578359763606155,0.7761585672444105,-0.2183225908837949,0.5724465122168608,1.0,0.4601703337658394,-0.4275534877831392,0.11227617845102145,0.22503553614408234,2.14,1.1400000000000001,1.1400000000000001,1.0,,BLOCKED
39,Away,4.00+,<-0.02,0.34+,21,0.9439972729301574,0.8585649472588026,0.08543232567135484,0.1653209202831119,0.47619047619047616,0.21372318768087512,-0.31086955590736426,-0.048402267397763245,-0.26418454057284296,4.48447619047619,1.118857142857143,23.496000000000002,0.47619047619047616,,BLOCKED
78,Home,2.00-2.40,0.08-0.12,0.30-0.34,3,0.6013234472799379,0.7949932692906079,-0.19366982201066996,0.5486003296112236,1.0,0.4518790441637242,-0.4513996703887764,0.09672128544749942,0.15502160933992917,2.1086666666666667,1.1086666666666665,3.3259999999999996,1.0,,BLOCKED
39,Draw,4.00+,<-0.02,0.34+,6,0.9280274207803546,0.8716634691966313,0.056363951583723315,0.19794530411506558,0.5,0.22923015565809166,-0.3020546958849344,-0.03128485154302608,-0.17902700699176335,4.150666666666666,1.1033333333333333,6.62,0.5,,BLOCKED
78,Away,4.00+,-0.02-0.02,0.30-0.34,4,0.8412686173998444,0.8403355665631433,0.0009330508367010326,0.20696969069946833,0.5,0.21150427851980785,-0.29303030930053164,-0.004534587820339525,-0.05183449863320727,4.625,1.098,4.392,0.5,,BLOCKED
39,Away,2.00-2.40,<-0.02,0.26-0.30,2,0.9579586548899974,0.8000918512038643,0.15786680368613315,0.3842437741858656,1.0,0.4497697647044858,-0.6157562258141345,-0.06552599051862021,-0.1988109338527677,2.09,1.09,2.18,1.0,,BLOCKED
78,Away,2.00-2.40,0.02-0.05,0.30-0.34,1,0.682648783032756,0.7711313462952419,-0.08848256326248594,0.5052768495294512,1.0,0.4624895363955332,-0.4947231504705488,0.04278731313391798,0.056028615516552804,2.09,1.0899999999999999,1.0899999999999999,1.0,,BLOCKED
140,Away,2.40-3.20,0.08-0.12,0.30-0.34,5,0.7049038820026735,0.8788750508880108,-0.17397116888533726,0.4636465311141114,0.8,0.3587170749980385,-0.33635346888588863,0.10492945611607289,0.23510757071598407,2.6804,1.0856,5.428,0.8,,BLOCKED
78,Home,4.00+,0.02-0.05,0.26-0.30,5,0.7987371760081826,0.8110949754948749,-0.012357799486692245,0.23092102131465936,0.4,0.199028834991756,-0.16907897868534066,0.03189218632290334,0.11300683305746939,4.87,1.0779999999999998,5.39,0.4,,BLOCKED
135,Home,2.00-2.40,0.05-0.08,0.34+,1,0.673449924445857,0.7800204650715986,-0.10657054062574156,0.5099462635283208,1.0,0.4583966300893749,-0.49005373647167916,0.05154963343894592,0.05354898044951084,2.066,1.0659999999999998,1.0659999999999998,1.0,,BLOCKED
61,Home,4.00+,<-0.02,0.30-0.34,6,1.223302149098462,0.8534479975611938,0.3698541515372681,0.10863993819513344,0.5,0.22463101927869458,-0.39136006180486654,-0.11599108108356111,-0.5376808299851839,4.2363333333333335,1.0460000000000003,6.276000000000002,0.5,,BLOCKED
140,Away,2.00-2.40,0.12+,0.26-0.30,1,0.48266726036009083,0.7608143550456048,-0.27814709468551396,0.6171351345365129,1.0,0.46728573552546804,-0.3828648654634871,0.14984939901104488,0.25525286364726707,2.034,1.0339999999999998,1.0339999999999998,1.0,,BLOCKED
78,Draw,4.00+,-0.02-0.02,0.30-0.34,2,0.832434391938649,0.8613144619810732,-0.02888007004242421,0.2543511057342964,0.5,0.2396408887108022,-0.24564889426570358,0.014710217023494246,0.02377423385663746,4.025,1.0,2.0,0.5,,BLOCKED
39,Home,2.00-2.40,0.02-0.05,0.26-0.30,1,0.6924742353953962,0.7492366472109889,-0.05676241181559272,0.500336585821473,1.0,0.4727272727272727,-0.499663414178527,0.027609313094200283,0.0006731716429460022,2.0,1.0,1.0,1.0,,BLOCKED
61,Away,2.00-2.40,0.05-0.08,0.30-0.34,1,0.6007465762944,0.7546625862560068,-0.15391600996160681,0.5484020592456347,1.0,0.47016922952967255,-0.4515979407543653,0.07823282971596213,0.09680411849126935,2.0,1.0,1.0,1.0,,BLOCKED
78,Draw,4.00+,0.05-0.08,0.26-0.30,9,0.7376792323748311,0.8199211160846305,-0.08224188370979935,0.2790778245246259,0.4444444444444444,0.21574676010381422,-0.16536661991981855,0.06333106442081173,0.23764643095945676,4.440944444444445,0.9878333333333332,8.8905,0.4444444444444444,,BLOCKED
140,Away,1.70-2.00,0.12+,0.26-0.30,1,0.5094630699016168,0.7392695973598504,-0.2298065274582336,0.6008180895375859,1.0,0.47746252808285244,-0.39918191046241414,0.12335556145473342,0.18841818110534492,1.9780000000000002,0.9780000000000002,0.9780000000000002,1.0,,BLOCKED
61,Draw,3.20-4.00,0.08-0.12,0.26-0.30,2,0.7467307015600952,0.8610964656000497,-0.11436576403995447,0.3366663502723897,0.5,0.24662367227458964,-0.16333364972761028,0.09004267799780007,0.29461802459259423,3.8450000000000006,0.9760000000000002,1.9520000000000004,0.5,,BLOCKED
61,Draw,3.20-4.00,0.05-0.08,0.26-0.30,4,0.7609295552808906,0.8545307801468514,-0.09360122486596079,0.31032870666147083,0.5,0.2444760464207775,-0.18967129333852917,0.06585266024069336,0.20453615909227724,3.8804999999999996,0.9734999999999999,3.8939999999999997,0.5,,BLOCKED
78,Away,1.70-2.00,-0.02-0.02,0.30-0.34,1,0.7692150454583208,0.7280270090534613,0.04118803640485946,0.463376655202978,1.0,0.48286073074381636,-0.536623344797022,-0.019484075540838364,-0.08992824918135123,1.964,0.964,0.964,1.0,,BLOCKED
39,Away,1.70-2.00,0.08-0.12,0.30-0.34,1,0.5475863899560685,0.6976465551691308,-0.1500601652130623,0.5783440241049557,1.0,0.4977553662063219,-0.42165597589504433,0.08058865789863379,0.13355428724571317,1.96,0.96,0.96,1.0,,BLOCKED
135,Away,4.00+,-0.02-0.02,0.26-0.30,6,0.7433008290339668,0.7358946456168777,0.007406183417089096,0.1673012701803888,0.3333333333333333,0.17122481782931842,-0.16603206315294453,-0.003923547648929641,-0.062326326835224745,5.761,0.9586666666666668,5.752000000000001,0.3333333333333333,,BLOCKED
61,Away,1.70-2.00,0.02-0.05,0.34+,1,0.6511592043972939,0.7128166324962143,-0.061657428098920386,0.5214409696162828,1.0,0.490261364817717,-0.47855903038371717,0.031179604798565852,0.018895654630216585,1.954,0.954,0.954,1.0,,BLOCKED
39,Away,1.70-2.00,<-0.02,0.34+,2,0.8907116936962358,0.7194012379184572,0.1713104557777786,0.4133425771266531,1.0,0.4870452163195784,-0.5866574228733469,-0.0737026391929253,-0.195568753639276,1.947,0.947,1.894,1.0,,BLOCKED
61,Away,1.70-2.00,<-0.02,0.34+,1,0.9998875480514868,0.7164896894365204,0.28339785861496647,0.367920812257506,1.0,0.4884639100068834,-0.632079187742494,-0.12054309774937738,-0.2862336242204384,1.94,0.94,0.94,1.0,,BLOCKED
140,Draw,2.40-3.20,<-0.02,0.30-0.34,8,0.957873121687105,0.8789111083303144,0.07896201335679065,0.26553760302919693,0.625,0.3069683021407323,-0.35946239697080307,-0.04143069911153534,-0.17951729221026064,3.0905,0.9397500000000001,7.518000000000001,0.625,,BLOCKED
78,Away,1.70-2.00,0.12+,0.26-0.30,2,0.45900429075925453,0.7164200935088227,-0.2574158027495682,0.6319247042815791,1.0,0.4885007220652508,-0.3680752957184209,0.1434239822163283,0.22462301321676803,1.9379999999999997,0.9379999999999998,1.8759999999999997,1.0,,BLOCKED
39,Home,1.70-2.00,0.12+,0.30-0.34,2,0.48458782132203915,0.7120698908969796,-0.22748206957494044,0.6159529060910084,1.0,0.4906331836501282,-0.3840470939089916,0.1253197224408802,0.1931114312639618,1.9369999999999998,0.9369999999999999,1.8739999999999999,1.0,,BLOCKED
61,Home,2.00-2.40,<-0.02,0.30-0.34,7,1.0388212792033729,0.8229336901374494,0.21588758906592342,0.3340734874573868,0.8571428571428571,0.42008434187273547,-0.5230693696854702,-0.08601085441534868,-0.2471646975899045,2.2605714285714282,0.9357142857142858,6.550000000000001,0.8571428571428571,,BLOCKED
135,Home,1.70-2.00,0.08-0.12,0.34+,1,0.5573284235665839,0.7111458510347883,-0.15381742746820448,0.5727371327899733,1.0,0.49108116908348476,-0.4272628672100267,0.08165596370648853,0.1076736148158084,1.934,0.9339999999999999,0.9339999999999999,1.0,,BLOCKED
78,Draw,3.20-4.00,<-0.02,0.30-0.34,13,0.9121474640741604,0.8515668782385408,0.06058058583561954,0.229152922250773,0.5384615384615384,0.2693735295130843,-0.30930861621076544,-0.040220607262311296,-0.1873005143627113,3.5535384615384613,0.922923076923077,11.998000000000001,0.5384615384615384,,BLOCKED
61,Away,3.20-4.00,0.02-0.05,0.30-0.34,2,0.8330338561875403,0.8698333555587728,-0.0367994993712325,0.3144785896281623,0.5,0.27095249794955173,-0.18552141037183772,0.04352609167861053,0.10115520527702293,3.527,0.9099999999999997,1.8199999999999994,0.5,,BLOCKED
135,Home,1.70-2.00,<-0.02,0.26-0.30,2,0.7880071626924511,0.6584249986244632,0.12958216406798784,0.45564339775165774,1.0,0.5176674925329771,-0.5443566022483423,-0.06202409478131929,-0.13214191232741557,1.9049999999999998,0.9049999999999999,1.8099999999999998,1.0,,BLOCKED
140,Away,1.70-2.00,<-0.02,0.34+,1,0.7418232145671831,0.6584121411531076,0.0834110734140755,0.47624482698823284,1.0,0.5176726733682309,-0.5237551730117671,-0.04142784637999802,-0.09513482872235768,1.9,0.8999999999999999,0.8999999999999999,1.0,,BLOCKED
140,Home,1.70-2.00,0.02-0.05,0.26-0.30,1,0.6085552165433292,0.6969106139236978,-0.08835539738036857,0.5441364607896095,1.0,0.49812181973804337,-0.45586353921039047,0.04601464105156616,0.033859275500258024,1.9,0.8999999999999999,0.8999999999999999,1.0,,BLOCKED
140,Home,1.70-2.00,0.05-0.08,0.30-0.34,3,0.5605679738137633,0.6716260714828653,-0.11105809766910202,0.5709271748866267,1.0,0.51089053876232,-0.4290728251133733,0.06003663612430669,0.07607260435022067,1.8846666666666667,0.8846666666666666,2.654,1.0,,BLOCKED
39,Away,2.40-3.20,<-0.02,0.26-0.30,3,0.9550335520406645,0.8517183721275722,0.10331517991309236,0.2492111345837981,0.6666666666666666,0.32930332993117845,-0.41745553208286856,-0.08009219534738037,-0.28755280028289837,2.872,0.8666666666666667,2.6,0.6666666666666666,,BLOCKED
61,Home,1.70-2.00,0.12+,0.30-0.34,2,0.39314121627429266,0.6796363844839394,-0.2864951682096467,0.6749784934083045,1.0,0.5068091564599786,-0.3250215065916955,0.16816933694832592,0.25976288747464893,1.8662857142857143,0.8662857142857143,1.7325714285714287,1.0,,BLOCKED
39,Home,3.20-4.00,<-0.02,0.26-0.30,2,0.8788695722032955,0.8288117636203,0.05005780858299558,0.2246414076798633,0.5,0.25417329738371497,-0.2753585923201367,-0.029531889703851663,-0.16071525098349398,3.7359999999999998,0.861,1.722,0.5,,BLOCKED
61,Away,1.70-2.00,<-0.02,0.26-0.30,1,0.7229542131810408,0.6734307063632796,0.04952350681776119,0.4853164079743012,1.0,0.5099560638118944,-0.5146835920256988,-0.0246396558375932,-0.09828211398374842,1.8579999999999999,0.8579999999999999,0.8579999999999999,1.0,,BLOCKED
78,Away,3.20-4.00,0.08-0.12,0.34+,2,0.6989576024100496,0.8172776983999365,-0.11832009598988691,0.3544052435169931,0.5,0.24872739164767727,-0.1455947564830069,0.10567785186931586,0.35335181353566547,3.825,0.8500000000000001,1.7000000000000002,0.5,,BLOCKED
135,Home,1.70-2.00,0.12+,0.30-0.34,1,0.4069031946222587,0.6312581129646678,-0.22435491834240912,0.6657086313578747,1.0,0.5319221616864581,-0.3342913686421253,0.1337864696714166,0.23156096801206827,1.85,0.8500000000000001,0.8500000000000001,1.0,,BLOCKED
61,Draw,3.20-4.00,<-0.02,0.26-0.30,6,0.8810286282358736,0.8252867183641038,0.055741909871769746,0.22174196644919256,0.5,0.2556762040209596,-0.27825803355080747,-0.03393423757176703,-0.17557671898476168,3.722,0.8496666666666665,5.097999999999999,0.5,,BLOCKED
140,Away,1.70-2.00,0.08-0.12,0.30-0.34,1,0.4673867509455849,0.6591301160828418,-0.19174336513725687,0.6266376908217985,1.0,0.5173011307620428,-0.37336230917820146,0.10933656005975578,0.14800024958553504,1.832,0.8320000000000001,0.8320000000000001,1.0,,BLOCKED
78,Home,3.20-4.00,<-0.02,0.26-0.30,4,0.8603160649557694,0.8217637466052222,0.03855231835054718,0.19927491625542626,0.5,0.26028863309074896,-0.30072508374457374,-0.06101371683532269,-0.27375287555107136,3.648,0.8214999999999999,3.2859999999999996,0.5,,BLOCKED
140,Away,3.20-4.00,<-0.02,0.26-0.30,4,1.2137129079071203,0.814503567147123,0.39920934075999726,0.14212949328737828,0.5,0.25716763361675,-0.3578705067126217,-0.11503814032937172,-0.47645351542707093,3.6985,0.815,3.26,0.5,,BLOCKED
135,Away,4.00+,0.02-0.05,0.34+,5,0.7355831215732246,0.7464839563848831,-0.010900834811658489,0.23845677914602162,0.4,0.20247128777746445,-0.1615432208539784,0.03598549136855714,0.15669630473576368,4.9196,0.8036000000000001,4.018000000000001,0.4,,BLOCKED
61,Away,3.20-4.00,<-0.02,0.30-0.34,4,0.8979826853495843,0.8276361573683629,0.07034652798122132,0.21908575801024024,0.5,0.2687383230902669,-0.2809142419897598,-0.04965256508002672,-0.2320212716292331,3.5309999999999997,0.802,3.208,0.5,,BLOCKED
140,Away,3.20-4.00,-0.02-0.02,0.34+,14,0.8220334684588744,0.8252186002423519,-0.0031851317834775683,0.26666808671741427,0.5,0.2719803925096764,-0.23333191328258573,-0.005312305792262166,-0.06320743982447848,3.528857142857143,0.8005714285714286,11.208,0.5,,BLOCKED
140,Away,1.70-2.00,0.02-0.05,0.26-0.30,2,0.5559618028117561,0.6318827028370193,-0.0759209000252632,0.5739179736032465,1.0,0.5318152399642817,-0.4260820263967535,0.04210273363896477,0.026626903365231436,1.791,0.791,1.582,1.0,,BLOCKED
140,Away,1.70-2.00,0.02-0.05,0.30-0.34,1,0.5451521437214343,0.6163182628272679,-0.07116611910583359,0.5797535707637509,1.0,0.5399286580752093,-0.4202464292362491,0.0398249126885416,0.0377588916671141,1.79,0.79,0.79,1.0,,BLOCKED
39,Away,2.40-3.20,-0.02-0.02,0.34+,3,0.8748016680314711,0.85114914296169,0.023652525069781105,0.3608551898078585,0.6666666666666666,0.3615744364377078,-0.3058114768588081,-0.0007192466298492906,-0.05710139640995197,2.618,0.7846666666666667,2.354,0.6666666666666666,,BLOCKED
39,Home,1.70-2.00,0.02-0.05,0.26-0.30,2,0.5595186594853452,0.6187966662722962,-0.059278006786951054,0.5715267072635566,1.0,0.5386814016892707,-0.4284732927364434,0.03284530557428583,0.016898706760961946,1.78,0.78,1.56,1.0,,BLOCKED
78,Home,2.00-2.40,0.05-0.08,0.34+,6,0.6672988794382938,0.7550128611926467,-0.08771398175435285,0.5173410953833101,0.8333333333333334,0.45068120920076565,-0.3159922379500233,0.06665988618254433,0.10685942381641504,2.1446666666666663,0.7786666666666666,4.672,0.8333333333333334,,BLOCKED
135,Home,1.70-2.00,0.02-0.05,0.30-0.34,1,0.5352970254897103,0.6215039956688496,-0.08620697017913936,0.5854953572696078,1.0,0.5371359796015049,-0.4145046427303922,0.04835937766810283,0.03632678236720599,1.7700000000000002,0.7700000000000002,0.7700000000000002,1.0,,BLOCKED
135,Away,1.70-2.00,0.02-0.05,0.26-0.30,4,0.5231337976612347,0.5951283246677525,-0.07199452700651776,0.5929259899612682,1.0,0.551594597412707,-0.4070740100387318,0.04133139254856122,0.04305327679539739,1.76,0.76,3.04,1.0,,BLOCKED
140,Away,1.70-2.00,-0.02-0.02,0.26-0.30,1,0.6262502176081132,0.6198217691073985,0.0064284485007146674,0.5345926534004369,1.0,0.5380403244567037,-0.46540734659956307,-0.0034476710562667545,-0.059116930015231106,1.7599999999999998,0.7599999999999998,0.7599999999999998,1.0,,BLOCKED
78,Away,2.40-3.20,0.05-0.08,0.30-0.34,3,0.7485788198051164,0.8136743856387643,-0.06509556583364784,0.4155789278255469,0.6666666666666666,0.3622008191577138,-0.25108773884111973,0.0533781086678331,0.11235956088556669,2.6833333333333336,0.75,2.25,0.6666666666666666,,BLOCKED
135,Away,1.70-2.00,-0.02-0.02,0.26-0.30,1,0.6035553871590994,0.5748533656335142,0.02870202152558521,0.546863862846071,1.0,0.5627873867287454,-0.453136137153929,-0.015923523882674373,-0.042988240019375734,1.75,0.75,0.75,1.0,,BLOCKED
135,Away,1.70-2.00,<-0.02,0.26-0.30,1,0.6500439418833361,0.5689597519180662,0.08108418996526989,0.5220228375903964,1.0,0.5661140315406389,-0.47797716240960364,-0.044091193950242524,-0.09168026259271034,1.74,0.74,0.74,1.0,,BLOCKED
39,Home,3.20-4.00,0.05-0.08,0.34+,2,0.7810494911257923,0.8153792858877579,-0.034329794761965626,0.34347544831672483,0.5,0.2811463836937791,-0.15652455168327517,0.06232906462294571,0.16731484201314972,3.402,0.7380000000000002,1.4760000000000004,0.5,,BLOCKED
140,Away,1.70-2.00,<-0.02,0.26-0.30,2,0.7712737519646243,0.5852848928238477,0.18598885914077667,0.46259070854906803,1.0,0.5569473163811097,-0.537409291450932,-0.09435660783204172,-0.19641510719638122,1.738,0.738,1.476,1.0,,BLOCKED
39,Home,2.40-3.20,0.12+,0.30-0.34,3,0.688469599994324,0.8091332080502455,-0.12066360805592147,0.4945925746638844,0.6666666666666666,0.369599147383253,-0.17207409200278223,0.12499342728063141,0.2779338657406192,2.584,0.7133333333333334,2.14,0.6666666666666666,,BLOCKED
140,Home,1.70-2.00,<-0.02,0.30-0.34,1,0.7727008801370645,0.587761400334726,0.1849394798023385,0.4617642127755545,1.0,0.5555695916036361,-0.5382357872244454,-0.09380537882808154,-0.21038319615380174,1.7100000000000002,0.7100000000000002,0.7100000000000002,1.0,,BLOCKED
61,Away,1.70-2.00,0.12+,0.26-0.30,1,0.34388606189674237,0.5831109482518242,-0.23922488635508182,0.7090097066687111,1.0,0.5581592582612959,-0.2909902933312889,0.15085044840741524,0.2067345207501463,1.702,0.702,0.702,1.0,,BLOCKED
140,Draw,4.00+,0.02-0.05,0.22-0.26,3,0.6858450236384197,0.6918130320460297,-0.005968008407610026,0.21542926281027383,0.3333333333333333,0.1828246674146988,-0.11790407052305948,0.03260459539557501,0.13392955807276116,5.279333333333333,0.6946666666666665,2.0839999999999996,0.3333333333333333,,BLOCKED
140,Home,1.55-1.70,-0.02-0.02,0.26-0.30,1,0.5457885352300762,0.579424120144959,-0.03363558491488283,0.5793847378877152,1.0,0.5602208936150792,-0.42061526211228484,0.019163844272635955,-0.018522254018210726,1.6939999999999997,0.6939999999999997,0.6939999999999997,1.0,,BLOCKED
135,Home,1.55-1.70,<-0.02,0.34+,1,0.7441438007239822,0.5405531344278957,0.20359066629608658,0.4751409411619401,1.0,0.582426003384527,-0.5248590588380599,-0.10728506222258688,-0.19701180943632124,1.69,0.69,0.69,1.0,,BLOCKED
61,Away,1.55-1.70,0.08-0.12,0.26-0.30,1,0.38507890837399494,0.5779344842932568,-0.19285557591926183,0.6803969450696689,1.0,0.561056040621108,-0.31960305493033114,0.11934090444856083,0.1498708371677404,1.69,0.69,0.69,1.0,,BLOCKED
61,Home,3.20-4.00,0.05-0.08,0.30-0.34,2,0.7358507062521669,0.802264101083615,-0.06641339483144815,0.34968827036964356,0.5,0.28393391875016294,-0.15031172963035644,0.0657543516194806,0.16816724358354285,3.3404285714285717,0.6840000000000004,1.3680000000000008,0.5,,BLOCKED
135,Away,1.55-1.70,<-0.02,0.34+,1,0.7962208395140151,0.568244264004373,0.22797657550964212,0.45103026309973016,1.0,0.5665192242259273,-0.5489697369002698,-0.11548896112619711,-0.2422691579924534,1.68,0.6799999999999999,0.6799999999999999,1.0,,BLOCKED
61,Draw,3.20-4.00,<-0.02,0.34+,10,0.8537833117211558,0.799155602452214,0.05462770926894189,0.24022106452067712,0.5,0.2841296790191162,-0.25977893547932285,-0.04390861449843904,-0.19681464517072195,3.3430571428571425,0.6743999999999998,6.743999999999998,0.5,,BLOCKED
78,Away,1.55-1.70,0.05-0.08,0.26-0.30,1,0.45702461604750144,0.5702618646674298,-0.11323724861992834,0.633164753857268,1.0,0.5653773669568339,-0.366835246142732,0.06778738690043407,0.05738513894163755,1.67,0.6699999999999999,0.6699999999999999,1.0,,BLOCKED
61,Draw,4.00+,0.12+,0.22-0.26,3,0.6548837149587118,0.6829292847721024,-0.02804556981339057,0.3259954489964119,0.3333333333333333,0.17986225227564226,-0.007337884336921396,0.14613319672076963,0.7171396974099077,5.2633333333333345,0.658666666666667,1.9760000000000009,0.3333333333333333,,BLOCKED
61,Away,1.55-1.70,0.05-0.08,0.26-0.30,1,0.4369753851823755,0.5531916672573249,-0.11621628207494944,0.6459873320752945,1.0,0.5751113140565255,-0.35401266792470554,0.07087601801876897,0.07104699658083824,1.658,0.6579999999999999,0.6579999999999999,1.0,,BLOCKED
140,Home,1.55-1.70,<-0.02,0.26-0.30,1,0.6229960336069013,0.5530172706934846,0.06997876291341665,0.5363351499247425,1.0,0.5752116202397952,-0.4636648500752575,-0.0388764703150527,-0.11397433232432541,1.652,0.6519999999999999,0.6519999999999999,1.0,,BLOCKED
61,Home,1.55-1.70,0.12+,0.26-0.30,2,0.3455996800206229,0.5567472143786305,-0.2111475343580076,0.707803548856413,1.0,0.5730736534770922,-0.29219645114358705,0.13472989537932079,0.16925828983474622,1.6519999999999997,0.6519999999999998,1.3039999999999996,1.0,,BLOCKED
135,Home,1.55-1.70,0.02-0.05,0.34+,1,0.47879215132903047,0.5373183664237796,-0.058526215094749146,0.6195312400563899,1.0,0.584313066845818,-0.38046875994361007,0.03521817321057197,0.02222654609304331,1.65,0.6499999999999999,0.6499999999999999,1.0,,BLOCKED
39,Home,1.55-1.70,-0.02-0.02,0.26-0.30,3,0.5450097889344244,0.5525191861695427,-0.007509397235118231,0.5798885432306402,1.0,0.5754997961867597,-0.4201114567693598,0.004388747043880444,-0.048679749251454164,1.6403333333333334,0.6403333333333333,1.9209999999999998,1.0,,BLOCKED
61,Away,1.55-1.70,0.02-0.05,0.26-0.30,2,0.4899515320814912,0.5496253602016447,-0.05967382812015343,0.612672005585732,1.0,0.5772318645413739,-0.387327994414268,0.035440141044358,0.004879250282403935,1.6399999999999997,0.6399999999999998,1.2799999999999996,1.0,,BLOCKED
78,Home,1.55-1.70,-0.02-0.02,0.34+,1,0.5383543446413547,0.5314536789876425,0.006900665653712168,0.5837080446853227,1.0,0.5877499486155563,-0.41629195531467733,-0.004041903930233626,-0.04738847107355337,1.6320000000000001,0.6320000000000001,0.6320000000000001,1.0,,BLOCKED
78,Home,1.55-1.70,<-0.02,0.22-0.26,1,0.6379231334977828,0.5397903075201661,0.09813282597761674,0.5283886780079391,1.0,0.5828704631130375,-0.4716113219920609,-0.05448178510509838,-0.13872645484705926,1.6300000000000001,0.6300000000000001,0.6300000000000001,1.0,,BLOCKED
140,Home,3.20-4.00,0.08-0.12,0.30-0.34,4,0.7211770212601003,0.7805233033525776,-0.059346282092477276,0.3829746476984397,0.5,0.29495991544647837,-0.1170253523015603,0.0880147322519613,0.25747745340291744,3.284,0.6275,2.51,0.5,,BLOCKED
140,Home,1.55-1.70,0.12+,0.34+,2,0.32496349357772764,0.5189841489325773,-0.19402065535484964,0.7229554797692744,1.0,0.5954969265630531,-0.27704452023072557,0.12745855320622135,0.1742001953273029,1.625,0.625,1.25,1.0,,BLOCKED
140,Away,4.00+,-0.02-0.02,<=0.22,21,0.3654284994843377,0.3450905840241604,0.020337915460177325,0.06283956814595504,0.09523809523809523,0.07277417028213479,-0.032398527092140195,-0.009934602136179764,-0.18105221501356092,13.576190476190478,0.6190476190476191,13.0,0.09523809523809523,,BLOCKED
61,Home,1.55-1.70,0.12+,0.22-0.26,1,0.32275844170660833,0.5321460303751424,-0.20938758866853407,0.7241487573804227,1.0,0.587343159959724,-0.2758512426195773,0.13680559742069875,0.16732779689724153,1.612,0.6120000000000001,0.6120000000000001,1.0,,BLOCKED
140,Away,1.55-1.70,0.08-0.12,0.26-0.30,1,0.37569640672474297,0.5280285026961192,-0.15233209597137626,0.6868108125382737,1.0,0.5897665474366011,-0.3131891874617263,0.09704426510167263,0.10576540818662061,1.61,0.6100000000000001,0.6100000000000001,1.0,,BLOCKED
140,Away,1.55-1.70,0.02-0.05,0.26-0.30,2,0.45938555336744796,0.529075839875111,-0.06969028650766301,0.6316962940075224,1.0,0.5891492199432053,-0.36830370599247764,0.04254707406431696,0.013900448285041112,1.605,0.6050000000000001,1.2100000000000002,1.0,,BLOCKED
135,Away,1.55-1.70,-0.02-0.02,0.26-0.30,6,0.5023691790890151,0.5164529559390961,-0.014083776850080998,0.6053924670277612,1.0,0.5968568461655986,-0.39460753297223883,0.008535620862162622,-0.03395110903433048,1.5970000000000004,0.5970000000000002,3.582000000000001,1.0,,BLOCKED
39,Home,1.55-1.70,0.02-0.05,0.34+,1,0.44433511536930165,0.520966257183138,-0.0766311418138364,0.6412504919209264,1.0,0.5939463656687555,-0.3587495080790736,0.04730412625217095,0.022153284121956718,1.594,0.5940000000000001,0.5940000000000001,1.0,,BLOCKED
78,Home,1.55-1.70,-0.02-0.02,0.26-0.30,2,0.4859347721348277,0.49433283409659234,-0.008398061961764625,0.6151600185612339,1.0,0.6099806411120643,-0.3848399814387661,0.0051793774491696865,-0.020234918758719245,1.5930000000000002,0.5930000000000002,1.1860000000000004,1.0,,BLOCKED
78,Draw,2.40-3.20,-0.02-0.02,0.34+,2,0.8226592375371773,0.7904208256137226,0.03223841192345467,0.2918890133871324,0.5,0.3034991709813868,-0.2081109866128676,-0.011610157594254378,-0.09283891384503262,3.1109999999999998,0.5880000000000001,1.1760000000000002,0.5,,BLOCKED
78,Home,1.55-1.70,-0.02-0.02,0.22-0.26,1,0.4613560335854212,0.49032375254606725,-0.02896771896064604,0.630428183830161,1.0,0.6124280869324819,-0.36957181616983903,0.01800009689767912,-0.0114886077543076,1.568,0.5680000000000001,0.5680000000000001,1.0,,BLOCKED
135,Away,4.00+,-0.02-0.02,0.22-0.26,6,0.48048999144925086,0.4661738409906559,0.014316150458594967,0.0848657975668387,0.16666666666666666,0.0964039229716635,-0.08180086909982796,-0.011538125404824807,-0.1572358068199177,9.975,0.5650000000000001,3.3900000000000006,0.16666666666666666,,BLOCKED
135,Home,1.55-1.70,0.12+,0.26-0.30,1,0.30143112552257056,0.498005538421047,-0.19657441289847644,0.7397587750991441,1.0,0.6077415689644725,-0.2602412249008559,0.1320172061346716,0.1510646540542684,1.5560000000000003,0.5560000000000003,0.5560000000000003,1.0,,BLOCKED
78,Away,3.20-4.00,-0.02-0.02,0.34+,7,0.7756841425432229,0.7481030668864276,0.02758107565679535,0.256777956231991,0.42857142857142855,0.26293950227198837,-0.17179347233943754,-0.006161546039997324,-0.07370483005473238,3.6165714285714285,0.5477142857142858,3.8340000000000005,0.42857142857142855,,BLOCKED
78,Home,1.70-2.00,0.12+,0.26-0.30,7,0.49048116896044397,0.6457964411699525,-0.15531527220950853,0.6615057764467706,0.8571428571428571,0.5274394741371111,-0.19563708069608654,0.1340663023096593,0.197661529560897,1.8117142857142858,0.5474285714285714,3.832,0.8571428571428571,,BLOCKED
39,Draw,2.40-3.20,<-0.02,0.34+,2,0.8041551548199669,0.7708455285828909,0.03330962623707601,0.2719511761932675,0.5,0.30574836653472387,-0.22804882380673253,-0.03379719034145642,-0.1556339100548132,3.1049999999999995,0.5429999999999999,1.0859999999999999,0.5,,BLOCKED
39,Away,<1.55,0.02-0.05,0.26-0.30,1,0.4301995939909132,0.48734074969022456,-0.057141155699311386,0.6503792699735264,1.0,0.6142576891624417,-0.34962073002647365,0.03612158081108463,0.002884834299177852,1.5420000000000003,0.5420000000000003,0.5420000000000003,1.0,,BLOCKED
39,Away,3.20-4.00,<-0.02,0.30-0.34,19,0.7929842147612619,0.7436904415423609,0.04929377321890105,0.20996362423434695,0.42105263157894735,0.2634757587927032,-0.2110890073446004,-0.05351213455835624,-0.2407766057046117,3.636,0.5388421052631579,10.238,0.42105263157894735,,BLOCKED
140,Home,<1.55,-0.02-0.02,0.26-0.30,1,0.5134621553696085,0.4864266599730718,0.027035495396536713,0.5984201645959738,1.0,0.6148194325025784,-0.4015798354040262,-0.01639926790660462,-0.07962978685139233,1.538,0.538,0.538,1.0,,BLOCKED
39,Home,4.00+,0.05-0.08,0.30-0.34,3,0.6761251021739865,0.7042184935475784,-0.028093391373591903,0.2898571967940565,0.3333333333333333,0.2264559214773886,-0.04347613653927679,0.06340127531666793,0.22765035729119698,4.248,0.5300000000000002,1.5900000000000007,0.3333333333333333,,BLOCKED
61,Home,<1.55,0.08-0.12,0.26-0.30,1,0.34990120030314714,0.48454862512671926,-0.13464742482357211,0.7047577161278309,1.0,0.6159751697387424,-0.2952422838721691,0.08878254638908845,0.07686979024332552,1.528,0.528,0.528,1.0,,BLOCKED
135,Draw,2.40-3.20,0.05-0.08,0.34+,2,0.7204281625199295,0.7608954001870762,-0.04046723766714677,0.35878528175292035,0.5,0.3074310760207095,-0.14121471824707965,0.05135420573221078,0.11577702714350302,3.1109999999999998,0.5249999999999999,1.0499999999999998,0.5,,BLOCKED
78,Home,<1.55,0.05-0.08,0.26-0.30,1,0.38304548900883123,0.4794768394758252,-0.09643135046699397,0.6817818849984036,1.0,0.6191071995440763,-0.31821811500159636,0.0626746854543273,0.03767202896757027,1.522,0.522,0.522,1.0,,BLOCKED
140,Home,4.00+,0.02-0.05,0.30-0.34,3,0.6784474519893043,0.6823351900993933,-0.003887738110088912,0.24227488397732067,0.3333333333333333,0.21202236458505597,-0.09105844935601265,0.03025251939226471,0.09594533149083251,4.527333333333334,0.5206666666666667,1.5620000000000003,0.3333333333333333,,BLOCKED
140,Away,<1.55,0.05-0.08,0.22-0.26,1,0.3625686736819605,0.46985376166433374,-0.10728508798237324,0.6958865229479205,1.0,0.625093674257568,-0.3041134770520795,0.07079284869035252,0.05774751488083929,1.52,0.52,0.52,1.0,,BLOCKED
61,Away,<1.55,-0.02-0.02,0.26-0.30,1,0.44981041860633064,0.4606727371583569,-0.01086231855202624,0.6377490455146548,1.0,0.6308591003607896,-0.36225095448534517,0.006889945153865207,-0.03317244699978328,1.516,0.516,0.516,1.0,,BLOCKED
61,Away,1.70-2.00,0.08-0.12,0.30-0.34,5,0.5827671614630263,0.6804743012733372,-0.09770713981031087,0.5981698053548646,0.8,0.49698950904819483,-0.2018301946451354,0.10118029630666978,0.14399069980538232,1.9139999999999997,0.5144,2.5719999999999996,0.8,,BLOCKED
61,Home,<1.55,-0.02-0.02,0.26-0.30,2,0.46822342156942665,0.4629097142632411,0.005313707306185522,0.6267604688705148,1.0,0.6297036810333259,-0.37323953112948516,-0.0029432121628110153,-0.05401824249152437,1.511,0.5109999999999999,1.0219999999999998,1.0,,BLOCKED
61,Draw,3.20-4.00,0.02-0.05,0.26-0.30,10,0.6954544343046537,0.7204753191641902,-0.025020884859536463,0.28411633691187527,0.4,0.24865564484745234,-0.11588366308812476,0.03546069206442291,0.08610789639169347,3.8242,0.5104,5.103999999999999,0.4,,BLOCKED
135,Away,<1.55,0.02-0.05,0.26-0.30,3,0.41190060999849615,0.4624438190799807,-0.050543209081484575,0.6624413074958803,1.0,0.6298027092038333,-0.33755869250411974,0.03263859829204696,-0.0007752805748178678,1.5086666666666666,0.5086666666666667,1.5260000000000002,1.0,,BLOCKED
78,Home,2.40-3.20,-0.02-0.02,0.26-0.30,2,0.7897478635831362,0.7727026141615779,0.017045249421558273,0.29998446586488786,0.5,0.318245310723539,-0.20001553413511214,-0.01826084485865115,-0.0894488900787338,3.035,0.5050000000000001,1.0100000000000002,0.5,,BLOCKED
135,Away,2.00-2.40,-0.02-0.02,0.30-0.34,10,0.7236159839531996,0.7179626469955827,0.005653336957616939,0.43447846826570913,0.7,0.43442629309388464,-0.2655215317342908,5.2175171824592194e-05,-0.04114661186078428,2.2123999999999997,0.504,5.04,0.7,,BLOCKED
140,Away,2.40-3.20,-0.02-0.02,0.34+,6,0.7572030641073201,0.760259800206966,-0.0030567360996459625,0.3116888896996377,0.5,0.318482908073983,-0.1883111103003623,-0.006794018374345234,-0.06663815698982244,2.998333333333333,0.49933333333333324,2.9959999999999996,0.5,,BLOCKED
78,Draw,4.00+,<-0.02,0.22-0.26,12,0.7120374536044342,0.6660692255648516,0.04596822803958256,0.16097996267308617,0.3333333333333333,0.2022905273360023,-0.17235337066024714,-0.041310564662916126,-0.2472267389494717,4.723666666666667,0.49900000000000005,5.988,0.3333333333333333,,BLOCKED
61,Home,<1.55,0.02-0.05,0.26-0.30,2,0.39637789607677126,0.4517146683616066,-0.055336772284835356,0.6727784302251855,1.0,0.636701698141755,-0.32722156977481454,0.036076732083430485,0.003596100464383356,1.492,0.4920000000000001,0.9840000000000002,1.0,,BLOCKED
39,Home,<1.55,0.02-0.05,0.34+,1,0.3913777436102122,0.4357773774156754,-0.04439963380546319,0.6761247060076171,1.0,0.6467616936692974,-0.3238752939923829,0.029363012338319727,0.003369063715303655,1.484,0.484,0.484,1.0,,BLOCKED
78,Home,<1.55,-0.02-0.02,0.26-0.30,1,0.4357376552078879,0.447561081207311,-0.011823425999423098,0.6467873849819368,1.0,0.6391851728558798,-0.3532126150180632,0.00760221212605694,-0.040167520686805847,1.484,0.484,0.484,1.0,,BLOCKED
61,Home,<1.55,<-0.02,0.26-0.30,3,0.8031304247893226,0.4497037847291084,0.35342664006021424,0.46471407478073123,1.0,0.6380869196075536,-0.5352859252192688,-0.17337284482682244,-0.31467138514900245,1.4838888888888888,0.48388888888888887,1.4516666666666667,1.0,,BLOCKED
61,Home,1.70-2.00,<-0.02,0.34+,9,0.823952460025762,0.699900102911366,0.124052357114396,0.40163325348584944,0.7777777777777778,0.49981484555974237,-0.37614452429192835,-0.09818159207389295,-0.24017621661323185,1.8960634920634922,0.48117460317460314,4.330571428571428,0.7777777777777778,,BLOCKED
61,Home,2.00-2.40,0.02-0.05,0.34+,6,0.7054388214618347,0.743731399772572,-0.03829257831073729,0.45295170378631705,0.6666666666666666,0.4197327581851317,-0.21371496288034958,0.033218945601185317,0.022337435174016946,2.259809523809524,0.4808095238095238,2.884857142857143,0.6666666666666666,,BLOCKED
61,Away,4.00+,-0.02-0.02,0.26-0.30,7,0.630572004924511,0.6297613706863372,0.0008106342381738463,0.18810006208426613,0.2857142857142857,0.18656891347761032,-0.09761422363001956,0.001531148606655807,-0.04462539431191857,5.199714285714285,0.47971428571428565,3.3579999999999997,0.2857142857142857,,BLOCKED
78,Away,4.00+,0.02-0.05,0.30-0.34,3,0.6490005710292924,0.662863268518758,-0.013862697489465559,0.25053606471189344,0.3333333333333333,0.21726954366509646,-0.08279726862143988,0.033266521046796976,0.11927973767277493,4.491333333333333,0.47666666666666657,1.4299999999999997,0.3333333333333333,,BLOCKED
39,Away,<1.55,0.05-0.08,0.26-0.30,1,0.3256470027798182,0.4377443277119992,-0.11209732493218105,0.7220600276326871,1.0,0.645490795870432,-0.27793997236731294,0.07656923176225505,0.06503854075821347,1.475,0.4750000000000001,0.4750000000000001,1.0,,BLOCKED
78,Home,<1.55,0.12+,<=0.22,4,0.23721972343643766,0.44886214642892824,-0.2116424229924906,0.7889459811545728,1.0,0.6386270131390374,-0.21105401884542718,0.15031896801553546,0.1619315874839249,1.4734999999999998,0.47349999999999987,1.8939999999999995,1.0,,BLOCKED
78,Away,<1.55,-0.02-0.02,0.22-0.26,3,0.4332799494448451,0.43624000138592595,-0.0029600519410808435,0.6486093052043346,1.0,0.6468323571599369,-0.3513906947956654,0.0017769480443975416,-0.0452588977297641,1.4733333333333334,0.4733333333333332,1.4199999999999997,1.0,,BLOCKED
39,Away,2.00-2.40,-0.02-0.02,0.30-0.34,9,0.7669284888312808,0.7634403152914424,0.003488173539838435,0.43781503931553245,0.6666666666666666,0.438078720964442,-0.22885162735113418,-0.00026368164890954663,-0.05109709172909649,2.1726666666666663,0.4639999999999999,4.175999999999999,0.6666666666666666,,BLOCKED
140,Away,4.00+,<-0.02,0.30-0.34,21,0.7005300833252046,0.6467382651018189,0.053791818223385746,0.12736027029762378,0.2857142857142857,0.20512121875779882,-0.15835401541666191,-0.07776094846017505,-0.4003440731796961,4.722761904761905,0.45790476190476187,9.616,0.2857142857142857,,BLOCKED
78,Away,2.00-2.40,<-0.02,0.26-0.30,6,0.8431610615385002,0.7335333103179846,0.1096277512205156,0.31804935322346484,0.6666666666666666,0.4244526745217892,-0.3486173134432018,-0.1064033212983244,-0.2944250660559802,2.227333333333333,0.4546666666666666,2.7279999999999998,0.6666666666666666,,BLOCKED
61,Home,<1.55,0.05-0.08,0.26-0.30,1,0.33035205895029135,0.42495176329866474,-0.09459970434837339,0.718670674445449,1.0,0.6538013215883158,-0.28132932555455104,0.06486935285713313,0.03919779524811928,1.4460000000000002,0.4460000000000002,0.4460000000000002,1.0,,BLOCKED
140,Draw,4.00+,0.02-0.05,0.26-0.30,9,0.6447309254721421,0.6701540265495984,-0.025423101077456378,0.2484172850967853,0.3333333333333333,0.21904412192192055,-0.08491604823654803,0.02937316317486473,0.079064248554743,4.353777777777777,0.44555555555555554,4.01,0.3333333333333333,,BLOCKED
135,Away,2.00-2.40,0.08-0.12,0.30-0.34,6,0.7090071643179335,0.7640788839367896,-0.05507171961885604,0.5523793535447215,0.6666666666666666,0.4503071889889309,-0.11428731312194518,0.1020721645557906,0.17003300499399723,2.122333333333333,0.4429999999999999,2.6579999999999995,0.6666666666666666,,BLOCKED
61,Away,1.70-2.00,-0.02-0.02,0.30-0.34,4,0.7006890403927,0.6995051239716614,0.0011839164210385444,0.4965305112339416,0.75,0.4935163329151125,-0.2534694887660584,0.0030141783188291082,-0.0465475865273709,1.9229999999999998,0.4424999999999999,1.7699999999999996,0.75,,BLOCKED
78,Away,4.00+,<-0.02,0.30-0.34,6,0.837519083935704,0.6647742282775237,0.1727448556581802,0.1587957303424455,0.3333333333333333,0.22285825302820858,-0.1745376029908878,-0.06406252268576305,-0.3165713973650543,4.295,0.437,2.622,0.3333333333333333,,BLOCKED
39,Away,1.70-2.00,<-0.02,0.30-0.34,12,0.7552555323628641,0.6966459119656149,0.05860962039724926,0.4462452775004606,0.75,0.5014620095654617,-0.3037547224995394,-0.055216732065001016,-0.15035586366874107,1.9064999999999996,0.4366666666666666,5.239999999999999,0.75,,BLOCKED
78,Home,2.00-2.40,0.12+,0.34+,6,0.6590701344715335,0.7397348606235759,-0.08066472615204234,0.5878913512217155,0.6666666666666666,0.4410805994365004,-0.07877531544495109,0.14681075178521508,0.27559162892987643,2.171,0.4366666666666666,2.6199999999999997,0.6666666666666666,,BLOCKED
140,Home,2.00-2.40,<-0.02,0.34+,14,0.7988847554557292,0.7417528144846219,0.0571319409711073,0.3666868227938416,0.6428571428571429,0.42278100306750704,-0.2761703200633013,-0.056094180273665306,-0.17306992977773902,2.2538571428571426,0.4361428571428571,6.106,0.6428571428571429,,BLOCKED
135,Away,4.00+,-0.02-0.02,0.34+,6,0.658891216977986,0.6584885492914555,0.0004026676865305223,0.21620258866099049,0.3333333333333333,0.21988030220955346,-0.11713074467234283,-0.003677713548562944,-0.06228638959336672,4.359,0.434,2.604,0.3333333333333333,,BLOCKED
78,Away,<1.55,0.05-0.08,0.22-0.26,3,0.3123714268516205,0.4167267385534876,-0.10435531170186707,0.7324397596919304,1.0,0.6596907447133527,-0.2675602403080696,0.07274901497857766,0.04873500208671425,1.434,0.434,1.302,1.0,,BLOCKED
39,Away,4.00+,0.02-0.05,<=0.22,9,0.32478782747998314,0.3376675396159144,-0.012879712135931254,0.0886714124902423,0.1111111111111111,0.05730269112945684,-0.02243969862086881,0.031368721360785445,0.512226870831212,17.664444444444445,0.43333333333333335,3.9000000000000004,0.1111111111111111,,BLOCKED
61,Away,2.40-3.20,0.05-0.08,0.34+,6,0.7244469605482965,0.7621748284637245,-0.03772786791542804,0.4078191391960304,0.5,0.34065205433248424,-0.09218086080396959,0.06716708486354617,0.1381484900895815,2.812333333333333,0.432,2.592,0.5,,BLOCKED
78,Away,2.40-3.20,-0.02-0.02,0.34+,8,0.734831975857374,0.7398765361817269,-0.005044560324352854,0.3337260414779583,0.5,0.33392586896569687,-0.1662739585220417,-0.00019982748773852976,-0.04378469313475816,2.884,0.4297499999999999,3.4379999999999993,0.5,,BLOCKED
135,Draw,4.00+,-0.02-0.02,<=0.22,7,0.5928871832506944,0.5915569347949882,0.0013302484557062844,0.17424995709588775,0.2857142857142857,0.16790861145616895,-0.11146432861839795,0.006341345639718844,-0.008454214537990732,5.789714285714287,0.4254285714285714,2.9779999999999998,0.2857142857142857,,BLOCKED
78,Away,<1.55,<-0.02,0.26-0.30,1,0.4714570696361422,0.40055511461060844,0.07090195502553376,0.6240922595890838,1.0,0.6699480448455019,-0.37590774041091624,-0.04585578525641809,-0.11378899138350107,1.42,0.41999999999999993,0.41999999999999993,1.0,,BLOCKED
78,Away,2.00-2.40,0.05-0.08,0.30-0.34,3,0.7091821673328483,0.7491153240441056,-0.0399331567112573,0.5177121407402988,0.6666666666666666,0.4564381374093343,-0.14895452592636782,0.06127400333096441,0.0757191660166084,2.0793333333333335,0.41133333333333333,1.234,0.6666666666666666,,BLOCKED
140,Home,2.00-2.40,<-0.02,0.30-0.34,3,0.7093568987341664,0.7069017826643074,0.0024551160698590424,0.36754560667504754,0.6666666666666666,0.4348173508380617,-0.2991210599916191,-0.06727174416301418,-0.20062199845718967,2.1919999999999997,0.40999999999999986,1.2299999999999995,0.6666666666666666,,BLOCKED
39,Home,2.40-3.20,<-0.02,0.30-0.34,4,0.781175116931805,0.7379369484072112,0.04323816852459372,0.2918355284246105,0.5,0.32954853222615166,-0.20816447157538948,-0.03771300380154115,-0.1638904523284811,2.8840000000000003,0.40900000000000003,1.6360000000000001,0.5,,BLOCKED
61,Home,<1.55,-0.02-0.02,0.22-0.26,2,0.39149815740135246,0.398021145717365,-0.006522988316012557,0.6760543491422684,1.0,0.67164809171204,-0.32394565085773164,0.004406257430228433,-0.048100013058627156,1.4080000000000001,0.40800000000000014,0.8160000000000003,1.0,,BLOCKED
135,Away,1.70-2.00,0.08-0.12,0.26-0.30,5,0.5486462639574978,0.6302702386111576,-0.08162397465365978,0.647697536048484,0.8,0.544104881974157,-0.15230246395151603,0.10359265407432694,0.14295470957289455,1.7644000000000002,0.40359999999999996,2.018,0.8,,BLOCKED
78,Home,1.70-2.00,0.02-0.05,0.30-0.34,4,0.6729402150929482,0.7005812272182301,-0.027641012125281916,0.5407350143218457,0.75,0.514699933025739,-0.20926498567815432,0.026035081296106627,-0.003057566273519552,1.8465,0.403,1.612,0.75,,BLOCKED
39,Home,4.00+,<-0.02,0.22-0.26,5,0.5618506624712938,0.5178966374071561,0.0439540250641377,0.10334048708746808,0.2,0.136369315568461,-0.09665951291253193,-0.03302882848099291,-0.2894783016964331,6.9,0.4,2.0,0.2,,BLOCKED
135,Home,1.70-2.00,0.05-0.08,0.30-0.34,4,0.6321686332108202,0.6853057449759448,-0.05313711176512459,0.5790200010723904,0.75,0.5196005739131407,-0.17097999892760962,0.05941942715924958,0.06648748412207606,1.8435,0.39499999999999996,1.5799999999999998,0.75,,BLOCKED
39,Draw,4.00+,-0.02-0.02,<=0.22,18,0.5372123417708179,0.5316300102126587,0.005582331558159237,0.1324160258628946,0.2222222222222222,0.13813619411305963,-0.0898061963593276,-0.005720168250165022,-0.07951012514702016,7.065499999999999,0.38872222222222225,6.997000000000001,0.2222222222222222,,BLOCKED
135,Away,3.20-4.00,0.02-0.05,0.34+,13,0.6927977144806321,0.7050161217252,-0.012218407244567908,0.30699683973383163,0.38461538461538464,0.27493966992540536,-0.07761854488155301,0.03205716980842628,0.07512569430849939,3.513230769230769,0.38107692307692315,4.954000000000001,0.38461538461538464,,BLOCKED
135,Draw,3.20-4.00,-0.02-0.02,0.34+,17,0.7126873793518592,0.7104340651296688,0.002253314222190439,0.3000818413342912,0.4117647058823529,0.28969504194151807,-0.1116828645480617,0.010386799392773224,0.006778644063416282,3.362941176470588,0.3771764705882353,6.412,0.4117647058823529,,BLOCKED
78,Home,2.00-2.40,0.08-0.12,0.34+,5,0.6941644791137129,0.7508725901904906,-0.056708111076777645,0.5135279823839125,0.6,0.4163200833120671,-0.08647201761608747,0.0972078990718455,0.16115244347669527,2.2632,0.374,1.87,0.6,,BLOCKED
61,Draw,3.20-4.00,-0.02-0.02,0.26-0.30,14,0.6760160869802895,0.6803047747216632,-0.004288687741373698,0.24939680055541932,0.35714285714285715,0.2462390755715422,-0.10774605658743783,0.0031577249838771193,-0.037509493250197326,3.861142857142856,0.37099999999999994,5.193999999999999,0.35714285714285715,,BLOCKED
39,Home,<1.55,0.08-0.12,<=0.22,1,0.253653019225159,0.3817918160351697,-0.12813879681001072,0.7759609988893517,1.0,0.6826371525224298,-0.22403900111064834,0.09332384636692181,0.06306656847841197,1.37,0.3700000000000001,0.3700000000000001,1.0,,BLOCKED
135,Away,<1.55,-0.02-0.02,0.22-0.26,6,0.35983970440262825,0.35082514428523887,0.00901456011738938,0.6982192381603078,1.0,0.7047600783902231,-0.30178076183969216,-0.006540840229915208,-0.049608896164990424,1.3633333333333333,0.36333333333333345,2.1800000000000006,1.0,,BLOCKED
61,Away,2.40-3.20,0.05-0.08,0.30-0.34,4,0.7182056802032251,0.746708328501092,-0.028502648297866973,0.4171967802940177,0.5,0.35305157468202664,-0.08280321970598231,0.0641452056119911,0.12313733440706792,2.6965000000000003,0.36150000000000015,1.4460000000000006,0.5,,BLOCKED
140,Home,<1.55,0.12+,<=0.22,1,0.151466311646904,0.3245658402355982,-0.1730995285886942,0.8594468351336864,1.0,0.722841114053848,-0.14055316486631364,0.13660572107983837,0.16884769578181347,1.36,0.3600000000000001,0.3600000000000001,1.0,,BLOCKED
39,Draw,4.00+,<-0.02,0.22-0.26,43,0.6374748850273236,0.6131285480918363,0.024346336935487378,0.1599117048450675,0.27906976744186046,0.19454770288583303,-0.11915806259679296,-0.034635998040765566,-0.2225783119300412,4.8783720930232555,0.3561860465116279,15.315999999999999,0.27906976744186046,,BLOCKED
78,Home,1.70-2.00,-0.02-0.02,0.30-0.34,4,0.6698132191000419,0.6564794439292552,0.01333377517078671,0.5183630469220661,0.75,0.527120448110834,-0.23163695307793386,-0.00875740118876786,-0.049982910665567676,1.8335,0.3559999999999999,1.4239999999999997,0.75,,BLOCKED
78,Home,<1.55,0.05-0.08,<=0.22,4,0.25251279352194017,0.3499656688610614,-0.09745287533912123,0.7781498802752869,1.0,0.7065272719183228,-0.22185011972471314,0.07162260835696405,0.04416802482908705,1.3474999999999997,0.3475,1.39,1.0,,BLOCKED
78,Away,2.40-3.20,0.02-0.05,0.34+,6,0.7246083009713162,0.7312369203832946,-0.006628619411978343,0.37919358393050745,0.5,0.3456788522584761,-0.12080641606949255,0.033514731672031395,0.03930844907698087,2.757,0.3466666666666666,2.0799999999999996,0.5,,BLOCKED
140,Home,1.55-1.70,0.08-0.12,0.26-0.30,6,0.499456430131581,0.5797930842320776,-0.08033665410049667,0.6957546175807695,0.8333333333333334,0.5914814484941392,-0.13757871575256386,0.10427316908663033,0.12487700646958266,1.6176666666666666,0.3446666666666667,2.068,0.8333333333333334,,BLOCKED
78,Draw,4.00+,-0.02-0.02,0.22-0.26,24,0.6202307822885561,0.6225770013509796,-0.0023462190624234935,0.20803598038275392,0.2916666666666667,0.20691951181141086,-0.08363068628391276,0.001116468571343025,-0.042273230995742074,4.620416666666666,0.34400000000000003,8.256,0.2916666666666667,,BLOCKED
140,Home,4.00+,<-0.02,0.26-0.30,18,0.687192381891387,0.5849614947270434,0.10223088716434359,0.12068179606180725,0.2777777777777778,0.1767516945067219,-0.15709598171597056,-0.05606989844491466,-0.34024222459478703,5.518888888888889,0.3423333333333333,6.162,0.2777777777777778,,BLOCKED
135,Away,2.40-3.20,0.02-0.05,0.30-0.34,10,0.716624884989526,0.7435598510550839,-0.026934966065557897,0.3913360609446227,0.5,0.3576536713359342,-0.1086639390553773,0.0336823896086884,0.04149625919224202,2.6838,0.3396,3.396,0.5,,BLOCKED
78,Away,2.00-2.40,<-0.02,0.34+,5,0.7544522521934024,0.7144529841214833,0.039999268071919114,0.3360404601205649,0.6,0.4185854196104567,-0.2639595398794351,-0.08254495948989188,-0.23433574237067356,2.2816,0.33840000000000003,1.6920000000000002,0.6,,BLOCKED
61,Home,2.40-3.20,<-0.02,0.34+,10,0.7991481534159015,0.738474608672073,0.06067354474382847,0.28524403906336043,0.5,0.3577681018470731,-0.21475596093663957,-0.07252406278371264,-0.2450243235098692,2.6622,0.33799999999999997,3.38,0.5,,BLOCKED
78,Away,<1.55,0.08-0.12,<=0.22,3,0.20284602355276582,0.34191694213757534,-0.13907091858480952,0.8164180663049012,1.0,0.7105208434021039,-0.1835819336950988,0.10589722290279735,0.08260233856549644,1.326,0.326,0.978,1.0,,BLOCKED
140,Home,<1.55,0.02-0.05,0.22-0.26,4,0.27536383734890124,0.32171463325771815,-0.04635079590881691,0.7595763886282043,1.0,0.7252757939375184,-0.2404236113717957,0.03430059469068583,0.003723712192047257,1.323,0.323,1.292,1.0,,BLOCKED
135,Home,3.20-4.00,<-0.02,0.30-0.34,28,0.7110605464209815,0.6805576439176564,0.030502902503325102,0.21909444611579973,0.35714285714285715,0.26510724767685095,-0.13804841102705742,-0.04601280156105119,-0.20749975420273503,3.6331428571428575,0.3220714285714286,9.018,0.35714285714285715,,BLOCKED
140,Home,<1.55,-0.02-0.02,0.22-0.26,5,0.3211588820333933,0.3286809765836032,-0.007522094550209857,0.725851831905538,1.0,0.7205040625776963,-0.27414816809446196,0.005347769327841733,-0.043464249566331235,1.3196,0.31960000000000005,1.5980000000000003,1.0,,BLOCKED
140,Away,2.00-2.40,-0.02-0.02,0.30-0.34,5,0.7222224046793546,0.7106161751478094,0.01160622953154522,0.43832140910839124,0.6,0.44524132413267925,-0.16167859089160874,-0.006919915024287926,-0.04647044236414164,2.1824,0.31799999999999995,1.5899999999999999,0.6,,BLOCKED
39,Away,3.20-4.00,<-0.02,0.34+,52,0.7215456692335718,0.6876274521034772,0.033918217130094575,0.20675339121256198,0.36538461538461536,0.2683709121820256,-0.1586312241720534,-0.06161752096946361,-0.2673023428492931,3.5572307692307694,0.317923076923077,16.532000000000004,0.36538461538461536,,BLOCKED
135,Draw,3.20-4.00,<-0.02,0.26-0.30,17,0.6985017787823904,0.6734609288516461,0.02504084993074429,0.2231964272345469,0.35294117647058826,0.2552528289053362,-0.12974474923604135,-0.03205640167078925,-0.16708185633301972,3.7387058823529413,0.31705882352941167,5.389999999999999,0.35294117647058826,,BLOCKED
39,Away,<1.55,-0.02-0.02,0.22-0.26,4,0.336335966357341,0.3313638846041357,0.004972081753205293,0.714741875509947,1.0,0.7182963804319491,-0.28525812449005306,-0.003554504922002183,-0.06384863985023878,1.3110000000000002,0.31100000000000005,1.2440000000000002,1.0,,BLOCKED
135,Away,2.40-3.20,0.08-0.12,0.30-0.34,2,0.710565895246484,0.7388623434503668,-0.028296448203882885,0.4844141595546837,0.5,0.3839560918767486,-0.015585840445316301,0.10045806767793511,0.21495699047208072,2.51,0.31000000000000005,0.6200000000000001,0.5,,BLOCKED
140,Home,2.40-3.20,0.05-0.08,0.30-0.34,11,0.682623580834354,0.7075655076553911,-0.02494192682103702,0.3824835495999064,0.45454545454545453,0.3204955875413756,-0.07206190494554815,0.06198796205853075,0.13299669764902722,2.9718181818181817,0.30800000000000005,3.388000000000001,0.45454545454545453,,BLOCKED
78,Away,1.70-2.00,0.02-0.05,0.26-0.30,7,0.6268078299794977,0.6577268894866867,-0.030919059507188984,0.5488426896716213,0.7142857142857143,0.5145819621744941,-0.165443024614093,0.03426072749712716,0.01679437248016296,1.8559999999999999,0.3074285714285714,2.1519999999999997,0.7142857142857143,,BLOCKED
78,Draw,3.20-4.00,<-0.02,0.26-0.30,23,0.6810989541289897,0.6674279364676718,0.013671017661317841,0.2066248651170843,0.34782608695652173,0.25661440833721566,-0.14120122183943742,-0.04998954322013143,-0.22700338876648637,3.739739130434782,0.3067826086956522,7.056000000000001,0.34782608695652173,,BLOCKED
140,Home,1.70-2.00,<-0.02,0.34+,3,0.8178330560050545,0.7185045175720582,0.09932853843299627,0.426952486675303,0.6666666666666666,0.49803945719255743,-0.23971417999136363,-0.07108697051725439,-0.18231028962860632,1.9206666666666667,0.3066666666666667,0.9200000000000002,0.6666666666666666,,BLOCKED
61,Away,<1.55,-0.02-0.02,0.22-0.26,2,0.3292263026275591,0.3231185344482469,0.00610776817931219,0.7195028956161265,1.0,0.7239268394672718,-0.28049710438387354,-0.004423943851145307,-0.06040926376801753,1.306,0.30600000000000005,0.6120000000000001,1.0,,BLOCKED
78,Away,2.40-3.20,0.08-0.12,0.34+,9,0.6924409821338865,0.71304738311018,-0.020606400976293515,0.4218948194576627,0.4444444444444444,0.3185655350532428,-0.022549624986781702,0.10332928440441988,0.260196277470339,2.994222222222222,0.305111111111111,2.745999999999999,0.4444444444444444,,BLOCKED
135,Away,<1.55,<-0.02,0.22-0.26,2,0.3933039321145964,0.3302779536788596,0.06302597843573682,0.675145335687156,1.0,0.7200591234199656,-0.32485466431284404,-0.04491378773280974,-0.12112355253841195,1.305,0.30499999999999994,0.6099999999999999,1.0,,BLOCKED
39,Home,<1.55,0.05-0.08,<=0.22,1,0.23661131495030413,0.3157575175296632,-0.07914620257935906,0.7892980167421756,1.0,0.7292362557393824,-0.2107019832578244,0.060061761002793146,0.029244613831796773,1.3039999999999998,0.3039999999999998,0.3039999999999998,1.0,,BLOCKED
135,Away,1.55-1.70,0.02-0.05,0.26-0.30,11,0.5430173168736322,0.5734874725191009,-0.030470155645468733,0.6359308992912068,0.8181818181818182,0.6021919391092706,-0.1822509188906114,0.03373896018193619,0.01391674496555509,1.5949090909090906,0.30109090909090913,3.3120000000000003,0.8181818181818182,,BLOCKED
61,Home,<1.55,-0.02-0.02,<=0.22,1,0.3051926076310694,0.3164991177659627,-0.011306510134893255,0.7369814124765932,1.0,0.72869565443961,-0.2630185875234068,0.00828575803698317,-0.04487208943033538,1.2959999999999998,0.2959999999999998,0.2959999999999998,1.0,,BLOCKED
140,Home,<1.55,0.12+,0.22-0.26,9,0.36729004095781786,0.49802222319204564,-0.13073218223422778,0.8278648191901765,0.8888888888888888,0.6685230840840147,-0.061024069698712324,0.1593417351061618,0.19305385089338747,1.4413333333333334,0.29088888888888875,2.617999999999999,0.8888888888888888,,BLOCKED
135,Home,<1.55,0.05-0.08,<=0.22,1,0.23174082596543077,0.30145048767369315,-0.06970966170826237,0.7931516609865215,1.0,0.7397444519166106,-0.20684833901347854,0.05340720906991081,0.023165642672612785,1.29,0.29000000000000004,0.29000000000000004,1.0,,BLOCKED
78,Draw,3.20-4.00,0.02-0.05,0.26-0.30,9,0.6538129520004219,0.6531821178994102,0.0006308341010117235,0.2787432442042353,0.3333333333333333,0.24936876801824537,-0.05459008912909802,0.02937447618598991,0.06617005665180052,3.826666666666666,0.2853333333333334,2.5680000000000005,0.3333333333333333,,BLOCKED
78,Home,1.70-2.00,0.02-0.05,0.34+,6,0.7111782894239337,0.7231487813652397,-0.01197049194130606,0.5474045530524321,0.6666666666666666,0.5088146496059859,-0.11926211361423456,0.03858990344644612,0.031081558191399034,1.8873333333333333,0.27999999999999997,1.6799999999999997,0.6666666666666666,,BLOCKED
78,Away,4.00+,<-0.02,0.26-0.30,30,0.6782531846264527,0.5981876143892444,0.08006557023720828,0.12558381969247867,0.26666666666666666,0.20425544170282758,-0.141082846974188,-0.0786716220103489,-0.4115680348368201,4.742866666666667,0.2796666666666667,8.39,0.26666666666666666,,BLOCKED
78,Away,<1.55,-0.02-0.02,<=0.22,1,0.26566132363395084,0.2873915016509692,-0.021730178017018376,0.7666987462804099,1.0,0.750217959765447,-0.2333012537195901,0.016480786514962875,-0.021692399746196966,1.276,0.276,0.276,1.0,,BLOCKED
135,Home,1.55-1.70,-0.02-0.02,0.26-0.30,9,0.5943273936443535,0.6058634160216303,-0.0115360223772768,0.5881552282652188,0.7777777777777778,0.5842910119145378,-0.18962254951255897,0.0038642163506808678,-0.038907754968117304,1.6355555555555559,0.2682222222222222,2.4139999999999997,0.7777777777777778,,BLOCKED
140,Away,4.00+,<-0.02,0.22-0.26,23,0.43265773207745395,0.40885823528962917,0.02379949678782478,0.07115491882313582,0.13043478260869565,0.11445341526473148,-0.05927986378555983,-0.04329849644159566,-0.39721502470137227,8.603565217391305,0.2652173913043478,6.1,0.13043478260869565,,BLOCKED
135,Home,4.00+,<-0.02,0.30-0.34,29,0.6348431554455791,0.6040298444521006,0.030813310993478504,0.17354765890100565,0.27586206896551724,0.21149188623870616,-0.10231441006451159,-0.03794422733770051,-0.21485958719732243,4.573655172413793,0.25862068965517226,7.4999999999999964,0.27586206896551724,,BLOCKED
78,Away,4.00+,-0.02-0.02,0.26-0.30,7,0.5692753894884403,0.5706102804482412,-0.001334890959800994,0.17164999193712058,0.2857142857142857,0.18106630261158863,-0.11406429377716512,-0.009416310674468029,-0.09476631634322615,5.412999999999999,0.2571428571428571,1.7999999999999998,0.2857142857142857,,BLOCKED
39,Away,2.40-3.20,0.02-0.05,0.30-0.34,2,0.6972507659139389,0.7342231739910492,-0.03697240807711033,0.41309626015490797,0.5,0.37650456152470724,-0.08690373984509203,0.03659169863020076,0.024643090572722515,2.48,0.2549999999999999,0.5099999999999998,0.5,,BLOCKED
39,Home,4.00+,0.05-0.08,0.26-0.30,7,0.5806214388267013,0.5932087030196588,-0.012587264192957526,0.2608371734414891,0.2857142857142857,0.2063208805282945,-0.024877112272796598,0.05451629291319462,0.20413285644104132,4.628,0.251142857142857,1.7579999999999991,0.2857142857142857,,BLOCKED
78,Away,<1.55,<-0.02,<=0.22,1,0.30411321148095066,0.2755900266867525,0.028523184794198186,0.7377773368575085,1.0,0.7591240875912407,-0.26222266314249154,-0.021346750733732267,-0.07777832892811443,1.25,0.25,0.25,1.0,,BLOCKED
61,Draw,2.40-3.20,-0.02-0.02,0.34+,5,0.6867731009787057,0.689835081589757,-0.0030619806110513403,0.2964007490891526,0.4,0.3022675152800767,-0.10359925091084743,-0.005866766190924089,-0.07076185157411582,3.1356,0.24000000000000005,1.2000000000000002,0.4,,BLOCKED
135,Away,<1.55,<-0.02,<=0.22,1,0.3345966340915183,0.23263462184917533,0.10196201224234297,0.7156266875516625,1.0,0.7924430620153416,-0.2843733124483375,-0.07681637446367917,-0.1126229074359385,1.24,0.24,0.24,1.0,,BLOCKED
140,Home,<1.55,0.08-0.12,<=0.22,8,0.15551953102197058,0.2671193505093109,-0.11159981948734032,0.8564051266059409,1.0,0.7659281539537692,-0.14359487339405907,0.09047697265217165,0.06022711398300035,1.2392500000000002,0.23925000000000002,1.9140000000000001,1.0,,BLOCKED
140,Home,<1.55,0.08-0.12,0.26-0.30,6,0.48292426898384083,0.5534386686528355,-0.0705143996689947,0.7412175724816547,0.8333333333333334,0.6468203446494956,-0.09211576085167872,0.09439722783215902,0.09657363812654107,1.4803333333333333,0.23533333333333326,1.4119999999999995,0.8333333333333334,,BLOCKED
140,Home,2.40-3.20,0.08-0.12,0.30-0.34,9,0.6898000706207745,0.6962875628392601,-0.006487492218485547,0.44311181614183615,0.4444444444444444,0.3415985958434496,-0.0013326283026082741,0.10151322029838648,0.23961193809709172,2.8108888888888885,0.22866666666666668,2.0580000000000003,0.4444444444444444,,BLOCKED
78,Draw,3.20-4.00,0.05-0.08,0.34+,6,0.6423444059790583,0.649937548467724,-0.007593142488665716,0.3182014433323956,0.3333333333333333,0.2590750952318698,-0.015131890000937731,0.05912634810052577,0.17124455712543704,3.6850000000000005,0.2283333333333332,1.3699999999999992,0.3333333333333333,,BLOCKED
78,Away,2.40-3.20,0.08-0.12,0.30-0.34,2,0.654917694325343,0.6871359960827662,-0.03221830175742324,0.4751583567412354,0.5,0.3633186777097539,-0.02484164325876459,0.11183967903148151,0.23930647419759654,2.6149999999999998,0.22699999999999987,0.45399999999999974,0.5,,BLOCKED
135,Home,<1.55,0.08-0.12,0.22-0.26,7,0.44013257265905514,0.5027481760154804,-0.06261560335642524,0.7681521717732794,0.8571428571428571,0.6659038800330108,-0.08899068536957766,0.10224829174026859,0.09973438164652938,1.4322857142857146,0.22657142857142865,1.5860000000000005,0.8571428571428571,,BLOCKED
135,Away,1.70-2.00,-0.02-0.02,0.30-0.34,12,0.6594782734547852,0.6644070511465797,-0.004928777691794561,0.5226453336285988,0.6666666666666666,0.5165093126294046,-0.14402133303806786,0.006136020999194229,-0.029857431341167123,1.86,0.2228333333333333,2.6739999999999995,0.6666666666666666,,BLOCKED
61,Draw,3.20-4.00,0.05-0.08,0.30-0.34,9,0.6467409177120726,0.6570445612814106,-0.010303643569337995,0.32269486963500726,0.3333333333333333,0.263707156486116,-0.01063846369832605,0.058987713148891334,0.16160067450098073,3.6026666666666665,0.22222222222222218,1.9999999999999996,0.3333333333333333,,BLOCKED
78,Away,4.00+,<-0.02,0.34+,14,0.7124457207183096,0.6066943098875462,0.10575141083076334,0.134945156056948,0.2857142857142857,0.2255775438361546,-0.15076912965733769,-0.09063238777920664,-0.4258905856164074,4.295999999999999,0.2198571428571428,3.0779999999999994,0.2857142857142857,,BLOCKED
39,Away,1.55-1.70,-0.02-0.02,0.26-0.30,8,0.6176733596647699,0.6199864995790147,-0.002313139914244866,0.5748749533581934,0.75,0.5796255022330181,-0.17512504664180661,-0.004750548874824623,-0.059319526018229304,1.637,0.2185,1.748,0.75,,BLOCKED
135,Away,4.00+,<-0.02,0.26-0.30,62,0.5428797354158054,0.5162952088306438,0.026584526585161528,0.1081343102544786,0.20967741935483872,0.16373851326081015,-0.10154310910036012,-0.05560420300633151,-0.37578158582159077,5.9835161290322585,0.2140967741935484,13.274000000000001,0.20967741935483872,,BLOCKED
140,Away,1.70-2.00,<-0.02,0.30-0.34,8,0.7745061726072281,0.7109471050120482,0.06355906759517993,0.4264361718483367,0.625,0.5039140382678028,-0.1985638281516633,-0.07747786641946607,-0.1859052897280466,1.91125,0.20999999999999996,1.6799999999999997,0.625,,BLOCKED
78,Home,2.40-3.20,0.05-0.08,0.34+,9,0.6792704064616368,0.6998330345532172,-0.02056262809158038,0.42039229678558954,0.4444444444444444,0.3560338697689356,-0.024052147658854883,0.06435842701665398,0.13862496237425054,2.7257777777777776,0.20777777777777778,1.87,0.4444444444444444,,BLOCKED
135,Away,1.55-1.70,<-0.02,0.26-0.30,4,0.6387999535363471,0.6077654901927021,0.031034463343645013,0.5486263850695366,0.75,0.582220175008408,-0.20137361493046335,-0.0335937899388713,-0.10933466406103501,1.6244999999999998,0.20550000000000002,0.8220000000000001,0.75,,BLOCKED
140,Draw,3.20-4.00,<-0.02,0.34+,34,0.6737158726512513,0.654485170843631,0.01923070180762032,0.22301346769190472,0.35294117647058826,0.27799510140536327,-0.12992770877868354,-0.0549816337134585,-0.22961357523285353,3.466647058823529,0.20323529411764701,6.909999999999998,0.35294117647058826,,BLOCKED
78,Home,2.40-3.20,<-0.02,0.34+,9,0.6863594986837049,0.703832402504404,-0.017472903820699104,0.28629451358641916,0.4444444444444444,0.3527344864123127,-0.15814993085802526,-0.0664399728258935,-0.22537120862243043,2.718666666666666,0.20088888888888892,1.8080000000000003,0.4444444444444444,,BLOCKED
61,Away,2.40-3.20,0.02-0.05,0.34+,2,0.6465879011858078,0.6601601814088516,-0.013572280223043798,0.4016589828740861,0.5,0.3596364639496259,-0.09834101712591392,0.042022518924460156,0.05836308085658948,2.6559999999999997,0.19999999999999996,0.3999999999999999,0.5,,BLOCKED
78,Home,2.40-3.20,0.12+,0.34+,2,0.6889658990374179,0.6895565155325285,-0.0005906164951106074,0.5363248956321273,0.5,0.3796558227727673,0.03632489563212726,0.15666907285935996,0.36978197759651543,2.5549999999999997,0.19999999999999996,0.3999999999999999,0.5,,BLOCKED
39,Away,<1.55,0.02-0.05,<=0.22,1,0.20576343071320688,0.24445333790096072,-0.038689907187753836,0.8140256269682368,1.0,0.783132530120482,-0.18597437303176323,0.030893096847754764,-0.023169247638115897,1.2,0.19999999999999996,0.19999999999999996,1.0,,BLOCKED
61,Home,<1.55,<-0.02,0.22-0.26,16,0.5518341047405596,0.47873673995606697,0.07309736478449264,0.6222689015598137,0.875,0.6989824685853212,-0.25273109844018626,-0.0767135670255075,-0.15497403446823094,1.35975,0.19612500000000002,3.1380000000000003,0.875,,BLOCKED
78,Draw,3.20-4.00,-0.02-0.02,0.30-0.34,41,0.6453560245967517,0.6467362640550175,-0.0013802394582658195,0.2706748157933317,0.34146341463414637,0.26839606274887967,-0.07078859884081468,0.002278753044452003,-0.038183404831660446,3.5597073170731703,0.19346341463414635,7.932,0.34146341463414637,,BLOCKED
140,Away,2.00-2.40,<-0.02,0.34+,2,0.8674127462270913,0.7503629860757275,0.11704976015136381,0.32956383998515304,0.5,0.4218977989532592,-0.17043616001484696,-0.09233395896810617,-0.26041364408033346,2.261,0.18999999999999995,0.3799999999999999,0.5,,BLOCKED
135,Home,1.55-1.70,0.05-0.08,0.26-0.30,4,0.5803646583839472,0.6135001514714914,-0.033135493087544154,0.6658432196645648,0.75,0.6013331951223626,-0.08415678033543517,0.06451002454220223,0.05002289506249047,1.5779999999999998,0.1850000000000001,0.7400000000000004,0.75,,BLOCKED
140,Draw,4.00+,<-0.02,0.26-0.30,22,0.6313098486603732,0.5962622191008745,0.035047629559498694,0.15911079545486384,0.2727272727272727,0.22567010037085208,-0.11361647727240887,-0.06655930491598822,-0.3228177261380556,4.258909090909091,0.1838181818181818,4.044,0.2727272727272727,,BLOCKED
39,Away,1.55-1.70,<-0.02,0.26-0.30,15,0.6769349741599907,0.6239080826620994,0.053026891497891304,0.5281196137321041,0.7333333333333333,0.5833678784342907,-0.20521371960122914,-0.05524826470218649,-0.14485638106055287,1.621333333333333,0.18306666666666666,2.746,0.7333333333333333,,BLOCKED
78,Away,3.20-4.00,<-0.02,0.26-0.30,9,0.7372263114448471,0.6367367470627868,0.10048956438206025,0.14031225084647567,0.3333333333333333,0.26682158504671444,-0.19302108248685765,-0.12650933420023877,-0.4960387706539076,3.6197777777777773,0.1811111111111111,1.63,0.3333333333333333,,BLOCKED
39,Away,4.00+,<-0.02,0.26-0.30,56,0.563133711110252,0.5472821067408027,0.015851604369449324,0.1445887492129479,0.23214285714285715,0.1877638139597342,-0.08755410792990925,-0.043175064746786354,-0.26603010207568184,5.137535714285714,0.17964285714285713,10.059999999999999,0.23214285714285715,,BLOCKED
135,Away,1.70-2.00,<-0.02,0.30-0.34,5,0.7547127292400952,0.7095237342391367,0.04518899500095852,0.44662418107140234,0.6,0.49068403471815597,-0.15337581892859764,-0.04405985364675365,-0.1202625016877478,1.9696000000000002,0.17959999999999998,0.8979999999999999,0.6,,BLOCKED
61,Home,3.20-4.00,0.02-0.05,0.30-0.34,3,0.6475716828837838,0.6619576447397041,-0.014385961855920337,0.30892558765303674,0.3333333333333333,0.278802606613773,-0.024407745680296578,0.030122981039263735,0.04944372683760956,3.3996190476190478,0.17904761904761926,0.5371428571428578,0.3333333333333333,,BLOCKED
39,Home,<1.55,0.02-0.05,0.26-0.30,9,0.5541861419596278,0.5855241191138819,-0.031337977154254126,0.6674446133245583,0.7777777777777778,0.6323702082205319,-0.1103331644532195,0.03507440510402628,0.006495226471415354,1.5082222222222224,0.17422222222222228,1.5680000000000005,0.7777777777777778,,BLOCKED
140,Home,<1.55,-0.02-0.02,<=0.22,2,0.18812080074680532,0.2065663632079659,-0.01844556246116058,0.8292588169958695,1.0,0.8142930884271773,-0.17074118300413055,0.014965728568692216,-0.03238778236574674,1.169,0.16900000000000004,0.3380000000000001,1.0,,BLOCKED
140,Home,2.00-2.40,0.08-0.12,0.34+,13,0.6742604514051571,0.6990954230560011,-0.02483497165084403,0.5342948601842918,0.5384615384615384,0.4354464910338696,-0.004166678277246594,0.09884836915042215,0.1758967200132622,2.206923076923077,0.16707692307692307,2.1719999999999997,0.5384615384615384,,BLOCKED
135,Home,2.40-3.20,0.02-0.05,0.34+,9,0.7025758814688448,0.7025624922616794,1.338920716531522e-05,0.3961149136193261,0.4444444444444444,0.361908156396485,-0.048329530825118316,0.034206757222841194,0.047288559538966615,2.659111111111111,0.1635555555555556,1.4720000000000004,0.4444444444444444,,BLOCKED
135,Home,1.70-2.00,0.05-0.08,0.26-0.30,6,0.6079699119391965,0.637598776971734,-0.029628865032537477,0.6015768228363872,0.6666666666666666,0.5379229819042226,-0.06508984383027938,0.06365384093216464,0.06980913658883466,1.780333333333333,0.16266666666666665,0.976,0.6666666666666666,,BLOCKED
39,Away,4.00+,<-0.02,0.22-0.26,16,0.5045898119751515,0.47704131016338275,0.027548501811768766,0.11205519562289418,0.1875,0.14717974998950795,-0.07544480437710582,-0.035124554366613776,-0.2798574741799447,6.5204375,0.15975,2.556,0.1875,,BLOCKED
61,Away,2.00-2.40,0.08-0.12,0.30-0.34,6,0.7027936802131572,0.7219687216067766,-0.019175041393619363,0.5219860593921696,0.5,0.4142261055593228,0.021986059392169577,0.1077599538328467,0.1927841894460061,2.2870000000000004,0.15933333333333333,0.956,0.5,,BLOCKED
39,Home,<1.55,0.08-0.12,0.22-0.26,5,0.5219429221716061,0.5499867371067857,-0.0280438149351796,0.7386997619318574,0.8,0.6505554189480771,-0.061300238068142665,0.0881443429837802,0.06896266113037668,1.4472,0.15519999999999995,0.7759999999999998,0.8,,BLOCKED
39,Draw,4.00+,-0.02-0.02,0.22-0.26,28,0.5389497841093402,0.5276646760212559,0.011285108088084361,0.17518621858135597,0.21428571428571427,0.18025343803509147,-0.039099495704358306,-0.005067219453735505,-0.08250828394318731,5.272964285714286,0.15271428571428575,4.276000000000001,0.21428571428571427,,BLOCKED
135,Away,1.70-2.00,0.02-0.05,0.30-0.34,8,0.6600178291498766,0.6758132268573498,-0.01579539770747318,0.5447817745679695,0.625,0.5114762481543599,-0.0802182254320305,0.0333055264136097,0.016112503788895796,1.86775,0.15200000000000014,1.216000000000001,0.625,,BLOCKED
135,Home,<1.55,<-0.02,<=0.22,2,0.25330191932881163,0.20144045154893353,0.0518614677798781,0.776302870118827,1.0,0.81756495928859,-0.22369712988117296,-0.04126208916976293,-0.10567833592418074,1.152,0.1519999999999999,0.3039999999999998,1.0,,BLOCKED
140,Home,1.70-2.00,0.05-0.08,0.26-0.30,3,0.6611824762333032,0.6764492958120848,-0.01526681957878162,0.6307554859272052,0.6666666666666666,0.5557135803231258,-0.035911180739461424,0.07504190560407946,0.09163830374459477,1.7306666666666668,0.15066666666666664,0.45199999999999996,0.6666666666666666,,BLOCKED
140,Home,<1.55,<-0.02,<=0.22,2,0.22654423076259692,0.18376109775193716,0.04278313301065975,0.7973496967010398,1.0,0.8323032101374381,-0.20265030329896017,-0.0349535134363983,-0.08335472886823903,1.15,0.15000000000000002,0.30000000000000004,1.0,,BLOCKED
140,Away,<1.55,<-0.02,<=0.22,1,0.32335973331878004,0.19919233049169643,0.1241674028270836,0.7237134636889831,1.0,0.8193922840559918,-0.27628653631101685,-0.0956788203670087,-0.16772951675766945,1.15,0.1499999999999999,0.1499999999999999,1.0,,BLOCKED
140,Home,1.70-2.00,0.08-0.12,0.34+,8,0.6234347424246123,0.6587320267012386,-0.03529728427662637,0.624422991363698,0.625,0.518195230070128,-0.0005770086363019455,0.10622776129356996,0.15707868409233489,1.85575,0.14500000000000007,1.1600000000000006,0.625,,BLOCKED
61,Away,2.00-2.40,0.02-0.05,0.30-0.34,4,0.7248379914986954,0.7334832958676406,-0.008645304368945173,0.46031812824248153,0.5,0.43047167443483514,-0.03968187175751847,0.029846453807646472,0.014781242848468545,2.2096428571428572,0.14349999999999996,0.5739999999999998,0.5,,BLOCKED
78,Home,1.70-2.00,0.08-0.12,0.34+,3,0.580280290802654,0.5996047164273643,-0.019324425624710373,0.629548856257372,0.6666666666666666,0.5362687355436405,-0.03711781040929463,0.09328012071373148,0.12951935048604488,1.8,0.14266666666666658,0.4279999999999997,0.6666666666666666,,BLOCKED
78,Away,2.00-2.40,0.05-0.08,0.26-0.30,2,0.735316194686525,0.7469710675670944,-0.011654872880569433,0.4941295663642208,0.5,0.4382484250598629,-0.005870433635779215,0.05588114130435787,0.07145581670955958,2.173,0.1419999999999999,0.2839999999999998,0.5,,BLOCKED
61,Away,3.20-4.00,<-0.02,0.34+,9,0.6066416284509013,0.6305033112151195,-0.023861682764218184,0.20802362547518555,0.3333333333333333,0.2686950419659273,-0.12530970785814777,-0.06067141649074175,-0.2616976674297413,3.5586666666666664,0.1411111111111111,1.27,0.3333333333333333,,BLOCKED
140,Home,4.00+,<-0.02,0.22-0.26,6,0.4629134538091228,0.4498197619709267,0.013093691838196087,0.09613005257076675,0.16666666666666666,0.134586963058375,-0.07053661409589991,-0.03845691048760824,-0.3116630074765927,7.208000000000001,0.14000000000000012,0.8400000000000007,0.16666666666666666,,BLOCKED
61,Away,2.40-3.20,-0.02-0.02,0.34+,5,0.674869274157017,0.6766094841683218,-0.0017402100113047547,0.32914781629005113,0.4,0.32989205397201554,-0.07085218370994889,-0.0007442376819644658,-0.05436991194616538,2.8848,0.13920000000000005,0.6960000000000002,0.4,,BLOCKED
78,Home,<1.55,0.05-0.08,0.22-0.26,5,0.513771729754551,0.5379259654245805,-0.0241542356700295,0.7307425622431736,0.8,0.6656543902225686,-0.06925743775682647,0.06508817202060506,0.04139195881158604,1.4264,0.13840000000000002,0.6920000000000002,0.8,,BLOCKED
140,Home,<1.55,0.12+,0.26-0.30,4,0.5466023112473805,0.5978084420966518,-0.05120613084927139,0.7775241506192101,0.75,0.6368626949923293,0.027524150619210097,0.14066145562688082,0.1684007071157071,1.5025,0.13499999999999995,0.5399999999999998,0.75,,BLOCKED
39,Home,2.00-2.40,-0.02-0.02,0.30-0.34,2,0.7963335437587562,0.7626385477125495,0.03369499604620674,0.4556889512010804,0.5,0.4516480217294887,-0.04431104879891962,0.004040929471591653,-0.029220992473084517,2.143,0.133,0.266,0.5,,BLOCKED
61,Home,2.00-2.40,-0.02-0.02,0.34+,2,0.7297128135219983,0.7176948264092782,0.012017987112720174,0.4274883520354361,0.5,0.4252419479495475,-0.07251164796456389,0.002246404085888609,-0.04624693720221429,2.232,0.13200000000000012,0.26400000000000023,0.5,,BLOCKED
135,Draw,4.00+,<-0.02,0.26-0.30,15,0.6029848535152457,0.5842533682616613,0.018731485253584368,0.1921092665957902,0.26666666666666666,0.22974097224795148,-0.07455740007087647,-0.03763170565216125,-0.1921717309954567,4.2077333333333335,0.13066666666666665,1.96,0.26666666666666666,,BLOCKED
140,Home,2.40-3.20,-0.02-0.02,0.34+,7,0.7135062333410039,0.7056365368235887,0.007869696517415203,0.37192654401148556,0.42857142857142855,0.3743761674762843,-0.05664488455994299,-0.002449623464798767,-0.047606729800423846,2.5628571428571427,0.12714285714285709,0.8899999999999997,0.42857142857142855,,BLOCKED
39,Away,2.00-2.40,-0.02-0.02,0.34+,2,0.7111554823181492,0.6933404411063067,0.01781504121184252,0.40693832713614764,0.5,0.4135819367292121,-0.09306167286385236,-0.006643609593064481,-0.07421071852993016,2.275,0.125,0.25,0.5,,BLOCKED
78,Away,1.55-1.70,<-0.02,0.26-0.30,3,0.7343834626718704,0.6616700466746391,0.07271341599723125,0.5051079033690494,0.6666666666666666,0.5606137352980758,-0.1615587632976172,-0.05550583192902644,-0.14642192270312593,1.6893333333333331,0.12466666666666655,0.37399999999999967,0.6666666666666666,,BLOCKED
140,Draw,2.40-3.20,<-0.02,0.34+,33,0.6897491489905747,0.6731593033734535,0.01658984561712118,0.26509130882295473,0.36363636363636365,0.31378303961718135,-0.09854505481340892,-0.0486917307942266,-0.1976341298172997,3.0301515151515153,0.12084848484848489,3.9880000000000013,0.36363636363636365,,BLOCKED
78,Home,2.00-2.40,-0.02-0.02,0.30-0.34,4,0.6770259437844904,0.6859810347171327,-0.00895509093264224,0.41250196058397054,0.5,0.41123960058031245,-0.08749803941602946,0.0012623600036580918,-0.04798344254069262,2.3105,0.12050000000000005,0.4820000000000002,0.5,,BLOCKED
140,Draw,4.00+,0.05-0.08,0.22-0.26,9,0.5118736525508133,0.5208814933289175,-0.009007840778104237,0.23744771020626532,0.2222222222222222,0.1780732542511863,0.015225487984043107,0.05937445595507903,0.26321415858029723,5.330666666666667,0.1202222222222221,1.081999999999999,0.2222222222222222,,BLOCKED
61,Home,1.55-1.70,0.02-0.05,0.26-0.30,3,0.6289370891310333,0.6507854905714431,-0.02184840144040978,0.6034673557821701,0.6666666666666666,0.5719887969662932,-0.06319931088449648,0.03147855881587691,0.007388657471323297,1.6693333333333333,0.11266666666666662,0.33799999999999986,0.6666666666666666,,BLOCKED
140,Home,<1.55,0.05-0.08,<=0.22,9,0.43463261593519503,0.4499777897057728,-0.015345173770577758,0.8265153732391817,0.8888888888888888,0.7670386185301217,-0.06237351564970717,0.05947675470905986,0.020366937072933206,1.2359999999999998,0.1115555555555555,1.0039999999999996,0.8888888888888888,,BLOCKED
140,Away,2.00-2.40,0.02-0.05,0.30-0.34,4,0.7083435766118145,0.7181671941857402,-0.009823617573925691,0.4632118354885695,0.5,0.43628626827150074,-0.03678816451143052,0.02692556721706872,0.00984399644022782,2.181,0.11050000000000004,0.44200000000000017,0.5,,BLOCKED
140,Home,<1.55,0.05-0.08,0.22-0.26,6,0.4300290603987475,0.46813767607660833,-0.038108615677860835,0.7775163077369887,0.8333333333333334,0.7148880886058192,-0.055817025596344716,0.06262821913116956,0.037344398635760966,1.3353333333333335,0.10866666666666673,0.6520000000000004,0.8333333333333334,,BLOCKED
39,Home,2.00-2.40,0.08-0.12,0.30-0.34,10,0.6929858108045014,0.7000087216264144,-0.0070229108219129754,0.5281933544764529,0.5,0.4276668677306491,0.02819335447645288,0.10052648674580385,0.17464002456088823,2.23,0.10740000000000002,1.0740000000000003,0.5,,BLOCKED
39,Draw,4.00+,<-0.02,0.26-0.30,50,0.5928553753432236,0.5782395063836812,0.014615868959542477,0.18857902642878618,0.26,0.22440530596294433,-0.07142097357121382,-0.03582627953415812,-0.20180874403668891,4.23938,0.10492000000000004,5.246000000000002,0.26,,BLOCKED
78,Away,1.55-1.70,0.02-0.05,0.26-0.30,3,0.6689310179758495,0.6822842696393621,-0.013353251663512533,0.6137833123485477,0.6666666666666666,0.5827197561011471,-0.05288335431811897,0.031063556247400537,0.00013352624489215703,1.6306666666666667,0.10400000000000002,0.31200000000000006,0.6666666666666666,,BLOCKED
39,Away,<1.55,0.02-0.05,0.22-0.26,5,0.5559421155207215,0.5654291166441532,-0.009487001123431704,0.7334823220332003,0.8,0.6936652646156636,-0.06651767796679975,0.039817057417536564,-0.0008460306500845727,1.3636,0.10399999999999995,0.5199999999999998,0.8,,BLOCKED
135,Home,2.00-2.40,-0.02-0.02,0.30-0.34,10,0.726581174533151,0.7257556019599679,0.0008255725731830532,0.4347175979025154,0.5,0.4430440948170421,-0.0652824020974846,-0.008326496914526655,-0.06175928114035174,2.1644,0.10099999999999994,1.0099999999999993,0.5,,BLOCKED
78,Away,2.00-2.40,-0.02-0.02,0.30-0.34,6,0.6779186416864066,0.6900287841025904,-0.0121101424161838,0.42335566678758213,0.5,0.4247763502725738,-0.07664433321241787,-0.0014206834849916823,-0.053902495754753255,2.241,0.10033333333333339,0.6020000000000003,0.5,,BLOCKED
39,Away,1.55-1.70,0.02-0.05,0.26-0.30,3,0.6588410015449276,0.6586931412859233,0.00014786025900437316,0.6153327966982601,0.6666666666666666,0.5770912718514207,-0.0513338699684065,0.03824152484683948,0.005656594140037348,1.6346666666666667,0.09799999999999993,0.2939999999999998,0.6666666666666666,,BLOCKED
78,Home,<1.55,0.02-0.05,0.22-0.26,4,0.5599306177588992,0.5634053273014665,-0.0034747095425673447,0.675102574469325,0.75,0.6488070452057466,-0.07489742553067502,0.026295529263578393,-0.005480077229014085,1.474,0.09699999999999998,0.3879999999999999,0.75,,BLOCKED
135,Home,1.55-1.70,0.02-0.05,0.26-0.30,9,0.6557283359531174,0.6593963390793193,-0.0036680031262018575,0.6112472876477392,0.6666666666666666,0.5832102535254879,-0.05541937901892746,0.02803703412225114,-0.003642923412037128,1.6311111111111112,0.09133333333333339,0.8220000000000005,0.6666666666666666,,BLOCKED
135,Home,2.00-2.40,0.02-0.05,0.30-0.34,4,0.6582353660454243,0.6850491707249711,-0.02681380467954675,0.4581625909713538,0.5,0.425778679153215,-0.04183740902864619,0.03238391181813882,0.02821630495980129,2.248,0.08999999999999997,0.3599999999999999,0.5,,BLOCKED
61,Home,2.00-2.40,0.12+,0.34+,4,0.693049457082025,0.6938713193222764,-0.0008218622402513809,0.5762830054483824,0.5,0.43437970945850335,0.0762830054483824,0.14190329598987905,0.2647517852970306,2.1985,0.08999999999999997,0.3599999999999999,0.5,,BLOCKED
140,Away,4.00+,<-0.02,0.34+,32,0.5864538709006417,0.5503252218669414,0.03612864903370028,0.1474121346823647,0.25,0.20891307106028428,-0.10258786531763531,-0.06150093637791962,-0.3229289115432157,4.663124999999999,0.08812500000000001,2.8200000000000003,0.25,,BLOCKED
140,Away,2.40-3.20,<-0.02,0.34+,32,0.6725797765568725,0.6650830814615669,0.007496695095305594,0.258258949209772,0.375,0.3301993047793732,-0.11674105079022801,-0.07194035556960118,-0.25599232726011795,2.8952708333333335,0.08347916666666666,2.671333333333333,0.375,,BLOCKED
140,Draw,4.00+,<-0.02,0.34+,4,0.5537836515097467,0.5742652099059644,-0.02048155839621768,0.19351449381972016,0.25,0.2359999198049779,-0.05648550618027984,-0.04248542598525776,-0.1920189354733861,4.18,0.08250000000000002,0.33000000000000007,0.25,,BLOCKED
140,Away,1.55-1.70,-0.02-0.02,0.26-0.30,3,0.632827480798777,0.6203789723307813,0.012448508467995723,0.5916565139079483,0.6666666666666666,0.5863448584751544,-0.07501015275871836,0.005311655432793956,-0.030661859003860537,1.639333333333333,0.07933333333333333,0.238,0.6666666666666666,,BLOCKED
78,Home,1.70-2.00,0.08-0.12,0.26-0.30,5,0.6903960322178172,0.6782698034304213,0.012126228787395887,0.6224334136749092,0.6,0.5253381364324106,0.022433413674909253,0.09709527724249875,0.13021632121201593,1.8168,0.07560000000000003,0.3780000000000001,0.6,,BLOCKED
140,Away,2.00-2.40,0.12+,0.30-0.34,2,0.6549983679314846,0.6728038712273186,-0.01780550329583397,0.5654864874497441,0.5,0.42190768013696556,0.06548648744974406,0.14357880731277847,0.2689052731767234,2.248,0.07499999999999996,0.1499999999999999,0.5,,BLOCKED
135,Away,2.00-2.40,0.02-0.05,0.30-0.34,14,0.691821315280212,0.6973852441614266,-0.005563928881214597,0.4804334398673,0.5,0.4462924250775101,-0.019566560132699973,0.03414101478978989,0.034964389851322795,2.161,0.07371428571428565,1.0319999999999991,0.5,,BLOCKED
78,Home,1.55-1.70,0.05-0.08,0.22-0.26,3,0.6446074467287634,0.6470211415938667,-0.002413694865103344,0.6709145893646603,0.6666666666666666,0.6018498516896774,0.004247922697993678,0.06906473767498293,0.07131730772931551,1.5973333333333333,0.07266666666666666,0.21799999999999997,0.6666666666666666,,BLOCKED
135,Home,1.55-1.70,0.08-0.12,0.26-0.30,3,0.6102214902105311,0.6221258676815845,-0.01190437747105344,0.6854212181588138,0.6666666666666666,0.5921641951323355,0.01875455149214722,0.09325702302647831,0.11075975451000586,1.6213333333333333,0.07133333333333332,0.21399999999999997,0.6666666666666666,,BLOCKED
39,Home,<1.55,<-0.02,0.22-0.26,5,0.5434584747249911,0.4992308528118077,0.04422762191318341,0.6495838005525387,0.8,0.6940212750344118,-0.15041619944746132,-0.044437474481873095,-0.12118917315557694,1.3554,0.06900000000000003,0.3450000000000002,0.8,,BLOCKED
61,Away,<1.55,<-0.02,0.22-0.26,5,0.5319767362382304,0.5326283243277018,-0.000651588089471411,0.6505327415054191,0.8,0.7162930528837691,-0.14946725849458098,-0.06576031137835003,-0.13745595094167845,1.3274666666666668,0.0682666666666667,0.3413333333333335,0.8,,BLOCKED
39,Home,2.40-3.20,0.02-0.05,0.34+,3,0.6617047985618189,0.6896335055555292,-0.027928706993710306,0.3603967941425033,0.3333333333333333,0.32892570705624796,0.027063460809169992,0.03147108708625531,0.044482030380911475,2.909333333333333,0.06599999999999984,0.1979999999999995,0.3333333333333333,,BLOCKED
78,Home,2.00-2.40,-0.02-0.02,0.34+,12,0.6852436698117677,0.6903613868244679,-0.005117717012700251,0.4450927408111261,0.5,0.44196689741920464,-0.0549072591888739,0.0031258433919214893,-0.03741418159309822,2.167166666666667,0.06416666666666675,0.7700000000000009,0.5,,BLOCKED
39,Away,4.00+,0.02-0.05,0.22-0.26,7,0.3766268757976399,0.39274610059252574,-0.01611922479488581,0.13822508625731333,0.14285714285714285,0.11098371762184055,-0.004632056599829515,0.027241368635472798,0.18086106679759895,8.670428571428571,0.06114285714285713,0.42799999999999994,0.14285714285714285,,BLOCKED
135,Away,2.00-2.40,0.05-0.08,0.30-0.34,10,0.6788738940121843,0.6845843974690548,-0.005710503456870408,0.5093376216481204,0.5,0.44814687912316914,0.009337621648120353,0.06119074252495134,0.09385165879830755,2.1504000000000003,0.060799999999999924,0.6079999999999992,0.5,,BLOCKED
61,Draw,2.40-3.20,<-0.02,0.30-0.34,3,0.6357733113028309,0.6485755472108445,-0.01280223590801366,0.25219510690184505,0.3333333333333333,0.3038403567793462,-0.08113822643148827,-0.05164524987750113,-0.21382846615268977,3.118,0.06066666666666665,0.18199999999999994,0.3333333333333333,,BLOCKED
140,Away,<1.55,<-0.02,0.22-0.26,10,0.5228744574782318,0.4892549617767198,0.033619495701512014,0.6487552052181489,0.8,0.7130077451468706,-0.15124479478185116,-0.06425253992872172,-0.1337653405768196,1.3368,0.05740000000000001,0.5740000000000001,0.8,,BLOCKED
135,Home,2.40-3.20,<-0.02,0.30-0.34,24,0.6639296164789723,0.660118007283495,0.0038116091954772946,0.28141084837233654,0.375,0.3353695032682662,-0.09358915162766346,-0.053958654895929735,-0.20209010018381257,2.857916666666666,0.05483333333333331,1.3159999999999994,0.375,,BLOCKED
78,Away,2.40-3.20,<-0.02,0.30-0.34,19,0.7026726083753922,0.6684318677089691,0.03424074066642313,0.27438409535196046,0.3684210526315789,0.342260758438564,-0.09403695727961847,-0.06787666308660359,-0.2323313952861211,2.8165263157894733,0.05463157894736841,1.0379999999999998,0.3684210526315789,,BLOCKED
78,Home,<1.55,-0.02-0.02,<=0.22,9,0.3505877540608051,0.33732179953948965,0.01326595452131546,0.7902608270092719,0.8888888888888888,0.7943052576726194,-0.09862806187961692,-0.0040444306633474385,-0.05370586725681053,1.200222222222222,0.05355555555555553,0.48199999999999976,0.8888888888888888,,BLOCKED
61,Home,2.00-2.40,0.05-0.08,0.34+,2,0.6640755401298769,0.6672589600360712,-0.003183419906194307,0.5025760485686687,0.5,0.4395610830765828,0.002576048568668665,0.06301496549208588,0.09635710687336185,2.184,0.04899999999999993,0.09799999999999986,0.5,,BLOCKED
39,Away,2.40-3.20,<-0.02,0.34+,56,0.6882262620707115,0.6658522425752366,0.022374019495474906,0.2707341262512481,0.375,0.3425385490949383,-0.1042658737487519,-0.0718044228436902,-0.2508432915607394,2.7888571428571427,0.047857142857142855,2.6799999999999997,0.375,,BLOCKED
140,Away,2.40-3.20,-0.02-0.02,0.30-0.34,10,0.685057291325183,0.6720012966344158,0.013055994690767236,0.36876079776598936,0.4,0.36694278912549116,-0.031239202234010666,0.0018180086404981533,-0.03726492158318475,2.6328,0.04740000000000007,0.47400000000000064,0.4,,BLOCKED
39,Draw,3.20-4.00,<-0.02,0.26-0.30,29,0.6027109561604718,0.58985202516181,0.012858930998661755,0.2112695998025675,0.27586206896551724,0.24989505961143274,-0.06459246916294975,-0.038625459808865246,-0.19491319552920364,3.8134137931034484,0.04548275862068962,1.318999999999999,0.27586206896551724,,BLOCKED
39,Away,2.00-2.40,<-0.02,0.30-0.34,25,0.708989152032726,0.6974770618627113,0.011512090170014755,0.3745735535493207,0.48,0.43849988376399246,-0.10542644645067928,-0.06392633021467181,-0.189309681136173,2.16828,0.04296000000000001,1.0740000000000003,0.48,,BLOCKED
135,Away,1.70-2.00,0.08-0.12,0.30-0.34,9,0.7145423029393841,0.704603275064356,0.009939027875028095,0.6119617925710896,0.5555555555555556,0.5145874567366326,0.056406237015534044,0.09737433583445704,0.12965333744522303,1.848666666666667,0.04199999999999999,0.3779999999999999,0.5555555555555556,,BLOCKED
135,Home,2.00-2.40,<-0.02,0.30-0.34,13,0.7553232650712083,0.7102299105759678,0.045093354495240434,0.37385107829760994,0.46153846153846156,0.4355162561647852,-0.08768738324085162,-0.06166517786717524,-0.17709341773074008,2.212,0.04184615384615388,0.5440000000000005,0.46153846153846156,,BLOCKED
39,Home,2.40-3.20,0.02-0.05,0.30-0.34,13,0.6548617849910338,0.6540480391399802,0.0008137458510535378,0.3777144807092945,0.38461538461538464,0.3422616442308348,-0.006900903906090161,0.03545283647845968,0.04285554159619371,2.7730769230769234,0.03784615384615391,0.4920000000000009,0.38461538461538464,,BLOCKED
135,Draw,2.40-3.20,<-0.02,0.30-0.34,3,0.6462355767608298,0.6413099143884232,0.004925662372406547,0.26999823289779445,0.3333333333333333,0.30571568487145445,-0.06333510043553886,-0.035717451973659976,-0.16442770615734148,3.095333333333333,0.03333333333333336,0.10000000000000009,0.3333333333333333,,BLOCKED
135,Draw,4.00+,0.02-0.05,<=0.22,12,0.4394044046520853,0.4398396040458547,-0.0004351993937694032,0.17784940402741045,0.16666666666666666,0.1446529903289897,0.011182737360743794,0.033196413698420746,0.1844457960413035,6.724666666666667,0.026833333333333338,0.32200000000000006,0.16666666666666666,,BLOCKED
140,Draw,3.20-4.00,<-0.02,0.30-0.34,28,0.623530302280047,0.6072899458707387,0.01624035640930832,0.2028195213866403,0.2857142857142857,0.27517674162942557,-0.08289476432764539,-0.07235722024278528,-0.29181588916005313,3.491857142857143,0.026071428571428554,0.7299999999999995,0.2857142857142857,,BLOCKED
39,Away,<1.55,-0.02-0.02,0.26-0.30,3,0.6431407679504783,0.6552780726144153,-0.012137304663937032,0.6119844675599814,0.6666666666666666,0.616586346720992,-0.05468219910668526,-0.004601879161010698,-0.06508440984989194,1.5276666666666667,0.023666666666666725,0.07100000000000017,0.6666666666666666,,BLOCKED
140,Home,2.00-2.40,0.12+,0.34+,15,0.7174042444255314,0.6910072590733896,0.026396985352141855,0.5932055194650778,0.4666666666666667,0.4404967062703488,0.12653885279841115,0.1527088131947291,0.2876174568573045,2.175,0.020866666666666707,0.3130000000000006,0.4666666666666667,,BLOCKED
140,Away,<1.55,0.02-0.05,0.26-0.30,3,0.6389576595959543,0.658518081462506,-0.019560421866551714,0.658406872203449,0.6666666666666666,0.6255213095875738,-0.008259794463217673,0.0328855626158752,0.010026666188461078,1.534,0.020666666666666684,0.062000000000000055,0.6666666666666666,,BLOCKED
135,Home,<1.55,-0.02-0.02,<=0.22,12,0.4406048066756622,0.44166886706084046,-0.001064060385178256,0.7793917130391859,0.8333333333333334,0.7832068308792203,-0.05394162029414751,-0.0038151178400344377,-0.04688254108198739,1.2241666666666666,0.016999999999999977,0.20399999999999974,0.8333333333333334,,BLOCKED
61,Home,2.00-2.40,0.08-0.12,0.34+,2,0.6274558915093278,0.6373308466453056,-0.009874955135977803,0.5182647863511631,0.5,0.4329995156893791,0.01826478635116313,0.08526527066178408,0.13339018633500888,2.1979999999999995,0.014999999999999902,0.029999999999999805,0.5,,BLOCKED
61,Home,3.20-4.00,<-0.02,0.30-0.34,14,0.6305910716559726,0.5909057023612064,0.03968536929476618,0.1724542158461831,0.2857142857142857,0.2616081371587271,-0.11326006986810261,-0.08915392131254404,-0.37597035174913296,3.633714285714286,0.013142857142857123,0.18399999999999972,0.2857142857142857,,BLOCKED
140,Home,2.00-2.40,0.05-0.08,0.34+,13,0.6912369144591916,0.6795382012352393,0.011698713223952217,0.4957621659296421,0.46153846153846156,0.4312146508182375,0.034223704391180554,0.06454751511140462,0.0986335375042052,2.2185128205128204,0.007743589743589711,0.10066666666666624,0.46153846153846156,,BLOCKED
78,Home,2.40-3.20,0.08-0.12,0.34+,5,0.6616083708834248,0.6631917765481322,-0.0015834056647073824,0.47968271592383527,0.4,0.37709496832009864,0.07968271592383525,0.1025877476037366,0.2252945470125635,2.5648,0.005999999999999961,0.029999999999999805,0.4,,BLOCKED
140,Draw,3.20-4.00,<-0.02,0.26-0.30,26,0.5963901944869421,0.5794923984513475,0.016897796035594603,0.1705235280516718,0.2692307692307692,0.25516811570531717,-0.0987072411790974,-0.08464458765364533,-0.35898896434376926,3.748230769230769,0.00361538461538461,0.09399999999999986,0.2692307692307692,,BLOCKED
140,Home,<1.55,0.08-0.12,0.22-0.26,12,0.5837011373853542,0.5651048344532471,0.018596302932107123,0.8121555858400686,0.75,0.7141446166732491,0.06215558584006864,0.09801096916681935,0.08616709242357819,1.3393333333333335,0.0025000000000000022,0.030000000000000027,0.75,,BLOCKED
39,Away,2.40-3.20,-0.02-0.02,0.30-0.34,5,0.6562718152554553,0.6528835713985501,0.003388243856905171,0.3558911240767661,0.4,0.36190592697308493,-0.044108875923233926,-0.006014802896318827,-0.07369775436454509,2.6088000000000005,0.0016000000000000014,0.008000000000000007,0.4,,BLOCKED
39,Home,2.00-2.40,0.08-0.12,0.26-0.30,2,0.5785949449684127,0.6101371131727,-0.031542168204287346,0.5423340587835384,0.5,0.44125248381279586,0.04233405878353835,0.10108157497074255,0.17227770341696946,2.1825,0.0,0.0,0.5,,BLOCKED
135,Home,2.00-2.40,<-0.02,0.34+,39,0.692674242842697,0.6773020263907328,0.015372216451964182,0.3710635423080337,0.46153846153846156,0.4340701101885209,-0.09047491923042789,-0.06300656788048722,-0.17980654324285,2.2166153846153844,-0.00010256410256411404,-0.004000000000000448,0.46153846153846156,,BLOCKED
61,Away,4.00+,<-0.02,0.34+,5,0.5555366773556878,0.5307820231608802,0.0247546541948076,0.15623397560882243,0.2,0.2157045854270093,-0.04376602439117758,-0.05947060981818686,-0.31215347295008256,4.426,-0.0007999999999999119,-0.0039999999999995595,0.2,,BLOCKED
61,Draw,4.00+,0.08-0.12,0.22-0.26,11,0.5134252118446033,0.4911481867296054,0.022277025114997906,0.27998901737460036,0.18181818181818182,0.18569691993588763,0.09817083555641853,0.09429209743871274,0.43741647848048193,5.163090909090908,-0.0010909090909091322,-0.012000000000000455,0.18181818181818182,,BLOCKED
78,Home,<1.55,0.02-0.05,<=0.22,8,0.5723734211956644,0.5737566402714778,-0.0013832190758134022,0.7606920829063599,0.75,0.7208624641497039,0.010692082906359923,0.03982961875665608,0.002553501334793193,1.3225,-0.00250000000000003,-0.02000000000000024,0.75,,BLOCKED
61,Away,3.20-4.00,<-0.02,0.26-0.30,4,0.5683836852797539,0.5683355010183,4.818426145392074e-05,0.16404614548138374,0.25,0.24161467740671816,-0.08595385451861626,-0.07756853192533444,-0.35424338246115106,3.9385000000000003,-0.0044999999999999485,-0.017999999999999794,0.25,,BLOCKED
135,Home,1.70-2.00,<-0.02,0.30-0.34,15,0.7282070439092269,0.6961508990114382,0.03205614489778863,0.45798163524511976,0.5333333333333333,0.5196144633510779,-0.07535169808821357,-0.06163282810595804,-0.1511780014283646,1.8558666666666668,-0.005066666666666716,-0.07600000000000073,0.5333333333333333,,BLOCKED
39,Away,<1.55,<-0.02,0.26-0.30,3,0.6695986965724643,0.6712885989655876,-0.001689902393123277,0.6205240674069096,0.6666666666666666,0.6544241588637738,-0.046142599259757056,-0.0339000914568642,-0.09153876355418511,1.4646666666666668,-0.005333333333333412,-0.016000000000000236,0.6666666666666666,,BLOCKED
78,Home,<1.55,0.08-0.12,<=0.22,7,0.6195107917084791,0.5987252616631407,0.02078553004533845,0.7815970341211679,0.7142857142857143,0.6874127786923957,0.06731131983545358,0.0941842554287723,0.08200178871584063,1.385142857142857,-0.006000000000000037,-0.04200000000000026,0.7142857142857143,,BLOCKED
135,Home,<1.55,0.12+,0.26-0.30,3,0.6424548719646525,0.6202387976297143,0.022216074334938107,0.7681558348048602,0.6666666666666666,0.6428383640292586,0.10148916813819353,0.12531747077560162,0.1498599599935669,1.4973333333333334,-0.007333333333333414,-0.02200000000000024,0.6666666666666666,,BLOCKED
140,Away,2.00-2.40,<-0.02,0.30-0.34,18,0.7113860581011456,0.6862094194193085,0.02517663868183717,0.3412521986223804,0.4444444444444444,0.42748707864165325,-0.10319224582206404,-0.0862348800192728,-0.24054967967843316,2.2322222222222217,-0.007444444444444414,-0.13399999999999945,0.4444444444444444,,BLOCKED
140,Home,<1.55,0.02-0.05,<=0.22,12,0.4575907059906279,0.45625306188844467,0.001337644102183233,0.8387205194358396,0.8333333333333334,0.8018308908938917,0.005387186102506214,0.03688962854194808,-0.007261255793469534,1.185,-0.011166666666666714,-0.13400000000000056,0.8333333333333334,,BLOCKED
135,Away,<1.55,-0.02-0.02,0.26-0.30,6,0.6293628837075417,0.6309854509594717,-0.001622567251929996,0.6511629010943686,0.6666666666666666,0.6390191102395084,-0.015503765572298045,0.01214379085486017,-0.027135067677827862,1.4953333333333332,-0.012999999999999975,-0.07799999999999985,0.6666666666666666,,BLOCKED
61,Home,2.40-3.20,<-0.02,0.30-0.34,19,0.6600654347238243,0.6274619246274785,0.03260351009634577,0.22588915369366455,0.3684210526315789,0.33655699761402386,-0.14253189893791438,-0.11066784392035925,-0.36816474488448875,2.8422105263157893,-0.013894736842105298,-0.2640000000000007,0.3684210526315789,,BLOCKED
39,Home,2.00-2.40,0.12+,0.34+,11,0.7219752124186015,0.6973630882100985,0.024612124208503006,0.5702847459003537,0.45454545454545453,0.44703937690532847,0.11573929135489919,0.1232453689950252,0.21106800065129425,2.127818181818182,-0.017090909090909105,-0.18800000000000017,0.45454545454545453,,BLOCKED
39,Home,<1.55,-0.02-0.02,<=0.22,15,0.4774790648682099,0.47601617824329256,0.0014628866249173367,0.7772169869876729,0.8,0.7748857846443767,-0.022783013012327102,0.0023312023432963567,-0.04759318736035016,1.2262666666666668,-0.025866666666666673,-0.3880000000000001,0.8,,BLOCKED
135,Away,2.40-3.20,<-0.02,0.34+,27,0.643082001259298,0.6457470123700639,-0.0026650111107658914,0.287560978928455,0.3333333333333333,0.3360331408275326,-0.04577235440487831,-0.04847216189907761,-0.1830575854255084,2.8616296296296295,-0.028296296296296305,-0.7640000000000002,0.3333333333333333,,BLOCKED
61,Home,1.70-2.00,-0.02-0.02,0.34+,6,0.6844536333921675,0.6906634689106355,-0.006209835518467988,0.4835922463072892,0.5,0.48951272008009655,-0.016407753692710803,-0.005920473772807309,-0.06162696649762741,1.9403333333333332,-0.028666666666666656,-0.17199999999999993,0.5,,BLOCKED
135,Draw,4.00+,-0.02-0.02,0.22-0.26,39,0.49526597288009955,0.4955053341145324,-0.0002393612344328555,0.19740019814666643,0.20512820512820512,0.19448017354516958,-0.007728006981538693,0.0029200246014968556,-0.02748264687243501,4.950307692307692,-0.03394871794871801,-1.3240000000000025,0.20512820512820512,,BLOCKED
78,Home,1.70-2.00,0.02-0.05,0.26-0.30,2,0.7384435948856551,0.7491197490420022,-0.01067615415634704,0.5526723533666809,0.5,0.5233851573538113,0.05267235336668086,0.0292871960128695,0.02715658819881439,1.861,-0.03400000000000003,-0.06800000000000006,0.5,,BLOCKED
39,Home,3.20-4.00,-0.02-0.02,0.26-0.30,4,0.5725787080693594,0.5672794181039228,0.005299289965436604,0.25432642996100785,0.25,0.25215629826563235,0.004326429961007849,0.0021701316953754712,-0.034865256942880646,3.795,-0.034500000000000086,-0.13800000000000034,0.25,,BLOCKED
78,Home,1.70-2.00,0.05-0.08,0.34+,2,0.6724904816590627,0.677446842433057,-0.004956360773994306,0.5389070775673047,0.5,0.48313782136776384,0.038907077567304715,0.055769256199540845,0.05637970415863536,1.9609999999999999,-0.03699999999999992,-0.07399999999999984,0.5,,BLOCKED
61,Home,1.55-1.70,0.05-0.08,0.26-0.30,5,0.6777962656319299,0.6596426331343783,0.01815363249755153,0.6627640397960756,0.6,0.5917674086172837,0.06276403979607559,0.07099663117879196,0.06272564088691897,1.6039999999999999,-0.04600000000000004,-0.2300000000000002,0.6,,BLOCKED
78,Home,<1.55,-0.02-0.02,0.22-0.26,6,0.6113388662253146,0.622888485539142,-0.011549619313827364,0.668104852241338,0.6666666666666666,0.659311694515169,0.0014381855746713468,0.008793157726168954,-0.04736232521811029,1.426,-0.04733333333333334,-0.28400000000000003,0.6666666666666666,,BLOCKED
78,Away,2.40-3.20,<-0.02,0.34+,45,0.6257229428462816,0.6280193624564633,-0.002296419610181677,0.25743391370607926,0.3333333333333333,0.32942770889696366,-0.07589941962725405,-0.07199379519088439,-0.2554580055939852,2.9094222222222226,-0.047866666666666724,-2.1540000000000026,0.3333333333333333,,BLOCKED
78,Away,<1.55,0.02-0.05,0.22-0.26,3,0.6766742349890823,0.6690701336452367,0.007604101343845593,0.70365625118645,0.6666666666666666,0.6746088251127597,0.0369895845197834,0.029047426073690336,-0.01615435522661372,1.4006666666666667,-0.049333333333333305,-0.1479999999999999,0.6666666666666666,,BLOCKED
135,Home,1.70-2.00,0.08-0.12,0.30-0.34,2,0.7265417513228635,0.7180326039591867,0.008509147363676806,0.614094606764199,0.5,0.519864143749829,0.11409460676419902,0.09423046301437005,0.1513487826146792,1.875,-0.050000000000000044,-0.10000000000000009,0.5,,BLOCKED
140,Home,2.00-2.40,0.02-0.05,0.34+,7,0.6635363107774535,0.6648127323123391,-0.0012764215348856078,0.4563649803915414,0.42857142857142855,0.4203612848261638,0.02779355182011284,0.036003695565377594,0.03611574355001763,2.2728571428571427,-0.051999999999999984,-0.3639999999999999,0.42857142857142855,,BLOCKED
78,Home,1.70-2.00,<-0.02,0.34+,8,0.6696892054088011,0.6868932080729202,-0.017204002664119145,0.42312171149836597,0.5,0.5007536287825048,-0.07687828850163403,-0.07763191728413887,-0.1969373168143112,1.89875,-0.05299999999999999,-0.42399999999999993,0.5,,BLOCKED
39,Home,1.70-2.00,0.05-0.08,0.30-0.34,4,0.6985478529627708,0.6930955340145992,0.005452318948171553,0.5714551365455351,0.5,0.5040074327333002,0.07145513654553515,0.06744770381223492,0.07839837534336602,1.8895000000000002,-0.05399999999999999,-0.21599999999999997,0.5,,BLOCKED
39,Home,2.40-3.20,0.05-0.08,0.34+,20,0.6590762303417101,0.64700274519007,0.012073485151640195,0.4197967388904075,0.35,0.35407051924560273,0.0697967388904075,0.06572621964480473,0.13381615319171375,2.7127999999999997,-0.05449999999999997,-1.0899999999999994,0.35,,BLOCKED
39,Home,2.40-3.20,0.08-0.12,0.34+,20,0.6880696090049275,0.6606430207689966,0.027426588235930915,0.46159193938787446,0.35,0.36077891167131704,0.11159193938787448,0.10081302771655729,0.21289903248235306,2.6391999999999998,-0.055300000000000016,-1.1060000000000003,0.35,,BLOCKED
140,Home,3.20-4.00,0.02-0.05,0.30-0.34,4,0.5802274523139648,0.5701237735500977,0.010103678763867086,0.2990051494163531,0.25,0.2575352201097104,0.04900514941635309,0.041469929306642686,0.11380827025802753,3.7315,-0.05850000000000011,-0.23400000000000043,0.25,,BLOCKED
78,Home,2.40-3.20,0.02-0.05,0.30-0.34,6,0.6656774498711406,0.6539091107089885,0.011768339162152142,0.38475354712955795,0.3333333333333333,0.3472987500016144,0.051420213796224634,0.03745479712794351,0.06326290457051509,2.7776666666666667,-0.05899999999999994,-0.35399999999999965,0.3333333333333333,,BLOCKED
135,Home,1.70-2.00,0.02-0.05,0.34+,2,0.7521067064658624,0.7289589673992991,0.02314773906656331,0.582324443144344,0.5,0.5404143221954951,0.08232444314434395,0.04191012094884877,0.04284168565309254,1.7939999999999998,-0.06000000000000005,-0.1200000000000001,0.5,,BLOCKED
78,Draw,3.20-4.00,-0.02-0.02,0.34+,67,0.5798162689831313,0.5796903362936411,0.00012593268949023795,0.278201641690268,0.26865671641791045,0.27234373981206195,0.009544925272357563,0.005857901878206084,-0.023961450645654178,3.515761194029851,-0.06277611940298504,-4.205999999999998,0.26865671641791045,,BLOCKED
39,Home,<1.55,0.05-0.08,0.22-0.26,15,0.6536974121345333,0.6370959376277414,0.016601474506791836,0.7369854365754251,0.6666666666666666,0.6746212477622773,0.07031876990875852,0.06236418881314798,0.0334788471569255,1.4030000000000002,-0.06339999999999997,-0.9509999999999996,0.6666666666666666,,BLOCKED
135,Draw,2.40-3.20,-0.02-0.02,0.30-0.34,20,0.6124430510230469,0.6147556562016426,-0.0023126051785957724,0.3107784493686073,0.3,0.3081494407752798,0.010778449368607335,0.0026290085933275533,-0.0444262501962917,3.0763000000000003,-0.06390000000000004,-1.278000000000001,0.3,,BLOCKED
61,Home,1.55-1.70,<-0.02,0.26-0.30,7,0.6821468760925217,0.6793661312257013,0.0027807448668203394,0.5170025564415647,0.5714285714285714,0.5812807950262372,-0.05442601498700672,-0.06427823858467259,-0.1543935345891224,1.637142857142857,-0.06514285714285717,-0.4560000000000002,0.5714285714285714,,BLOCKED
140,Home,2.00-2.40,-0.02-0.02,0.34+,12,0.6794828092731474,0.6807711086341527,-0.001288299361005274,0.4413019367302083,0.4166666666666667,0.4312576617477924,0.024635270063541603,0.010044274982415993,-0.02390806545932179,2.218666666666666,-0.0651666666666667,-0.7820000000000005,0.4166666666666667,,BLOCKED
39,Home,1.55-1.70,0.05-0.08,0.26-0.30,14,0.6970425385804588,0.688488048279109,0.008554490301349804,0.6516188306869183,0.5714285714285714,0.5855624323739201,0.08019025925834689,0.0660563983129981,0.05651433416744952,1.6221428571428569,-0.06928571428571435,-0.9700000000000009,0.5714285714285714,,BLOCKED
140,Home,<1.55,<-0.02,0.22-0.26,3,0.730664283489275,0.7072449320301324,0.023419351459142645,0.6614646973950464,0.6666666666666666,0.708984999219921,-0.005201969271620199,-0.047520301824874545,-0.11012067125191856,1.3500000000000003,-0.07333333333333332,-0.21999999999999997,0.6666666666666666,,BLOCKED
140,Home,2.40-3.20,0.08-0.12,0.34+,9,0.6895620354889428,0.6603171377416183,0.029244897747324528,0.456290699120383,0.3333333333333333,0.3569231917441078,0.12295736578704969,0.09936750737627523,0.2139433517142582,2.675333333333333,-0.07407407407407406,-0.6666666666666665,0.3333333333333333,,BLOCKED
39,Away,<1.55,<-0.02,0.22-0.26,3,0.6332462473256824,0.6126891128007657,0.020557134524916698,0.6341178821450618,0.6666666666666666,0.6741457505809997,-0.03254878452160481,-0.04002786843593783,-0.1107736333007181,1.4033333333333333,-0.0773333333333334,-0.2320000000000002,0.6666666666666666,,BLOCKED
140,Home,2.40-3.20,0.12+,0.34+,8,0.6878722937750484,0.6455715400691727,0.042300753705875715,0.5496035550056486,0.375,0.3742300113458027,0.17460355500564861,0.17537354365984592,0.3940204081794497,2.5452500000000002,-0.07749999999999996,-0.6199999999999997,0.375,,BLOCKED
39,Home,1.70-2.00,-0.02-0.02,0.34+,4,0.6684690187835898,0.6534985789740004,0.014970439809589342,0.5054781250140387,0.5,0.4985483708324725,0.0054781250140386595,0.006929754181566161,-0.03976728730232029,1.9064999999999999,-0.07750000000000001,-0.31000000000000005,0.5,,BLOCKED
61,Home,1.70-2.00,0.08-0.12,0.34+,2,0.6860095345099919,0.6671281099397373,0.018881424570254657,0.5873076306796443,0.5,0.5016607556399176,0.08730763067964431,0.0856468750397267,0.10775027071233434,1.887,-0.07899999999999996,-0.15799999999999992,0.5,,BLOCKED
140,Home,2.40-3.20,0.12+,0.30-0.34,3,0.7313132340531213,0.6659998334146409,0.06531340063848046,0.49427781011995453,0.3333333333333333,0.36153692121032943,0.16094447678662122,0.13274088890962513,0.2967249530365397,2.6293333333333333,-0.07933333333333319,-0.23799999999999955,0.3333333333333333,,BLOCKED
135,Home,<1.55,-0.02-0.02,0.26-0.30,8,0.6507127037171518,0.6554511768102846,-0.0047384730931328,0.6434323493922004,0.625,0.6374017650418287,0.018432349392200398,0.006030584350371682,-0.04682144155705348,1.48225,-0.08025000000000002,-0.6420000000000001,0.625,,BLOCKED
39,Home,1.70-2.00,0.12+,0.34+,2,0.7040173982642817,0.6675007925538932,0.036516605710388506,0.6274196310277893,0.5,0.5027125456319352,0.1274196310277893,0.12470708539585407,0.197511985055151,1.9100000000000001,-0.08499999999999996,-0.16999999999999993,0.5,,BLOCKED
140,Home,4.00+,0.02-0.05,0.26-0.30,8,0.44434028277782034,0.42915488343121067,0.015185399346609674,0.21314064185991544,0.125,0.17794353314876993,0.08814064185991544,0.03519710871114552,0.1601491185552596,5.57025,-0.08625000000000005,-0.6900000000000004,0.125,,BLOCKED
135,Away,3.20-4.00,<-0.02,0.34+,19,0.5709210100395979,0.5755279702467992,-0.004606960207201305,0.2302717252919404,0.2631578947368421,0.27321759289685943,-0.03288616944490169,-0.04294586760491901,-0.1983892623612919,3.4997894736842112,-0.08778947368421051,-1.6679999999999997,0.2631578947368421,,BLOCKED
140,Away,1.55-1.70,<-0.02,0.26-0.30,9,0.7942672652796551,0.7049286299506756,0.08933863532897945,0.4981597930174766,0.5555555555555556,0.5971157230753497,-0.05739576253807899,-0.09895593005787298,-0.19654090646548492,1.614666666666667,-0.09000000000000001,-0.81,0.5555555555555556,,BLOCKED
78,Home,3.20-4.00,-0.02-0.02,0.30-0.34,4,0.6004667341205656,0.5817778352370354,0.018688898883530203,0.27852653631821833,0.25,0.2746745858096382,0.028526536318218332,0.0038519505085801292,-0.034852182581654984,3.4814999999999996,-0.09099999999999997,-0.3639999999999999,0.25,,BLOCKED
135,Draw,3.20-4.00,0.02-0.05,0.30-0.34,42,0.5766044601906073,0.5726058125497852,0.003998647640822139,0.3131032602560781,0.2619047619047619,0.27885846872805375,0.05119849835131618,0.034244791528024295,0.08148479206223841,3.4602380952380956,-0.0962857142857143,-4.0440000000000005,0.2619047619047619,,BLOCKED
78,Home,1.70-2.00,0.12+,0.34+,4,0.7461703317582513,0.686449136207693,0.059721195550558326,0.6954171900035878,0.5,0.5312000850475973,0.19541719000358782,0.16421710495599062,0.26478890002072397,1.8195,-0.09649999999999997,-0.3859999999999999,0.5,,BLOCKED
135,Home,2.00-2.40,-0.02-0.02,0.34+,17,0.6683497949456401,0.6666696097750423,0.0016801851705977588,0.4257332817402108,0.4117647058823529,0.42812617716224854,0.013968575857857879,-0.0023928954220377636,-0.05127915784447824,2.231294117647059,-0.09752941176470585,-1.6579999999999995,0.4117647058823529,,BLOCKED
39,Away,1.70-2.00,-0.02-0.02,0.26-0.30,10,0.6890242399098406,0.697455960526008,-0.00843172061616737,0.5317225575409528,0.5,0.529927914636449,0.03172255754095277,0.0017946429045038403,-0.04527949226283327,1.7992000000000001,-0.0986,-0.986,0.5,,BLOCKED
78,Draw,4.00+,0.05-0.08,<=0.22,10,0.35736227479519067,0.33325598514485755,0.024106289650333124,0.17530894661173824,0.1,0.11252078421340653,0.07530894661173823,0.06278816239833175,0.49852080410698774,8.652,-0.1,-1.0,0.1,,BLOCKED
61,Home,2.40-3.20,0.05-0.08,0.34+,3,0.6594650809506559,0.6452498744548438,0.014215206495812094,0.42532981166411205,0.3333333333333333,0.3556668513158355,0.09199647833077873,0.06966296034827658,0.13489548669312298,2.674888888888889,-0.10111111111111108,-0.30333333333333323,0.3333333333333333,,BLOCKED
78,Draw,4.00+,<-0.02,0.26-0.30,10,0.5247022081898302,0.5213171414137936,0.0033850667760365605,0.19203748167636717,0.2,0.22838314474676777,-0.007962518323632845,-0.03634566307040062,-0.20320951576074378,4.1608,-0.10300000000000012,-1.0300000000000011,0.2,,BLOCKED
140,Away,3.20-4.00,0.02-0.05,0.34+,8,0.5814079454113448,0.5760522055233976,0.005355739887947131,0.3036564681024621,0.25,0.2740151687568999,0.05365646810246211,0.029641299345562193,0.056180397239448815,3.488,-0.10350000000000004,-0.8280000000000003,0.25,,BLOCKED
78,Away,<1.55,0.05-0.08,<=0.22,3,0.7000990657691903,0.6677694172856872,0.03232964848350317,0.7834119190653771,0.6666666666666666,0.7100181500289068,0.11674525239871048,0.07339376903647048,0.04161360593283262,1.3313333333333333,-0.10400000000000002,-0.31200000000000006,0.6666666666666666,,BLOCKED
78,Away,1.70-2.00,<-0.02,0.26-0.30,2,0.8640415463199248,0.6758344275965056,0.18820711872341922,0.4200233301783818,0.5,0.5393186723791746,-0.07997666982161822,-0.11929534220079288,-0.24570300485224594,1.795,-0.10499999999999998,-0.20999999999999996,0.5,,BLOCKED
78,Home,<1.55,<-0.02,<=0.22,14,0.5313947988813644,0.5468794880393797,-0.015484689158015263,0.7725408580139023,0.7857142857142857,0.842515972904306,-0.013173427700383433,-0.06997511489040383,-0.12517210194518105,1.1342857142857146,-0.10542857142857143,-1.476,0.7857142857142857,,BLOCKED
135,Home,<1.55,-0.02-0.02,0.22-0.26,18,0.6292694216165375,0.6260739716551096,0.003195449961427954,0.7129083643208208,0.6666666666666666,0.7103034092287702,0.0462416976541542,0.0026049550920506956,-0.03720937126274581,1.3528888888888888,-0.10622222222222219,-1.9119999999999995,0.6666666666666666,,BLOCKED
78,Draw,4.00+,0.02-0.05,<=0.22,12,0.42854837678324587,0.4213785042641865,0.007169872519059373,0.18813559407138403,0.16666666666666666,0.15168785559543568,0.02146892740471737,0.03644773847594831,0.20501009009945612,6.718333333333334,-0.10833333333333332,-1.2999999999999998,0.16666666666666666,,BLOCKED
78,Away,4.00+,<-0.02,0.22-0.26,40,0.468761387303349,0.4247934519896036,0.04396793531374538,0.07105673226953005,0.15,0.163757833939909,-0.07894326773046995,-0.09270110167037897,-0.580769085070268,5.9444,-0.11069999999999999,-4.428,0.15,,BLOCKED
39,Draw,3.20-4.00,<-0.02,0.30-0.34,43,0.5738250952750773,0.5729551788847005,0.0008699163903768126,0.2427551044912641,0.2558139534883721,0.2752833115554307,-0.013058848997107991,-0.03252820706416659,-0.16193610671925385,3.4608837209302323,-0.11130232558139538,-4.786000000000001,0.2558139534883721,,BLOCKED
78,Away,3.20-4.00,<-0.02,0.30-0.34,4,0.5509841812980738,0.5546108992061596,-0.0036267179080857748,0.17680483008178474,0.25,0.2622154916902205,-0.07319516991821526,-0.08541066160843575,-0.36173538032652514,3.6165,-0.1120000000000001,-0.4480000000000004,0.25,,BLOCKED
61,Away,2.00-2.40,<-0.02,0.30-0.34,5,0.7373827891067346,0.6865826904495054,0.05080009865722923,0.3781459735460339,0.4,0.4366283563106423,-0.021854026453966113,-0.0584823827646084,-0.17825555547942612,2.1769714285714286,-0.11377142857142859,-0.568857142857143,0.4,,BLOCKED
140,Home,1.70-2.00,0.02-0.05,0.34+,2,0.6521077568278071,0.6442861146259818,0.00782164220182524,0.5748042838198932,0.5,0.5301099854034511,0.07480428381989324,0.04469429841644207,0.04976593259308637,1.829,-0.11499999999999999,-0.22999999999999998,0.5,,BLOCKED
39,Home,2.00-2.40,0.05-0.08,0.34+,12,0.6996242246847215,0.6821245324567967,0.0174996922279248,0.5150358946221135,0.4166666666666667,0.4463861815131301,0.09836922795544684,0.06864971310898349,0.09530769800941487,2.1313333333333335,-0.11508333333333336,-1.3810000000000002,0.4166666666666667,,BLOCKED
39,Home,2.40-3.20,0.05-0.08,0.30-0.34,9,0.630871611739411,0.6160005015192495,0.01487111022016152,0.4113689312839757,0.3333333333333333,0.34422051461471903,0.07803559795064241,0.06714841666925662,0.13852095968619535,2.773777777777778,-0.11755555555555554,-1.0579999999999998,0.3333333333333333,,BLOCKED
78,Home,1.70-2.00,-0.02-0.02,0.26-0.30,6,0.7045876870674462,0.6932973755923437,0.01129031147510251,0.5529244214157939,0.5,0.5492388319265665,0.0529244214157939,0.0036855894892273513,-0.02427023591806543,1.765666666666667,-0.11833333333333329,-0.7099999999999997,0.5,,BLOCKED
61,Away,1.70-2.00,0.02-0.05,0.26-0.30,2,0.725176665040363,0.703832421483254,0.021344243557109066,0.5726774655843405,0.5,0.5401184571298614,0.07267746558434052,0.03255900845447912,0.00381056033188254,1.753,-0.119,-0.238,0.5,,BLOCKED
135,Draw,3.20-4.00,-0.02-0.02,0.30-0.34,66,0.5618796409345241,0.5676355200119739,-0.005755879077449788,0.28060654254365053,0.25757575757575757,0.27966473112556206,0.02303078496789296,0.0009418114180883803,-0.036973886433513015,3.44030303030303,-0.12203030303030303,-8.054,0.25757575757575757,,BLOCKED
135,Away,1.70-2.00,0.05-0.08,0.26-0.30,4,0.7219806459142838,0.7113376267336317,0.010643019180652136,0.6196914886956348,0.5,0.5606578843842024,0.11969148869563484,0.05903360431143237,0.07247327954265398,1.731,-0.1225,-0.49,0.5,,BLOCKED
39,Home,1.70-2.00,0.05-0.08,0.26-0.30,4,0.6876088995107786,0.6871253227808565,0.00048357672992216383,0.6086903017247348,0.5,0.5427694568974841,0.10869030172473482,0.06592084482725072,0.07956351695343161,1.7754999999999999,-0.1225,-0.49,0.5,,BLOCKED
78,Draw,3.20-4.00,0.02-0.05,0.30-0.34,29,0.5543949347432002,0.5472419697185184,0.007152965024681879,0.2915808480019312,0.2413793103448276,0.2581756872252399,0.050201537657103584,0.03340516077669125,0.08108136869919882,3.7097241379310337,-0.12344827586206894,-3.579999999999999,0.2413793103448276,,BLOCKED
140,Away,<1.55,-0.02-0.02,0.26-0.30,5,0.6491560686880409,0.6591928504661364,-0.010036781778095527,0.6409189748158806,0.6,0.6402512403550158,0.04091897481588058,0.000667734460864855,-0.05294789478134121,1.4784,-0.12440000000000007,-0.6220000000000003,0.6,,BLOCKED
135,Home,1.70-2.00,-0.02-0.02,0.30-0.34,11,0.7115430241612399,0.7138188787405549,-0.0022758545793150065,0.5140062513573613,0.45454545454545453,0.5125800926535252,0.0594607968119068,0.001426158703835985,-0.03155345577022282,1.8876363636363633,-0.12745454545454546,-1.402,0.45454545454545453,,BLOCKED
61,Home,<1.55,<-0.02,<=0.22,11,0.5577695637217001,0.5374892876656756,0.02028027605602445,0.6675931055282397,0.7272727272727273,0.7814206035302664,-0.0596796217444876,-0.11382749800202685,-0.18858520406897597,1.219090909090909,-0.1289090909090909,-1.4179999999999997,0.7272727272727273,,BLOCKED
78,Draw,4.00+,<-0.02,<=0.22,14,0.441956716829281,0.43226378983106384,0.009692926998217166,0.12125338395903369,0.14285714285714285,0.17369194770458596,-0.021603758898109157,-0.05243856374555233,-0.3468685549745727,5.5600000000000005,-0.13142857142857142,-1.8399999999999999,0.14285714285714285,,BLOCKED
135,Home,1.70-2.00,<-0.02,0.34+,13,0.7049526651929543,0.6973757003666545,0.00757696482629977,0.43261133140779356,0.46153846153846156,0.5122849272513518,-0.028927130130668,-0.07967359584355818,-0.19041184959380864,1.8778461538461537,-0.13384615384615378,-1.739999999999999,0.46153846153846156,,BLOCKED
61,Home,2.40-3.20,-0.02-0.02,0.34+,3,0.5974437004335855,0.609251389052768,-0.011807688619182466,0.3449641260026002,0.3333333333333333,0.34352395585662726,0.011630792669266865,0.0014401701459728633,-0.05029667895254105,2.765333333333333,-0.13466666666666663,-0.4039999999999999,0.3333333333333333,,BLOCKED
78,Home,1.70-2.00,0.05-0.08,0.26-0.30,4,0.6680921123210883,0.6530169654016368,0.015075146919451554,0.5964233179294757,0.5,0.5378186549619087,0.09642331792947567,0.058604662967566945,0.07294654960635955,1.803,-0.135,-0.54,0.5,,BLOCKED
39,Home,<1.55,0.05-0.08,0.26-0.30,7,0.7061523642003482,0.694831712619327,0.011320651581021246,0.6962730662493998,0.5714285714285714,0.6294221161359743,0.12484449482082838,0.06685095011342546,0.04271226602946088,1.497714285714286,-0.13942857142857143,-0.976,0.5714285714285714,,BLOCKED
61,Away,1.70-2.00,0.08-0.12,0.26-0.30,2,0.6916595726287548,0.6576117789490648,0.03404779367969002,0.620393978349311,0.5,0.5327514767780507,0.12039397834931098,0.0876425015712603,0.10273499316639212,1.779,-0.14200000000000002,-0.28400000000000003,0.5,,BLOCKED
135,Away,2.00-2.40,<-0.02,0.30-0.34,8,0.6707647090677723,0.6791037763968791,-0.00833906732910683,0.3777525243302908,0.375,0.42242642455222273,0.002752524330290773,-0.04467390022193198,-0.15109919218182222,2.2525,-0.14549999999999996,-1.1639999999999997,0.375,,BLOCKED
140,Draw,3.20-4.00,0.05-0.08,0.30-0.34,4,0.5763107919632169,0.5610897042835499,0.015221087679667011,0.33379258447920657,0.25,0.2762593409177682,0.08379258447920657,0.057533243561438366,0.17057499486891647,3.51,-0.14850000000000008,-0.5940000000000003,0.25,,BLOCKED
140,Home,2.40-3.20,0.02-0.05,0.30-0.34,6,0.6278587133973607,0.6216948511167889,0.0061638622805717524,0.3968323936488282,0.3333333333333333,0.3596637707487698,0.0634990603154949,0.03716862290005838,0.05407907595935305,2.675333333333333,-0.15033333333333343,-0.9020000000000006,0.3333333333333333,,BLOCKED
39,Home,4.00+,0.02-0.05,0.26-0.30,16,0.45579799781547037,0.45274795453836253,0.003050043277107839,0.21660866872440138,0.1875,0.18568054388775612,0.029108668724401376,0.030928124836645247,0.10646305096116646,5.251875,-0.15049999999999997,-2.4079999999999995,0.1875,,BLOCKED
140,Away,4.00+,<-0.02,0.26-0.30,45,0.45477223959910634,0.43354469109374555,0.021227548505360794,0.10827510621422338,0.15555555555555556,0.1744386430212015,-0.04728044934133217,-0.06616353680697808,-0.40118034181069123,5.632933333333333,-0.15053333333333332,-6.774,0.15555555555555556,,BLOCKED
78,Away,2.40-3.20,0.02-0.05,0.30-0.34,6,0.6149037509884837,0.6162959689526772,-0.0013922179641935317,0.3854359200915982,0.3333333333333333,0.3569284967681506,0.0521025867582649,0.028507423323447606,0.019155920646846736,2.656333333333333,-0.15100000000000002,-0.9060000000000001,0.3333333333333333,,BLOCKED
39,Home,4.00+,<-0.02,0.26-0.30,10,0.4639317824814496,0.46701901975827936,-0.0030872372768297462,0.16099413755181974,0.2,0.19428531345413438,-0.03900586244818027,-0.03329117590231465,-0.21896169374288696,4.9599,-0.15140000000000003,-1.5140000000000002,0.2,,BLOCKED
140,Home,2.40-3.20,-0.02-0.02,0.30-0.34,10,0.6281637484264895,0.6289734458031983,-0.0008096973767087734,0.34987033287752445,0.3,0.3472261807964473,0.04987033287752446,0.0026441520810771557,-0.03470265378312052,2.7871999999999995,-0.15260000000000007,-1.5260000000000007,0.3,,BLOCKED
39,Home,<1.55,-0.02-0.02,0.22-0.26,14,0.663843218671021,0.6658718167231843,-0.0020285980521632663,0.7139053709207512,0.6428571428571429,0.7195695710911479,0.07104822806360833,-0.005664200170396895,-0.0605054034631621,1.3180714285714286,-0.15457142857142853,-2.1639999999999993,0.6428571428571429,,BLOCKED
78,Away,1.55-1.70,-0.02-0.02,0.26-0.30,2,0.7249189059763315,0.7067262413004725,0.018192664675859005,0.5751947209658476,0.5,0.5671708944195537,0.07519472096584756,0.0080238265462938,-0.030747724530831966,1.6849999999999998,-0.16000000000000014,-0.3200000000000003,0.5,,BLOCKED
135,Draw,2.40-3.20,0.02-0.05,0.30-0.34,11,0.595011782800756,0.5874263968215587,0.007585385979197223,0.3432601770930584,0.2727272727272727,0.3110691482862424,0.07053290436578569,0.032191028806816076,0.0484460137131085,3.0547272727272725,-0.1629090909090909,-1.7919999999999998,0.2727272727272727,,BLOCKED
61,Draw,4.00+,0.12+,<=0.22,7,0.4650542275655893,0.3823980459361896,0.0826561816293997,0.2892785910143327,0.14285714285714285,0.13689806773716387,0.14642144815718983,0.1523805232771688,1.0546414965075461,7.282285714285715,-0.16485714285714298,-1.1540000000000008,0.14285714285714285,,BLOCKED
78,Home,1.55-1.70,0.02-0.05,0.26-0.30,2,0.7608044981798572,0.74173373348655,0.019070764693307152,0.6321351202720228,0.5,0.5861612916961896,0.1321351202720228,0.045973828575833264,0.02210404699485702,1.6179999999999999,-0.16700000000000004,-0.3340000000000001,0.5,,BLOCKED
39,Home,2.40-3.20,0.08-0.12,0.30-0.34,15,0.6515226442956723,0.6172106756595407,0.03431196863613162,0.4685410540429178,0.3333333333333333,0.36478902830470494,0.13520772070958448,0.10375202573821288,0.21950610904668383,2.610533333333333,-0.16826666666666668,-2.524,0.3333333333333333,,BLOCKED
39,Away,4.00+,<-0.02,0.30-0.34,5,0.5131746593743544,0.48795935223438425,0.02521530713997011,0.1672870818793291,0.2,0.21946133395129214,-0.0327129181206709,-0.05217425207196301,-0.27211638300487895,4.35,-0.1684000000000001,-0.8420000000000005,0.2,,BLOCKED
78,Away,2.00-2.40,<-0.02,0.30-0.34,16,0.6642760826952948,0.6690250021514624,-0.004748919456167622,0.35012234776599616,0.375,0.436670911679608,-0.024877652234003844,-0.0865485639136118,-0.2327259176603374,2.194125,-0.16937500000000003,-2.7100000000000004,0.375,,BLOCKED
140,Home,2.40-3.20,<-0.02,0.30-0.34,20,0.5684858235575494,0.5982096826341141,-0.029723859076564718,0.25987973859583674,0.3,0.3394893744763302,-0.04012026140416325,-0.07960963588049348,-0.2715745910216573,2.8302666666666667,-0.17213333333333333,-3.4426666666666668,0.3,,BLOCKED
78,Away,<1.55,0.02-0.05,<=0.22,3,0.6790989347300543,0.648232926219963,0.03086600851009136,0.8007328194572606,0.6666666666666666,0.7642894859400359,0.13406615279059397,0.03644333351722473,-0.004912940359775446,1.2453333333333332,-0.17266666666666666,-0.518,0.6666666666666666,,BLOCKED
78,Home,1.55-1.70,0.08-0.12,0.22-0.26,4,0.7634485292251182,0.7217815324943272,0.041666996730790995,0.6932258444582899,0.5,0.5872340154310054,0.19322584445828994,0.10599182902728457,0.13502733647489878,1.6375,-0.17799999999999994,-0.7119999999999997,0.5,,BLOCKED
39,Home,1.55-1.70,0.02-0.05,0.26-0.30,10,0.7268979937114106,0.7081635485853905,0.01873444512602007,0.6128147540895394,0.5,0.5805043347328507,0.11281475408953945,0.032310419356688734,0.004895387048032951,1.6404,-0.17999999999999994,-1.7999999999999994,0.5,,BLOCKED
135,Away,3.20-4.00,<-0.02,0.30-0.34,13,0.5424568592278167,0.5426728851500222,-0.00021602592220548722,0.22057900211120973,0.23076923076923078,0.27245578181530433,-0.01019022865802105,-0.05187677970409465,-0.2242646599463042,3.524153846153846,-0.18076923076923074,-2.3499999999999996,0.23076923076923078,,BLOCKED
135,Away,1.70-2.00,0.05-0.08,0.30-0.34,9,0.7213518625321115,0.690837222607745,0.030514639924366427,0.5861922810497538,0.4444444444444444,0.5212906421187515,0.14174783660530943,0.06490163893100226,0.0767403294898154,1.8417777777777777,-0.1831111111111111,-1.648,0.4444444444444444,,BLOCKED
140,Home,1.55-1.70,0.12+,0.26-0.30,14,0.8500536081077554,0.7030590839091854,0.14699452419857006,0.7546660489385372,0.5,0.5825077337969579,0.25466604893853717,0.17215831514157937,0.2361175632400063,1.639,-0.18328571428571427,-2.566,0.5,,BLOCKED
135,Away,1.55-1.70,0.05-0.08,0.26-0.30,4,0.7566989584865502,0.7190434055986124,0.03765555288793787,0.6608249167587081,0.5,0.5965666708291623,0.16082491675870814,0.06425824592954582,0.06980067418644043,1.621,-0.184,-0.736,0.5,,BLOCKED
39,Draw,4.00+,<-0.02,<=0.22,8,0.38234101932550674,0.39882778205839053,-0.016486762732883797,0.12824964228152602,0.125,0.16286381523583188,0.0032496422815260217,-0.034614172954305834,-0.2490513061428632,5.89075,-0.1875,-1.5,0.125,,BLOCKED
140,Home,2.40-3.20,0.05-0.08,0.34+,6,0.6138436020846675,0.6009460275487483,0.01289757453591922,0.42593461375732183,0.3333333333333333,0.36424367883088893,0.09260128042398852,0.061690934926432954,0.11241583866091794,2.6315833333333334,-0.18766666666666665,-1.126,0.3333333333333333,,BLOCKED
39,Away,1.55-1.70,0.05-0.08,0.26-0.30,2,0.7954881962373404,0.7407805072386651,0.054707688998675286,0.6569143696013031,0.5,0.5949945274921131,0.15691436960130312,0.06191984210919005,0.04650154229017944,1.594,-0.18900000000000006,-0.3780000000000001,0.5,,BLOCKED
39,Draw,3.20-4.00,-0.02-0.02,0.26-0.30,24,0.5153720114304041,0.5185744316866513,-0.0032024202562471737,0.24580369845080974,0.20833333333333334,0.24672913646945652,0.037470365117476395,-0.00092543801864677,-0.05621132085300779,3.839916666666666,-0.1911666666666667,-4.588000000000001,0.20833333333333334,,BLOCKED
78,Home,2.40-3.20,-0.02-0.02,0.30-0.34,7,0.647209718132714,0.6329862112739314,0.014223506858782597,0.3577348199989992,0.2857142857142857,0.3540084443508526,0.0720205342847135,0.0037263756481465166,-0.0328033045786636,2.7220000000000004,-0.19171428571428567,-1.3419999999999996,0.2857142857142857,,BLOCKED
140,Away,3.20-4.00,<-0.02,0.34+,40,0.5567561137678667,0.545815319313369,0.010940794454497693,0.1975676106835176,0.225,0.2718713846180051,-0.027432389316482397,-0.07430377393448744,-0.3075561244157754,3.5175666666666663,-0.19210000000000002,-7.684000000000001,0.225,,BLOCKED
135,Home,<1.55,<-0.02,0.22-0.26,5,0.6580876510221728,0.7324817842834606,-0.07439413326128774,0.6556400291959383,0.6,0.7246681671782627,0.055640029195938356,-0.06902813798232432,-0.13283747950878613,1.3208000000000002,-0.19239999999999996,-0.9619999999999997,0.6,,BLOCKED
61,Draw,4.00+,0.08-0.12,0.26-0.30,5,0.5182522848760192,0.4786352930850927,0.03961699179092648,0.3121428247750274,0.2,0.21504652623315867,0.1121428247750274,0.09709629854186877,0.3816955467233374,4.434400000000001,-0.19400000000000012,-0.9700000000000006,0.2,,BLOCKED
135,Draw,3.20-4.00,0.02-0.05,0.26-0.30,14,0.5198904368767817,0.5151315445116696,0.004758892365112066,0.28039931305107146,0.21428571428571427,0.24959646189947313,0.06611359876535719,0.030802851151598348,0.06999968682419488,3.818857142857144,-0.19542857142857145,-2.736,0.21428571428571427,,BLOCKED
39,Home,<1.55,<-0.02,<=0.22,7,0.5230572136069339,0.5349417487381863,-0.011884535131252427,0.7835091580799084,0.7142857142857143,0.8265550064815885,0.0692234437941941,-0.04304584840168007,-0.08926640493421859,1.1657142857142857,-0.1957142857142857,-1.3699999999999999,0.7142857142857143,,BLOCKED
78,Draw,4.00+,0.05-0.08,0.22-0.26,6,0.47971135883340277,0.46408205654658086,0.01562930228682191,0.25557503929773967,0.16666666666666666,0.20038965291867836,0.08890837263107301,0.055185386379061285,0.20542454628813314,4.734666666666667,-0.20000000000000004,-1.2000000000000002,0.16666666666666666,,BLOCKED
140,Home,1.70-2.00,0.12+,0.30-0.34,16,0.8237198249278368,0.6910228373647656,0.13269698756307124,0.7005223265434839,0.4375,0.5212711126924675,0.2630223265434839,0.17925121385101633,0.28362406362529746,1.8315,-0.20462500000000003,-3.2740000000000005,0.4375,,BLOCKED
140,Draw,3.20-4.00,-0.02-0.02,0.34+,38,0.5515322944844773,0.5524525951737139,-0.0009203006892366528,0.2834189137635363,0.23684210526315788,0.28409865226224834,0.0465768085003784,-0.0006797384987120628,-0.045090877531274845,3.373048245614035,-0.20585964912280705,-7.8226666666666675,0.23684210526315788,,BLOCKED
61,Home,2.00-2.40,-0.02-0.02,0.30-0.34,3,0.6831369020346555,0.6691628428900492,0.013974059144606255,0.41854594502635306,0.3333333333333333,0.4111805568732394,0.08521261169301975,0.007365388153113606,-0.03593911383196032,2.308666666666667,-0.2066666666666667,-0.6200000000000001,0.3333333333333333,,BLOCKED
39,Away,1.70-2.00,-0.02-0.02,0.30-0.34,7,0.6866822023997432,0.6835310324294744,0.0031511699702687634,0.5016125857870918,0.42857142857142855,0.5050690097210982,0.07304115721566323,-0.0034564239340064934,-0.06192702619769609,1.8737142857142859,-0.20800000000000005,-1.4560000000000004,0.42857142857142855,,BLOCKED
39,Draw,3.20-4.00,<-0.02,0.34+,81,0.535011704258488,0.5380901951499155,-0.003078490891427532,0.23401542542608855,0.2222222222222222,0.2696212758723534,0.011793203203866343,-0.035605850446264894,-0.17477946377546044,3.5401893004115226,-0.20924691358024688,-16.948999999999998,0.2222222222222222,,BLOCKED
135,Home,1.55-1.70,<-0.02,0.26-0.30,4,0.6932975675327001,0.6831917745859567,0.010105792946743408,0.533571767089793,0.5,0.602101659341067,0.033571767089793036,-0.06852989225127404,-0.14906364482473738,1.5945000000000003,-0.21749999999999992,-0.8699999999999997,0.5,,BLOCKED
78,Away,2.00-2.40,0.08-0.12,0.26-0.30,3,0.7608567979403981,0.6899414175166555,0.07091538042374257,0.5357152738201378,0.3333333333333333,0.43104752137070906,0.20238194048680452,0.10466775244942879,0.17962054209946174,2.2066666666666666,-0.2226666666666667,-0.6680000000000001,0.3333333333333333,,BLOCKED
78,Away,3.20-4.00,<-0.02,0.34+,27,0.5242786395266467,0.5308199788774157,-0.00654133935076906,0.1995636423891814,0.2222222222222222,0.2713747017767759,-0.022658579833040815,-0.07181105938759445,-0.2962911288766196,3.5484444444444443,-0.22407407407407404,-6.049999999999999,0.2222222222222222,,BLOCKED
39,Away,2.00-2.40,0.02-0.05,0.30-0.34,3,0.6842031752804602,0.6704030587296591,0.013800116550801045,0.4627126287755779,0.3333333333333333,0.43033008092629693,0.12937929544224458,0.03238254784928091,0.030186207633130662,2.2273333333333336,-0.2266666666666667,-0.6800000000000002,0.3333333333333333,,BLOCKED
78,Away,2.00-2.40,0.02-0.05,0.26-0.30,3,0.6784948772932359,0.6688038392832242,0.009691038010011699,0.467987315794726,0.3333333333333333,0.4330693844377757,0.1346539824613927,0.03491793135695035,0.0506607950078782,2.2453333333333334,-0.2266666666666667,-0.6800000000000002,0.3333333333333333,,BLOCKED
61,Draw,3.20-4.00,0.02-0.05,0.34+,18,0.5471922378088002,0.5251454818061457,0.02204675600265449,0.3008217647623682,0.2222222222222222,0.2660146458492606,0.078599542540146,0.03480711891310763,0.074709732567699,3.5758888888888887,-0.23222222222222222,-4.18,0.2222222222222222,,BLOCKED
140,Draw,2.40-3.20,-0.02-0.02,0.34+,39,0.5776483843870862,0.5742945722847239,0.003353812102362297,0.3159766932253902,0.2564102564102564,0.31611208430602966,0.059566436815133794,-0.00013539108063948834,-0.048829910723953054,3.0129914529914537,-0.23533333333333337,-9.178,0.2564102564102564,,BLOCKED
61,Home,4.00+,<-0.02,0.26-0.30,13,0.40252761715987473,0.4307563758690299,-0.028228758709155144,0.10100338528469327,0.15384615384615385,0.18835283023501365,-0.052842768561460585,-0.08734944495032035,-0.4852922078449937,5.088153846153846,-0.2363076923076923,-3.072,0.15384615384615385,,BLOCKED
78,Home,<1.55,0.12+,0.22-0.26,2,0.8936456705764646,0.7621012661317812,0.1315444044446834,0.759222616013046,0.5,0.6338883979410008,0.25922261601304597,0.12533421807204514,0.1322285507142461,1.492,-0.237,-0.474,0.5,,BLOCKED
140,Home,3.20-4.00,<-0.02,0.30-0.34,9,0.5408389749745189,0.5422605224577823,-0.0014215474832633967,0.2368359287094121,0.2222222222222222,0.28033584577533555,0.014613706487189904,-0.04349991706592344,-0.1875647184047171,3.440444444444444,-0.23711111111111105,-2.1339999999999995,0.2222222222222222,,BLOCKED
61,Home,2.40-3.20,-0.02-0.02,0.30-0.34,4,0.6082719642260986,0.6071192963105,0.0011526679155986486,0.3332335804096581,0.25,0.33558293596881356,0.08323358040965811,-0.0023493555591554832,-0.055698762076847486,2.8579999999999997,-0.24250000000000005,-0.9700000000000002,0.25,,BLOCKED
39,Away,2.40-3.20,<-0.02,0.30-0.34,39,0.5932735861063296,0.5975078516664758,-0.0042342655601461665,0.2813303444570984,0.28205128205128205,0.3481041930513671,-0.0007209375941836238,-0.06677384859426869,-0.23420905675051779,2.7501282051282048,-0.24289743589743593,-9.473,0.28205128205128205,,BLOCKED
78,Home,<1.55,0.08-0.12,0.22-0.26,8,0.8437560285136257,0.7417076231681018,0.10204840534552395,0.7277683526113097,0.5,0.6328094785437197,0.22776835261130968,0.09495887406759002,0.09667894271517169,1.50725,-0.24475,-1.958,0.5,,BLOCKED
135,Away,2.40-3.20,0.05-0.08,0.30-0.34,7,0.6198983222033015,0.5988397722681812,0.021058549935120352,0.41871612445740825,0.2857142857142857,0.35888094272223947,0.13300183874312255,0.059835181735168816,0.12372887650833235,2.7025714285714284,-0.24742857142857153,-1.7320000000000007,0.2857142857142857,,BLOCKED
39,Home,<1.55,0.08-0.12,0.26-0.30,4,0.7918264637607852,0.7277856363569039,0.0640408274038814,0.7208943777735446,0.5,0.632384447592367,0.2208943777735446,0.08850993018117767,0.08044005451404762,1.4989999999999999,-0.2485,-0.994,0.5,,BLOCKED
78,Home,2.40-3.20,0.02-0.05,0.34+,7,0.6297813056193041,0.6174839535212604,0.012297352098043723,0.3990807455147916,0.2857142857142857,0.37069593182522487,0.11336645980050591,0.02838481368956672,0.027752567025484436,2.582857142857143,-0.25,-1.75,0.2857142857142857,,BLOCKED
39,Draw,2.40-3.20,<-0.02,0.30-0.34,4,0.5726700137143436,0.5603443550297547,0.012325658684588903,0.2673710926249232,0.25,0.305474094681348,0.0173710926249232,-0.03810300205642475,-0.1731042251878636,3.092,-0.25,-1.0,0.25,,BLOCKED
61,Home,1.70-2.00,<-0.02,0.30-0.34,10,0.7003374569776036,0.6962382832511648,0.004099173726438865,0.4163202455632839,0.4,0.5066679207481161,0.016320245563283875,-0.09034767518483211,-0.22015099829231496,1.8736000000000002,-0.2528,-2.528,0.4,,BLOCKED
135,Home,1.70-2.00,-0.02-0.02,0.34+,5,0.6833284446859217,0.6732149422086726,0.01011350247724907,0.4927639902613515,0.4,0.49850443050912696,0.09276399026135146,-0.005740440247775458,-0.05818124117893457,1.9128,-0.2528,-1.264,0.4,,BLOCKED
135,Home,<1.55,0.08-0.12,0.26-0.30,2,0.7662383509081425,0.7080735746714826,0.05816477623665994,0.7311124607010671,0.5,0.6303010736502237,0.23111246070106706,0.10081138705084325,0.1036750140618582,1.5100000000000002,-0.2529999999999999,-0.5059999999999998,0.5,,BLOCKED
135,Away,<1.55,0.05-0.08,0.26-0.30,2,0.7714322240171827,0.7311326443618102,0.04029957965537245,0.7008505431673406,0.5,0.6351604264841788,0.20085054316734063,0.06569011668316183,0.056128571356639845,1.5070000000000001,-0.253,-0.506,0.5,,BLOCKED
135,Away,4.00+,<-0.02,0.34+,12,0.4366546796449588,0.4526143349000969,-0.015959655255138094,0.16293557686433754,0.16666666666666666,0.21370879144765484,-0.003731089802329113,-0.050773214583317294,-0.26481696207786537,4.565833333333333,-0.25333333333333335,-3.04,0.16666666666666666,,BLOCKED
140,Home,1.70-2.00,0.05-0.08,0.34+,5,0.7479401592535931,0.6929538603510628,0.05498629890253037,0.5840319639248142,0.4,0.5149080277575806,0.18403196392481413,0.0691239361672336,0.09575747648257912,1.8792000000000002,-0.25359999999999994,-1.2679999999999998,0.4,,BLOCKED
78,Home,2.00-2.40,0.05-0.08,0.30-0.34,3,0.6969524383135668,0.6554116972232195,0.04154074109034733,0.4904889453100591,0.3333333333333333,0.4276685390560551,0.15715561197672578,0.06282040625400391,0.09539740231190323,2.234666666666667,-0.25533333333333336,-0.766,0.3333333333333333,,BLOCKED
61,Away,<1.55,<-0.02,0.26-0.30,2,0.6626295636615329,0.7146809728143674,-0.05205140915283446,0.5679180036325768,0.5,0.6353108669793706,0.06791800363257683,-0.06739286334679362,-0.15000628942199318,1.4969999999999999,-0.256,-0.512,0.5,,BLOCKED
140,Away,2.40-3.20,0.02-0.05,0.34+,8,0.5974589285757619,0.5855597607970375,0.011899167778724351,0.3636774903071971,0.25,0.3291946208040998,0.1136774903071971,0.03448286950309729,0.0511450297681415,2.897,-0.26250000000000007,-2.1000000000000005,0.25,,BLOCKED
135,Draw,4.00+,-0.02-0.02,0.26-0.30,24,0.4642169535573312,0.46424576656723304,-2.881300990181801e-05,0.21695312717593387,0.16666666666666666,0.22503165999836616,0.05028646050926722,-0.008078532822432276,-0.07281837585051364,4.277666666666666,-0.26399999999999996,-6.335999999999999,0.16666666666666666,,BLOCKED
61,Away,2.00-2.40,0.12+,0.30-0.34,6,0.7575428316591676,0.6641422773981976,0.09340055426096994,0.5792413575044716,0.3333333333333333,0.4362612474284692,0.24590802417113827,0.14298011007600242,0.2565248780218448,2.1813333333333333,-0.26866666666666666,-1.612,0.3333333333333333,,BLOCKED
61,Away,3.20-4.00,0.05-0.08,0.34+,5,0.5499906667736143,0.5166925798930851,0.033298086880529154,0.3331992385480853,0.2,0.2654909616649774,0.1331992385480853,0.06770827688310795,0.19160535694124664,3.5872,-0.2728,-1.3639999999999999,0.2,,BLOCKED
140,Away,2.00-2.40,0.08-0.12,0.30-0.34,3,0.6901957196976186,0.631440072077377,0.05875564762024166,0.5227124154283622,0.3333333333333333,0.4197722855110296,0.1893790820950289,0.1029401299173327,0.18190394627789433,2.2633333333333336,-0.2746666666666666,-0.8239999999999998,0.3333333333333333,,BLOCKED
135,Home,<1.55,0.02-0.05,0.26-0.30,4,0.7562405885900152,0.7273751726164983,0.028865415973516884,0.6919785302098271,0.5,0.6501830859441736,0.19197853020982714,0.041795444265653514,0.02179182124820478,1.4775,-0.2755000000000001,-1.1020000000000003,0.5,,BLOCKED
61,Home,1.70-2.00,<-0.02,0.26-0.30,5,0.7110219689727054,0.7189327463711502,-0.007910777398444813,0.4839377878895923,0.4,0.5337429308075026,0.08393778788959227,-0.04980514291791022,-0.13757443650086615,1.7856,-0.2763999999999999,-1.3819999999999997,0.4,,BLOCKED
140,Home,2.40-3.20,<-0.02,0.34+,15,0.596675601764715,0.6003655543791702,-0.0036899526144551498,0.3115079881077833,0.26666666666666666,0.35636066720099996,0.04484132144111663,-0.04485267909321668,-0.16848471484745964,2.6931999999999996,-0.2789333333333334,-4.184000000000001,0.26666666666666666,,BLOCKED
39,Home,4.00+,-0.02-0.02,0.22-0.26,9,0.3063153346063337,0.32007534728571607,-0.013760012679382372,0.11327655927423032,0.1111111111111111,0.11670338600825139,0.002165448163119213,-0.003426826734021074,-0.09332985467252967,8.43688888888889,-0.2819999999999999,-2.5379999999999994,0.1111111111111111,,BLOCKED
78,Home,2.00-2.40,<-0.02,0.26-0.30,3,0.6034258519627659,0.6606251818418097,-0.05719932987904386,0.3779038283129971,0.3333333333333333,0.4369672993722508,0.04457049497966381,-0.05906347105925375,-0.18423481743153103,2.168,-0.2833333333333334,-0.8500000000000001,0.3333333333333333,,BLOCKED
39,Home,<1.55,-0.02-0.02,0.26-0.30,4,0.7283740620632158,0.701248325644573,0.0271257364186428,0.6506825214913289,0.5,0.6425474692530311,0.15068252149132888,0.008135052238297802,-0.038138776837268934,1.47875,-0.285,-1.14,0.5,,BLOCKED
135,Home,<1.55,0.02-0.05,0.22-0.26,15,0.7385545669857971,0.7134980420756799,0.02505652491011723,0.7309082619516515,0.5333333333333333,0.6999070464508338,0.19757492861831816,0.031001215500817834,-0.0019684950051927236,1.3674666666666664,-0.28653333333333336,-4.298,0.5333333333333333,,BLOCKED
61,Away,2.00-2.40,-0.02-0.02,0.30-0.34,3,0.6642795514468861,0.6413308070702577,0.022948744376628416,0.42964743513845005,0.3333333333333333,0.4309134027475081,0.09631410180511674,-0.0012659676090580423,-0.05468708089347877,2.1999999999999997,-0.2873333333333332,-0.8619999999999997,0.3333333333333333,,BLOCKED
78,Home,2.40-3.20,0.05-0.08,0.30-0.34,8,0.6016897739848741,0.570794918770291,0.030894855214583128,0.39127190785090893,0.25,0.32598665038231645,0.14127190785090893,0.06528525746859251,0.14280781984063629,2.9285,-0.2875,-2.3,0.25,,BLOCKED
61,Away,3.20-4.00,-0.02-0.02,0.34+,5,0.5269806916913311,0.5168506224835155,0.010130069207815562,0.2643825371460109,0.2,0.2699742008698775,0.06438253714601089,-0.00559166372386658,-0.07383776516013354,3.5103999999999997,-0.2924000000000001,-1.4620000000000006,0.2,,BLOCKED
61,Draw,3.20-4.00,0.02-0.05,0.30-0.34,15,0.5291007982919465,0.5115482324600406,0.017552565831905897,0.30095505784997817,0.2,0.2675172435057338,0.10095505784997816,0.03343781434424442,0.06960584557924508,3.5571238095238096,-0.296,-4.4399999999999995,0.2,,BLOCKED
78,Away,2.00-2.40,0.08-0.12,0.30-0.34,3,0.7343207202288055,0.6737237858774523,0.06059693435135316,0.5593202384134744,0.3333333333333333,0.4532585615455674,0.22598690508014113,0.10606167686790713,0.16895225534443994,2.09,-0.2960000000000001,-0.8880000000000003,0.3333333333333333,,BLOCKED
140,Home,2.00-2.40,0.12+,0.30-0.34,9,0.8203741405475582,0.6690869791521791,0.15128716139537912,0.6075874700229871,0.3333333333333333,0.4529685615287302,0.27425413668965376,0.15461890849425683,0.2857290341489037,2.1199999999999997,-0.29666666666666663,-2.6699999999999995,0.3333333333333333,,BLOCKED
39,Home,1.70-2.00,0.02-0.05,0.34+,5,0.6943762726225504,0.6675584407229022,0.02681783189964826,0.5577907582428757,0.4,0.5213867558420837,0.1577907582428757,0.03640400240079209,0.016409695697981962,1.8237999999999999,-0.3008,-1.504,0.4,,BLOCKED
39,Away,4.00+,-0.02-0.02,0.22-0.26,35,0.29771867977848593,0.2991274136912545,-0.0014087339127685783,0.11473986560041902,0.08571428571428572,0.11827585677887709,0.0290255798861333,-0.003535991178458057,-0.07629353993146726,8.140342857142855,-0.30337142857142857,-10.618,0.08571428571428572,,BLOCKED
78,Away,2.00-2.40,-0.02-0.02,0.26-0.30,3,0.6471944601671903,0.6629127730978842,-0.015718312930693923,0.4476749047246722,0.3333333333333333,0.4532865080547684,0.11434157139133888,-0.005611603330096211,-0.052329405339415214,2.1213333333333333,-0.3080000000000001,-0.9240000000000004,0.3333333333333333,,BLOCKED
39,Home,<1.55,0.02-0.05,0.22-0.26,18,0.8066196071588441,0.7698987085495222,0.03672089860932182,0.719945056292638,0.5,0.6845713218669468,0.21994505629263805,0.035373734425691424,-0.005268921061979638,1.3833333333333335,-0.3092222222222222,-5.565999999999999,0.5,,BLOCKED
61,Away,2.00-2.40,<-0.02,0.34+,3,0.5535949040552035,0.6189649556142903,-0.06537005155908682,0.3712455083071917,0.3333333333333333,0.4287686758681668,0.037912174973858404,-0.057523167560975065,-0.18769876667331467,2.2100000000000004,-0.31133333333333324,-0.9339999999999997,0.3333333333333333,,BLOCKED
78,Home,1.55-1.70,0.12+,0.22-0.26,7,0.8812298075985631,0.7334555080742048,0.14777429952435828,0.7377517168524766,0.42857142857142855,0.5935075472217821,0.3091802882810481,0.1442441696306946,0.192428861636692,1.616857142857143,-0.3182857142857142,-2.2279999999999998,0.42857142857142855,,BLOCKED
135,Away,4.00+,-0.02-0.02,0.30-0.34,13,0.42826908515685036,0.43138406408159286,-0.0031149789247424953,0.2014615769173248,0.15384615384615385,0.2080541521585683,0.04761542307117095,-0.006592575241243468,-0.06581470842127388,4.6899999999999995,-0.3206153846153847,-4.168000000000001,0.15384615384615385,,BLOCKED
140,Draw,4.00+,0.05-0.08,0.26-0.30,6,0.4973482764477084,0.4589860465508499,0.0383622298968585,0.2937349089041281,0.16666666666666666,0.2296993933766127,0.12706824223746147,0.06403551552751548,0.24312749877042292,4.232333333333334,-0.3243333333333333,-1.9459999999999997,0.16666666666666666,,BLOCKED
39,Home,2.00-2.40,-0.02-0.02,0.34+,3,0.669397325213211,0.6495302545780933,0.019867070635117723,0.4688323621402286,0.3333333333333333,0.4651928339623026,0.1354990288068953,0.003639528177926029,-0.03383604821283215,2.063333333333333,-0.32666666666666666,-0.98,0.3333333333333333,,BLOCKED
140,Draw,4.00+,-0.02-0.02,0.22-0.26,8,0.38354809414493873,0.38427372956277944,-0.0007256354178407087,0.16848592340997176,0.125,0.17454353326800573,0.04348592340997176,-0.006057609858033983,-0.08499779637620397,5.5120000000000005,-0.32899999999999996,-2.6319999999999997,0.125,,BLOCKED
78,Home,2.40-3.20,0.05-0.08,0.26-0.30,4,0.6285194417870708,0.5983710906978763,0.030148351089194447,0.42620945406011795,0.25,0.36021221443834467,0.17620945406011795,0.06599723962177328,0.1268229907001614,2.6500000000000004,-0.32999999999999985,-1.3199999999999994,0.25,,BLOCKED
135,Draw,4.00+,0.05-0.08,0.26-0.30,6,0.48249890233968423,0.4536603681731099,0.028838534166574337,0.28570049650609386,0.16666666666666666,0.22686490126292835,0.1190338298394272,0.0588355952431655,0.1968071135961467,4.198333333333333,-0.3333333333333333,-2.0,0.16666666666666666,,BLOCKED
135,Home,2.40-3.20,<-0.02,0.34+,28,0.5721037134714988,0.5861797116753557,-0.014075998203856854,0.31732869266991387,0.25,0.3605856335025735,0.06732869266991387,-0.04325694083265975,-0.15595370568592593,2.6725,-0.33728571428571436,-9.444000000000003,0.25,,BLOCKED
39,Home,3.20-4.00,0.05-0.08,0.30-0.34,10,0.5289043625762706,0.500697511139727,0.028206851436543556,0.33627246697801844,0.2,0.2708941850307237,0.13627246697801843,0.06537828194729478,0.17992476864067058,3.5176000000000003,-0.3378,-3.3779999999999997,0.2,,BLOCKED
140,Home,1.70-2.00,0.12+,0.26-0.30,11,0.9669141665910815,0.703251224960787,0.2636629416302946,0.7272059536151839,0.36363636363636365,0.5231376958357998,0.3635695899788203,0.20406825777938398,0.32939863867559815,1.8289090909090908,-0.3399999999999999,-3.7399999999999993,0.36363636363636365,,BLOCKED
135,Home,2.40-3.20,-0.02-0.02,0.30-0.34,13,0.5609960523175234,0.5552255660597128,0.005770486257810514,0.32736182130054264,0.23076923076923078,0.32856046644228826,0.09659259053131186,-0.0011986451417455963,-0.04500678220138164,2.9330769230769227,-0.34153846153846157,-4.44,0.23076923076923078,,BLOCKED
140,Draw,2.40-3.20,-0.02-0.02,0.30-0.34,28,0.5420297046544954,0.541463253613893,0.0005664510406023782,0.308338765674241,0.21428571428571427,0.30820181549799003,0.09405305138852674,0.00013695017625106016,-0.04879354028719044,3.0858809523809527,-0.3418571428571428,-9.572,0.21428571428571427,,BLOCKED
135,Away,3.20-4.00,0.02-0.05,0.30-0.34,5,0.5436883387698103,0.5177104223520708,0.0259779164177395,0.3220157745978052,0.2,0.2872385706075399,0.12201577459780522,0.03477720399026538,0.06356090745153424,3.3064,-0.3444000000000001,-1.7220000000000004,0.2,,BLOCKED
39,Home,2.40-3.20,-0.02-0.02,0.34+,4,0.590135956405891,0.5728455076206882,0.017290448785202805,0.35295961119641756,0.25,0.34843402001570417,0.10295961119641756,0.004525591180713384,-0.04409293882825999,2.723,-0.345,-1.38,0.25,,BLOCKED
78,Away,2.40-3.20,-0.02-0.02,0.30-0.34,4,0.5795406072702788,0.5750204150401855,0.004520192230093256,0.35139032608467125,0.25,0.35717250752384444,0.10139032608467125,-0.005782181439173195,-0.060704153064939814,2.6900000000000004,-0.34750000000000003,-1.3900000000000001,0.25,,BLOCKED
61,Home,2.00-2.40,<-0.02,0.34+,10,0.6272881339601011,0.6482891718630108,-0.021001037902909747,0.3603464690730293,0.3,0.43896250163365735,0.06034646907302932,-0.07861603256062802,-0.2213631400723255,2.1686,-0.3536,-3.5360000000000005,0.3,,BLOCKED
61,Home,1.70-2.00,0.12+,0.26-0.30,3,0.8476517575644267,0.7153260462931231,0.13232571127130355,0.6641837673185725,0.3333333333333333,0.5053501496676119,0.3308504339852392,0.15883361765096057,0.2495058815262908,1.8840000000000001,-0.35533333333333333,-1.066,0.3333333333333333,,BLOCKED
140,Home,2.40-3.20,0.02-0.05,0.34+,4,0.5934209325779322,0.5818214380012611,0.011599494576671088,0.39716012143720764,0.25,0.3588022277873968,0.14716012143720764,0.03835789364981085,0.05716731056275026,2.6654999999999998,-0.3560000000000001,-1.4240000000000004,0.25,,BLOCKED
135,Away,2.40-3.20,-0.02-0.02,0.30-0.34,8,0.585221747143794,0.5782173806342548,0.007004366509539284,0.36380888605664646,0.25,0.3606185018492806,0.11380888605664646,0.0031903842073658303,-0.03259678119694211,2.6725,-0.3575000000000001,-2.8600000000000008,0.25,,BLOCKED
61,Away,3.20-4.00,0.02-0.05,0.34+,5,0.5148167668480881,0.496151489317567,0.018665277530521107,0.31042811913174406,0.2,0.2756127485237,0.11042811913174405,0.03481537060804407,0.06809913816645996,3.4479999999999995,-0.358,-1.79,0.2,,BLOCKED
135,Home,4.00+,-0.02-0.02,0.30-0.34,13,0.415771839508557,0.41841468573701357,-0.0026428462284565635,0.20879589840867263,0.15384615384615385,0.212665252351287,0.054949744562518776,-0.003869353942614325,-0.05735951323319176,4.563692307692308,-0.3638461538461539,-4.73,0.15384615384615385,,BLOCKED
135,Home,<1.55,0.02-0.05,<=0.22,4,0.8096073442224432,0.7574728327232186,0.052134511499224545,0.7589470356424063,0.5,0.7270523585538982,0.2589470356424063,0.03189467708850821,3.404571446499749e-05,1.3215,-0.3645,-1.458,0.5,,BLOCKED
135,Draw,4.00+,<-0.02,0.22-0.26,7,0.4189663584555395,0.4289027037486025,-0.009936345293063031,0.18249883618176407,0.14285714285714285,0.21677482142725005,0.039641693324621224,-0.034275985245485974,-0.19735512450084278,4.404857142857143,-0.36885714285714294,-2.5820000000000007,0.14285714285714285,,BLOCKED
39,Away,1.70-2.00,<-0.02,0.26-0.30,11,0.6774895862460224,0.693278854436669,-0.015789268190646633,0.48487314460418873,0.36363636363636365,0.5335342357441708,0.12123678096782509,-0.04866109113998197,-0.13492093224227084,1.7843636363636364,-0.3694545454545455,-4.064,0.36363636363636365,,BLOCKED
39,Home,<1.55,0.02-0.05,<=0.22,2,0.8967051144208734,0.8521778389004451,0.044527275520428344,0.7958630341592012,0.5,0.7571206424941741,0.29586303415920123,0.038742391665027076,-0.0035716584268152274,1.252,-0.373,-0.746,0.5,,BLOCKED
78,Home,<1.55,<-0.02,0.22-0.26,2,0.7476198048861814,0.6910688158058236,0.05655098908035783,0.5766046350072878,0.5,0.7148465782292548,0.07660463500728776,-0.1382419432219671,-0.2130228311545475,1.3610000000000002,-0.3739999999999999,-0.7479999999999998,0.5,,BLOCKED
61,Away,2.40-3.20,-0.02-0.02,0.30-0.34,5,0.5596533334069718,0.5594742204343359,0.00017911297263584203,0.333100289663584,0.2,0.32710390267877587,0.133100289663584,0.005996386984808144,-0.03147577588996513,2.9176,-0.3747999999999999,-1.8739999999999997,0.2,,BLOCKED
61,Away,2.40-3.20,0.12+,0.30-0.34,4,0.6115673454475592,0.5360886579839994,0.07547868746355979,0.5088847043370398,0.25,0.33889417964811264,0.2588847043370398,0.16999052468892728,0.4249948746710844,2.8295000000000003,-0.381,-1.524,0.25,,BLOCKED
135,Home,2.40-3.20,-0.02-0.02,0.34+,25,0.559504210779477,0.5591894443648886,0.0003147664145883855,0.3498283514294264,0.24,0.35076107224305253,0.10982835142942643,-0.000932720813626231,-0.04842734845586741,2.7348000000000003,-0.38384,-9.596,0.24,,BLOCKED
140,Away,1.70-2.00,-0.02-0.02,0.30-0.34,3,0.6690386485886495,0.678960898562972,-0.009922249974322561,0.5085251522490206,0.3333333333333333,0.5022107071237056,0.1751918189156873,0.006314445125314927,-0.038774911239057554,1.891333333333333,-0.38466666666666666,-1.154,0.3333333333333333,,BLOCKED
140,Away,2.40-3.20,0.02-0.05,0.30-0.34,4,0.5904271413444306,0.5550949957564477,0.03533214558798292,0.40195882841094704,0.25,0.3592741956511475,0.15195882841094704,0.04268463275979957,0.07354265618148559,2.6795,-0.39749999999999996,-1.5899999999999999,0.25,,BLOCKED
135,Away,4.00+,<-0.02,0.22-0.26,53,0.25719452565988743,0.26703957466687916,-0.009845049006991735,0.062348780127648655,0.07547169811320754,0.10968883908821234,-0.01312291798555889,-0.04734005896056371,-0.45231730770788914,8.962188679245283,-0.3979245283018868,-21.09,0.07547169811320754,,BLOCKED
39,Away,3.20-4.00,-0.02-0.02,0.34+,6,0.48880368224576265,0.47325855525343236,0.015545126992330294,0.2657743630500214,0.16666666666666666,0.2602020034616525,0.09910769638335473,0.0055723595883688665,-0.023828401328693665,3.6843333333333335,-0.39899999999999997,-2.3939999999999997,0.16666666666666666,,BLOCKED
78,Home,1.70-2.00,<-0.02,0.30-0.34,6,0.6449784629551835,0.6974827392214022,-0.052504276266218786,0.45443185548427173,0.3333333333333333,0.5249427422100386,0.12109852215093841,-0.07051088672576677,-0.1689892781600412,1.8350000000000002,-0.40700000000000003,-2.442,0.3333333333333333,,BLOCKED
78,Home,2.00-2.40,<-0.02,0.34+,22,0.5681922396534046,0.6284056293289901,-0.06021338967558554,0.34692184817445837,0.2727272727272727,0.4294309766967834,0.07419457544718566,-0.08250912852232493,-0.23418967351780753,2.2164545454545457,-0.40772727272727266,-8.969999999999999,0.2727272727272727,,BLOCKED
61,Draw,4.00+,0.02-0.05,0.26-0.30,7,0.4437616499308046,0.4237294568832575,0.020032193047547053,0.26362420117306395,0.14285714285714285,0.2224874169221134,0.1207670583159211,0.041136784250950624,0.1262530306762297,4.280571428571428,-0.41171428571428564,-2.8819999999999997,0.14285714285714285,,BLOCKED
78,Draw,4.00+,-0.02-0.02,0.26-0.30,14,0.439184243308203,0.4301456899937778,0.009038553314425213,0.22546505148710733,0.14285714285714285,0.22769529931597224,0.08260790862996448,-0.002230247828864902,-0.05309073659196913,4.215571428571428,-0.4125714285714287,-5.776000000000002,0.14285714285714285,,BLOCKED
61,Home,1.70-2.00,0.05-0.08,0.26-0.30,3,0.758135227894432,0.6987592505889878,0.059375977305444194,0.5990655958002237,0.3333333333333333,0.5340581637345846,0.26573226246689036,0.06500743206563912,0.06481014240898204,1.7786666666666668,-0.4226666666666667,-1.268,0.3333333333333333,,BLOCKED
61,Draw,3.20-4.00,<-0.02,0.30-0.34,12,0.4694555012201262,0.48403700452942783,-0.014581503309301636,0.23021318129923574,0.16666666666666666,0.27530943641651434,0.06354651463256908,-0.04509625511727864,-0.20769996063724794,3.4491666666666667,-0.42450000000000004,-5.094,0.16666666666666666,,BLOCKED
135,Draw,3.20-4.00,-0.02-0.02,0.26-0.30,26,0.46211658460830185,0.4558401418878073,0.006276442720494546,0.25164830840571073,0.15384615384615385,0.25197419593381926,0.09780215455955688,-0.0003258875281085154,-0.047762120327650495,3.7922307692307697,-0.4258461538461538,-11.072,0.15384615384615385,,BLOCKED
135,Home,2.00-2.40,0.02-0.05,0.34+,4,0.6963688529262191,0.6679349918063769,0.02843386111984214,0.47338549447091705,0.25,0.439562053278045,0.22338549447091705,0.033823441192872034,0.02583578927919944,2.174,-0.4265,-1.706,0.25,,BLOCKED
39,Home,1.70-2.00,0.08-0.12,0.34+,20,0.8127656367934497,0.7078194102012989,0.1049462265921508,0.6058825556489376,0.3,0.506423678327733,0.30588255564893757,0.09945887732120431,0.1380200381139613,1.8808000000000002,-0.42650000000000005,-8.530000000000001,0.3,,BLOCKED
39,Home,3.20-4.00,0.02-0.05,0.30-0.34,6,0.47758296565847225,0.456458267584199,0.02112469807427325,0.30184837449751767,0.16666666666666666,0.2611449647107946,0.135181707830851,0.04070340978672305,0.10529114968086732,3.6813333333333333,-0.43,-2.58,0.16666666666666666,,BLOCKED
61,Away,2.40-3.20,<-0.02,0.34+,10,0.546058918399291,0.5529344225366716,-0.006875504137380584,0.27668233767929185,0.2,0.34120612106815534,0.07668233767929183,-0.06452378338886361,-0.23688496806502674,2.7972333333333337,-0.43479999999999996,-4.348,0.2,,BLOCKED
39,Away,3.20-4.00,<-0.02,0.26-0.30,7,0.4456951167286614,0.4666747290996423,-0.020979612370980893,0.1940578020723114,0.14285714285714285,0.2624114861481918,0.05120065921516856,-0.06835368407588041,-0.3002851128403735,3.6390000000000002,-0.4394285714285714,-3.0759999999999996,0.14285714285714285,,BLOCKED
135,Draw,3.20-4.00,<-0.02,0.30-0.34,25,0.4655799600022669,0.47817067039137157,-0.012590710389104642,0.2359208228147971,0.16,0.27528175853734504,0.07592082281479709,-0.03936093572254792,-0.1810361097218757,3.48032,-0.44543999999999995,-11.136,0.16,,BLOCKED
140,Away,1.55-1.70,0.05-0.08,0.26-0.30,3,0.8376296793431796,0.7543068008034574,0.0833228785397222,0.6478310030162424,0.3333333333333333,0.5758199651794351,0.3144976696829091,0.07201103783680722,0.0686184169001054,1.6499999999999997,-0.45066666666666677,-1.3520000000000003,0.3333333333333333,,BLOCKED
78,Away,2.40-3.20,0.12+,0.30-0.34,5,0.6307409851370479,0.5470257150074467,0.08371527012960123,0.48197003715826625,0.2,0.34293510948479633,0.28197003715826624,0.13903492767346998,0.3524522655937393,2.812,-0.45760000000000006,-2.2880000000000003,0.2,,BLOCKED
140,Away,2.40-3.20,<-0.02,0.30-0.34,30,0.5310483552789851,0.552284675453242,-0.021236320174256917,0.28348692675932324,0.2,0.3522361459390327,0.08348692675932323,-0.06874921917970934,-0.2327646359288171,2.7229333333333328,-0.4627999999999999,-13.883999999999997,0.2,,BLOCKED
61,Draw,3.20-4.00,0.05-0.08,0.34+,7,0.5069787781320485,0.4563632286686231,0.05061554946342539,0.3253558587267161,0.14285714285714285,0.26180530958155585,0.18249871586957322,0.06355054914516022,0.1784260670429551,3.624095238095238,-0.472,-3.304,0.14285714285714285,,BLOCKED
140,Home,1.55-1.70,0.05-0.08,0.26-0.30,3,0.8893958216866755,0.8028027356364665,0.08659308605020899,0.6713334120214887,0.3333333333333333,0.6090419562312132,0.33800007868815535,0.062291455790275584,0.04898623357588542,1.5626666666666666,-0.472,-1.416,0.3333333333333333,,BLOCKED
61,Away,1.55-1.70,<-0.02,0.26-0.30,3,0.681775691485139,0.7501602086884999,-0.06838451720336092,0.5170679050758737,0.3333333333333333,0.5887024257937913,0.18373457174254043,-0.07163452071791747,-0.16781798243224466,1.612,-0.4779999999999999,-1.4339999999999997,0.3333333333333333,,BLOCKED
61,Draw,4.00+,0.05-0.08,0.26-0.30,8,0.4494681608646081,0.40537587638205397,0.044092284482554145,0.28882946233704565,0.125,0.22337015461122167,0.16382946233704565,0.06545930772582396,0.2311950146867583,4.271000000000001,-0.47875,-3.83,0.125,,BLOCKED
135,Away,1.55-1.70,0.08-0.12,0.26-0.30,3,0.8958833697102846,0.7599343325776332,0.13594903713265138,0.6889604923983859,0.3333333333333333,0.5964940584816353,0.35562715906505254,0.09246643391675076,0.11210887817187731,1.6146666666666665,-0.48,-1.44,0.3333333333333333,,BLOCKED
78,Draw,4.00+,0.02-0.05,0.26-0.30,16,0.42980528370182775,0.4010980526664478,0.02870723103537992,0.26362219412595234,0.125,0.22651468040311262,0.13862219412595234,0.03710751372283974,0.1220942137480321,4.2608749999999995,-0.486875,-7.79,0.125,,BLOCKED
140,Draw,3.20-4.00,0.02-0.05,0.34+,13,0.4895986100126992,0.46826141657438847,0.021337193438310753,0.3093252449751652,0.15384615384615385,0.27938203143943846,0.15547909112901137,0.029943213535726772,0.05361841057138551,3.4156923076923076,-0.48815384615384616,-6.346,0.15384615384615385,,BLOCKED
39,Home,2.00-2.40,0.02-0.05,0.34+,4,0.6751908196915481,0.6315567503367536,0.043634069354794525,0.4949490032439263,0.25,0.46012276680209785,0.24494900324392632,0.03482623644182839,0.02114840542598051,2.0635,-0.49750000000000005,-1.9900000000000002,0.25,,BLOCKED
135,Away,3.20-4.00,-0.02-0.02,0.34+,21,0.4458054161713731,0.45068992147085407,-0.004884505299480979,0.2658903991783942,0.14285714285714285,0.2664761885466846,0.12303325632125134,-0.0005857893682904159,-0.043617681634853245,3.6087619047619044,-0.4991428571428571,-10.482,0.14285714285714285,,BLOCKED
78,Home,3.20-4.00,-0.02-0.02,0.26-0.30,7,0.4738560633405922,0.4688070285417716,0.0050490347988206286,0.27913795865042607,0.14285714285714285,0.28046604246749424,0.13628081579328322,-0.0013280838170681153,-0.05020885837456871,3.411142857142857,-0.5042857142857143,-3.5300000000000002,0.14285714285714285,,BLOCKED
39,Home,1.70-2.00,0.05-0.08,0.34+,8,0.8434354812832822,0.7478431944471078,0.09559228683617438,0.5824047622779644,0.25,0.5162823800944064,0.33240476227796445,0.06612238218355798,0.0728146987916862,1.8497499999999998,-0.50675,-4.054,0.25,,BLOCKED
135,Home,<1.55,0.05-0.08,0.26-0.30,3,0.9484306704831015,0.8496340650835345,0.09879660539956703,0.7128565540778905,0.3333333333333333,0.6490250139101484,0.3795232207445572,0.06383154016774202,0.05499064919273433,1.4799999999999998,-0.5106666666666667,-1.532,0.3333333333333333,,BLOCKED
39,Draw,4.00+,0.02-0.05,0.26-0.30,9,0.4145892279988676,0.39030578909957203,0.024283438899295573,0.24822562813140653,0.1111111111111111,0.2192953883685955,0.13711451702029542,0.028930239762811037,0.07452526425173023,4.3311111111111105,-0.5111111111111111,-4.6,0.1111111111111111,,BLOCKED
78,Home,2.40-3.20,<-0.02,0.30-0.34,16,0.4771729111287748,0.543791497388715,-0.06661858625994022,0.2969630223582328,0.1875,0.35630581771488856,0.1094630223582328,-0.059342795356655764,-0.2000860464986881,2.702625,-0.5145,-8.232,0.1875,,BLOCKED
39,Away,1.70-2.00,0.02-0.05,0.26-0.30,4,0.7888460846289503,0.7369084805080435,0.051937604120906866,0.5565746758001919,0.25,0.5193048043075986,0.30657467580019193,0.037269871492593254,0.015480965004345926,1.8285,-0.5225,-2.09,0.25,,BLOCKED
39,Away,<1.55,0.05-0.08,0.22-0.26,3,1.0075497744809323,0.8852759477254676,0.12227382675546472,0.7366021259179772,0.3333333333333333,0.6709442954551074,0.40326879258464393,0.06565783046286981,0.03124297628516796,1.3999999999999997,-0.5333333333333333,-1.6,0.3333333333333333,,BLOCKED
135,Away,4.00+,<-0.02,0.30-0.34,20,0.32926686136863137,0.3654515288299056,-0.036184667461274245,0.1544483575891817,0.1,0.2072817736710197,0.054448357589181706,-0.052833416081838,-0.28093739681062585,4.697100000000001,-0.5341,-10.682,0.1,,BLOCKED
78,Home,2.00-2.40,<-0.02,0.30-0.34,5,0.619038329850146,0.632317180549822,-0.013278850699676048,0.3603971757909956,0.2,0.4291700801364147,0.1603971757909956,-0.06877290434541909,-0.2071130245177018,2.2055999999999996,-0.5384,-2.692,0.2,,BLOCKED
78,Away,4.00+,<-0.02,<=0.22,38,0.2104162476077259,0.22134473027574375,-0.010928482668017853,0.040463837231443416,0.05263157894736842,0.10555018124688698,-0.012167741715925003,-0.06508634401544354,-0.6190989061902675,10.261631578947368,-0.5386315789473685,-20.468,0.05263157894736842,,BLOCKED
135,Away,3.20-4.00,-0.02-0.02,0.30-0.34,8,0.4438682985588931,0.4435942968912285,0.000274001667664614,0.2654341598018542,0.125,0.26815782619586204,0.1404341598018542,-0.0027236663940078468,-0.04806595766360226,3.5905,-0.542,-4.336,0.125,,BLOCKED
140,Away,4.00+,-0.02-0.02,0.34+,9,0.3605939736696915,0.3621162330264449,-0.0015222593567534304,0.20096899508202062,0.1111111111111111,0.207627040155271,0.08985788397090952,-0.006658045073250417,-0.059186172645091024,4.83962962962963,-0.5422222222222222,-4.88,0.1111111111111111,,BLOCKED
39,Home,3.20-4.00,0.08-0.12,0.30-0.34,7,0.5200023622201938,0.4537095712769017,0.0662927909432921,0.3705681739580156,0.14285714285714285,0.281196990155261,0.22771103110087276,0.08937118380275459,0.2496420684728396,3.3771428571428572,-0.5425714285714285,-3.7979999999999996,0.14285714285714285,,BLOCKED
39,Home,3.20-4.00,-0.02-0.02,0.30-0.34,8,0.4615106766946589,0.45045305750256504,0.01105761919209386,0.2812969545628952,0.125,0.2753734679978963,0.15629695456289522,0.005923486564998897,-0.023290093528264277,3.484,-0.5465,-4.372,0.125,,BLOCKED
39,Away,2.00-2.40,<-0.02,0.34+,10,0.5655886709270375,0.6060755038113067,-0.04048683288426924,0.3616934035509194,0.2,0.4190629776702452,0.16169340355091938,-0.057369574119325875,-0.17910229440057215,2.2722,-0.5469999999999999,-5.469999999999999,0.2,,BLOCKED
135,Away,2.40-3.20,<-0.02,0.30-0.34,6,0.4827588629999599,0.5257952083726877,-0.04303634537272777,0.29995710879797693,0.16666666666666666,0.3444144723594835,0.13329044213131028,-0.0444573635615065,-0.16214588726785165,2.7929999999999997,-0.548,-3.2880000000000003,0.16666666666666666,,BLOCKED
61,Away,4.00+,<-0.02,0.26-0.30,29,0.3322528066069849,0.3350175307983109,-0.0027647241913260068,0.12227699815668369,0.10344827586206896,0.18443236600000262,0.018828722294614728,-0.06215536784331896,-0.3717977860056437,5.249724137931035,-0.5544137931034484,-16.078000000000003,0.10344827586206896,,BLOCKED
135,Home,3.20-4.00,-0.02-0.02,0.30-0.34,15,0.4357377666914373,0.43110721254827566,0.004630554143161658,0.2694206016951879,0.13333333333333333,0.267406403788823,0.13608726836185456,0.002014197906364823,-0.035303733814099125,3.5996,-0.5561333333333334,-8.342,0.13333333333333333,,BLOCKED
140,Away,<1.55,-0.02-0.02,0.22-0.26,3,0.8690828578978609,0.8710029056193168,-0.0019200477214559308,0.6968951284341763,0.3333333333333333,0.6967298923861988,0.363561795100843,0.00016523604797743138,-0.050184138773180544,1.3639999999999999,-0.5626666666666666,-1.688,0.3333333333333333,,BLOCKED
78,Away,1.70-2.00,-0.02-0.02,0.26-0.30,4,0.7434482672570124,0.7657413162769586,-0.02229304901994622,0.5534415122929935,0.25,0.5555750380916413,0.30344151229299354,-0.0021335257986477285,-0.04510153006762532,1.7255,-0.5650000000000001,-2.2600000000000002,0.25,,BLOCKED
61,Home,1.70-2.00,0.02-0.05,0.26-0.30,4,0.7605857099359195,0.7186959139760977,0.041889795959821785,0.576180687666952,0.25,0.5370036307727569,0.32618068766695196,0.03917705689419508,0.021135857001382152,1.7765,-0.569,-2.276,0.25,,BLOCKED
39,Home,1.70-2.00,0.02-0.05,0.30-0.34,4,0.6816624079516193,0.6470539903992347,0.03460841755238453,0.5417711405559937,0.25,0.501481442288583,0.29177114055599374,0.04028969826741073,0.03239613792319895,1.9125,-0.5694999999999999,-2.2779999999999996,0.25,,BLOCKED
78,Draw,4.00+,0.02-0.05,0.22-0.26,10,0.3880742618586833,0.3572528107718574,0.030821451086825935,0.2405877825131439,0.1,0.20668151785235586,0.14058778251314388,0.03390626466078801,0.11507956037305675,4.6448,-0.5720000000000001,-5.720000000000001,0.1,,BLOCKED
39,Home,1.55-1.70,0.08-0.12,0.34+,4,0.9621647223990908,0.7882916294226576,0.17387309297643316,0.6825039406238254,0.25,0.5747187080806486,0.43250394062382536,0.10778523254317673,0.12634543923919134,1.6505,-0.5805,-2.322,0.25,,BLOCKED
78,Home,1.55-1.70,<-0.02,0.26-0.30,8,0.729112996351718,0.7887785282837243,-0.0596655319320063,0.5468561959489597,0.25,0.5898897569823778,0.29685619594895973,-0.04303356103341817,-0.11280981189717929,1.6229375,-0.5980000000000001,-4.784000000000001,0.25,,BLOCKED
140,Draw,4.00+,-0.02-0.02,0.26-0.30,11,0.36377999745517364,0.36079616998408287,0.002983827471090772,0.22721045095028192,0.09090909090909091,0.21877981147473885,0.136301360041191,0.008430639475543065,-0.010444763662480734,4.363090909090909,-0.5981818181818181,-6.58,0.09090909090909091,,BLOCKED
61,Away,4.00+,<-0.02,0.22-0.26,13,0.22712169615598268,0.24773948308110733,-0.020617786925124643,0.07451434579466822,0.07692307692307693,0.12449769335707003,-0.0024087311284087115,-0.049983347562401824,-0.4254158841704389,8.005846153846154,-0.6047692307692307,-7.862,0.07692307692307693,,BLOCKED
135,Home,4.00+,-0.02-0.02,0.26-0.30,27,0.28884648835051463,0.2881089798576206,0.0007375084928940567,0.16006528284532176,0.07407407407407407,0.16051547533201121,0.08599120877124769,-0.0004501924866894259,-0.04751983284909937,6.071999999999999,-0.6056296296296296,-16.352,0.07407407407407407,,BLOCKED
39,Away,4.00+,-0.02-0.02,0.26-0.30,26,0.30136730478396545,0.30284177164424597,-0.001474466860280521,0.16438156983058055,0.07692307692307693,0.17195473722657123,0.08745849290750363,-0.007573167395990664,-0.0905239839223102,5.644153846153846,-0.607,-15.782,0.07692307692307693,,BLOCKED
61,Draw,2.40-3.20,<-0.02,0.34+,8,0.4376556894003768,0.4679322357982944,-0.030276546397917603,0.25213339009681557,0.125,0.30630672667852044,0.12713339009681557,-0.05417333658170488,-0.21837637179281444,3.09875,-0.61375,-4.91,0.125,,BLOCKED
39,Home,1.55-1.70,0.08-0.12,0.26-0.30,13,0.9684753240773889,0.7977028093539271,0.17077251472346178,0.6824149470405403,0.23076923076923078,0.5835688020376286,0.4516457162713095,0.09884614500291172,0.10806687487427001,1.6246923076923079,-0.6263076923076922,-8.142,0.23076923076923078,,BLOCKED
39,Home,1.70-2.00,0.08-0.12,0.30-0.34,5,0.8502017983678817,0.6937855646968576,0.15641623367102409,0.6065089439798989,0.2,0.5058784832702159,0.40650894397989884,0.10063046070968285,0.1407628840082345,1.8828,-0.6284,-3.142,0.2,,BLOCKED
140,Home,1.70-2.00,-0.02-0.02,0.34+,5,0.7145561123469094,0.7063134570904156,0.008242655256493814,0.5130592054260182,0.2,0.5120509483203755,0.31305920542601823,0.0010082571056427292,-0.035758287875198816,1.8817333333333335,-0.6315999999999999,-3.158,0.2,,BLOCKED
135,Away,3.20-4.00,0.05-0.08,0.34+,9,0.4631657642181595,0.407938473458612,0.05522729075954752,0.3334468691384341,0.1111111111111111,0.26801215332657213,0.22233575802732297,0.06543471581186189,0.19739803968384012,3.6100000000000003,-0.6322222222222221,-5.6899999999999995,0.1111111111111111,,BLOCKED
78,Draw,4.00+,-0.02-0.02,<=0.22,15,0.296921740768309,0.2943980820744683,0.0025236586938406913,0.17287222780286465,0.06666666666666667,0.17128015490269458,0.10620556113619799,0.0015920729001700736,-0.03922610986093582,5.618933333333332,-0.6333333333333333,-9.5,0.06666666666666667,,BLOCKED
78,Home,1.70-2.00,-0.02-0.02,0.34+,5,0.7133295748671233,0.7070164901319707,0.006313084735152685,0.5095530769563619,0.2,0.5141543343034373,0.30955307695636186,-0.004601257347075427,-0.05773486764203113,1.85,-0.6348,-3.174,0.2,,BLOCKED
39,Home,2.40-3.20,-0.02-0.02,0.30-0.34,8,0.5176524155688066,0.5066727012336817,0.010979714335124902,0.3421984808384999,0.125,0.340083580864365,0.2171984808384999,0.0021148999741349497,-0.05112466611246372,2.783,-0.6375,-5.1,0.125,,BLOCKED
140,Draw,4.00+,<-0.02,0.22-0.26,31,0.24510315049384362,0.3024354234648412,-0.05733227297099758,0.1239729312224352,0.06451612903225806,0.19010181520355643,0.05945680219017714,-0.06612888398112121,-0.37152882384795993,5.075290322580646,-0.6829032258064517,-21.17,0.06451612903225806,,BLOCKED
140,Home,1.70-2.00,0.12+,0.34+,12,0.9930331109614247,0.7180113236537801,0.2750217873076446,0.6692478181434441,0.16666666666666666,0.5198897261925756,0.5025811514767775,0.14935809195086866,0.2340021460062649,1.846,-0.7001666666666667,-8.402000000000001,0.16666666666666666,,BLOCKED
78,Home,2.40-3.20,<-0.02,0.26-0.30,10,0.4161800811972114,0.4693184403039516,-0.053138359106740196,0.23842983667794532,0.1,0.32978851674011683,0.1384298366779453,-0.09135868006217154,-0.3082216615784984,2.9093999999999998,-0.7060000000000001,-7.0600000000000005,0.1,,BLOCKED
135,Home,<1.55,<-0.02,0.26-0.30,5,0.7707971721564127,0.8754794085645324,-0.10468223640811969,0.5788645995981639,0.2,0.630964476035229,0.37886459959816393,-0.05209987643706515,-0.13000352505766063,1.5032,-0.7076,-3.538,0.2,,BLOCKED
78,Draw,3.20-4.00,<-0.02,0.34+,12,0.3747456613971929,0.39905603668306733,-0.02431037528587443,0.2329436969474972,0.08333333333333333,0.2713590247442232,0.14961036361416385,-0.03841532779672602,-0.18041695189072904,3.5245,-0.7083333333333334,-8.5,0.08333333333333333,,BLOCKED
78,Home,2.00-2.40,0.02-0.05,0.34+,16,0.6586899302287561,0.6115896536957849,0.04710027653297122,0.4675429794566657,0.125,0.43347178396764485,0.3425429794566657,0.03407119548902081,0.03033687877050075,2.209375,-0.70975,-11.356,0.125,,BLOCKED
140,Away,3.20-4.00,<-0.02,0.30-0.34,13,0.34948141057546284,0.39140142708469394,-0.041920016509231106,0.1861970082794423,0.07692307692307693,0.26544352096365675,0.10927393135636537,-0.07924651268421443,-0.3291648236971301,3.623538461538461,-0.7153846153846154,-9.3,0.07692307692307693,,BLOCKED
78,Home,2.40-3.20,-0.02-0.02,0.34+,11,0.5042585971220968,0.5038070907499967,0.0004515063721000079,0.362394204433701,0.09090909090909091,0.3586333215149773,0.27148511352461013,0.003760882918723719,-0.031908068471725955,2.690909090909091,-0.75,-8.25,0.09090909090909091,,BLOCKED
140,Draw,4.00+,<-0.02,<=0.22,31,0.17174444386283186,0.21088586299780496,-0.0391414191349731,0.10051146833805309,0.03225806451612903,0.14158139569227118,0.06825340382192406,-0.0410699273542181,-0.3240122684569132,6.843935483870968,-0.785741935483871,-24.358,0.03225806451612903,,BLOCKED
135,Home,4.00+,<-0.02,0.26-0.30,27,0.15201605957763234,0.19601278569260894,-0.0439967261149766,0.1408612846288754,0.0,0.1777214569425734,0.1408612846288754,-0.036860172313697974,-0.23251472653735786,5.513259259259259,-1.0,-27.0,0.0,,BLOCKED
39,Home,4.00+,-0.02-0.02,0.26-0.30,22,0.22115353747335684,0.21698479604308715,0.004168741430269685,0.1979169031578782,0.0,0.19462065656408745,0.1979169031578782,0.0032962465937907757,-0.03560724519222235,4.970954545454545,-1.0,-22.0,0.0,,BLOCKED
39,Away,4.00+,-0.02-0.02,<=0.22,16,0.09086061543607618,0.08434479244817197,0.006515822987904207,0.08680249337908068,0.0,0.08080746816133152,0.08680249337908068,0.005995025217749154,0.030625634783197533,11.999625000000002,-1.0,-16.0,0.0,,BLOCKED
135,Away,4.00+,<-0.02,<=0.22,13,0.04984019958636051,0.08511025375081813,-0.035270054164457616,0.04853610547634088,0.0,0.08140981765785756,0.04853610547634088,-0.03287371218151667,-0.4299285399337644,12.33,-1.0,-13.0,0.0,,BLOCKED
78,Home,4.00+,-0.02-0.02,0.26-0.30,13,0.24162111741406916,0.23403032305235266,0.007590794361716502,0.21444660347196393,0.0,0.20845138374994268,0.21444660347196393,0.005995219722021204,-0.01995210703265454,4.597538461538462,-1.0,-13.0,0.0,,BLOCKED
140,Away,4.00+,-0.02-0.02,0.22-0.26,12,0.09655635945297976,0.10327523620120678,-0.006718876748227021,0.09184878959566585,0.0,0.09797871135129194,0.09184878959566585,-0.006129921755626083,-0.1071052890959218,9.977500000000001,-1.0,-12.0,0.0,,BLOCKED
140,Away,4.00+,<-0.02,<=0.22,11,0.0566439784965339,0.09330201265018832,-0.03665803415365442,0.05500620534720321,0.0,0.08900011060428109,0.05500620534720321,-0.03399390525707788,-0.41454572430073483,10.876363636363637,-1.0,-11.0,0.0,,BLOCKED
78,Home,4.00+,-0.02-0.02,0.22-0.26,9,0.16847576759877894,0.16318960873094102,0.005286158867837926,0.1547195700307182,0.0,0.15023722265121478,0.1547195700307182,0.0044823473795034645,-0.019773064957203077,6.472666666666666,-1.0,-9.0,0.0,,BLOCKED
78,Home,4.00+,-0.02-0.02,<=0.22,9,0.10919092606036684,0.11252977532474562,-0.0033388492643787737,0.10332085588439123,0.0,0.10621552467044065,0.10332085588439123,-0.0028946687860494182,-0.06586243082090332,9.297333333333333,-1.0,-9.0,0.0,,BLOCKED
140,Draw,3.20-4.00,-0.02-0.02,0.26-0.30,8,0.2824073985451804,0.2802411645057399,0.0021662340394404955,0.24592230231665557,0.0,0.24438112745033674,0.24592230231665557,0.0015411748663188458,-0.045344004367695034,3.88375,-1.0,-8.0,0.0,,BLOCKED
140,Home,4.00+,-0.02-0.02,0.22-0.26,8,0.12036818622934628,0.11575785077709692,0.004610335452249356,0.11321841397904128,0.0,0.1091583715404234,0.11321841397904128,0.004060042438617887,-0.010132730871899934,8.91625,-1.0,-8.0,0.0,,BLOCKED
61,Draw,4.00+,0.05-0.08,0.22-0.26,8,0.2818296772418286,0.198807939525999,0.0830217377158296,0.24537689565511628,0.0,0.18015592128629188,0.24537689565511628,0.0652209743688244,0.2936640627543464,5.302083333333333,-1.0,-8.0,0.0,,BLOCKED
135,Home,4.00+,-0.02-0.02,0.22-0.26,7,0.12545284181436986,0.11853727066944982,0.0069155711449200435,0.11779796429113469,0.0,0.11162590301968975,0.11779796429113469,0.006172061271444978,0.016122843259835182,8.768571428571429,-1.0,-7.0,0.0,,BLOCKED
39,Home,4.00+,0.02-0.05,0.30-0.34,7,0.29020637335637217,0.24775334801537532,0.04245302534099685,0.25138326443697856,0.0,0.21906688443181815,0.25138326443697856,0.0323163800051604,0.09090888459171488,4.3991428571428575,-1.0,-7.0,0.0,,BLOCKED
135,Away,2.40-3.20,0.02-0.05,0.34+,6,0.47077321754449825,0.41122408958449475,0.0595491279600035,0.3746635294994016,0.0,0.3364343172992011,0.3746635294994016,0.038229212200200556,0.07659339851017528,2.894,-1.0,-6.0,0.0,,BLOCKED
135,Away,4.00+,-0.02-0.02,<=0.22,6,0.04864772361744495,0.06471299072191126,-0.01606526710446631,0.0474474744135453,0.0,0.0626093118612645,0.0474474744135453,-0.015161837447719201,-0.27535416047985434,15.636666666666665,-1.0,-6.0,0.0,,BLOCKED
61,Draw,4.00+,-0.02-0.02,0.26-0.30,6,0.250701272952866,0.2561247171515851,-0.005423444198719096,0.22159735063103506,0.0,0.22591469423523203,0.22159735063103506,-0.004317343604196953,-0.07087716473369306,4.198666666666667,-1.0,-6.0,0.0,,BLOCKED
140,Home,4.00+,<-0.02,0.30-0.34,5,0.1573149974204962,0.2294614546710542,-0.07214645725055799,0.1453800291435117,0.0,0.20486300328879,0.1453800291435117,-0.059482974145278325,-0.31955503158322685,4.6776,-1.0,-5.0,0.0,,BLOCKED
61,Away,1.70-2.00,0.02-0.05,0.30-0.34,5,0.7642176084968643,0.6959751718301112,0.06824243666675311,0.5338948941226273,0.0,0.5010793011828779,0.5338948941226273,0.032815592939749325,0.014388815690590983,1.9024,-1.0,-5.0,0.0,,BLOCKED
61,Away,2.40-3.20,0.08-0.12,0.30-0.34,5,0.5977323145745628,0.43315222434597517,0.1645800902285876,0.44816653099764137,0.0,0.35054391272313307,0.44816653099764137,0.09762261827450827,0.2097635632318609,2.7268,-1.0,-5.0,0.0,,BLOCKED
78,Draw,4.00+,-0.02-0.02,0.34+,5,0.27170918727615373,0.26742070471227225,0.004288482563881479,0.23791005395992265,0.0,0.23463122644899048,0.23791005395992265,0.003278827510932164,-0.026768618649712674,4.0908,-1.0,-5.0,0.0,,BLOCKED
135,Home,3.20-4.00,-0.02-0.02,0.34+,4,0.340707938373006,0.34424364651826533,-0.003535708145259331,0.28863415575705126,0.0,0.29119539009859285,0.28863415575705126,-0.002561234341541596,-0.05143209518514588,3.287,-1.0,-4.0,0.0,,BLOCKED
140,Away,4.00+,0.02-0.05,0.22-0.26,4,0.14238796032942427,0.1088049702411575,0.033582990088266776,0.13208941607283137,0.0,0.1024851653466932,0.13208941607283137,0.029604250726138186,0.27124058962898634,10.305,-1.0,-4.0,0.0,,BLOCKED
140,Draw,3.20-4.00,0.02-0.05,0.26-0.30,4,0.32248499426458127,0.28287022927695443,0.03961476498762684,0.2755921810437902,0.0,0.24635367574474235,0.2755921810437902,0.029238505299047847,0.06344622700162511,3.8605,-1.0,-4.0,0.0,,BLOCKED
140,Home,3.20-4.00,0.05-0.08,0.30-0.34,4,0.4425240194234208,0.3434288327883511,0.09909518663506967,0.35754604077845115,0.0,0.29065888500897213,0.35754604077845115,0.06688715576947898,0.17068347267958667,3.2744999999999997,-1.0,-4.0,0.0,,BLOCKED
39,Away,4.00+,-0.02-0.02,0.34+,4,0.1951322512314675,0.20967871155707277,-0.014546460325605276,0.17688653699573068,0.0,0.18880661529535908,0.17688653699573068,-0.011920078299628385,-0.10406083981500103,5.165,-1.0,-4.0,0.0,,BLOCKED
39,Draw,3.20-4.00,0.02-0.05,0.30-0.34,4,0.319465595864251,0.2865542816074509,0.032911314256800106,0.27344292466340125,0.0,0.24913265435260734,0.27344292466340125,0.024310270310793886,0.04638912112018606,3.8274999999999997,-1.0,-4.0,0.0,,BLOCKED
39,Draw,4.00+,-0.02-0.02,0.34+,4,0.25251817414024647,0.25713047172886444,-0.004612297588617975,0.22282663636666256,0.0,0.22659803899455733,0.22282663636666256,-0.003771402627894757,-0.06059491250725288,4.2445,-1.0,-4.0,0.0,,BLOCKED
61,Away,4.00+,-0.02-0.02,0.22-0.26,4,0.12919436216083557,0.14119127793132807,-0.0119969157704925,0.12096480831663245,0.0,0.13159158538667565,0.12096480831663245,-0.010626777070043194,-0.13413031419220667,7.266500000000001,-1.0,-4.0,0.0,,BLOCKED
61,Away,4.00+,-0.02-0.02,<=0.22,4,0.06653083730454257,0.07325990181559794,-0.0067290645110553715,0.06414454893277985,0.0,0.07036945235527066,0.06414454893277985,-0.006224903422490815,-0.13521347241141357,15.4775,-1.0,-4.0,0.0,,BLOCKED
61,Draw,3.20-4.00,0.08-0.12,0.34+,4,0.42676790662253705,0.2896258261553198,0.13714208046721726,0.34726156122232693,0.0,0.2514185906375597,0.34726156122232693,0.09584297058476719,0.31080312394435894,3.777571428571429,-1.0,-4.0,0.0,,BLOCKED
61,Draw,4.00+,0.08-0.12,<=0.22,4,0.29514224316501997,0.16312700539490432,0.13201523777011565,0.2554830438006691,0.0,0.15039534170188407,0.2554830438006691,0.10508770209878501,0.6229314756714024,6.373000000000001,-1.0,-4.0,0.0,,BLOCKED
61,Home,4.00+,<-0.02,0.22-0.26,4,0.06563012986927876,0.12046887108856567,-0.05483874121928692,0.06324781899411205,0.0,0.11338562966582277,0.06324781899411205,-0.05013781067171073,-0.4852376034591106,8.488,-1.0,-4.0,0.0,,BLOCKED
78,Away,2.40-3.20,<-0.02,0.26-0.30,4,0.25885053990216983,0.3880962864116533,-0.12924574650948345,0.2268334648243875,0.0,0.32144619685042775,0.2268334648243875,-0.09461273202604026,-0.32864194482699216,2.9830000000000005,-1.0,-4.0,0.0,,BLOCKED
78,Draw,4.00+,0.02-0.05,0.34+,4,0.31150062914621157,0.2641946458753985,0.04730598327081309,0.2675413891969849,0.0,0.23216816629683848,0.2675413891969849,0.03537322290014637,0.08875970284808377,4.0725,-1.0,-4.0,0.0,,BLOCKED
78,Draw,4.00+,0.08-0.12,<=0.22,4,0.21951639665398978,0.10043518041132307,0.11908121624266671,0.19642834067419757,0.0,0.09470030580106031,0.19642834067419757,0.10172803487313725,1.18094421784915,11.82,-1.0,-4.0,0.0,,BLOCKED
78,Home,2.00-2.40,0.12+,0.26-0.30,4,0.9369196918527577,0.6105599877023536,0.32635970415040405,0.6063281358363498,0.0,0.4564736151095017,0.6063281358363498,0.14985452072684813,0.27616731452883864,2.1100000000000003,-1.0,-4.0,0.0,,BLOCKED
78,Home,3.20-4.00,0.08-0.12,0.30-0.34,4,0.4887322876056497,0.3357613599054919,0.1529709277001578,0.3862914952879264,0.0,0.2851046649525867,0.3862914952879264,0.10118683033533966,0.2892379533825669,3.3435000000000006,-1.0,-4.0,0.0,,BLOCKED
135,Away,4.00+,0.05-0.08,0.34+,3,0.32452218515723985,0.24307716970696647,0.08144501545027338,0.2770118679428411,0.0,0.21564298058626807,0.2770118679428411,0.06136888735657301,0.22368439768502424,4.4319999999999995,-1.0,-3.0,0.0,,BLOCKED
135,Draw,3.20-4.00,0.05-0.08,0.26-0.30,3,0.3822497409758721,0.2936993076548365,0.08855043332103563,0.3175989764646859,0.0,0.25447395864938765,0.3175989764646859,0.06312501781529826,0.20338189924177538,3.7893333333333334,-1.0,-3.0,0.0,,BLOCKED
135,Home,1.70-2.00,-0.02-0.02,0.26-0.30,3,0.7966714220147209,0.7975703359966749,-0.0008989139819540748,0.5491233489582957,0.0,0.5494228292385034,0.5491233489582957,-0.0002994802802075795,-0.03950889311154693,1.7493333333333334,-1.0,-3.0,0.0,,BLOCKED
135,Home,1.70-2.00,0.08-0.12,0.26-0.30,3,1.029554844424858,0.7638104211445476,0.26574442328031034,0.6421564566711533,0.0,0.5334065542611613,0.6421564566711533,0.10874990240999184,0.14626140134888335,1.7880000000000003,-1.0,-3.0,0.0,,BLOCKED
140,Away,2.40-3.20,0.05-0.08,0.34+,3,0.4884785278851269,0.3918074776710679,0.09667105021405903,0.38596317419630166,0.0,0.32388996503528883,0.38596317419630166,0.06207320916101283,0.1345468265659179,2.951333333333333,-1.0,-3.0,0.0,,BLOCKED
140,Away,3.20-4.00,0.08-0.12,0.34+,3,0.46359903877031644,0.32349011870365646,0.14010892006665998,0.37019518407652513,0.0,0.27600117674716923,0.37019518407652513,0.09419400732935594,0.28811251000848154,3.5079999999999996,-1.0,-3.0,0.0,,BLOCKED
140,Away,4.00+,-0.02-0.02,0.26-0.30,3,0.16215319290741706,0.17151692940989763,-0.009363736502480569,0.14896313694667118,0.0,0.15697847889881344,0.14896313694667118,-0.008015341952142272,-0.09559962201213312,6.442666666666667,-1.0,-3.0,0.0,,BLOCKED
140,Draw,4.00+,-0.02-0.02,<=0.22,3,0.1160078464432513,0.11489807790737087,0.0011097685358804205,0.10937654904514027,0.0,0.10850037874131709,0.10937654904514027,0.0008761703038231797,-0.04109749101006984,8.86,-1.0,-3.0,0.0,,BLOCKED
140,Home,3.20-4.00,-0.02-0.02,0.30-0.34,3,0.284549918728736,0.2864606110985984,-0.00191069236986241,0.24750986582299772,0.0,0.24908219120160344,0.24750986582299772,-0.0015723253786056972,-0.05792175965368155,3.806666666666666,-1.0,-3.0,0.0,,BLOCKED
39,Away,1.70-2.00,0.05-0.08,0.30-0.34,3,0.8203564665871057,0.6732312825629724,0.14712518402413333,0.5595845012243618,0.0,0.48990493053913226,0.5595845012243618,0.06967957068522955,0.07026026960174787,1.9126666666666665,-1.0,-3.0,0.0,,BLOCKED
39,Draw,4.00+,0.02-0.05,0.22-0.26,3,0.24775900909468676,0.20882587148232704,0.038933137612359725,0.21941966117314002,0.0,0.1884498093848217,0.21941966117314002,0.030969851788318275,0.09998617341934235,5.014,-1.0,-3.0,0.0,,BLOCKED
39,Home,4.00+,-0.02-0.02,0.30-0.34,3,0.2533781383622655,0.24215861779162343,0.0112195205706421,0.22343082978121453,0.0,0.21481553390550231,0.22343082978121453,0.008615295875712192,-0.020817292796911174,4.4273333333333325,-1.0,-3.0,0.0,,BLOCKED
61,Away,2.40-3.20,0.02-0.05,0.30-0.34,3,0.4533862444479381,0.41655106089566457,0.036835183552273554,0.36434878585570174,0.0,0.3404622549778576,0.36434878585570174,0.02388653087784411,0.019756304947785058,2.804,-1.0,-3.0,0.0,,BLOCKED
61,Away,2.40-3.20,0.08-0.12,0.34+,3,0.6165020056259549,0.43720202770508304,0.17929997792087188,0.45981532599730807,0.0,0.3540324627665948,0.45981532599730807,0.1057828632307133,0.23768299061877704,2.6946666666666665,-1.0,-3.0,0.0,,BLOCKED
61,Away,2.40-3.20,<-0.02,0.30-0.34,3,0.36420103252313857,0.47589881783493926,-0.11169778531180069,0.30491770121437206,0.0,0.3785898438938451,0.30491770121437206,-0.07367214267947304,-0.23769518258795763,2.502666666666667,-1.0,-3.0,0.0,,BLOCKED
61,Away,4.00+,<-0.02,0.30-0.34,3,0.14525309395139988,0.24900977756043977,-0.10375668360903989,0.1349843078425009,0.0,0.2203450752735805,0.1349843078425009,-0.0853607674310796,-0.41491508064358484,4.307142857142857,-1.0,-3.0,0.0,,BLOCKED
61,Draw,2.40-3.20,-0.02-0.02,0.30-0.34,3,0.36624589974263033,0.35772769207301075,0.008518207669619582,0.3066415655070811,0.0,0.30073219507249954,0.3066415655070811,0.005909370434581525,-0.033883622158390615,3.15,-1.0,-3.0,0.0,,BLOCKED
61,Draw,4.00+,0.02-0.05,0.22-0.26,3,0.2614079079932236,0.21882061825619503,0.04258728973702858,0.2297739680340849,0.0,0.1964262801344356,0.2297739680340849,0.03334768789964932,0.10593708429917952,4.843333333333333,-1.0,-3.0,0.0,,BLOCKED
61,Home,1.70-2.00,-0.02-0.02,0.26-0.30,3,0.7959775792827797,0.7779503138399928,0.018027265442786877,0.5486696792168902,0.0,0.5405028871803577,0.5486696792168902,0.008166792036532589,-0.03394553835289501,1.7613333333333336,-1.0,-3.0,0.0,,BLOCKED
61,Home,2.40-3.20,0.02-0.05,0.34+,3,0.44302293887345306,0.3982537995926532,0.04476913928079984,0.3577178847512423,0.0,0.32829390944212616,0.3577178847512423,0.029423975309116075,0.03144267947710996,2.89,-1.0,-3.0,0.0,,BLOCKED
78,Away,2.40-3.20,0.05-0.08,0.34+,3,0.4776002039033074,0.38007255830526016,0.09752764559804722,0.3794131280579363,0.0,0.316041835125398,0.3794131280579363,0.06337129293253828,0.13895795178171308,3.0086666666666666,-1.0,-3.0,0.0,,BLOCKED
78,Away,2.40-3.20,0.12+,0.26-0.30,3,0.8543387333775883,0.4650661358515789,0.38927259752600935,0.5712040339169561,0.0,0.37154604619941983,0.5712040339169561,0.19965798771753618,0.48882345260187926,2.6093333333333333,-1.0,-3.0,0.0,,BLOCKED
78,Home,2.40-3.20,0.08-0.12,0.30-0.34,3,0.5906976012802155,0.44662776135648724,0.1440698399237283,0.44544284119192534,0.0,0.3594216727533546,0.44544284119192534,0.08602116843857066,0.19555058067653527,2.7006666666666668,-1.0,-3.0,0.0,,BLOCKED
78,Home,3.20-4.00,0.05-0.08,0.30-0.34,3,0.4143813499062161,0.31941660949315026,0.09496474041306585,0.3391741677489495,0.0,0.27336723456762774,0.3391741677489495,0.06580693318132175,0.19097929236236086,3.513333333333333,-1.0,-3.0,0.0,,BLOCKED
78,Home,3.20-4.00,<-0.02,0.30-0.34,3,0.2676643177511431,0.3413403787374231,-0.07367606098628005,0.2347654317587725,0.0,0.289178713649291,0.2347654317587725,-0.0544132818905185,-0.23028815467511551,3.278,-1.0,-3.0,0.0,,BLOCKED
78,Home,4.00+,0.05-0.08,0.26-0.30,3,0.28031165543062536,0.20909527243579962,0.07121638299482574,0.24339524781655855,0.0,0.18785915541290232,0.24339524781655855,0.05553609240365625,0.23651173981846205,5.28,-1.0,-3.0,0.0,,BLOCKED
135,Away,4.00+,0.02-0.05,0.30-0.34,2,0.25742094210525573,0.2162980880000094,0.041122854105246326,0.22692537117756506,0.0,0.1944916205103662,0.22692537117756506,0.03243375066719886,0.10665696885920006,4.872999999999999,-1.0,-2.0,0.0,,BLOCKED
135,Draw,4.00+,0.05-0.08,0.22-0.26,2,0.27812552592925555,0.194027732793486,0.08409779313576954,0.2427881274036408,0.0,0.1763479456745943,0.2427881274036408,0.0664401817290465,0.3405241990752982,5.525,-1.0,-2.0,0.0,,BLOCKED
135,Draw,4.00+,0.08-0.12,0.26-0.30,2,0.3840535333568361,0.26378392893801295,0.12026960441882317,0.31883919862961874,0.0,0.23176052185938184,0.31883919862961874,0.08707867677023694,0.34224992412032973,4.215,-1.0,-2.0,0.0,,BLOCKED
135,Home,2.40-3.20,0.05-0.08,0.34+,2,0.544313855996245,0.45036161983754996,0.09395223615869508,0.419663397228732,0.0,0.36258565390578057,0.419663397228732,0.05707774332295143,0.09580036754097143,2.612,-1.0,-2.0,0.0,,BLOCKED
140,Away,1.70-2.00,0.05-0.08,0.30-0.34,2,0.9143963538676089,0.7506053359346642,0.1637910179329447,0.5987059273976628,0.0,0.5276938630582474,0.5987059273976628,0.07101206433941543,0.07597346641147595,1.799,-1.0,-2.0,0.0,,BLOCKED
140,Away,3.20-4.00,0.02-0.05,0.30-0.34,2,0.33935996151692754,0.2956670781389821,0.04369288337794547,0.28775993150144297,0.0,0.2559496924837863,0.28775993150144297,0.03181023901765667,0.06925019404168864,3.7140000000000004,-1.0,-2.0,0.0,,BLOCKED
140,Away,3.20-4.00,0.05-0.08,0.34+,2,0.42539158385540576,0.32084204685639894,0.10454953699900682,0.346480155674416,0.0,0.27446193750593917,0.346480155674416,0.07201821816847681,0.2008946118910686,3.466,-1.0,-2.0,0.0,,BLOCKED
140,Away,4.00+,0.02-0.05,0.34+,2,0.29432392106544214,0.24470448173937717,0.04961943932606497,0.25488990989569366,0.0,0.21702627781368516,0.25488990989569366,0.037863632082008505,0.11603282605028786,4.385,-1.0,-2.0,0.0,,BLOCKED
140,Away,4.00+,0.02-0.05,<=0.22,2,0.0856357478983753,0.05632372301410557,0.029312024884269733,0.08206308837144999,0.0,0.05471980221634639,0.08206308837144999,0.02734328615510359,0.4653659082749684,18.0,-1.0,-2.0,0.0,,BLOCKED
140,Draw,4.00+,0.08-0.12,0.22-0.26,2,0.2798390092851733,0.16772771805751233,0.11211129122766098,0.24408482451861374,0.0,0.15437434751148543,0.24408482451861374,0.08971047700712831,0.4997779100299251,6.15,-1.0,-2.0,0.0,,BLOCKED
140,Home,1.70-2.00,0.08-0.12,0.30-0.34,2,1.0189084989795414,0.7781210248341413,0.24078747414540014,0.638991932596523,0.0,0.5407316935318948,0.638991932596523,0.09826023906462822,0.16296531732567188,1.82,-1.0,-2.0,0.0,,BLOCKED
140,Home,3.20-4.00,<-0.02,0.26-0.30,2,0.1725415361671162,0.3050292022172886,-0.13248766605017237,0.1582002882862778,0.0,0.26260543012440196,0.1582002882862778,-0.10440514183812415,-0.41582491273567174,3.652,-1.0,-2.0,0.0,,BLOCKED
39,Away,1.70-2.00,0.05-0.08,0.26-0.30,2,0.9277719569126299,0.7727074969625367,0.15506445995009321,0.6041658897427928,0.0,0.5381847073085174,0.6041658897427928,0.06598118243427548,0.06836010163115136,1.7690000000000001,-1.0,-2.0,0.0,,BLOCKED
39,Draw,3.20-4.00,0.02-0.05,0.34+,2,0.3275250636621869,0.2966321324542116,0.030892931207975316,0.2792874319557612,0.0,0.2566701975886232,0.2792874319557612,0.022617234367138056,0.03233372046660499,3.697,-1.0,-2.0,0.0,,BLOCKED
39,Home,2.00-2.40,0.12+,0.30-0.34,2,0.8266952609841816,0.5759411392736056,0.250754121710576,0.561040082476768,0.0,0.4368790448461846,0.561040082476768,0.12416103763058334,0.21852356281669605,2.1820000000000004,-1.0,-2.0,0.0,,BLOCKED
39,Home,4.00+,-0.02-0.02,<=0.22,2,0.06254311669817059,0.07492074107368044,-0.01237762437550985,0.06062200857740397,0.0,0.07218297272861078,0.06062200857740397,-0.011560964151206811,-0.21191388849374837,13.0,-1.0,-2.0,0.0,,BLOCKED
61,Away,1.55-1.70,-0.02-0.02,0.26-0.30,2,0.8823337815152912,0.8779893314591094,0.004344450056181781,0.5859338907476221,0.0,0.584379922329196,0.5859338907476221,0.0015539684184261993,-0.04835702852074397,1.624,-1.0,-2.0,0.0,,BLOCKED
61,Away,1.70-2.00,0.12+,0.30-0.34,2,1.0332252050896367,0.6907254761806556,0.34249972890898106,0.6435868021494213,0.0,0.4987188580279117,0.6435868021494213,0.14486794412150958,0.2196038796012234,1.8960000000000001,-1.0,-2.0,0.0,,BLOCKED
61,Away,3.20-4.00,-0.02-0.02,0.30-0.34,2,0.2860362045808837,0.2950868107859216,-0.009050606205037892,0.24826252837780155,0.0,0.2553683663671489,0.24826252837780155,-0.007105837989347372,-0.07930259584379928,3.737,-1.0,-2.0,0.0,,BLOCKED
61,Away,4.00+,-0.02-0.02,0.34+,2,0.2668489003418304,0.2540187359775673,0.012830164364263097,0.23398683795614544,0.0,0.2242599237519766,0.23398683795614544,0.009726914204168838,-0.010441301100915235,4.243428571428572,-1.0,-2.0,0.0,,BLOCKED
61,Away,4.00+,0.02-0.05,0.22-0.26,2,0.1433977434909171,0.11518073827178722,0.028217005219129884,0.1335824861672416,0.0,0.10876326490829862,0.1335824861672416,0.02481922125894298,0.1718265604132596,8.79,-1.0,-2.0,0.0,,BLOCKED
61,Away,4.00+,0.02-0.05,0.30-0.34,2,0.26775414178164963,0.2280087814040399,0.03974536037760973,0.23487608939284926,0.0,0.20372777805237544,0.23487608939284926,0.031148311340473814,0.09778805039624483,4.684000000000001,-1.0,-2.0,0.0,,BLOCKED
61,Away,4.00+,0.05-0.08,0.26-0.30,2,0.25988193035796786,0.18132973201301322,0.07855219834495464,0.2282190374596237,0.0,0.1655177266760794,0.2282190374596237,0.06270131078354434,0.31427111813834785,5.868,-1.0,-2.0,0.0,,BLOCKED
61,Draw,4.00+,-0.02-0.02,0.22-0.26,2,0.2506532813917711,0.2601577027287767,-0.009504421337005575,0.2216976558208369,0.0,0.2290447252926927,0.2216976558208369,-0.007347069471855816,-0.0821978272521241,4.1419999999999995,-1.0,-2.0,0.0,,BLOCKED
61,Home,2.00-2.40,0.08-0.12,0.30-0.34,2,0.8185180143776318,0.6085101541048419,0.21000786027278995,0.558864805688611,0.0,0.45576841520819794,0.558864805688611,0.10309639048041302,0.16501319722940633,2.085,-1.0,-2.0,0.0,,BLOCKED
61,Home,3.20-4.00,<-0.02,0.26-0.30,2,0.18543902500094717,0.2755726103590617,-0.09013358535811455,0.16833608097111025,0.0,0.24085291711485052,0.16833608097111025,-0.07251683614374026,-0.3404546342113835,3.932,-1.0,-2.0,0.0,,BLOCKED
61,Home,3.20-4.00,<-0.02,0.34+,2,0.24331874409599763,0.3075660405163602,-0.06424729642036259,0.21500858225076402,0.0,0.264664994454985,0.21500858225076402,-0.04965641220422097,-0.23328282979009934,3.601,-1.0,-2.0,0.0,,BLOCKED
61,Home,4.00+,-0.02-0.02,0.30-0.34,2,0.23668617176992757,0.24519648053688858,-0.008510308766961017,0.21072907545365932,0.0,0.2173838119950855,0.21072907545365932,-0.006654736541426176,-0.07971110549194177,4.372999999999999,-1.0,-2.0,0.0,,BLOCKED
61,Home,4.00+,0.02-0.05,0.22-0.26,2,0.1376299031246675,0.1077085562251805,0.029921346899487,0.12838401258680143,0.0,0.10202487869271112,0.12838401258680143,0.0263591338940903,0.18867515044174388,9.420833333333334,-1.0,-2.0,0.0,,BLOCKED
78,Away,1.70-2.00,0.08-0.12,0.26-0.30,2,0.924657669557037,0.7099333591791389,0.21472431037789808,0.6029789690175034,0.0,0.5083144131074113,0.6029789690175034,0.09466455591009204,0.12750363873018855,1.87,-1.0,-2.0,0.0,,BLOCKED
78,Away,3.20-4.00,0.05-0.08,0.34+,2,0.38089383217037576,0.30868255341709633,0.07221127875327943,0.31668023724247596,0.0,0.2655143045055618,0.31668023724247596,0.05116593273691411,0.13275674745140764,3.581,-1.0,-2.0,0.0,,BLOCKED
78,Away,4.00+,-0.02-0.02,0.22-0.26,2,0.16813028615510728,0.1785606498188423,-0.01043036366373501,0.15424047801162719,0.0,0.16299037313668308,0.15424047801162719,-0.008749895125055904,-0.08613311552410313,6.162000000000001,-1.0,-2.0,0.0,,BLOCKED
78,Away,4.00+,-0.02-0.02,0.34+,2,0.2603335896276597,0.25620176971446185,0.004131819913197832,0.22915345939286738,0.0,0.22597547706043555,0.22915345939286738,0.003177982332431828,-0.036222006135481155,4.212,-1.0,-2.0,0.0,,BLOCKED
78,Draw,2.40-3.20,<-0.02,0.34+,2,0.3285517389886269,0.3671110710801062,-0.038559332091479326,0.2800281066383359,0.0,0.307237214211167,0.2800281066383359,-0.02720910757283118,-0.11932656391837487,3.145,-1.0,-2.0,0.0,,BLOCKED
78,Draw,4.00+,0.12+,<=0.22,2,0.24528158890633966,0.09832530803839573,0.14695628086794393,0.21750788341807775,0.0,0.09364377015418116,0.21750788341807775,0.12386411326389657,1.2178750375953782,10.2,-1.0,-2.0,0.0,,BLOCKED
78,Home,2.00-2.40,0.05-0.08,0.26-0.30,2,0.6662831171532233,0.5501272474727181,0.11615586968050517,0.48635727002201357,0.0,0.42312032965972346,0.48635727002201357,0.06323694036229013,0.09192089838497597,2.245,-1.0,-2.0,0.0,,BLOCKED
78,Home,3.20-4.00,-0.02-0.02,0.34+,2,0.34699267482910445,0.34601850993223193,0.0009741648968725203,0.29311747087255147,0.0,0.29248722606275246,0.29311747087255147,0.0006302448097990632,-0.047872746551375356,3.25,-1.0,-2.0,0.0,,BLOCKED
78,Home,3.20-4.00,0.02-0.05,0.30-0.34,2,0.3661548511227771,0.3020331839083413,0.06412166721443585,0.30642572776893523,0.0,0.26046619974423474,0.30642572776893523,0.04595952802470049,0.11626045787510397,3.6559999999999997,-1.0,-2.0,0.0,,BLOCKED
78,Home,3.20-4.00,0.08-0.12,0.26-0.30,2,0.4927320438302668,0.3457792743176047,0.14695276951266212,0.3890343339080422,0.0,0.29232442773022393,0.3890343339080422,0.09670990617781827,0.25904533566340693,3.2359999999999998,-1.0,-2.0,0.0,,BLOCKED
78,Home,4.00+,<-0.02,0.22-0.26,2,0.18060734147093988,0.2239301717342411,-0.04332283026330122,0.16523594269659997,0.0,0.20052297386158147,0.16523594269659997,-0.0352870311649815,-0.22377599870278314,4.7,-1.0,-2.0,0.0,,BLOCKED
135,Away,1.55-1.70,0.05-0.08,0.30-0.34,1,1.0098293098576332,0.827949851907856,0.18187945794977722,0.6357188465329163,0.0,0.5630558310585242,0.6357188465329163,0.07266301547439213,0.07055053756143104,1.684,-1.0,-1.0,0.0,,BLOCKED
135,Away,1.70-2.00,0.12+,0.30-0.34,1,1.1285427097389955,0.7905269953711505,0.33801571436784505,0.6764956471804585,0.0,0.5463943158132245,0.6764956471804585,0.130101331367234,0.173043452210915,1.734,-1.0,-1.0,0.0,,BLOCKED
135,Away,2.40-3.20,0.05-0.08,0.34+,1,0.48290892274424635,0.39522296569810744,0.08768595704613891,0.3830139857923325,0.0,0.32647015154706455,0.3830139857923325,0.05654383424526793,0.10997453082617947,2.8979999999999997,-1.0,-1.0,0.0,,BLOCKED
135,Away,2.40-3.20,0.12+,0.34+,1,0.6664611889583312,0.4323923584999523,0.2340688304583789,0.48647737435511174,0.0,0.3510452961672474,0.48647737435511174,0.13543207818786435,0.3310020962355855,2.7359999999999998,-1.0,-1.0,0.0,,BLOCKED
135,Away,4.00+,0.02-0.05,0.22-0.26,1,0.12596448548231165,0.0811075570979769,0.04485692838433475,0.11835384253452498,0.0,0.07790549169859515,0.11835384253452498,0.04044835083592983,0.4202461104142998,12.0,-1.0,-1.0,0.0,,BLOCKED
135,Away,4.00+,0.12+,0.30-0.34,1,0.4347191430124098,0.2417355855470544,0.19298355746535542,0.35255351858667816,0.0,0.21473621480243008,0.35255351858667816,0.13781730378424809,0.5688631577107179,4.45,-1.0,-1.0,0.0,,BLOCKED
135,Draw,3.20-4.00,0.08-0.12,0.34+,1,0.4399136672115881,0.3178872586911792,0.12202640852040891,0.35590797505660404,0.0,0.2723151760704282,0.35590797505660404,0.08359279898617583,0.28838686970490657,3.62,-1.0,-1.0,0.0,,BLOCKED
135,Draw,4.00+,0.05-0.08,0.34+,1,0.3558653837583898,0.26906450260980896,0.08680088114858081,0.29943307842615713,0.0,0.23590603199645033,0.29943307842615713,0.0635270464297068,0.2486359370370752,4.17,-1.0,-1.0,0.0,,BLOCKED
135,Draw,4.00+,0.05-0.08,<=0.22,1,0.2030754108827497,0.13314432081787067,0.06993109006487902,0.18378331251619756,0.0,0.12466124661246612,0.18378331251619756,0.05912206590373144,0.3783748438714818,7.5,-1.0,-1.0,0.0,,BLOCKED
135,Home,1.70-2.00,0.02-0.05,0.26-0.30,1,0.8804729249123603,0.7839934126612568,0.09647951225110352,0.5854132031131329,0.0,0.5434209427456782,0.5854132031131329,0.04199226036745474,0.042035501541376696,1.78,-1.0,-1.0,0.0,,BLOCKED
135,Home,1.70-2.00,0.05-0.08,0.34+,1,0.8704400974718113,0.6996223002540273,0.170817797217784,0.5812327897034678,0.0,0.5032271006403256,0.5812327897034678,0.0780056890631422,0.13921626781879692,1.96,-1.0,-1.0,0.0,,BLOCKED
135,Home,2.00-2.40,0.05-0.08,0.30-0.34,1,0.7239097336289971,0.5926595363469189,0.1312501972820782,0.5151471002961658,0.0,0.4471450101486443,0.5151471002961658,0.06800209014752157,0.09211185262787147,2.1199999999999997,-1.0,-1.0,0.0,,BLOCKED
135,Home,2.00-2.40,0.08-0.12,0.30-0.34,1,0.798463025620274,0.5661976000957697,0.23226542552450435,0.5499798977821404,0.0,0.4323201139871764,0.5499798977821404,0.117659783794964,0.23195497103199458,2.24,-1.0,-1.0,0.0,,BLOCKED
135,Home,2.40-3.20,0.12+,0.34+,1,0.6841787118521442,0.4280923391830231,0.2560863726691211,0.49549559703960894,0.0,0.3482487701560382,0.49549559703960894,0.14724682688357071,0.4022525396220933,2.83,-1.0,-1.0,0.0,,BLOCKED
135,Home,4.00+,0.02-0.05,0.22-0.26,1,0.11316627491167634,0.08701137698962981,0.026154897922046533,0.10699783608517038,0.0,0.08333333333333334,0.10699783608517038,0.02366450275183704,0.17697619693687416,11.0,-1.0,-1.0,0.0,,BLOCKED
135,Home,4.00+,0.02-0.05,<=0.22,1,0.10175273596663587,0.05778828996584337,0.043964446000792495,0.09674713399426654,0.0,0.056150251251372775,0.09674713399426654,0.04059688274289377,0.6930748448996644,17.5,-1.0,-1.0,0.0,,BLOCKED
135,Home,4.00+,0.05-0.08,0.34+,1,0.2733407805804355,0.19388870948085885,0.07945207109957664,0.23916653382463188,0.0,0.1762504253147329,0.23916653382463188,0.06291610850989898,0.2914992826530123,5.4,-1.0,-1.0,0.0,,BLOCKED
140,Away,1.70-2.00,0.08-0.12,0.26-0.30,1,1.079546825217006,0.7872197364439202,0.2923270887730858,0.6602505433502305,0.0,0.544891640866873,0.6602505433502305,0.11535890248335745,0.15543845086290342,1.75,-1.0,-1.0,0.0,,BLOCKED
140,Away,2.00-2.40,0.02-0.05,0.34+,1,0.5636964257401449,0.5082801388909454,0.055416286849199525,0.4308984704660532,0.0,0.39847076357660266,0.4308984704660532,0.032427706889450514,0.02381476582734221,2.376,-1.0,-1.0,0.0,,BLOCKED
140,Away,2.40-3.20,0.05-0.08,0.30-0.34,1,0.4950286152631414,0.4018787596222801,0.09314985564086131,0.3904465354860403,0.0,0.3309381419144091,0.3904465354860403,0.05950839357163118,0.11797857994169547,2.8633333333333333,-1.0,-1.0,0.0,,BLOCKED
140,Away,3.20-4.00,0.08-0.12,0.30-0.34,1,0.47757139294309525,0.3306952130442908,0.14687617989880447,0.379712000170523,0.0,0.28157589803012745,0.379712000170523,0.09813610214039553,0.32899200059683054,3.5,-1.0,-1.0,0.0,,BLOCKED
140,Away,4.00+,-0.02-0.02,0.30-0.34,1,0.23868506215480514,0.2427997656439745,-0.004114703489169369,0.2123370918266777,0.0,0.21557143240367335,0.2123370918266777,-0.003234340576995648,-0.06571679596261826,4.3999999999999995,-1.0,-1.0,0.0,,BLOCKED
140,Away,4.00+,0.02-0.05,0.26-0.30,1,0.22260067534793043,0.1873502738278443,0.03525040152008613,0.1995655813199153,0.0,0.17084674517010814,0.1995655813199153,0.028718836149807164,0.10998376330136894,5.562,-1.0,-1.0,0.0,,BLOCKED
140,Away,4.00+,0.05-0.08,0.30-0.34,1,0.2958494465597569,0.1971252828718683,0.09872416368788861,0.2561005837938306,0.0,0.1789122413638828,0.2561005837938306,0.07718834242994779,0.35989409994524046,5.31,-1.0,-1.0,0.0,,BLOCKED
140,Away,<1.55,0.08-0.12,0.26-0.30,1,1.2542086671280757,0.9802843925192471,0.2739242746088285,0.714698472603958,0.0,0.62479562164153,0.714698472603958,0.089902850962428,0.09205926613884796,1.528,-1.0,-1.0,0.0,,BLOCKED
140,Away,<1.55,<-0.02,0.26-0.30,1,0.762179272436752,1.0173153111925588,-0.2551360387558068,0.5333516358230147,0.0,0.6384356739595667,0.5333516358230147,-0.10508403813655198,-0.1786384808325573,1.54,-1.0,-1.0,0.0,,BLOCKED
140,Draw,2.40-3.20,0.02-0.05,0.30-0.34,1,0.40036368152848045,0.3536043443859612,0.04675933714251923,0.32992369265895705,0.0,0.29784727692923785,0.32992369265895705,0.0320764157297192,0.05245657958207306,3.1900000000000004,-1.0,-1.0,0.0,,BLOCKED
140,Draw,2.40-3.20,0.02-0.05,0.34+,1,0.3888597544736573,0.3538878178126792,0.03497193666097809,0.32217067412118616,0.0,0.29804629035888397,0.32217067412118616,0.024124383762302193,0.027724450446583893,3.19,-1.0,-1.0,0.0,,BLOCKED
140,Draw,3.20-4.00,0.05-0.08,0.26-0.30,1,0.3809801153402961,0.2802591768338073,0.10072093850648878,0.31680852548518296,0.0,0.24441211479962965,0.31680852548518296,0.0723964106855533,0.24822559041162084,3.94,-1.0,-1.0,0.0,,BLOCKED
140,Draw,3.20-4.00,0.05-0.08,0.34+,1,0.37444095723220355,0.3042010801945131,0.07023987703769047,0.31232638968946697,0.0,0.26228748783990363,0.31232638968946697,0.05003890184956333,0.1712239613355011,3.75,-1.0,-1.0,0.0,,BLOCKED
140,Draw,3.20-4.00,0.08-0.12,0.26-0.30,1,0.41944550236219624,0.2782391316514988,0.14120637071069747,0.34258874824644237,0.0,0.24288425047438325,0.34258874824644237,0.09970449777205911,0.35322555557344737,3.95,-1.0,-1.0,0.0,,BLOCKED
140,Draw,4.00+,-0.02-0.02,0.34+,1,0.30439972153869016,0.28323511327659956,0.0211646082620906,0.2624340134914274,0.0,0.24665735382159248,0.2624340134914274,0.015776659669834936,0.04973605396570968,4.0,-1.0,-1.0,0.0,,BLOCKED
140,Draw,4.00+,0.08-0.12,0.26-0.30,1,0.38109417669044965,0.26235757395202763,0.11873660273842201,0.3168864467831908,0.0,0.23076408420165775,0.3168864467831908,0.08612236258153302,0.35310512776422454,4.27,-1.0,-1.0,0.0,,BLOCKED
140,Draw,4.00+,0.08-0.12,<=0.22,1,0.2313259679301649,0.125322481925241,0.1060034860049239,0.20651922541074277,0.0,0.11778764083304881,0.20651922541074277,0.08873158457769396,0.6521538032859422,8.0,-1.0,-1.0,0.0,,BLOCKED
140,Home,1.55-1.70,0.02-0.05,0.34+,1,1.0719430912153092,0.9797165882374697,0.09222650297783952,0.6576573323053924,0.0,0.6245825184942421,0.6576573323053924,0.033074813811150294,0.03909858504252006,1.58,-1.0,-1.0,0.0,,BLOCKED
140,Home,1.70-2.00,-0.02-0.02,0.30-0.34,1,0.67338913796053,0.6577195167065553,0.015669621253974753,0.4900227376884696,0.0,0.4819686496830095,0.4900227376884696,0.008054088005460092,-0.03563525222909181,1.968,-1.0,-1.0,0.0,,BLOCKED
140,Home,1.70-2.00,0.08-0.12,0.26-0.30,1,1.0260099012212225,0.8206760277816653,0.20533387343955722,0.6415657006758669,0.0,0.5598659889094271,0.6415657006758669,0.08169971176643986,0.10349300516249116,1.72,-1.0,-1.0,0.0,,BLOCKED
140,Home,2.00-2.40,-0.02-0.02,0.30-0.34,1,0.5936778519523173,0.5900618543872883,0.00361599756502895,0.44770770446350666,0.0,0.44570700177965084,0.44770770446350666,0.002000702683855826,-0.04548717408380376,2.132,-1.0,-1.0,0.0,,BLOCKED
140,Home,2.00-2.40,0.12+,0.26-0.30,1,1.0378567893137876,0.6688492521283841,0.36900753718540347,0.6457869778386179,0.0,0.48770223571914756,0.6457869778386179,0.15808474211947038,0.30448969523400815,2.02,-1.0,-1.0,0.0,,BLOCKED
140,Home,2.40-3.20,<-0.02,0.26-0.30,1,0.16438661606633753,0.3566844196361417,-0.1922978035698042,0.15158605199822522,0.0,0.3000066329567606,0.15158605199822522,-0.1484205809585354,-0.5228071083095871,3.1479999999999997,-1.0,-1.0,0.0,,BLOCKED
140,Home,3.20-4.00,<-0.02,0.34+,1,0.23271827058124428,0.35413432613837104,-0.12141605555712676,0.20762322206970432,0.0,0.2982193064667292,0.20762322206970432,-0.09059608439702485,-0.3356056893769461,3.2,-1.0,-1.0,0.0,,BLOCKED
140,Home,4.00+,-0.02-0.02,0.34+,1,0.23753255747216107,0.2485124359770775,-0.01097987850491644,0.2114287833223003,0.0,0.22003983879186548,0.2114287833223003,-0.008611055469565171,-0.05491333854931768,4.47,-1.0,-1.0,0.0,,BLOCKED
140,Home,4.00+,-0.02-0.02,<=0.22,1,0.07232052079743069,0.06487999288410243,0.007440527913328263,0.06976731090027416,0.0,0.06282007511095937,0.06976731090027416,0.00694723578931479,0.04650966350411245,15.0,-1.0,-1.0,0.0,,BLOCKED
140,Home,4.00+,0.12+,0.26-0.30,1,0.3296583539439021,0.16240731612637715,0.16725103781752493,0.28083060714801505,0.0,0.14990512333965844,0.28083060714801505,0.1309254838083566,0.7973158857472964,6.4,-1.0,-1.0,0.0,,BLOCKED
140,Home,4.00+,0.12+,0.30-0.34,1,0.4572211551290978,0.23112657690464927,0.2260945782244485,0.3669596755339346,0.0,0.20636099669120134,0.3669596755339346,0.16059867884273327,0.688014507456099,4.6,-1.0,-1.0,0.0,,BLOCKED
39,Away,1.55-1.70,-0.02-0.02,0.30-0.34,1,0.7993385216895872,0.8341643035785521,-0.0348257818889649,0.5503737161943532,0.0,0.5657627796668286,0.5503737161943532,-0.015389063472475484,-0.08087589395543027,1.67,-1.0,-1.0,0.0,,BLOCKED
39,Away,1.70-2.00,0.02-0.05,0.30-0.34,1,0.8421640646705888,0.7665852093901746,0.07557885528041419,0.5692227159032501,0.0,0.5354031363852368,0.5692227159032501,0.03381957951801329,-0.0038602471693123253,1.75,-1.0,-1.0,0.0,,BLOCKED
39,Away,2.00-2.40,0.05-0.08,0.30-0.34,1,0.704141541945044,0.590613987456913,0.11352755448813101,0.505467072139441,0.0,0.44601296080141006,0.505467072139441,0.05945411133803091,0.08675420509979803,2.15,-1.0,-1.0,0.0,,BLOCKED
39,Away,2.40-3.20,0.02-0.05,0.34+,1,0.4729301870851546,0.4393779601126853,0.03355222697246929,0.37682642477719097,0.0,0.35556283794854987,0.37682642477719097,0.0212635868286411,0.005372901305545463,2.668,-1.0,-1.0,0.0,,BLOCKED
39,Away,3.20-4.00,-0.02-0.02,0.30-0.34,1,0.2720537413105088,0.29429557759609243,-0.022241836285583627,0.23818668085642333,0.0,0.25494376303772787,0.23818668085642333,-0.016757082181304533,-0.10918181359697676,3.7399999999999998,-1.0,-1.0,0.0,,BLOCKED
39,Away,3.20-4.00,0.02-0.05,0.30-0.34,1,0.37943052555875767,0.3338113926695054,0.04561913288925229,0.3157490382841763,0.0,0.28381115204364216,0.3157490382841763,0.03193788624053412,0.060285270558263715,3.3579999999999997,-1.0,-1.0,0.0,,BLOCKED
39,Away,4.00+,-0.02-0.02,0.30-0.34,1,0.18623855770238587,0.2032223630581234,-0.01698380535573754,0.16992444955577365,0.0,0.18390324852135548,0.16992444955577365,-0.013978798965581823,-0.12386953809043111,5.156,-1.0,-1.0,0.0,,BLOCKED
39,Away,4.00+,0.02-0.05,0.26-0.30,1,0.16584271920627974,0.12762858158052226,0.03821413762575748,0.15282053122922354,0.0,0.11981976640777853,0.15282053122922354,0.03300076482144501,0.19200014358794348,7.8,-1.0,-1.0,0.0,,BLOCKED
39,Away,4.00+,0.05-0.08,0.22-0.26,1,0.1938685350158315,0.11502885142277183,0.07883968359305968,0.17623380644010916,0.0,0.10865957290364597,0.17623380644010916,0.06757423353646319,0.5367587921577521,8.72,-1.0,-1.0,0.0,,BLOCKED
39,Away,4.00+,<-0.02,<=0.22,1,0.09314385708793249,0.12599571967977582,-0.032851862591843334,0.08893757191929542,0.0,0.11838137961464922,0.08893757191929542,-0.02944380769535379,-0.29739318183756613,7.9,-1.0,-1.0,0.0,,BLOCKED
39,Away,<1.55,-0.02-0.02,<=0.22,1,1.5900675956866797,1.5802010922490746,0.00986650343760509,0.7960881722916677,0.0,0.794066317626527,0.7960881722916677,0.00202185466514071,-0.060615956695832085,1.18,-1.0,-1.0,0.0,,BLOCKED
39,Draw,2.40-3.20,-0.02-0.02,0.30-0.34,1,0.33984003503417903,0.3507186708210914,-0.010878635786912394,0.28811580981488083,0.0,0.2958181671115425,0.28811580981488083,-0.007702357296661688,-0.08955404098497655,3.16,-1.0,-1.0,0.0,,BLOCKED
39,Draw,3.20-4.00,0.02-0.05,0.26-0.30,1,0.30880678402090295,0.27548212509758,0.033324658923322925,0.26567736081216864,0.0,0.2407939972940231,0.26567736081216864,0.024883363518145546,0.055270477145933805,3.972,-1.0,-1.0,0.0,,BLOCKED
39,Home,1.55-1.70,0.05-0.08,0.22-0.26,1,1.1027841796706583,0.9082041002388335,0.19458007943182487,0.6680544002514677,0.0,0.5967522332979731,0.6680544002514677,0.07130216695349456,0.055525952397319056,1.58,-1.0,-1.0,0.0,,BLOCKED
39,Home,1.55-1.70,0.08-0.12,0.22-0.26,1,1.1659158912901812,0.9036828786582227,0.26223301263195853,0.68836289442742,0.0,0.594924933090982,0.68836289442742,0.093437961336438,0.06696248636250113,1.55,-1.0,-1.0,0.0,,BLOCKED
39,Home,2.00-2.40,0.02-0.05,0.30-0.34,1,0.6742800284150822,0.5890751906686158,0.08520483774646637,0.49047686924273165,0.0,0.44515983109645146,0.49047686924273165,0.045317038146280186,0.041772870271561846,2.1239999999999997,-1.0,-1.0,0.0,,BLOCKED
39,Home,2.00-2.40,0.05-0.08,0.26-0.30,1,0.6732149863339085,0.5487059824821275,0.12450900385178099,0.48993391658475266,0.0,0.42230312320367885,0.48993391658475266,0.0676307933810738,0.10235131231569339,2.25,-1.0,-1.0,0.0,,BLOCKED
39,Home,2.00-2.40,0.12+,0.26-0.30,1,0.804813211392541,0.5531855916543719,0.25162761973816916,0.5528285547094989,0.0,0.4248851917848619,0.5528285547094989,0.12794336292463698,0.23391333411160153,2.232,-1.0,-1.0,0.0,,BLOCKED
39,Home,2.40-3.20,0.05-0.08,0.26-0.30,1,0.4941612076403939,0.37812206726334746,0.11603914037704643,0.3899175747853424,0.0,0.3148531384412059,0.3899175747853424,0.07506443634413651,0.15805519711246707,2.97,-1.0,-1.0,0.0,,BLOCKED
39,Home,2.40-3.20,0.12+,0.34+,1,0.6807587660231619,0.46238335220264537,0.2183754138205165,0.4937672655955957,0.0,0.3702191342220367,0.4937672655955957,0.12354813137355897,0.26700680351829864,2.5660000000000003,-1.0,-1.0,0.0,,BLOCKED
39,Home,2.40-3.20,<-0.02,0.26-0.30,1,0.2571953506066316,0.3775252270565635,-0.12032987644993187,0.22678284942863594,0.0,0.31444409319149247,0.22678284942863594,-0.08766124376285653,-0.31965145171409215,3.0,-1.0,-1.0,0.0,,BLOCKED
39,Home,3.20-4.00,0.02-0.05,0.34+,1,0.3496810820418774,0.29984649548310655,0.04983458655877088,0.2950871367543481,0.0,0.25906805164657815,0.2950871367543481,0.036019085107769966,0.07883857197389665,3.656,-1.0,-1.0,0.0,,BLOCKED
39,Home,3.20-4.00,0.05-0.08,0.26-0.30,1,0.42339988495798714,0.34830669426821587,0.07509319068977127,0.34518327061070425,0.0,0.29411764705882354,0.34518327061070425,0.05106562355188071,0.1045864659542537,3.2,-1.0,-1.0,0.0,,BLOCKED
39,Home,3.20-4.00,0.08-0.12,0.34+,1,0.43641890227012164,0.29191672739346575,0.1445021748766559,0.35365308697182457,0.0,0.2531692760749341,0.35365308697182457,0.10048381089689046,0.32619907614434207,3.75,-1.0,-1.0,0.0,,BLOCKED
39,Home,4.00+,0.02-0.05,0.22-0.26,1,0.13547875545029348,0.10851027424909196,0.026968481201201516,0.12670228445186588,0.0,0.1028303229751214,0.12670228445186588,0.023871961476744474,0.16819506264620343,9.22,-1.0,-1.0,0.0,,BLOCKED
39,Home,4.00+,<-0.02,0.30-0.34,1,0.20730810479477485,0.2771833714835314,-0.06987526668875654,0.18723080667940512,0.0,0.2420844957231739,0.18723080667940512,-0.05485368904376878,-0.24545984908199736,4.03,-1.0,-1.0,0.0,,BLOCKED
61,Away,1.70-2.00,<-0.02,0.30-0.34,1,0.5876851006147735,0.684137950286335,-0.09645284967156142,0.44438801697490427,0.0,0.4954750322310625,0.44438801697490427,-0.05108701525615822,-0.14944133551003314,1.9140000000000001,-1.0,-1.0,0.0,,BLOCKED
61,Away,2.00-2.40,-0.02-0.02,0.34+,1,0.4858928324957551,0.5138370813262215,-0.027944248830466423,0.3848522723720805,0.0,0.40180415660214613,0.3848522723720805,-0.01695188423006566,-0.07943336448598337,2.3920000000000003,-1.0,-1.0,0.0,,BLOCKED
61,Away,2.40-3.20,0.12+,0.34+,1,0.6338283143928808,0.42865225787550054,0.20517605651738025,0.46944322999574,0.0,0.34861359570661893,0.46944322999574,0.12082963428912108,0.2712522668284638,2.7079999999999997,-1.0,-1.0,0.0,,BLOCKED
61,Away,3.20-4.00,-0.02-0.02,0.26-0.30,1,0.256421482480074,0.2807269161385325,-0.024305433658458497,0.2261842497321619,0.0,0.244765450310817,0.2261842497321619,-0.018581200578655116,-0.12330984803814049,3.876,-1.0,-1.0,0.0,,BLOCKED
61,Away,3.20-4.00,0.05-0.08,0.30-0.34,1,0.3697225961991479,0.27602048992859707,0.09370210627055081,0.3090740304544957,0.0,0.2412026171022406,0.3090740304544957,0.0678714133522551,0.21218834744253212,3.9219999999999997,-1.0,-1.0,0.0,,BLOCKED
61,Away,3.20-4.00,0.12+,0.34+,1,0.509457997783606,0.28013525895514924,0.22932273882845677,0.3991788630344325,0.0,0.24431847815024818,0.3991788630344325,0.15486038488418433,0.5496123462996669,3.882,-1.0,-1.0,0.0,,BLOCKED
61,Away,4.00+,0.02-0.05,0.26-0.30,1,0.22947465421651045,0.19028183172952068,0.03919282248698977,0.20504888295860144,0.0,0.17327389654036526,0.20504888295860144,0.03177498641823617,0.1212072920176328,5.468000000000001,-1.0,-1.0,0.0,,BLOCKED
61,Away,4.00+,0.02-0.05,0.34+,1,0.2931239134534632,0.24923847419603667,0.04388543925742655,0.25407029575541407,0.0,0.22060591415712683,0.25407029575541407,0.03346438159828724,0.09555111529734561,4.312,-1.0,-1.0,0.0,,BLOCKED
61,Away,4.00+,0.05-0.08,0.22-0.26,1,0.1709221808845666,0.08956133173503453,0.08136084914953207,0.1571128363470125,0.0,0.08566781417475276,0.1571128363470125,0.07144502217225975,0.7313834565440778,11.02,-1.0,-1.0,0.0,,BLOCKED
61,Away,4.00+,0.05-0.08,0.30-0.34,1,0.3225000274827819,0.25028388113337136,0.07221614634941054,0.27566408809985044,0.0,0.22142027239934062,0.27566408809985044,0.05424381570050982,0.17653432801016167,4.268,-1.0,-1.0,0.0,,BLOCKED
61,Away,4.00+,0.05-0.08,0.34+,1,0.3383166803404031,0.2534440062690599,0.08487267407134319,0.28703053127013045,0.0,0.22387679825779455,0.28703053127013045,0.0631537330123359,0.2095466587723298,4.214,-1.0,-1.0,0.0,,BLOCKED
61,Away,4.00+,0.08-0.12,0.30-0.34,1,0.354805558676179,0.2279176864355191,0.12688787224065992,0.2986902064432605,0.0,0.20381020564179642,0.2986902064432605,0.09488000080146408,0.3901042207869345,4.654000000000001,-1.0,-1.0,0.0,,BLOCKED
61,Away,4.00+,0.08-0.12,0.34+,1,0.3762442851708343,0.2294426748492311,0.14680161032160322,0.31356537324100836,0.0,0.20502346051836587,0.31356537324100836,0.10854191272264249,0.4499262858664228,4.6240000000000006,-1.0,-1.0,0.0,,BLOCKED
61,Away,4.00+,0.12+,0.26-0.30,1,0.4056306492140244,0.18720538619471752,0.2184252630193069,0.3334436849364581,0.0,0.17072660241412688,0.3334436849364581,0.16271708252233122,0.8439435776986133,5.53,-1.0,-1.0,0.0,,BLOCKED
61,Away,4.00+,0.12+,0.30-0.34,1,0.4263465197088842,0.24429743029075274,0.18204908941813147,0.34710993635682336,0.0,0.21674536403990333,0.34710993635682336,0.13036457231692003,0.5133993225157496,4.359999999999999,-1.0,-1.0,0.0,,BLOCKED
61,Draw,3.20-4.00,0.08-0.12,0.30-0.34,1,0.41056043101318396,0.28041053242506536,0.1301498985881186,0.33672157584462675,0.0,0.24452646859648,0.33672157584462675,0.09219510724814675,0.3004187259119484,3.8619999999999997,-1.0,-1.0,0.0,,BLOCKED
61,Draw,4.00+,0.02-0.05,<=0.22,1,0.24808082086641242,0.19599690145074694,0.05208391941566548,0.2197031235401033,0.0,0.17798521827247163,0.2197031235401033,0.041717905267631666,0.16574477350378802,5.306,-1.0,-1.0,0.0,,BLOCKED
61,Draw,4.00+,0.08-0.12,0.34+,1,0.4154038198172972,0.270610813054195,0.1447930067631022,0.3399263239527804,0.0,0.23708664544696723,0.3399263239527804,0.10283967850581316,0.37398220141713834,4.042,-1.0,-1.0,0.0,,BLOCKED
61,Draw,4.00+,0.12+,0.26-0.30,1,0.4436804290177604,0.2444597105519415,0.1992207184658189,0.3583295526795595,0.0,0.2168724604939024,0.3583295526795595,0.1414570921856571,0.5599279859983488,4.353333333333333,-1.0,-1.0,0.0,,BLOCKED
61,Home,1.55-1.70,0.05-0.08,0.22-0.26,1,1.069519741914322,0.8976393195554828,0.17188042235883927,0.6568267104039284,0.0,0.5924694254541722,0.6568267104039284,0.06435728494975612,0.05223639006709324,1.6019999999999999,-1.0,-1.0,0.0,,BLOCKED
61,Home,1.55-1.70,<-0.02,0.34+,1,0.7613070909792182,0.8465292933307043,-0.08522220235148603,0.5329444562311579,0.0,0.5710990589372119,0.5329444562311579,-0.038154602706053975,-0.10571920244411714,1.6779999999999997,-1.0,-1.0,0.0,,BLOCKED
61,Home,1.70-2.00,-0.02-0.02,0.30-0.34,1,0.7089807148965981,0.6956605126609507,0.013320202235647338,0.5078544214506605,0.0,0.5012550881631354,0.5078544214506605,0.006599333287525155,-0.02999805502923858,1.9099999999999997,-1.0,-1.0,0.0,,BLOCKED
61,Home,1.70-2.00,0.02-0.05,0.34+,1,0.7960673125851145,0.7065439244674179,0.08952338811769667,0.5489004862933544,0.0,0.5066537034601845,0.5489004862933544,0.04224678283316996,0.027541710341159487,1.8719999999999999,-1.0,-1.0,0.0,,BLOCKED
61,Home,1.70-2.00,0.08-0.12,0.26-0.30,1,1.0863174507702162,0.7987762432659228,0.28754120750429346,0.6625430899580073,0.0,0.5501208299466791,0.6625430899580073,0.11242226001132816,0.14354937326752037,1.7259999999999998,-1.0,-1.0,0.0,,BLOCKED
61,Home,1.70-2.00,0.08-0.12,0.30-0.34,1,1.028313353025152,0.7498623790267123,0.27845097399843977,0.6423903866324171,0.0,0.5275684352408425,0.6423903866324171,0.11482195139157458,0.15373313439182112,1.796,-1.0,-1.0,0.0,,BLOCKED
61,Home,2.00-2.40,0.02-0.05,0.30-0.34,1,0.5763245100144098,0.5090548651381975,0.06726964487621223,0.4380399460606733,0.0,0.3989366035920062,0.4380399460606733,0.03910334246866709,0.0407829118401597,2.376,-1.0,-1.0,0.0,,BLOCKED
61,Home,3.20-4.00,0.05-0.08,0.34+,1,0.38480634475268677,0.29568083694918806,0.0891255078034987,0.31941757819909944,0.0,0.2559751446281344,0.31941757819909944,0.06344243357096502,0.18248387449306636,3.7020000000000004,-1.0,-1.0,0.0,,BLOCKED
61,Home,3.20-4.00,0.08-0.12,0.30-0.34,1,0.5213516633412846,0.35377913141322775,0.16757253192805682,0.4062825008120735,0.0,0.2979699933914552,0.4062825008120735,0.10831250742061832,0.303354262605132,3.2080000000000006,-1.0,-1.0,0.0,,BLOCKED
61,Home,4.00+,-0.02-0.02,0.22-0.26,1,0.08203811258597023,0.09141518076670173,-0.009377068180731502,0.07876315269128203,0.0,0.08736127781410129,0.07876315269128203,-0.008598125122819253,-0.14384453024576416,10.870000000000001,-1.0,-1.0,0.0,,BLOCKED
61,Home,4.00+,0.02-0.05,0.26-0.30,1,0.27062563290778346,0.22576402158649028,0.04486161132129318,0.2370979516274042,0.0,0.20209363186972956,0.2370979516274042,0.03500431975767465,0.11530876445530946,4.704,-1.0,-1.0,0.0,,BLOCKED
78,Away,1.55-1.70,0.02-0.05,0.22-0.26,1,1.0485898947663197,0.9520159234897826,0.09657397127653711,0.6495684537662293,0.0,0.6140378315393359,0.6495684537662293,0.035530622226893405,0.012027650967785242,1.558,-1.0,-1.0,0.0,,BLOCKED
78,Away,1.55-1.70,0.08-0.12,0.22-0.26,1,1.1126173800171917,0.8427054298129935,0.2699119502041982,0.6713024920970614,0.0,0.5694558605951011,0.6713024920970614,0.10184663150196027,0.10764911196015126,1.65,-1.0,-1.0,0.0,,BLOCKED
78,Away,1.70-2.00,<-0.02,0.30-0.34,1,0.5140846890667722,0.6817385443132667,-0.16765385524649457,0.40195225618727826,0.0,0.4942630185348632,0.40195225618727826,-0.09231076234758495,-0.2322711906822985,1.91,-1.0,-1.0,0.0,,BLOCKED
78,Away,2.00-2.40,0.02-0.05,0.34+,1,0.6230312973901374,0.541576983123847,0.08145431426629046,0.46368376294825464,0.0,0.4181700075549499,0.46368376294825464,0.04551375539330477,0.051634774366641434,2.268,-1.0,-1.0,0.0,,BLOCKED
78,Away,2.00-2.40,0.08-0.12,0.34+,1,0.7043557455926648,0.519300250756963,0.18505549483570183,0.5055729915518901,0.0,0.40506329113924056,0.5055729915518901,0.1005097004126495,0.18809653014694172,2.35,-1.0,-1.0,0.0,,BLOCKED
78,Away,2.00-2.40,0.12+,0.34+,1,0.8086910149309533,0.5484911266524656,0.2601998882784877,0.5545592399249529,0.0,0.42217898832684825,0.5545592399249529,0.13238025159810468,0.24775828983114412,2.25,-1.0,-1.0,0.0,,BLOCKED
78,Away,2.40-3.20,-0.02-0.02,0.26-0.30,1,0.4014030890848102,0.375355306636794,0.0260477824480162,0.330619813196979,0.0,0.31295487627365354,0.330619813196979,0.017664936923325436,-0.00814056040906308,3.0,-1.0,-1.0,0.0,,BLOCKED
78,Away,3.20-4.00,0.02-0.05,0.30-0.34,1,0.33826729546800316,0.27520657109744545,0.06306072437055771,0.28699532049445947,0.0,0.24058476621714509,0.28699532049445947,0.046410554277314386,0.13018757210718146,3.938,-1.0,-1.0,0.0,,BLOCKED
78,Away,3.20-4.00,0.08-0.12,0.30-0.34,1,0.4337440745956916,0.30600487912489516,0.12773919547079643,0.35192190608848,0.0,0.2636169734574222,0.35192190608848,0.08830493263105782,0.2633996428576433,3.59,-1.0,-1.0,0.0,,BLOCKED
78,Away,4.00+,0.05-0.08,0.22-0.26,1,0.15558719140268915,0.0972285022474074,0.05835868915528175,0.1440875545313339,0.0,0.09265134876234482,0.1440875545313339,0.05143620576898908,0.47977918503679917,10.27,-1.0,-1.0,0.0,,BLOCKED
78,Away,4.00+,0.08-0.12,0.34+,1,0.37332601632114876,0.26015016851444545,0.11317584780670331,0.31155924666777846,0.0,0.2290641931742386,0.31155924666777846,0.08249505349353986,0.31478002093802493,4.22,-1.0,-1.0,0.0,,BLOCKED
78,Away,<1.55,-0.02-0.02,0.26-0.30,1,0.925588351880178,0.9697262973574234,-0.04413794547724548,0.6037018123131788,0.0,0.6208131916668711,0.6037018123131788,-0.017111379353692335,-0.07633622716083643,1.53,-1.0,-1.0,0.0,,BLOCKED
78,Away,<1.55,0.02-0.05,0.26-0.30,1,1.0266050087657368,0.9697262973574234,0.056878711408313354,0.6417789441739068,0.0,0.6208131916668711,0.6417789441739068,0.020965752507035695,-0.018078215413922627,1.53,-1.0,-1.0,0.0,,BLOCKED
78,Draw,2.40-3.20,-0.02-0.02,0.30-0.34,1,0.3447715767482925,0.364281336931713,-0.019509760183420488,0.2916178540582575,0.0,0.3053042763157895,0.2916178540582575,-0.013686422257531972,-0.09598465241940168,3.1,-1.0,-1.0,0.0,,BLOCKED
78,Draw,2.40-3.20,<-0.02,0.30-0.34,1,0.33820339891130197,0.3727004646486978,-0.03449706573739586,0.2869497604949792,0.0,0.3111284566764963,0.2869497604949792,-0.02417869618151708,-0.1259510295322932,3.0460000000000003,-1.0,-1.0,0.0,,BLOCKED
78,Draw,3.20-4.00,0.05-0.08,0.26-0.30,1,0.3512140936695927,0.272117450061759,0.0790966436078337,0.29616694847679237,0.0,0.23823521348567878,0.29616694847679237,0.05793173499111359,0.17992912273154094,3.9840000000000004,-1.0,-1.0,0.0,,BLOCKED
78,Draw,3.20-4.00,0.05-0.08,0.30-0.34,1,0.38203723667389317,0.3072359115147991,0.07480132515909405,0.3175303601671822,0.0,0.2645229270709407,0.3175303601671822,0.05300743309624151,0.1469196609238621,3.6119999999999997,-1.0,-1.0,0.0,,BLOCKED
78,Draw,4.00+,0.05-0.08,0.30-0.34,1,0.35257684941178596,0.2823584125564199,0.07021843685536605,0.2971254477607635,0.0,0.24599660818537922,0.2971254477607635,0.05112883957538428,0.18850179104305398,4.0,-1.0,-1.0,0.0,,BLOCKED
78,Draw,4.00+,0.12+,0.22-0.26,1,0.35618767002619983,0.1593957901168375,0.19679187990936234,0.2996588251451746,0.0,0.14734118175739877,0.2996588251451746,0.15231764338777584,0.9351966927875377,6.458,-1.0,-1.0,0.0,,BLOCKED
78,Draw,4.00+,<-0.02,0.34+,1,0.2354914203007175,0.2701096028734748,-0.03461818257275728,0.2098175574925388,0.0,0.2367041696642867,0.2098175574925388,-0.026886612171747898,-0.1271589608310385,4.16,-1.0,-1.0,0.0,,BLOCKED
78,Home,1.55-1.70,0.05-0.08,0.26-0.30,1,1.117569960626468,0.91970427556561,0.197865685060858,0.6729263684924357,0.0,0.6013630896699185,0.6729263684924357,0.07156327882251723,0.0564943985331241,1.57,-1.0,-1.0,0.0,,BLOCKED
78,Home,1.70-2.00,<-0.02,0.26-0.30,1,0.6770369815360601,0.8127598327752802,-0.13572285123922012,0.4918796660172803,0.0,0.556367975035947,0.4918796660172803,-0.06448830901866676,-0.16380456777062358,1.7,-1.0,-1.0,0.0,,BLOCKED
78,Home,2.00-2.40,0.02-0.05,0.30-0.34,1,0.6190300669148963,0.5424219969948283,0.07660806992006797,0.46153353917447887,0.0,0.41866145430021756,0.46153353917447887,0.04287208487426131,0.0559887376312076,2.288,-1.0,-1.0,0.0,,BLOCKED
78,Home,2.00-2.40,0.12+,0.30-0.34,1,0.9891690291851306,0.6547189322748309,0.3344500969102997,0.628114411267513,0.0,0.48041191849442194,0.628114411267513,0.14770249277309105,0.28763454309840153,2.05,-1.0,-1.0,0.0,,BLOCKED
78,Home,2.40-3.20,0.12+,0.30-0.34,1,0.7934276758229205,0.4704749580156929,0.3229527178072276,0.5477081744908376,0.0,0.37529451107000106,0.5477081744908376,0.17241366342083658,0.38679709781080085,2.532,-1.0,-1.0,0.0,,BLOCKED
78,Home,3.20-4.00,0.02-0.05,0.26-0.30,1,0.4231315785494891,0.36159758216607907,0.061533996383410006,0.3450075555141284,0.0,0.30343737933037884,0.3450075555141284,0.04157017618374953,0.12127455542091714,3.25,-1.0,-1.0,0.0,,BLOCKED
78,Home,4.00+,0.02-0.05,<=0.22,1,0.1319859966864876,0.09969936022308805,0.03228663646339956,0.12364673315700635,0.0,0.09489051094890509,0.12364673315700635,0.028756222208101256,0.2364673315700634,10.0,-1.0,-1.0,0.0,,BLOCKED
78,Home,4.00+,0.12+,0.26-0.30,1,0.515634008351297,0.23260961733030883,0.2830243910209882,0.40287810568639215,0.0,0.2075371230794335,0.40287810568639215,0.19534098260695865,0.9096422209534989,4.74,-1.0,-1.0,0.0,,BLOCKED
78,Home,4.00+,<-0.02,<=0.22,1,0.09812825518859372,0.12475778058345549,-0.02662952539486177,0.09346737121562493,0.0,0.11728931364031278,0.09346737121562493,-0.023821942424687853,-0.2522610302750006,8.0,-1.0,-1.0,0.0,,BLOCKED
78,Home,<1.55,0.08-0.12,0.26-0.30,1,1.3037868000211639,0.939832557600526,0.3639542424206379,0.7284982787966783,0.0,0.6093067515031115,0.7284982787966783,0.11919152729356675,0.127715335577258,1.548,-1.0,-1.0,0.0,,BLOCKED
78,Home,<1.55,<-0.02,0.26-0.30,1,0.9432879476442342,1.1098483619350357,-0.16656041429080148,0.6106544193641592,0.0,0.670391061452514,0.6106544193641592,-0.05973664208835483,-0.14508381289017713,1.4,-1.0,-1.0,0.0,,BLOCKED
135,Draw,4.00+,0.02-0.05,0.22-0.26,19,0.579243328727381,0.5895343663582238,-0.010291037630842714,0.2213994170117728,0.2631578947368421,0.18799926958563495,-0.0417584777250693,0.03340014742613785,0.1241808896283742,5.125368421052631,0.3378947368421052,6.419999999999998,0.2631578947368421,,WATCH
135,Draw,3.20-4.00,0.05-0.08,0.34+,23,0.6578907626717342,0.6801419743789548,-0.022251211707220664,0.33989552934059203,0.391304347826087,0.2774545559852824,-0.051408818485494945,0.06244097335530967,0.1768056933522019,3.467999999999999,0.3003478260869565,6.9079999999999995,0.391304347826087,,WATCH
39,Draw,4.00+,-0.02-0.02,0.26-0.30,46,0.6137207936105277,0.6092742938758321,0.004446499734695575,0.2238177540983257,0.2826086956521739,0.22538888601594642,-0.0587909415538482,-0.0015711319176207304,-0.05820099208143894,4.220217391304348,0.21206521739130432,9.754999999999999,0.2826086956521739,,WATCH
135,Draw,2.40-3.20,0.02-0.05,0.34+,41,0.6707228237733235,0.6819735159290727,-0.011250692155749253,0.34741970118872506,0.3902439024390244,0.3129550699469453,-0.04282420125029934,0.034464631241779765,0.0573472194495889,3.044780487804878,0.1937073170731708,7.942000000000002,0.3902439024390244,,WATCH
78,Draw,3.20-4.00,-0.02-0.02,0.26-0.30,23,0.6178118359335578,0.6207429531626941,-0.002931117229136304,0.25283771720168735,0.30434782608695654,0.25343537151767015,-0.05151010888526919,-0.0005976543159827756,-0.05106961258951275,3.757304347826087,0.1396521739130435,3.212,0.30434782608695654,,WATCH
39,Home,1.70-2.00,0.08-0.12,0.26-0.30,18,0.6898129384279567,0.6971980352793237,-0.007385096851367012,0.6282377918224442,0.6111111111111112,0.5284911239578308,0.017126680711333053,0.09974666786461353,0.1315702333569161,1.8040555555555555,0.11538888888888886,2.0769999999999995,0.6111111111111112,,WATCH
140,Draw,3.20-4.00,0.02-0.05,0.30-0.34,34,0.627935398823844,0.6323051572629032,-0.004369758439059179,0.3082414516219001,0.3235294117647059,0.2774932510572474,-0.015287960142805812,0.03074820056465275,0.06517865742853131,3.460058823529412,0.10694117647058816,3.6359999999999975,0.3235294117647059,,WATCH
135,Away,2.40-3.20,-0.02-0.02,0.34+,28,0.6657541019036025,0.6719608058761244,-0.0062067039725218764,0.3441108490910735,0.39285714285714285,0.34432319079227636,-0.04874629376606937,-0.00021234170120294177,-0.04714937683714864,2.782285714285714,0.08364285714285716,2.3420000000000005,0.39285714285714285,,WATCH
61,Draw,3.20-4.00,-0.02-0.02,0.30-0.34,42,0.6212402349097319,0.6189263297470492,0.0023139051626827056,0.2751104282759468,0.30952380952380953,0.27420644924127674,-0.03441338124786275,0.0009039790346701,-0.04856178978178088,3.4610952380952376,0.06690476190476187,2.8099999999999987,0.30952380952380953,,WATCH
39,Home,2.00-2.40,0.08-0.12,0.34+,29,0.6940832197460471,0.6980284978133411,-0.003945278067293945,0.5366267830305682,0.4827586206896552,0.43254374518936856,0.05386816234091302,0.10408303784119978,0.18004240169903366,2.203586206896552,0.06503448275862066,1.8859999999999992,0.4827586206896552,,WATCH
39,Draw,3.20-4.00,-0.02-0.02,0.30-0.34,84,0.6081351153232082,0.6106420448735539,-0.0025069295503457045,0.26317930559381475,0.2976190476190476,0.267365659312495,-0.03443974202523287,-0.004186353718680257,-0.0642189340913845,3.5595238095238093,0.0579404761904762,4.867000000000001,0.2976190476190476,,WATCH
135,Draw,4.00+,0.02-0.05,0.26-0.30,17,0.558725532142931,0.5605775638297513,-0.0018520316868203546,0.25900633565878484,0.23529411764705882,0.22530927319871452,0.023712218011726016,0.0336970624600703,0.09669643407538638,4.245764705882352,0.0574117647058823,0.9759999999999991,0.23529411764705882,,WATCH
78,Draw,3.20-4.00,0.02-0.05,0.34+,41,0.6059406951041141,0.6051628032174392,0.0007778918866748752,0.2969386513303664,0.2926829268292683,0.26346110146113805,0.004255724501098124,0.03347754986922831,0.0776354160537285,3.6340975609756097,0.05624390243902441,2.306000000000001,0.2926829268292683,,WATCH
135,Draw,3.20-4.00,0.02-0.05,0.34+,42,0.6204041033056557,0.6251801199681877,-0.004776016662532023,0.32063441310220764,0.30952380952380953,0.28471964094167196,0.011110603578398104,0.03591477216053578,0.07838721992850221,3.367666666666667,0.05447619047619051,2.2880000000000016,0.30952380952380953,,WATCH
61,Draw,3.20-4.00,-0.02-0.02,0.34+,16,0.6151005441544868,0.6085624508831445,0.006538093271342249,0.27085080090214814,0.3125,0.27419429316631627,-0.04164919909785186,-0.0033434922641681145,-0.06316241061962008,3.4613750000000003,0.04225000000000009,0.6760000000000015,0.3125,,WATCH
135,Home,<1.55,0.05-0.08,0.22-0.26,15,0.5687145771397224,0.5716458365218197,-0.002931259382097262,0.7470672605292282,0.7333333333333333,0.6830260368676783,0.013733927195894946,0.06404122366154999,0.04635026897708336,1.402666666666667,0.020400000000000033,0.3060000000000005,0.7333333333333333,,WATCH
140,Draw,3.20-4.00,-0.02-0.02,0.30-0.34,34,0.6085921831323499,0.6064411795860485,0.0021510035463013777,0.2801211603244995,0.29411764705882354,0.2766701639597176,-0.01399648673432402,0.0034509963647819442,-0.0315280383666444,3.4636666666666667,0.013000000000000018,0.4420000000000006,0.29411764705882354,,WATCH
135,Draw,3.20-4.00,0.05-0.08,0.30-0.34,21,0.6062752726357568,0.6005063579069719,0.005768914728784824,0.3358687621733979,0.2857142857142857,0.27662784670905805,0.050154476459112196,0.05924091546433975,0.17103501525557807,3.4919999999999995,-0.004380952380952406,-0.09200000000000053,0.2857142857142857,,WATCH
135,Draw,2.40-3.20,-0.02-0.02,0.34+,28,0.6328694267865345,0.6326609361279919,0.00020849065854255944,0.3236279015629327,0.32142857142857145,0.31665369102273017,0.0021993301343612437,0.006974210540202427,-0.02471120648997597,3.017285714285714,-0.014071428571428608,-0.394000000000001,0.32142857142857145,,WATCH
39,Draw,3.20-4.00,-0.02-0.02,0.34+,62,0.585034093022462,0.586618423000257,-0.001584329977795007,0.25563536243443374,0.27419354838709675,0.2646673262793775,-0.01855818595266301,-0.009031963844943806,-0.08299611909656358,3.5923870967741935,-0.019741935483870956,-1.2239999999999993,0.27419354838709675,,WATCH
