fixture_id,date_utc,season,round,league_id,league,home_team_id,away_team_id,home_team,away_team,home_goals,away_goals,avg_odds_home,avg_odds_draw,avg_odds_away,avg_odds_over25,avg_odds_under25,n_bookmakers
719349,2021-08-13 18:30:00,2021,Regular Season - 1,78,Bundesliga,163,157,Borussia Monchengladbach,Bayern Munich,1,1,5.5,4.6,1.53,1.3,3.4,1
710556,2021-08-13 19:00:00,2021,Regular Season - 1,39,Premier League,55,42,Brentford,Arsenal,2,0,4.12,3.88,1.94,1.9,2.04,1
720746,2021-08-13 19:00:00,2021,Regular Season - 1,140,La Liga,532,546,Valencia,Getafe,1,0,2.34,3.1,3.15,2.38,1.51,1
710561,2021-08-14 11:30:00,2021,Regular Season - 1,39,Premier League,33,63,Manchester United,Leeds,5,1,1.57,4.58,6.25,1.71,2.33,1
719351,2021-08-14 13:30:00,2021,Regular Season - 1,78,Bundesliga,161,176,VfL Wolfsburg,Vfl Bochum,1,0,1.56,4.25,5.75,1.58,2.38,1
719352,2021-08-14 13:30:00,2021,Regular Season - 1,78,Bundesliga,182,168,Union Berlin,Bayer Leverkusen,1,1,2.83,3.44,2.65,1.91,2,1
719353,2021-08-14 13:30:00,2021,Regular Season - 1,78,Bundesliga,172,178,VfB Stuttgart,SpVgg Greuther Furth,5,1,1.91,4.12,4,1.66,2.41,1
719355,2021-08-14 13:30:00,2021,Regular Season - 1,78,Bundesliga,170,167,FC Augsburg,1899 Hoffenheim,0,4,3.34,3.74,2.22,1.69,2.37,1
719356,2021-08-14 13:30:00,2021,Regular Season - 1,78,Bundesliga,188,160,Arminia Bielefeld,SC Freiburg,0,0,3.04,3.33,2.54,2.07,1.85,1
710557,2021-08-14 14:00:00,2021,Regular Season - 1,39,Premier League,44,51,Burnley,Brighton,1,2,3.26,3.13,2.56,2.54,1.61,1
710558,2021-08-14 14:00:00,2021,Regular Season - 1,39,Premier League,49,52,Chelsea,Crystal Palace,3,0,1.26,6.1,13,1.78,2.04,1
710559,2021-08-14 14:00:00,2021,Regular Season - 1,39,Premier League,45,41,Everton,Southampton,3,1,2.02,3.66,4.02,2.14,1.82,1
710560,2021-08-14 14:00:00,2021,Regular Season - 1,39,Premier League,46,39,Leicester,Wolves,1,0,1.7,3.7,5.5,2.02,1.8,1
710565,2021-08-14 14:00:00,2021,Regular Season - 1,39,Premier League,38,66,Watford,Aston Villa,3,2,3.21,3.32,2.45,2.09,1.83,1
710563,2021-08-14 16:30:00,2021,Regular Season - 1,39,Premier League,71,40,Norwich,Liverpool,0,3,8.5,5.5,1.33,1.5,2.5,1
719350,2021-08-14 16:30:00,2021,Regular Season - 1,78,Bundesliga,165,169,Borussia Dortmund,Eintracht Frankfurt,5,2,1.4,5,6.5,1.36,3,1
720742,2021-08-14 17:30:00,2021,Regular Season - 1,140,La Liga,798,543,Mallorca,Real Betis,1,1,3.35,3.2,2.23,2.1,1.76,1
720739,2021-08-14 20:00:00,2021,Regular Season - 1,140,La Liga,542,541,Alaves,Real Madrid,1,4,7,4.5,1.43,1.73,2.12,1
710562,2021-08-15 13:00:00,2021,Regular Season - 1,39,Premier League,34,48,Newcastle,West Ham,2,4,3.3,3.55,2.17,1.92,1.88,1
719354,2021-08-15 13:30:00,2021,Regular Season - 1,78,Bundesliga,164,173,FSV Mainz 05,RB Leipzig,1,0,9,5,1.35,1.57,2.3,1
710564,2021-08-15 15:30:00,2021,Regular Season - 1,39,Premier League,47,50,Tottenham,Manchester City,1,0,5.7,4.2,1.7,2.12,1.82,1
719357,2021-08-15 15:30:00,2021,Regular Season - 1,78,Bundesliga,192,159,1.FC Köln,Hertha Berlin,3,1,2.6,3.25,2.8,1.91,1.8,1
720741,2021-08-15 15:30:00,2021,Regular Season - 1,140,La Liga,538,530,Celta Vigo,Atletico Madrid,1,2,4.1,3.15,2.04,2.23,1.66,1
720740,2021-08-15 18:00:00,2021,Regular Season - 1,140,La Liga,529,548,Barcelona,Real Sociedad,4,2,1.65,4.3,4.7,1.57,2.4,1
720745,2021-08-15 20:15:00,2021,Regular Season - 1,140,La Liga,536,728,Sevilla,Rayo Vallecano,3,0,1.41,4.6,7.5,1.88,1.92,1
720747,2021-08-16 18:00:00,2021,Regular Season - 1,140,La Liga,533,715,Villarreal,Granada CF,0,0,1.52,4.1,5.8,1.8,1.92,1
719359,2021-08-20 18:30:00,2021,Regular Season - 2,78,Bundesliga,173,172,RB Leipzig,VfB Stuttgart,4,0,1.44,4.6,6.5,1.44,2.62,1
710571,2021-08-21 11:30:00,2021,Regular Season - 2,39,Premier League,40,44,Liverpool,Burnley,2,0,1.21,6.2,12,2.28,1.56,1
719360,2021-08-21 13:30:00,2021,Regular Season - 2,78,Bundesliga,169,170,Eintracht Frankfurt,FC Augsburg,0,0,1.62,4.2,5,1.57,2.3,1
719362,2021-08-21 13:30:00,2021,Regular Season - 2,78,Bundesliga,160,165,SC Freiburg,Borussia Dortmund,2,1,5.8,4.5,1.53,1.44,2.62,1
719364,2021-08-21 13:30:00,2021,Regular Season - 2,78,Bundesliga,159,161,Hertha Berlin,VfL Wolfsburg,1,2,3.08,3.6,2.42,1.89,2.06,1
719365,2021-08-21 13:30:00,2021,Regular Season - 2,78,Bundesliga,176,164,Vfl Bochum,FSV Mainz 05,2,0,2.6,3.45,2.5,1.72,2,1
719366,2021-08-21 13:30:00,2021,Regular Season - 2,78,Bundesliga,178,188,SpVgg Greuther Furth,Arminia Bielefeld,1,1,2.5,3.3,2.7,1.93,1.78,1
710567,2021-08-21 14:00:00,2021,Regular Season - 2,39,Premier League,66,34,Aston Villa,Newcastle,2,0,1.85,4.08,4.32,1.8,2.17,1
710569,2021-08-21 14:00:00,2021,Regular Season - 2,39,Premier League,52,55,Crystal Palace,Brentford,0,0,2.55,3.1,2.85,2.24,1.58,1
710570,2021-08-21 14:00:00,2021,Regular Season - 2,39,Premier League,63,45,Leeds,Everton,2,2,2.28,3.4,2.95,1.66,2.1,1
710572,2021-08-21 14:00:00,2021,Regular Season - 2,39,Premier League,50,71,Manchester City,Norwich,5,0,1.1,8.8,20,1.83,1.88,1
720749,2021-08-21 15:00:00,2021,Regular Season - 2,140,La Liga,542,798,Alaves,Mallorca,0,1,2.3,3.1,3.4,2.3,1.57,1
710568,2021-08-21 16:30:00,2021,Regular Season - 2,39,Premier League,51,38,Brighton,Watford,2,0,1.7,3.5,5,2.15,1.63,1
719361,2021-08-21 16:30:00,2021,Regular Season - 2,78,Bundesliga,168,163,Bayer Leverkusen,Borussia Monchengladbach,4,0,2.28,3.55,2.85,1.56,2.28,1
731587,2021-08-21 16:30:00,2021,Regular Season - 1,135,Serie A,504,488,Verona,Sassuolo,2,3,2.52,3.45,2.8,1.85,1.97,1
731588,2021-08-21 16:30:00,2021,Regular Season - 1,135,Serie A,505,495,Inter,Genoa,4,0,1.32,4.9,9.2,1.6,2.2,1
720754,2021-08-21 17:30:00,2021,Regular Season - 2,140,La Liga,715,532,Granada CF,Valencia,1,1,2.59,3.34,3.02,2.37,1.69,1
731586,2021-08-21 18:45:00,2021,Regular Season - 1,135,Serie A,511,487,Empoli,Lazio,1,3,4.5,3.9,1.69,1.67,2.08,1
731592,2021-08-21 18:45:00,2021,Regular Season - 1,135,Serie A,503,499,Torino,Atalanta,1,2,5,4.2,1.59,1.54,2.32,1
710573,2021-08-22 13:00:00,2021,Regular Season - 2,39,Premier League,41,33,Southampton,Manchester United,1,1,5,4.1,1.59,1.67,2.07,1
710575,2021-08-22 13:00:00,2021,Regular Season - 2,39,Premier League,39,47,Wolves,Tottenham,0,1,3.05,3.1,2.4,2.05,1.69,1
719363,2021-08-22 13:30:00,2021,Regular Season - 2,78,Bundesliga,167,182,1899 Hoffenheim,Union Berlin,2,2,1.99,3.6,3.45,1.68,2.06,1
720758,2021-08-22 15:00:00,2021,Regular Season - 2,140,La Liga,548,728,Real Sociedad,Rayo Vallecano,1,0,1.48,4.5,8.3,1.84,2.12,1
710566,2021-08-22 15:30:00,2021,Regular Season - 2,39,Premier League,42,49,Arsenal,Chelsea,0,2,4.5,3.55,1.76,2.07,1.67,1
719358,2021-08-22 15:30:00,2021,Regular Season - 2,78,Bundesliga,157,192,Bayern Munich,1.FC Köln,3,2,1.12,8.5,21,1.29,3.5,1
731584,2021-08-22 16:30:00,2021,Regular Season - 1,135,Serie A,500,514,Bologna,Salernitana,3,2,1.69,4.12,5.55,1.85,2.1,1
731593,2021-08-22 16:30:00,2021,Regular Season - 1,135,Serie A,494,496,Udinese,Juventus,2,2,6.4,4.4,1.46,1.71,2.02,1
731589,2021-08-22 18:45:00,2021,Regular Season - 1,135,Serie A,492,517,Napoli,Venezia,2,0,1.25,6,12,1.44,2.62,1
731590,2021-08-22 18:45:00,2021,Regular Season - 1,135,Serie A,497,502,AS Roma,Fiorentina,3,1,1.75,3.85,4.35,1.68,2.2,1
720756,2021-08-22 20:00:00,2021,Regular Season - 2,140,La Liga,539,541,Levante,Real Madrid,3,3,4.6,4.1,1.64,1.57,2.26,1
731585,2021-08-23 16:30:00,2021,Regular Season - 1,135,Serie A,490,515,Cagliari,Spezia,2,2,1.95,3.65,4,1.88,1.93,1
720753,2021-08-23 18:00:00,2021,Regular Season - 2,140,La Liga,546,536,Getafe,Sevilla,0,1,3.5,3.1,2.25,2.5,1.5,1
731591,2021-08-23 18:45:00,2021,Regular Season - 1,135,Serie A,498,489,Sampdoria,AC Milan,0,1,3.75,3.55,1.93,1.74,2,1
710574,2021-08-23 19:00:00,2021,Regular Season - 2,39,Premier League,48,46,West Ham,Leicester,4,1,2.55,3.35,2.65,1.76,1.96,1
731603,2021-08-27 16:30:00,2021,Regular Season - 2,135,Serie A,494,517,Udinese,Venezia,3,0,1.67,3.75,4.9,1.97,1.74,1
719368,2021-08-27 18:30:00,2021,Regular Season - 3,78,Bundesliga,165,167,Borussia Dortmund,1899 Hoffenheim,3,2,1.44,4.75,6.5,1.33,3.25,1
731597,2021-08-27 18:45:00,2021,Regular Season - 2,135,Serie A,504,505,Verona,Inter,1,3,5.2,4.2,1.56,1.59,2.22,1
720766,2021-08-27 20:15:00,2021,Regular Season - 3,140,La Liga,532,542,Valencia,Alaves,3,0,1.8,3.6,4.4,2.23,1.66,1
710580,2021-08-28 11:30:00,2021,Regular Season - 3,39,Premier League,50,42,Manchester City,Arsenal,5,0,1.27,6.5,13,1.64,2.48,1
719371,2021-08-28 13:30:00,2021,Regular Season - 3,78,Bundesliga,172,160,VfB Stuttgart,SC Freiburg,2,3,2.19,3.4,3.15,1.69,2.05,1
719372,2021-08-28 13:30:00,2021,Regular Season - 3,78,Bundesliga,164,178,FSV Mainz 05,SpVgg Greuther Furth,3,0,1.68,3.9,4.6,1.68,2.07,1
719373,2021-08-28 13:30:00,2021,Regular Season - 3,78,Bundesliga,170,168,FC Augsburg,Bayer Leverkusen,1,4,4.5,3.8,1.71,1.75,1.96,1
719374,2021-08-28 13:30:00,2021,Regular Season - 3,78,Bundesliga,188,169,Arminia Bielefeld,Eintracht Frankfurt,1,1,3.35,3.5,2.06,1.74,1.97,1
719375,2021-08-28 13:30:00,2021,Regular Season - 3,78,Bundesliga,192,176,1.FC Köln,Vfl Bochum,2,1,1.83,3.7,3.95,1.69,2.05,1
710576,2021-08-28 14:00:00,2021,Regular Season - 3,39,Premier League,66,55,Aston Villa,Brentford,1,1,1.97,3.45,3.65,1.9,1.8,1
710577,2021-08-28 14:00:00,2021,Regular Season - 3,39,Premier League,51,45,Brighton,Everton,0,2,2.28,3.15,3.2,2.16,1.62,1
710581,2021-08-28 14:00:00,2021,Regular Season - 3,39,Premier League,34,41,Newcastle,Southampton,2,2,2.55,3.55,2.9,1.79,2.02,1
710582,2021-08-28 14:00:00,2021,Regular Season - 3,39,Premier League,71,46,Norwich,Leicester,1,2,3.95,3.55,1.88,1.75,1.96,1
710584,2021-08-28 14:00:00,2021,Regular Season - 3,39,Premier League,48,52,West Ham,Crystal Palace,2,2,1.6,4.1,6.6,1.86,1.94,1
710579,2021-08-28 16:30:00,2021,Regular Season - 3,39,Premier League,40,49,Liverpool,Chelsea,1,1,2.43,3.2,2.9,1.93,1.78,1
719367,2021-08-28 16:30:00,2021,Regular Season - 3,78,Bundesliga,157,159,Bayern Munich,Hertha Berlin,5,0,1.18,7.5,15,1.25,3.75,1
731594,2021-08-28 16:30:00,2021,Regular Season - 2,135,Serie A,499,500,Atalanta,Bologna,0,0,1.33,5.5,9,1.4,2.75,1
731599,2021-08-28 16:30:00,2021,Regular Season - 2,135,Serie A,487,515,Lazio,Spezia,6,1,1.33,5,10,1.53,2.38,1
720765,2021-08-28 17:30:00,2021,Regular Season - 3,140,La Liga,548,539,Real Sociedad,Levante,1,0,1.62,4.38,5.75,1.82,2.14,1
731595,2021-08-28 18:45:00,2021,Regular Season - 2,135,Serie A,502,503,Fiorentina,Torino,2,1,2.22,3.55,3.5,2.08,1.8,1
731598,2021-08-28 18:45:00,2021,Regular Season - 2,135,Serie A,496,511,Juventus,Empoli,0,1,1.25,5.8,12,1.44,2.62,1
720761,2021-08-28 20:00:00,2021,Regular Season - 3,140,La Liga,543,541,Real Betis,Real Madrid,0,1,4.18,3.96,1.9,1.71,2.33,1
710578,2021-08-29 13:00:00,2021,Regular Season - 3,39,Premier League,44,63,Burnley,Leeds,1,1,3,3.4,2.26,1.67,2.08,1
710583,2021-08-29 13:00:00,2021,Regular Season - 3,39,Premier League,47,38,Tottenham,Watford,1,0,1.44,4.54,8.86,1.87,2.04,1
719370,2021-08-29 13:30:00,2021,Regular Season - 3,78,Bundesliga,182,163,Union Berlin,Borussia Monchengladbach,2,1,2.49,3.25,2.75,1.75,1.97,1
720760,2021-08-29 15:00:00,2021,Regular Season - 3,140,La Liga,529,546,Barcelona,Getafe,2,1,1.42,4.6,6.8,1.69,2.05,1
710585,2021-08-29 15:30:00,2021,Regular Season - 3,39,Premier League,39,33,Wolves,Manchester United,0,1,5.21,3.65,1.79,1.95,1.95,1
719369,2021-08-29 15:30:00,2021,Regular Season - 3,78,Bundesliga,161,173,VfL Wolfsburg,RB Leipzig,1,0,3.4,3.45,2.04,1.75,1.97,1
731596,2021-08-29 16:30:00,2021,Regular Season - 2,135,Serie A,495,492,Genoa,Napoli,1,2,6,4.33,1.53,1.6,2.25,1
731602,2021-08-29 16:30:00,2021,Regular Season - 2,135,Serie A,488,498,Sassuolo,Sampdoria,0,0,1.99,3.7,3.4,1.57,2.26,1
720767,2021-08-29 17:30:00,2021,Regular Season - 3,140,La Liga,728,715,Rayo Vallecano,Granada CF,4,0,2.55,3.1,2.8,2.21,1.6,1
731600,2021-08-29 18:45:00,2021,Regular Season - 2,135,Serie A,489,490,AC Milan,Cagliari,4,1,1.44,4.7,6.2,1.56,2.29,1
731601,2021-08-29 18:45:00,2021,Regular Season - 2,135,Serie A,514,497,Salernitana,AS Roma,0,4,5.4,4.2,1.54,1.59,2.21,1
720759,2021-08-29 20:00:00,2021,Regular Season - 3,140,La Liga,530,533,Atletico Madrid,Villarreal,2,2,1.76,3.4,4.8,2.17,1.61,1
710589,2021-09-11 11:30:00,2021,Regular Season - 4,39,Premier League,52,47,Crystal Palace,Tottenham,3,0,4,3.4,1.9,2.02,1.71,1
731607,2021-09-11 13:00:00,2021,Regular Season - 3,135,Serie A,511,517,Empoli,Venezia,1,2,1.78,3.75,4.1,1.74,1.98,1
719378,2021-09-11 13:30:00,2021,Regular Season - 4,78,Bundesliga,168,165,Bayer Leverkusen,Borussia Dortmund,3,4,2.95,3.75,2.16,1.96,1.76,1
719379,2021-09-11 13:30:00,2021,Regular Season - 4,78,Bundesliga,182,170,Union Berlin,FC Augsburg,0,0,1.67,3.85,4.7,1.8,1.9,1
719381,2021-09-11 13:30:00,2021,Regular Season - 4,78,Bundesliga,160,192,SC Freiburg,1.FC Köln,1,1,2.08,3.6,3.2,1.64,2.13,1
719382,2021-09-11 13:30:00,2021,Regular Season - 4,78,Bundesliga,167,164,1899 Hoffenheim,FSV Mainz 05,0,2,2.02,3.65,3.4,1.6,2.35,1
719384,2021-09-11 13:30:00,2021,Regular Season - 4,78,Bundesliga,178,161,SpVgg Greuther Furth,VfL Wolfsburg,0,2,5.2,4.3,1.55,1.57,2.26,1
710586,2021-09-11 14:00:00,2021,Regular Season - 4,39,Premier League,42,71,Arsenal,Norwich,1,0,1.5,4.4,5.8,1.65,2.11,1
710587,2021-09-11 14:00:00,2021,Regular Season - 4,39,Premier League,55,51,Brentford,Brighton,0,1,2.8,3.05,2.6,2.38,1.51,1
710592,2021-09-11 14:00:00,2021,Regular Season - 4,39,Premier League,46,50,Leicester,Manchester City,0,1,5.75,4.1,1.61,1.74,2.1,1
710593,2021-09-11 14:00:00,2021,Regular Season - 4,39,Premier League,33,34,Manchester United,Newcastle,4,1,1.2,7,15,1.44,2.62,1
710594,2021-09-11 14:00:00,2021,Regular Season - 4,39,Premier League,41,48,Southampton,West Ham,0,0,2.8,3.35,2.42,1.65,2.11,1
710595,2021-09-11 14:00:00,2021,Regular Season - 4,39,Premier League,38,39,Watford,Wolves,0,2,3.25,3.1,2.27,2.22,1.59,1
731609,2021-09-11 16:00:00,2021,Regular Season - 3,135,Serie A,492,496,Napoli,Juventus,2,1,2.35,3.5,3.1,1.92,1.89,1
710588,2021-09-11 16:30:00,2021,Regular Season - 4,39,Premier League,49,66,Chelsea,Aston Villa,3,0,1.3,5.2,9.4,1.72,2.01,1
719376,2021-09-11 16:30:00,2021,Regular Season - 4,78,Bundesliga,173,157,RB Leipzig,Bayern Munich,1,4,3,3.8,2.11,2.06,1.68,1
720774,2021-09-11 16:30:00,2021,Regular Season - 4,140,La Liga,539,728,Levante,Rayo Vallecano,1,1,2.05,3.35,3.55,1.98,1.83,1
731604,2021-09-11 18:45:00,2021,Regular Season - 3,135,Serie A,499,502,Atalanta,Fiorentina,1,2,1.57,4.2,5.8,1.5,2.5,1
731611,2021-09-12 10:30:00,2021,Regular Season - 3,135,Serie A,498,505,Sampdoria,Inter,2,2,4.9,4,1.64,1.7,2.12,1
731606,2021-09-12 13:00:00,2021,Regular Season - 3,135,Serie A,490,495,Cagliari,Genoa,2,3,2.16,3.42,3.73,1.89,2.02,1
731612,2021-09-12 13:00:00,2021,Regular Season - 3,135,Serie A,515,494,Spezia,Udinese,0,1,3.17,3.62,2.35,1.97,1.97,1
731613,2021-09-12 13:00:00,2021,Regular Season - 3,135,Serie A,503,514,Torino,Salernitana,4,0,1.59,3.9,5.4,1.86,1.84,1
719377,2021-09-12 13:30:00,2021,Regular Season - 4,78,Bundesliga,169,172,Eintracht Frankfurt,VfB Stuttgart,1,1,2.02,3.7,3.3,2.12,1.65,1
710591,2021-09-12 15:30:00,2021,Regular Season - 4,39,Premier League,63,40,Leeds,Liverpool,0,3,4.6,4,1.73,1.57,2.3,1
719383,2021-09-12 15:30:00,2021,Regular Season - 4,78,Bundesliga,176,159,Vfl Bochum,Hertha Berlin,1,3,2.92,3.38,2.65,2,1.94,1
731608,2021-09-12 16:00:00,2021,Regular Season - 3,135,Serie A,489,487,AC Milan,Lazio,2,0,2.24,3.66,3.36,1.72,2.31,1
719380,2021-09-12 17:30:00,2021,Regular Season - 4,78,Bundesliga,163,188,Borussia Monchengladbach,Arminia Bielefeld,3,1,1.52,4.68,6.8,1.79,2.19,1
731610,2021-09-12 18:45:00,2021,Regular Season - 3,135,Serie A,497,488,AS Roma,Sassuolo,2,1,1.53,4.5,5.8,1.5,2.5,1
720776,2021-09-12 19:00:00,2021,Regular Season - 4,140,La Liga,541,538,Real Madrid,Celta Vigo,5,2,1.36,5,8.5,1.53,2.38,1
731605,2021-09-13 18:45:00,2021,Regular Season - 3,135,Serie A,500,504,Bologna,Verona,1,0,2.12,3.55,3.15,1.67,2.08,1
710590,2021-09-13 19:00:00,2021,Regular Season - 4,39,Premier League,45,44,Everton,Burnley,3,1,1.68,3.7,5,1.97,1.75,1
720772,2021-09-13 20:00:00,2021,Regular Season - 4,140,La Liga,715,543,Granada CF,Real Betis,1,2,3.1,3.25,2.38,2.1,1.67,1
719391,2021-09-17 18:30:00,2021,Regular Season - 5,78,Bundesliga,159,178,Hertha Berlin,SpVgg Greuther Furth,2,1,1.76,4.08,4.88,1.84,2.12,1
731621,2021-09-17 18:45:00,2021,Regular Season - 4,135,Serie A,488,503,Sassuolo,Torino,0,1,1.95,3.78,4.18,1.71,2.33,1
710601,2021-09-17 19:00:00,2021,Regular Season - 5,39,Premier League,34,63,Newcastle,Leeds,1,1,3,3.55,2.19,1.59,2.22,1
710605,2021-09-18 11:30:00,2021,Regular Season - 5,39,Premier League,39,55,Wolves,Brentford,0,2,1.95,3.3,4.9,2.4,1.57,1
720787,2021-09-18 12:00:00,2021,Regular Season - 5,140,La Liga,728,546,Rayo Vallecano,Getafe,3,0,2.4,3,3.3,2.62,1.44,1
731615,2021-09-18 13:00:00,2021,Regular Season - 4,135,Serie A,495,502,Genoa,Fiorentina,1,2,3.3,3.25,2.16,1.84,1.88,1
719385,2021-09-18 13:30:00,2021,Regular Season - 5,78,Bundesliga,157,176,Bayern Munich,Vfl Bochum,7,0,1.06,12,34,1.2,4.33,1
719389,2021-09-18 13:30:00,2021,Regular Season - 5,78,Bundesliga,164,160,FSV Mainz 05,SC Freiburg,0,0,2.13,3.67,3.57,1.86,2.06,1
719390,2021-09-18 13:30:00,2021,Regular Season - 5,78,Bundesliga,170,163,FC Augsburg,Borussia Monchengladbach,1,0,3.9,3.85,1.8,1.54,2.31,1
719392,2021-09-18 13:30:00,2021,Regular Season - 5,78,Bundesliga,188,167,Arminia Bielefeld,1899 Hoffenheim,0,0,3.5,3.5,2.01,1.68,2.06,1
710598,2021-09-18 14:00:00,2021,Regular Season - 5,39,Premier League,44,42,Burnley,Arsenal,0,1,3.75,3.4,1.98,1.99,1.74,1
710599,2021-09-18 14:00:00,2021,Regular Season - 5,39,Premier League,40,52,Liverpool,Crystal Palace,3,0,1.22,6.5,15,1.5,2.5,1
710600,2021-09-18 14:00:00,2021,Regular Season - 5,39,Premier League,50,41,Manchester City,Southampton,0,0,1.15,8,17,1.36,3,1
710602,2021-09-18 14:00:00,2021,Regular Season - 5,39,Premier League,71,38,Norwich,Watford,1,3,2.2,3.5,3.6,2.07,1.75,1
731617,2021-09-18 16:00:00,2021,Regular Season - 4,135,Serie A,505,500,Inter,Bologna,6,1,1.36,5,7.4,2.29,1.55,1
710596,2021-09-18 16:30:00,2021,Regular Season - 5,39,Premier League,66,45,Aston Villa,Everton,3,0,2.33,3.25,3,1.94,1.78,1
719393,2021-09-18 16:30:00,2021,Regular Season - 5,78,Bundesliga,192,173,1.FC Köln,RB Leipzig,1,1,4.1,3.95,1.75,1.56,2.27,1
731620,2021-09-18 18:45:00,2021,Regular Season - 4,135,Serie A,514,499,Salernitana,Atalanta,0,1,10,5.95,1.33,2.38,1.68,1
731614,2021-09-19 10:30:00,2021,Regular Season - 4,135,Serie A,511,498,Empoli,Sampdoria,0,3,2.6,3.5,2.5,1.67,2.08,1
720784,2021-09-19 12:00:00,2021,Regular Season - 5,140,La Liga,798,533,Mallorca,Villarreal,0,0,3.66,3.3,2.27,2.37,1.69,1
710597,2021-09-19 13:00:00,2021,Regular Season - 5,39,Premier League,51,46,Brighton,Leicester,2,1,2.7,3.25,2.8,2.1,1.74,1
710604,2021-09-19 13:00:00,2021,Regular Season - 5,39,Premier League,48,33,West Ham,Manchester United,1,2,4.7,4,1.85,2.02,1.87,1
731623,2021-09-19 13:00:00,2021,Regular Season - 4,135,Serie A,517,515,Venezia,Spezia,1,2,2.36,3.4,2.85,1.67,2.08,1
719388,2021-09-19 13:30:00,2021,Regular Season - 5,78,Bundesliga,172,168,VfB Stuttgart,Bayer Leverkusen,1,3,3.25,3.6,2.15,1.53,2.38,1
720785,2021-09-19 14:15:00,2021,Regular Season - 5,140,La Liga,548,536,Real Sociedad,Sevilla,0,0,2.7,3.24,2.95,2.25,1.75,1
710603,2021-09-19 15:30:00,2021,Regular Season - 5,39,Premier League,47,49,Tottenham,Chelsea,0,3,4.95,3.9,1.78,2.05,1.76,1
719386,2021-09-19 15:30:00,2021,Regular Season - 5,78,Bundesliga,165,182,Borussia Dortmund,Union Berlin,4,2,1.33,5.5,8.5,1.44,2.62,1
731616,2021-09-19 16:00:00,2021,Regular Season - 4,135,Serie A,504,497,Verona,AS Roma,3,2,4,3.8,1.79,1.66,2.09,1
731619,2021-09-19 16:00:00,2021,Regular Season - 4,135,Serie A,487,490,Lazio,Cagliari,2,2,1.47,4.88,7.5,1.64,2.48,1
719387,2021-09-19 17:30:00,2021,Regular Season - 5,78,Bundesliga,161,169,VfL Wolfsburg,Eintracht Frankfurt,1,1,1.8,3.7,4.1,1.71,2.02,1
731618,2021-09-19 18:45:00,2021,Regular Season - 4,135,Serie A,496,489,Juventus,AC Milan,1,1,2.08,3.72,3.74,1.82,2.15,1
720786,2021-09-19 19:00:00,2021,Regular Season - 5,140,La Liga,532,541,Valencia,Real Madrid,1,2,3.65,3.75,1.88,1.66,2.09,1
731622,2021-09-20 18:45:00,2021,Regular Season - 4,135,Serie A,494,492,Udinese,Napoli,0,4,4.1,3.6,1.81,1.78,1.94,1
720781,2021-09-20 19:00:00,2021,Regular Season - 5,140,La Liga,529,715,Barcelona,Granada CF,1,1,1.29,5.6,10.5,2.28,1.62,1
731625,2021-09-21 16:30:00,2021,Regular Season - 5,135,Serie A,500,495,Bologna,Genoa,2,2,1.99,3.5,3.55,1.75,1.96,1
720790,2021-09-21 17:30:00,2021,Regular Season - 6,140,La Liga,546,530,Getafe,Atletico Madrid,1,2,5.8,3.4,1.7,2.62,1.44,1
731624,2021-09-21 18:45:00,2021,Regular Season - 5,135,Serie A,499,488,Atalanta,Sassuolo,2,1,1.55,4.33,5.8,1.44,2.62,1
731627,2021-09-21 18:45:00,2021,Regular Season - 5,135,Serie A,502,505,Fiorentina,Inter,1,3,3.55,3.7,1.93,1.59,2.22,1
720794,2021-09-21 20:00:00,2021,Regular Season - 6,140,La Liga,539,538,Levante,Celta Vigo,0,2,2.48,3.3,2.75,1.89,1.81,1
731630,2021-09-22 16:30:00,2021,Regular Season - 5,135,Serie A,514,504,Salernitana,Verona,2,2,3.78,3.48,2.15,2.14,1.82,1
731632,2021-09-22 16:30:00,2021,Regular Season - 5,135,Serie A,515,496,Spezia,Juventus,2,3,9.5,5,1.35,1.53,2.38,1
720797,2021-09-22 17:30:00,2021,Regular Season - 6,140,La Liga,536,532,Sevilla,Valencia,3,1,1.61,4.12,6.18,2.08,1.84,1
731626,2021-09-22 18:45:00,2021,Regular Season - 5,135,Serie A,490,511,Cagliari,Empoli,0,2,1.95,3.7,3.5,1.62,2.16,1
731628,2021-09-22 18:45:00,2021,Regular Season - 5,135,Serie A,489,517,AC Milan,Venezia,2,0,1.22,6,15,1.44,2.62,1
720796,2021-09-22 20:00:00,2021,Regular Season - 6,140,La Liga,541,798,Real Madrid,Mallorca,6,1,1.24,6,11,1.54,2.32,1
731631,2021-09-23 16:30:00,2021,Regular Season - 5,135,Serie A,498,492,Sampdoria,Napoli,0,4,4.2,3.75,1.78,1.74,1.99,1
731633,2021-09-23 16:30:00,2021,Regular Season - 5,135,Serie A,503,487,Torino,Lazio,1,1,3.45,3.6,2.22,1.99,1.91,1
720792,2021-09-23 17:30:00,2021,Regular Season - 6,140,La Liga,715,548,Granada CF,Real Sociedad,2,3,3.92,3.46,2.12,2.13,1.83,1
731629,2021-09-23 18:45:00,2021,Regular Season - 5,135,Serie A,497,494,AS Roma,Udinese,1,0,1.51,4.4,5.6,1.56,2.27,1
719402,2021-09-24 18:30:00,2021,Regular Season - 6,78,Bundesliga,178,157,SpVgg Greuther Furth,Bayern Munich,1,3,21,9.5,1.11,1.17,4.5,1
710608,2021-09-25 11:30:00,2021,Regular Season - 6,39,Premier League,49,50,Chelsea,Manchester City,0,1,2.65,3.2,2.7,2.09,1.72,1
710613,2021-09-25 11:30:00,2021,Regular Season - 6,39,Premier League,33,66,Manchester United,Aston Villa,0,1,1.4,4.9,7,1.58,2.35,1
720799,2021-09-25 12:00:00,2021,Regular Season - 7,140,La Liga,542,530,Alaves,Atletico Madrid,1,0,7,3.75,1.55,2.25,1.6,1
731641,2021-09-25 13:00:00,2021,Regular Season - 6,135,Serie A,515,489,Spezia,AC Milan,1,2,5.8,4.5,1.47,1.57,2.26,1
719394,2021-09-25 13:30:00,2021,Regular Season - 6,78,Bundesliga,173,159,RB Leipzig,Hertha Berlin,6,0,1.39,5.45,8.7,1.65,2.45,1
719395,2021-09-25 13:30:00,2021,Regular Season - 6,78,Bundesliga,169,192,Eintracht Frankfurt,1.FC Köln,1,1,2,3.75,3.3,1.56,2.29,1
719396,2021-09-25 13:30:00,2021,Regular Season - 6,78,Bundesliga,168,164,Bayer Leverkusen,FSV Mainz 05,1,0,1.72,3.95,4.3,1.59,2.22,1
719397,2021-09-25 13:30:00,2021,Regular Season - 6,78,Bundesliga,182,188,Union Berlin,Arminia Bielefeld,1,0,1.68,3.7,5,1.96,1.76,1
719400,2021-09-25 13:30:00,2021,Regular Season - 6,78,Bundesliga,167,161,1899 Hoffenheim,VfL Wolfsburg,3,1,2.75,3.4,2.44,1.63,2.15,1
710610,2021-09-25 14:00:00,2021,Regular Season - 6,39,Premier League,45,71,Everton,Norwich,2,0,1.65,3.96,6.06,1.87,2.04,1
710611,2021-09-25 14:00:00,2021,Regular Season - 6,39,Premier League,63,48,Leeds,West Ham,1,2,3.15,3.78,2.3,1.64,2.48,1
710612,2021-09-25 14:00:00,2021,Regular Season - 6,39,Premier League,46,44,Leicester,Burnley,2,2,1.64,4.1,6.4,1.87,2.04,1
710615,2021-09-25 14:00:00,2021,Regular Season - 6,39,Premier League,38,34,Watford,Newcastle,1,1,2.26,3.43,3.46,2.02,1.89,1
731636,2021-09-25 16:00:00,2021,Regular Season - 6,135,Serie A,505,499,Inter,Atalanta,2,2,1.94,3.65,3.55,1.68,2.06,1
710607,2021-09-25 16:30:00,2021,Regular Season - 6,39,Premier League,55,40,Brentford,Liverpool,3,3,6.2,4.4,1.48,1.7,2.03,1
719398,2021-09-25 16:30:00,2021,Regular Season - 6,78,Bundesliga,163,165,Borussia Monchengladbach,Borussia Dortmund,1,0,3.8,4.2,1.78,1.85,1.86,1
731635,2021-09-25 18:45:00,2021,Regular Season - 6,135,Serie A,495,504,Genoa,Verona,3,3,2.84,3.25,2.76,2.06,1.87,1
720804,2021-09-25 19:00:00,2021,Regular Season - 7,140,La Liga,541,533,Real Madrid,Villarreal,0,0,1.48,4.5,5.8,1.55,2.3,1
731637,2021-09-26 10:30:00,2021,Regular Season - 6,135,Serie A,496,498,Juventus,Sampdoria,3,2,1.37,5.45,9.6,1.65,2.45,1
710614,2021-09-26 13:00:00,2021,Regular Season - 6,39,Premier League,41,39,Southampton,Wolves,0,1,2.55,3.15,2.8,1.98,1.74,1
731634,2021-09-26 13:00:00,2021,Regular Season - 6,135,Serie A,511,500,Empoli,Bologna,4,2,2.68,3.75,2.66,1.86,2.04,1
731640,2021-09-26 13:00:00,2021,Regular Season - 6,135,Serie A,488,514,Sassuolo,Salernitana,1,0,1.4,4.6,8.5,1.53,2.38,1
731642,2021-09-26 13:00:00,2021,Regular Season - 6,135,Serie A,494,502,Udinese,Fiorentina,0,1,3.1,3.35,2.6,2.04,1.88,1
719401,2021-09-26 13:30:00,2021,Regular Season - 6,78,Bundesliga,176,172,Vfl Bochum,VfB Stuttgart,0,0,3.1,3.6,2.14,1.58,2.24,1
720800,2021-09-26 14:15:00,2021,Regular Season - 7,140,La Liga,529,539,Barcelona,Levante,3,0,1.44,4.8,7,1.5,2.5,1
710606,2021-09-26 15:30:00,2021,Regular Season - 6,39,Premier League,42,47,Arsenal,Tottenham,3,1,2.27,3.37,3.5,2.03,1.88,1
719399,2021-09-26 15:30:00,2021,Regular Season - 6,78,Bundesliga,160,170,SC Freiburg,FC Augsburg,3,0,1.88,3.5,4,1.88,1.83,1
731638,2021-09-26 16:00:00,2021,Regular Season - 6,135,Serie A,487,497,Lazio,AS Roma,3,2,2.54,3.55,2.88,1.95,1.95,1
731639,2021-09-26 18:45:00,2021,Regular Season - 6,135,Serie A,492,490,Napoli,Cagliari,2,0,1.22,6,15,1.5,2.5,1
720801,2021-09-26 19:00:00,2021,Regular Season - 7,140,La Liga,543,546,Real Betis,Getafe,2,0,1.83,3.72,5,2.31,1.72,1
731643,2021-09-27 18:45:00,2021,Regular Season - 6,135,Serie A,517,503,Venezia,Torino,1,1,3.8,3.55,2.14,2.02,1.89,1
710609,2021-09-27 19:00:00,2021,Regular Season - 6,39,Premier League,52,51,Crystal Palace,Brighton,1,1,3,3.05,2.44,2.24,1.58,1
720802,2021-09-27 19:00:00,2021,Regular Season - 7,140,La Liga,538,715,Celta Vigo,Granada CF,1,0,1.58,4,5.4,1.81,1.9,1
719411,2021-10-01 18:30:00,2021,Regular Season - 7,78,Bundesliga,192,178,1.FC Köln,SpVgg Greuther Furth,3,1,1.5,4.4,6,1.53,2.38,1
731646,2021-10-01 18:45:00,2021,Regular Season - 7,135,Serie A,490,517,Cagliari,Venezia,1,1,1.7,3.8,4.6,1.76,1.95,1
710622,2021-10-02 11:30:00,2021,Regular Season - 7,39,Premier League,33,45,Manchester United,Everton,1,1,1.53,4.5,7.6,2.06,1.85,1
731650,2021-10-02 13:00:00,2021,Regular Season - 7,135,Serie A,514,495,Salernitana,Genoa,1,0,2.9,3.15,2.45,1.93,1.79,1
719405,2021-10-02 13:30:00,2021,Regular Season - 7,78,Bundesliga,165,170,Borussia Dortmund,FC Augsburg,2,1,1.22,6.5,13,1.36,3,1
719406,2021-10-02 13:30:00,2021,Regular Season - 7,78,Bundesliga,161,163,VfL Wolfsburg,Borussia Monchengladbach,1,3,2.13,3.45,3.25,1.71,2.02,1
719407,2021-10-02 13:30:00,2021,Regular Season - 7,78,Bundesliga,172,167,VfB Stuttgart,1899 Hoffenheim,3,1,2.62,3.8,2.45,1.5,2.5,1
719409,2021-10-02 13:30:00,2021,Regular Season - 7,78,Bundesliga,159,160,Hertha Berlin,SC Freiburg,1,2,2.82,3.41,2.67,2.01,1.9,1
710617,2021-10-02 14:00:00,2021,Regular Season - 7,39,Premier League,44,71,Burnley,Norwich,0,0,1.83,3.6,4.1,1.81,1.89,1
710618,2021-10-02 14:00:00,2021,Regular Season - 7,39,Premier League,49,41,Chelsea,Southampton,3,1,1.39,4.6,7.4,1.74,1.99,1
710620,2021-10-02 14:00:00,2021,Regular Season - 7,39,Premier League,63,38,Leeds,Watford,1,0,1.78,4.02,4.9,1.74,2.27,1
710625,2021-10-02 14:00:00,2021,Regular Season - 7,39,Premier League,39,34,Wolves,Newcastle,2,1,1.73,4.05,5.04,1.98,1.93,1
720811,2021-10-02 14:15:00,2021,Regular Season - 8,140,La Liga,798,539,Mallorca,Levante,1,0,2.2,3.42,3.72,2.21,1.78,1
731653,2021-10-02 16:00:00,2021,Regular Season - 7,135,Serie A,503,496,Torino,Juventus,0,1,4.2,3.6,1.8,1.88,1.84,1
710616,2021-10-02 16:30:00,2021,Regular Season - 7,39,Premier League,51,42,Brighton,Arsenal,0,0,2.95,3.1,2.43,1.98,1.74,1
719404,2021-10-02 16:30:00,2021,Regular Season - 7,78,Bundesliga,173,176,RB Leipzig,Vfl Bochum,3,0,1.22,6.5,13,1.4,2.75,1
731652,2021-10-02 18:45:00,2021,Regular Season - 7,135,Serie A,488,505,Sassuolo,Inter,1,2,4.4,4.25,1.74,2,1.82,1
720810,2021-10-02 19:00:00,2021,Regular Season - 8,140,La Liga,530,529,Atletico Madrid,Barcelona,2,0,1.92,3.62,4.43,2.06,1.85,1
731645,2021-10-03 10:30:00,2021,Regular Season - 7,135,Serie A,500,487,Bologna,Lazio,3,0,3.25,3.6,2.34,1.89,2.02,1
710619,2021-10-03 13:00:00,2021,Regular Season - 7,39,Premier League,52,46,Crystal Palace,Leicester,2,2,3.07,3.42,2.48,2.04,1.88,1
710623,2021-10-03 13:00:00,2021,Regular Season - 7,39,Premier League,47,66,Tottenham,Aston Villa,2,1,2.08,3.35,3.45,1.95,1.78,1
710624,2021-10-03 13:00:00,2021,Regular Season - 7,39,Premier League,48,55,West Ham,Brentford,1,2,1.88,3.59,4.7,1.94,1.96,1
731648,2021-10-03 13:00:00,2021,Regular Season - 7,135,Serie A,504,515,Verona,Spezia,4,0,1.62,4.1,4.8,1.59,2.22,1
731651,2021-10-03 13:00:00,2021,Regular Season - 7,135,Serie A,498,494,Sampdoria,Udinese,3,3,2.27,3.38,3.51,1.93,1.97,1
719408,2021-10-03 13:30:00,2021,Regular Season - 7,78,Bundesliga,164,182,FSV Mainz 05,Union Berlin,1,2,2.05,3.25,3.65,2.05,1.69,1
710621,2021-10-03 15:30:00,2021,Regular Season - 7,39,Premier League,40,50,Liverpool,Manchester City,2,2,2.95,3.54,2.53,1.73,2.29,1
719403,2021-10-03 15:30:00,2021,Regular Season - 7,78,Bundesliga,157,169,Bayern Munich,Eintracht Frankfurt,1,2,1.15,8.5,15,1.2,4.33,1
731647,2021-10-03 16:00:00,2021,Regular Season - 7,135,Serie A,502,492,Fiorentina,Napoli,1,2,3.55,3.5,1.99,1.72,2,1
731649,2021-10-03 16:00:00,2021,Regular Season - 7,135,Serie A,497,511,AS Roma,Empoli,2,0,1.36,5.5,7.5,1.4,2.75,1
720812,2021-10-03 16:30:00,2021,Regular Season - 8,140,La Liga,546,548,Getafe,Real Sociedad,1,1,3.7,3.1,2.2,2.62,1.44,1
720817,2021-10-03 16:30:00,2021,Regular Season - 8,140,La Liga,533,543,Villarreal,Real Betis,2,0,2.03,3.84,3.7,1.9,2.01,1
719410,2021-10-03 17:30:00,2021,Regular Season - 7,78,Bundesliga,188,168,Arminia Bielefeld,Bayer Leverkusen,0,4,4.4,3.8,1.74,1.72,2.01,1
731644,2021-10-03 18:45:00,2021,Regular Season - 7,135,Serie A,499,489,Atalanta,AC Milan,2,3,2.06,3.55,3.3,1.64,2.12,1
720814,2021-10-03 19:00:00,2021,Regular Season - 8,140,La Liga,715,536,Granada CF,Sevilla,1,0,5.4,3.58,1.81,2.27,1.74,1
719418,2021-10-15 18:30:00,2021,Regular Season - 8,78,Bundesliga,167,192,1899 Hoffenheim,1.FC Köln,5,0,2,3.75,3.5,1.5,2.5,1
710635,2021-10-16 11:30:00,2021,Regular Season - 8,39,Premier League,38,40,Watford,Liverpool,0,5,9,5,1.35,1.57,2.3,1
731661,2021-10-16 13:00:00,2021,Regular Season - 8,135,Serie A,515,514,Spezia,Salernitana,2,1,2.26,3.4,3.55,1.94,2.02,1
719412,2021-10-16 13:30:00,2021,Regular Season - 8,78,Bundesliga,165,164,Borussia Dortmund,FSV Mainz 05,3,1,1.4,5,7.5,1.44,2.62,1
719413,2021-10-16 13:30:00,2021,Regular Season - 8,78,Bundesliga,169,159,Eintracht Frankfurt,Hertha Berlin,1,2,1.78,4.08,4.74,1.85,2.1,1
719415,2021-10-16 13:30:00,2021,Regular Season - 8,78,Bundesliga,182,161,Union Berlin,VfL Wolfsburg,2,0,2.65,3.15,2.7,2.05,1.69,1
719417,2021-10-16 13:30:00,2021,Regular Season - 8,78,Bundesliga,160,173,SC Freiburg,RB Leipzig,1,1,3.8,3.75,1.86,1.62,2.15,1
719420,2021-10-16 13:30:00,2021,Regular Season - 8,78,Bundesliga,178,176,SpVgg Greuther Furth,Vfl Bochum,0,1,2.36,3.4,2.85,1.74,1.99,1
710627,2021-10-16 14:00:00,2021,Regular Season - 8,39,Premier League,66,39,Aston Villa,Wolves,2,3,2.22,3.15,3.3,2.05,1.69,1
710630,2021-10-16 14:00:00,2021,Regular Season - 8,39,Premier League,46,33,Leicester,Manchester United,4,2,3.6,3.75,2.18,1.99,1.92,1
710631,2021-10-16 14:00:00,2021,Regular Season - 8,39,Premier League,50,44,Manchester City,Burnley,2,0,1.11,9,23,1.4,2.75,1
710633,2021-10-16 14:00:00,2021,Regular Season - 8,39,Premier League,71,51,Norwich,Brighton,0,0,3.55,3.25,2.07,2.04,1.7,1
710634,2021-10-16 14:00:00,2021,Regular Season - 8,39,Premier League,41,63,Southampton,Leeds,1,0,2.34,3.4,2.85,1.64,2.12,1
731658,2021-10-16 16:00:00,2021,Regular Season - 8,135,Serie A,487,505,Lazio,Inter,3,1,3.25,3.4,2.14,1.61,2.18,1
710628,2021-10-16 16:30:00,2021,Regular Season - 8,39,Premier League,55,49,Brentford,Chelsea,0,1,5.8,3.8,1.58,1.99,1.74,1
719416,2021-10-16 16:30:00,2021,Regular Season - 8,78,Bundesliga,163,172,Borussia Monchengladbach,VfB Stuttgart,1,1,1.53,4.5,5.8,1.5,2.5,1
720824,2021-10-16 16:30:00,2021,Regular Season - 9,140,La Liga,539,546,Levante,Getafe,0,0,2.49,2.85,3.15,2.49,1.48,1
731659,2021-10-16 18:45:00,2021,Regular Season - 8,135,Serie A,489,504,AC Milan,Verona,3,2,1.53,4.2,5.6,1.58,2.23,1
720826,2021-10-16 19:00:00,2021,Regular Season - 9,140,La Liga,548,798,Real Sociedad,Mallorca,1,0,1.46,4.4,8.96,2.04,1.88,1
731654,2021-10-17 10:30:00,2021,Regular Season - 8,135,Serie A,490,498,Cagliari,Sampdoria,3,1,2.5,3.3,2.7,1.76,1.96,1
710629,2021-10-17 13:00:00,2021,Regular Season - 8,39,Premier League,45,48,Everton,West Ham,0,1,2.6,3.2,2.7,1.92,1.8,1
731655,2021-10-17 13:00:00,2021,Regular Season - 8,135,Serie A,511,499,Empoli,Atalanta,1,4,5.8,4.2,1.57,1.53,2.38,1
731656,2021-10-17 13:00:00,2021,Regular Season - 8,135,Serie A,495,488,Genoa,Sassuolo,2,2,3.05,3.4,2.23,1.65,2.11,1
731662,2021-10-17 13:00:00,2021,Regular Season - 8,135,Serie A,494,500,Udinese,Bologna,1,1,2.4,3.45,3.25,1.93,1.98,1
719414,2021-10-17 13:30:00,2021,Regular Season - 8,78,Bundesliga,168,157,Bayer Leverkusen,Bayern Munich,1,5,5,4.6,1.57,1.3,3.4,1
720821,2021-10-17 14:15:00,2021,Regular Season - 9,140,La Liga,538,536,Celta Vigo,Sevilla,0,1,3.4,3.05,2.22,2.29,1.56,1
710632,2021-10-17 15:30:00,2021,Regular Season - 8,39,Premier League,34,47,Newcastle,Tottenham,2,3,3.1,3.45,2.19,1.67,2.08,1
719419,2021-10-17 15:30:00,2021,Regular Season - 8,78,Bundesliga,170,188,FC Augsburg,Arminia Bielefeld,1,1,2.29,3.05,3.25,2.13,1.64,1
731660,2021-10-17 16:00:00,2021,Regular Season - 8,135,Serie A,492,503,Napoli,Torino,1,0,1.41,4.7,6.8,1.61,2.18,1
731657,2021-10-17 18:45:00,2021,Regular Season - 8,135,Serie A,496,497,Juventus,AS Roma,1,0,1.88,3.65,3.85,1.68,2.06,1
720820,2021-10-17 19:00:00,2021,Regular Season - 9,140,La Liga,529,532,Barcelona,Valencia,3,1,1.53,4.2,5.6,1.64,2.13,1
720819,2021-10-18 17:00:00,2021,Regular Season - 9,140,La Liga,542,543,Alaves,Real Betis,0,1,3.6,3.25,2.15,2.1,1.67,1
731663,2021-10-18 18:45:00,2021,Regular Season - 8,135,Serie A,517,502,Venezia,Fiorentina,1,0,3.95,3.55,1.86,1.89,1.81,1
710626,2021-10-18 19:00:00,2021,Regular Season - 8,39,Premier League,42,52,Arsenal,Crystal Palace,2,2,1.69,3.88,5.7,1.93,1.98,1
731673,2021-10-22 16:30:00,2021,Regular Season - 9,135,Serie A,503,495,Torino,Genoa,3,2,1.82,3.7,5,2.04,1.9,1
719425,2021-10-22 18:30:00,2021,Regular Season - 9,78,Bundesliga,164,170,FSV Mainz 05,FC Augsburg,4,1,1.75,3.81,5.3,2.1,1.83,1
731671,2021-10-22 18:45:00,2021,Regular Season - 9,135,Serie A,498,515,Sampdoria,Spezia,2,1,1.68,4.1,4.4,1.58,2.24,1
710636,2021-10-22 19:00:00,2021,Regular Season - 9,39,Premier League,42,66,Arsenal,Aston Villa,3,1,1.97,3.55,3.9,1.88,1.92,1
710639,2021-10-23 11:30:00,2021,Regular Season - 9,39,Premier League,49,71,Chelsea,Norwich,7,0,1.19,7,18,1.63,2.28,1
720837,2021-10-23 12:00:00,2021,Regular Season - 10,140,La Liga,532,798,Valencia,Mallorca,2,2,1.69,3.75,5,2.06,1.74,1
731670,2021-10-23 13:00:00,2021,Regular Season - 9,135,Serie A,514,511,Salernitana,Empoli,2,4,2.65,3.3,2.55,1.79,1.93,1
719421,2021-10-23 13:30:00,2021,Regular Season - 9,78,Bundesliga,157,167,Bayern Munich,1899 Hoffenheim,4,0,1.17,8,15,1.2,4.33,1
719422,2021-10-23 13:30:00,2021,Regular Season - 9,78,Bundesliga,173,178,RB Leipzig,SpVgg Greuther Furth,4,1,1.14,8,19,1.36,3,1
719423,2021-10-23 13:30:00,2021,Regular Season - 9,78,Bundesliga,161,160,VfL Wolfsburg,SC Freiburg,0,2,2.16,3.25,3.35,2.03,1.7,1
719427,2021-10-23 13:30:00,2021,Regular Season - 9,78,Bundesliga,188,165,Arminia Bielefeld,Borussia Dortmund,1,3,6.45,4.78,1.53,1.66,2.41,1
710640,2021-10-23 14:00:00,2021,Regular Season - 9,39,Premier League,52,34,Crystal Palace,Newcastle,1,1,1.92,3.5,3.8,1.88,1.83,1
710641,2021-10-23 14:00:00,2021,Regular Season - 9,39,Premier League,45,38,Everton,Watford,2,5,1.66,3.8,5,1.93,1.79,1
710642,2021-10-23 14:00:00,2021,Regular Season - 9,39,Premier League,63,39,Leeds,Wolves,1,1,2.6,3.45,2.92,1.88,1.92,1
710644,2021-10-23 14:00:00,2021,Regular Season - 9,39,Premier League,41,44,Southampton,Burnley,2,2,1.95,3.45,3.75,1.96,1.75,1
731672,2021-10-23 16:00:00,2021,Regular Season - 9,135,Serie A,488,517,Sassuolo,Venezia,3,1,1.59,4.2,4.9,1.57,2.27,1
710638,2021-10-23 16:30:00,2021,Regular Season - 9,39,Premier League,51,50,Brighton,Manchester City,1,4,7.75,5,1.45,1.81,2,1
719426,2021-10-23 16:30:00,2021,Regular Season - 9,78,Bundesliga,159,163,Hertha Berlin,Borussia Monchengladbach,1,0,3.8,3.82,2.03,1.84,2.12,1
731665,2021-10-23 18:45:00,2021,Regular Season - 9,135,Serie A,500,489,Bologna,AC Milan,2,4,3.3,3.5,2.08,1.62,2.16,1
731664,2021-10-24 10:30:00,2021,Regular Season - 9,135,Serie A,499,494,Atalanta,Udinese,1,1,1.4,4.75,8,1.53,2.38,1
720836,2021-10-24 12:00:00,2021,Regular Season - 10,140,La Liga,536,539,Sevilla,Levante,5,3,1.44,4.33,8,1.85,1.85,1
710637,2021-10-24 13:00:00,2021,Regular Season - 9,39,Premier League,55,46,Brentford,Leicester,1,2,2.55,3.35,2.65,1.79,1.93,1
710645,2021-10-24 13:00:00,2021,Regular Season - 9,39,Premier League,48,47,West Ham,Tottenham,1,0,2.33,3.62,3.2,1.82,2.14,1
731666,2021-10-24 13:00:00,2021,Regular Season - 9,135,Serie A,502,490,Fiorentina,Cagliari,3,0,1.71,4.1,5.3,1.99,1.92,1
731667,2021-10-24 13:00:00,2021,Regular Season - 9,135,Serie A,504,487,Verona,Lazio,4,1,3,3.5,2.22,1.65,2.11,1
719428,2021-10-24 13:30:00,2021,Regular Season - 9,78,Bundesliga,192,168,1.FC Köln,Bayer Leverkusen,2,2,3.2,3.8,2.1,1.5,2.5,1
720831,2021-10-24 14:15:00,2021,Regular Season - 10,140,La Liga,529,541,Barcelona,Real Madrid,1,2,2.75,3.5,2.37,1.59,2.22,1
710643,2021-10-24 15:30:00,2021,Regular Season - 9,39,Premier League,33,40,Manchester United,Liverpool,0,5,3.15,3.75,2.3,1.58,2.38,1
719424,2021-10-24 15:30:00,2021,Regular Season - 9,78,Bundesliga,172,182,VfB Stuttgart,Union Berlin,1,1,2.47,3.4,2.7,1.79,1.93,1
731669,2021-10-24 16:00:00,2021,Regular Season - 9,135,Serie A,497,492,AS Roma,Napoli,0,0,2.8,3.45,2.39,1.63,2.15,1
720832,2021-10-24 16:30:00,2021,Regular Season - 10,140,La Liga,543,728,Real Betis,Rayo Vallecano,3,2,1.81,3.9,4.67,1.85,2.06,1
719429,2021-10-24 17:30:00,2021,Regular Season - 9,78,Bundesliga,176,169,Vfl Bochum,Eintracht Frankfurt,2,0,3.05,3.45,2.2,1.8,1.92,1
731668,2021-10-24 18:45:00,2021,Regular Season - 9,135,Serie A,505,496,Inter,Juventus,1,1,2.07,3.55,3.3,1.7,2.03,1
720830,2021-10-24 19:00:00,2021,Regular Season - 10,140,La Liga,530,548,Atletico Madrid,Real Sociedad,2,2,1.68,3.9,6.1,2.31,1.72,1
720833,2021-10-25 19:00:00,2021,Regular Season - 10,140,La Liga,546,538,Getafe,Celta Vigo,0,3,2.6,3,3,2.75,1.4,1
731681,2021-10-26 16:30:00,2021,Regular Season - 10,135,Serie A,515,495,Spezia,Genoa,1,1,2.68,3.45,2.94,2.08,1.86,1
731683,2021-10-26 16:30:00,2021,Regular Season - 10,135,Serie A,517,514,Venezia,Salernitana,1,2,2.04,3.3,3.6,1.97,1.75,1
731678,2021-10-26 18:45:00,2021,Regular Season - 10,135,Serie A,489,503,AC Milan,Torino,1,0,1.65,4.1,6.2,2,1.92,1
731676,2021-10-27 16:30:00,2021,Regular Season - 10,135,Serie A,496,488,Juventus,Sassuolo,1,2,1.44,4.75,7,1.5,2.5,1
731680,2021-10-27 16:30:00,2021,Regular Season - 10,135,Serie A,498,499,Sampdoria,Atalanta,1,3,4.5,4,1.73,1.5,2.5,1
731682,2021-10-27 16:30:00,2021,Regular Season - 10,135,Serie A,494,504,Udinese,Verona,1,1,2.58,3.4,3.05,1.99,1.97,1
720842,2021-10-27 17:00:00,2021,Regular Season - 11,140,La Liga,798,536,Mallorca,Sevilla,1,1,5.05,3.52,1.87,2.4,1.67,1
720847,2021-10-27 17:00:00,2021,Regular Season - 11,140,La Liga,728,529,Rayo Vallecano,Barcelona,1,0,4.6,3.9,1.9,1.94,1.98,1
720840,2021-10-27 18:00:00,2021,Regular Season - 11,140,La Liga,543,532,Real Betis,Valencia,4,1,1.88,3.64,4.56,1.93,1.97,1
731674,2021-10-27 18:45:00,2021,Regular Season - 10,135,Serie A,490,497,Cagliari,AS Roma,1,2,4.7,4.1,1.63,1.55,2.29,1
731675,2021-10-27 18:45:00,2021,Regular Season - 10,135,Serie A,511,505,Empoli,Inter,0,2,5.6,4.7,1.47,2.1,1.66,1
731677,2021-10-27 18:45:00,2021,Regular Season - 10,135,Serie A,487,502,Lazio,Fiorentina,1,0,1.9,3.65,3.7,1.67,2.07,1
720841,2021-10-28 17:00:00,2021,Regular Season - 11,140,La Liga,538,548,Celta Vigo,Real Sociedad,0,2,2.83,3.32,2.76,2.22,1.77,1
720843,2021-10-28 18:00:00,2021,Regular Season - 11,140,La Liga,715,546,Granada CF,Getafe,1,1,2.7,2.8,3.1,2.75,1.4,1
731679,2021-10-28 18:45:00,2021,Regular Season - 10,135,Serie A,492,500,Napoli,Bologna,3,0,1.29,5.5,11,1.5,2.5,1
720845,2021-10-28 19:30:00,2021,Regular Season - 11,140,La Liga,539,530,Levante,Atletico Madrid,2,2,5.75,3.78,1.73,2.13,1.83,1
719436,2021-10-29 18:30:00,2021,Regular Season - 10,78,Bundesliga,167,159,1899 Hoffenheim,Hertha Berlin,2,0,1.75,4.18,4.88,1.65,2.45,1
710648,2021-10-30 11:30:00,2021,Regular Season - 10,39,Premier League,46,42,Leicester,Arsenal,0,2,2.52,3.54,2.96,1.83,2.14,1
731684,2021-10-30 13:00:00,2021,Regular Season - 11,135,Serie A,499,487,Atalanta,Lazio,2,2,1.91,3.8,3.75,1.57,2.3,1
719430,2021-10-30 13:30:00,2021,Regular Season - 10,78,Bundesliga,165,192,Borussia Dortmund,1.FC Köln,2,0,1.5,4.75,6,1.4,2.75,1
719432,2021-10-30 13:30:00,2021,Regular Season - 10,78,Bundesliga,168,161,Bayer Leverkusen,VfL Wolfsburg,0,2,1.9,3.6,3.75,1.76,1.96,1
719433,2021-10-30 13:30:00,2021,Regular Season - 10,78,Bundesliga,182,157,Union Berlin,Bayern Munich,2,5,9.5,5.5,1.3,1.36,3,1
719435,2021-10-30 13:30:00,2021,Regular Season - 10,78,Bundesliga,160,178,SC Freiburg,SpVgg Greuther Furth,3,1,1.38,4.9,7.2,1.57,2.26,1
719438,2021-10-30 13:30:00,2021,Regular Season - 10,78,Bundesliga,188,164,Arminia Bielefeld,FSV Mainz 05,1,2,3.55,3.25,2.06,2.03,1.7,1
710647,2021-10-30 14:00:00,2021,Regular Season - 10,39,Premier League,44,55,Burnley,Brentford,3,1,2.6,3.15,2.75,2.09,1.66,1
710649,2021-10-30 14:00:00,2021,Regular Season - 10,39,Premier League,40,51,Liverpool,Brighton,2,2,1.22,6.5,13,1.53,2.38,1
710650,2021-10-30 14:00:00,2021,Regular Season - 10,39,Premier League,50,52,Manchester City,Crystal Palace,0,2,1.15,7.5,19,1.44,2.62,1
710651,2021-10-30 14:00:00,2021,Regular Season - 10,39,Premier League,34,49,Newcastle,Chelsea,0,3,7.6,4.7,1.38,1.7,2.03,1
710654,2021-10-30 14:00:00,2021,Regular Season - 10,39,Premier League,38,41,Watford,Southampton,0,1,3.22,3.4,2.39,1.91,2,1
731688,2021-10-30 16:00:00,2021,Regular Season - 11,135,Serie A,504,496,Verona,Juventus,2,1,4.3,3.9,1.9,2.02,1.88,1
710653,2021-10-30 16:30:00,2021,Regular Season - 10,39,Premier League,47,33,Tottenham,Manchester United,0,3,2.8,3.45,2.35,1.71,2.02,1
719431,2021-10-30 16:30:00,2021,Regular Season - 10,78,Bundesliga,169,173,Eintracht Frankfurt,RB Leipzig,1,1,4,3.9,1.83,1.53,2.38,1
720856,2021-10-30 16:30:00,2021,Regular Season - 12,140,La Liga,532,533,Valencia,Villarreal,2,0,2.95,3.35,2.33,1.86,1.84,1
731693,2021-10-30 18:45:00,2021,Regular Season - 11,135,Serie A,503,498,Torino,Sampdoria,3,0,1.98,3.8,4.1,2.02,1.89,1
720850,2021-10-30 19:00:00,2021,Regular Season - 12,140,La Liga,529,542,Barcelona,Alaves,1,1,1.29,5.5,11,1.5,2.5,1
731689,2021-10-31 11:30:00,2021,Regular Season - 11,135,Serie A,505,494,Inter,Udinese,2,0,1.34,5.2,8.2,1.61,2.28,1
710652,2021-10-31 14:00:00,2021,Regular Season - 10,39,Premier League,71,63,Norwich,Leeds,1,2,3.45,3.55,2.06,1.78,2.02,1
731686,2021-10-31 14:00:00,2021,Regular Season - 11,135,Serie A,502,515,Fiorentina,Spezia,3,0,1.48,4.6,6,1.62,2.27,1
731687,2021-10-31 14:00:00,2021,Regular Season - 11,135,Serie A,495,517,Genoa,Venezia,0,0,2.04,3.6,4.1,2.1,1.86,1
731692,2021-10-31 14:00:00,2021,Regular Season - 11,135,Serie A,488,511,Sassuolo,Empoli,1,2,1.7,4,4.6,1.5,2.5,1
719437,2021-10-31 14:30:00,2021,Regular Season - 10,78,Bundesliga,170,172,FC Augsburg,VfB Stuttgart,4,1,2.85,3.2,2.46,1.85,1.86,1
720849,2021-10-31 15:15:00,2021,Regular Season - 12,140,La Liga,530,543,Atletico Madrid,Real Betis,3,0,1.62,3.98,6.44,2.07,1.85,1
710646,2021-10-31 16:30:00,2021,Regular Season - 10,39,Premier League,66,48,Aston Villa,West Ham,1,4,2.75,3.4,2.44,1.72,2.01,1
719434,2021-10-31 16:30:00,2021,Regular Season - 10,78,Bundesliga,163,176,Borussia Monchengladbach,Vfl Bochum,2,1,1.35,5,9,1.5,2.5,1
731691,2021-10-31 17:00:00,2021,Regular Season - 11,135,Serie A,514,492,Salernitana,Napoli,0,1,11,5.5,1.29,1.57,2.3,1
731690,2021-10-31 19:45:00,2021,Regular Season - 11,135,Serie A,497,489,AS Roma,AC Milan,1,2,2.27,3.4,3,1.66,2.09,1
720857,2021-11-01 17:30:00,2021,Regular Season - 12,140,La Liga,728,538,Rayo Vallecano,Celta Vigo,0,0,2.43,3.38,3.18,2.04,1.87,1
731685,2021-11-01 19:45:00,2021,Regular Season - 11,135,Serie A,500,490,Bologna,Cagliari,2,0,1.78,3.94,4.98,1.71,2.33,1
710655,2021-11-01 20:00:00,2021,Regular Season - 10,39,Premier League,39,45,Wolves,Everton,2,1,2.2,3.2,3.3,2.15,1.63,1
720853,2021-11-01 20:00:00,2021,Regular Season - 12,140,La Liga,539,715,Levante,Granada CF,0,3,2,3.35,3.7,2.06,1.68,1
719443,2021-11-05 19:30:00,2021,Regular Season - 11,78,Bundesliga,164,163,FSV Mainz 05,Borussia Monchengladbach,1,1,2.55,3.5,2.55,1.7,2.03,1
731695,2021-11-05 19:45:00,2021,Regular Season - 12,135,Serie A,511,495,Empoli,Genoa,2,2,2.06,3.6,3.25,1.58,2.24,1
710664,2021-11-05 20:00:00,2021,Regular Season - 11,39,Premier League,41,66,Southampton,Aston Villa,1,0,2.04,3.5,3.4,1.78,1.95,1
710663,2021-11-06 12:30:00,2021,Regular Season - 11,39,Premier League,33,50,Manchester United,Manchester City,0,2,4.4,4.1,1.68,1.57,2.25,1
731701,2021-11-06 14:00:00,2021,Regular Season - 12,135,Serie A,515,503,Spezia,Torino,1,0,3.4,3.45,2.05,1.74,1.98,1
719439,2021-11-06 14:30:00,2021,Regular Season - 11,78,Bundesliga,157,160,Bayern Munich,SC Freiburg,2,1,1.15,8,17,1.25,3.75,1
719441,2021-11-06 14:30:00,2021,Regular Season - 11,78,Bundesliga,161,170,VfL Wolfsburg,FC Augsburg,1,0,1.58,4.48,6.15,1.85,2.1,1
719442,2021-11-06 14:30:00,2021,Regular Season - 11,78,Bundesliga,172,188,VfB Stuttgart,Arminia Bielefeld,0,1,1.85,3.65,3.9,1.74,1.99,1
719446,2021-11-06 14:30:00,2021,Regular Season - 11,78,Bundesliga,176,167,Vfl Bochum,1899 Hoffenheim,2,0,3.45,3.75,1.95,1.59,2.21,1
710657,2021-11-06 15:00:00,2021,Regular Season - 11,39,Premier League,55,71,Brentford,Norwich,1,2,1.66,3.96,5.89,2.09,1.83,1
710659,2021-11-06 15:00:00,2021,Regular Season - 11,39,Premier League,49,44,Chelsea,Burnley,1,1,1.25,5.6,11,1.65,2.12,1
710660,2021-11-06 15:00:00,2021,Regular Season - 11,39,Premier League,52,39,Crystal Palace,Wolves,2,0,2.43,3.05,3,2.27,1.56,1
720862,2021-11-06 15:15:00,2021,Regular Season - 13,140,La Liga,538,529,Celta Vigo,Barcelona,3,3,3.25,3.45,2.11,1.72,2,1
731696,2021-11-06 17:00:00,2021,Regular Season - 12,135,Serie A,496,502,Juventus,Fiorentina,1,0,1.6,4,5,1.7,2.04,1
710658,2021-11-06 17:30:00,2021,Regular Season - 11,39,Premier League,51,34,Brighton,Newcastle,1,1,1.59,3.9,5.4,1.88,1.83,1
719440,2021-11-06 17:30:00,2021,Regular Season - 11,78,Bundesliga,173,165,RB Leipzig,Borussia Dortmund,2,1,2,3.75,3.6,1.57,2.3,1
720859,2021-11-06 17:30:00,2021,Regular Season - 13,140,La Liga,542,539,Alaves,Levante,2,1,2.45,3,3.2,2.38,1.53,1
731694,2021-11-06 19:45:00,2021,Regular Season - 12,135,Serie A,490,499,Cagliari,Atalanta,1,2,6.5,4.5,1.5,1.5,2.5,1
720866,2021-11-06 20:00:00,2021,Regular Season - 13,140,La Liga,541,728,Real Madrid,Rayo Vallecano,2,1,1.36,5,8.5,1.53,2.38,1
731703,2021-11-07 11:30:00,2021,Regular Season - 12,135,Serie A,517,497,Venezia,AS Roma,3,2,6.4,4.6,1.59,1.86,2.04,1
720868,2021-11-07 13:00:00,2021,Regular Season - 13,140,La Liga,533,546,Villarreal,Getafe,1,0,1.51,4,6.8,2.19,1.66,1
710656,2021-11-07 14:00:00,2021,Regular Season - 11,39,Premier League,42,38,Arsenal,Watford,1,0,1.4,4.8,6.8,1.56,2.28,1
710661,2021-11-07 14:00:00,2021,Regular Season - 11,39,Premier League,45,47,Everton,Tottenham,0,0,3.15,3.42,2.42,1.93,1.97,1
710662,2021-11-07 14:00:00,2021,Regular Season - 11,39,Premier League,63,46,Leeds,Leicester,1,1,2.7,3.5,2.43,1.61,2.18,1
731700,2021-11-07 14:00:00,2021,Regular Season - 12,135,Serie A,498,500,Sampdoria,Bologna,1,2,2.41,3.4,2.8,1.71,2.03,1
731702,2021-11-07 14:00:00,2021,Regular Season - 12,135,Serie A,494,488,Udinese,Sassuolo,3,2,2.28,3.45,2.95,1.7,2.03,1
719444,2021-11-07 14:30:00,2021,Regular Season - 11,78,Bundesliga,159,168,Hertha Berlin,Bayer Leverkusen,1,1,3.54,3.76,2.13,1.82,2.14,1
720867,2021-11-07 15:15:00,2021,Regular Season - 13,140,La Liga,532,530,Valencia,Atletico Madrid,3,3,4,3.35,1.92,2.1,1.65,1
710665,2021-11-07 16:30:00,2021,Regular Season - 11,39,Premier League,48,40,West Ham,Liverpool,3,2,4.6,3.9,1.73,1.5,2.5,1
719445,2021-11-07 16:30:00,2021,Regular Season - 11,78,Bundesliga,192,182,1.FC Köln,Union Berlin,2,2,2,3.5,3.5,1.7,2.04,1
731697,2021-11-07 17:00:00,2021,Regular Season - 12,135,Serie A,487,514,Lazio,Salernitana,3,0,1.29,5.5,11,1.5,2.5,1
731699,2021-11-07 17:00:00,2021,Regular Season - 12,135,Serie A,492,504,Napoli,Verona,1,1,1.4,4.8,6.8,1.56,2.29,1
719447,2021-11-07 18:30:00,2021,Regular Season - 11,78,Bundesliga,178,169,SpVgg Greuther Furth,Eintracht Frankfurt,1,2,3.7,3.65,1.92,1.74,2,1
731698,2021-11-07 19:45:00,2021,Regular Season - 12,135,Serie A,489,505,AC Milan,Inter,1,1,3.1,3.5,2.18,1.63,2.14,1
720861,2021-11-07 20:00:00,2021,Regular Season - 13,140,La Liga,543,536,Real Betis,Sevilla,0,2,3.07,3.36,2.54,2.16,1.81,1
719455,2021-11-19 19:30:00,2021,Regular Season - 12,78,Bundesliga,170,157,FC Augsburg,Bayern Munich,2,1,15,7.5,1.18,1.29,3.5,1
710668,2021-11-20 12:30:00,2021,Regular Season - 12,39,Premier League,46,49,Leicester,Chelsea,0,3,4.93,3.81,1.79,2.03,1.88,1
720871,2021-11-20 13:00:00,2021,Regular Season - 14,140,La Liga,538,533,Celta Vigo,Villarreal,1,1,2.75,3.25,2.5,1.95,1.76,1
731704,2021-11-20 14:00:00,2021,Regular Season - 13,135,Serie A,499,515,Atalanta,Spezia,5,2,1.25,6,12,1.36,3,1
719448,2021-11-20 14:30:00,2021,Regular Season - 12,78,Bundesliga,165,172,Borussia Dortmund,VfB Stuttgart,2,1,1.33,5.5,8.5,1.44,2.62,1
719449,2021-11-20 14:30:00,2021,Regular Season - 12,78,Bundesliga,168,176,Bayer Leverkusen,Vfl Bochum,1,0,1.4,4.8,8,1.53,2.38,1
719451,2021-11-20 14:30:00,2021,Regular Season - 12,78,Bundesliga,163,178,Borussia Monchengladbach,SpVgg Greuther Furth,4,0,1.3,5.5,10,1.5,2.5,1
719453,2021-11-20 14:30:00,2021,Regular Season - 12,78,Bundesliga,167,173,1899 Hoffenheim,RB Leipzig,2,0,4,4.33,1.75,1.57,2.3,1
719456,2021-11-20 14:30:00,2021,Regular Season - 12,78,Bundesliga,188,161,Arminia Bielefeld,VfL Wolfsburg,2,2,3.8,3.4,1.94,1.96,1.76,1
710666,2021-11-20 15:00:00,2021,Regular Season - 12,39,Premier League,66,51,Aston Villa,Brighton,2,0,2.36,3.25,2.95,1.98,1.74,1
710667,2021-11-20 15:00:00,2021,Regular Season - 12,39,Premier League,44,52,Burnley,Crystal Palace,3,3,2.75,3.15,2.55,2.12,1.65,1
710671,2021-11-20 15:00:00,2021,Regular Season - 12,39,Premier League,34,55,Newcastle,Brentford,3,3,2.73,3.42,2.75,2.01,1.9,1
710672,2021-11-20 15:00:00,2021,Regular Season - 12,39,Premier League,71,41,Norwich,Southampton,2,1,3.5,3.35,2.05,1.92,1.79,1
710674,2021-11-20 15:00:00,2021,Regular Season - 12,39,Premier League,38,33,Watford,Manchester United,4,1,5.8,4.5,1.49,1.61,2.19,1
710675,2021-11-20 15:00:00,2021,Regular Season - 12,39,Premier League,39,48,Wolves,West Ham,1,0,3.11,3.32,2.51,2.06,1.86,1
720876,2021-11-20 15:15:00,2021,Regular Season - 14,140,La Liga,536,542,Sevilla,Alaves,2,2,1.42,4.68,9.32,2.07,1.85,1
731710,2021-11-20 17:00:00,2021,Regular Season - 13,135,Serie A,487,496,Lazio,Juventus,0,2,3.15,3.5,2.44,1.97,1.98,1
710669,2021-11-20 17:30:00,2021,Regular Season - 12,39,Premier League,40,42,Liverpool,Arsenal,4,0,1.5,4.5,6.5,1.5,2.5,1
719450,2021-11-20 17:30:00,2021,Regular Season - 12,78,Bundesliga,182,159,Union Berlin,Hertha Berlin,2,0,2.04,3.56,4.08,2.27,1.74,1
731706,2021-11-20 19:45:00,2021,Regular Season - 13,135,Serie A,502,489,Fiorentina,AC Milan,4,3,3.05,3.4,2.21,1.83,1.89,1
731712,2021-11-21 11:30:00,2021,Regular Season - 13,135,Serie A,488,490,Sassuolo,Cagliari,2,2,1.62,4.2,4.7,1.55,2.31,1
710670,2021-11-21 14:00:00,2021,Regular Season - 12,39,Premier League,50,45,Manchester City,Everton,3,0,1.18,7,17,1.44,2.62,1
731705,2021-11-21 14:00:00,2021,Regular Season - 13,135,Serie A,500,517,Bologna,Venezia,0,1,1.66,4.2,6.2,1.86,2.06,1
731711,2021-11-21 14:00:00,2021,Regular Season - 13,135,Serie A,514,498,Salernitana,Sampdoria,0,2,3.26,3.36,2.4,2.03,1.88,1
719452,2021-11-21 14:30:00,2021,Regular Season - 12,78,Bundesliga,160,169,SC Freiburg,Eintracht Frankfurt,0,2,2.05,3.84,3.72,1.84,2.12,1
720873,2021-11-21 15:15:00,2021,Regular Season - 14,140,La Liga,715,541,Granada CF,Real Madrid,1,4,7.6,4.7,1.51,1.89,2.02,1
710673,2021-11-21 16:30:00,2021,Regular Season - 12,39,Premier League,47,63,Tottenham,Leeds,2,1,1.74,3.85,4.2,1.69,2.05,1
719454,2021-11-21 16:30:00,2021,Regular Season - 12,78,Bundesliga,164,192,FSV Mainz 05,1.FC Köln,1,1,2.1,3.45,3.25,1.75,1.97,1
731709,2021-11-21 17:00:00,2021,Regular Season - 13,135,Serie A,505,492,Inter,Napoli,3,2,2.19,3.45,3.1,1.71,2.02,1
731707,2021-11-21 19:45:00,2021,Regular Season - 13,135,Serie A,495,497,Genoa,AS Roma,0,2,5.2,4.1,1.72,1.9,2,1
720875,2021-11-21 20:00:00,2021,Regular Season - 14,140,La Liga,548,532,Real Sociedad,Valencia,0,0,1.68,4.12,5.4,2.07,1.85,1
731708,2021-11-22 17:30:00,2021,Regular Season - 13,135,Serie A,504,511,Verona,Empoli,2,1,1.79,4.28,4.48,1.66,2.43,1
731713,2021-11-22 19:45:00,2021,Regular Season - 13,135,Serie A,503,494,Torino,Udinese,2,1,2.05,3.25,3.65,2.09,1.66,1
720877,2021-11-22 20:00:00,2021,Regular Season - 14,140,La Liga,728,798,Rayo Vallecano,Mallorca,3,1,1.85,3.4,4.3,2.14,1.63,1
719461,2021-11-26 19:30:00,2021,Regular Season - 13,78,Bundesliga,172,164,VfB Stuttgart,FSV Mainz 05,2,1,2.8,3.35,2.43,1.78,1.94,1
731714,2021-11-26 19:45:00,2021,Regular Season - 14,135,Serie A,490,514,Cagliari,Salernitana,1,1,1.91,3.8,4.3,2,1.9,1
710676,2021-11-27 12:30:00,2021,Regular Season - 13,39,Premier League,42,34,Arsenal,Newcastle,2,0,1.47,4.6,6,1.57,2.26,1
720879,2021-11-27 13:00:00,2021,Regular Season - 15,140,La Liga,542,538,Alaves,Celta Vigo,1,2,2.9,3.1,2.6,2.3,1.57,1
731715,2021-11-27 14:00:00,2021,Regular Season - 14,135,Serie A,511,502,Empoli,Fiorentina,2,1,3.6,3.6,2.18,1.94,1.97,1
731720,2021-11-27 14:00:00,2021,Regular Season - 14,135,Serie A,498,504,Sampdoria,Verona,3,1,2.97,3.4,2.56,1.9,2,1
719459,2021-11-27 14:30:00,2021,Regular Season - 13,78,Bundesliga,161,165,VfL Wolfsburg,Borussia Dortmund,1,3,3.02,3.53,2.45,1.88,2.02,1
719462,2021-11-27 14:30:00,2021,Regular Season - 13,78,Bundesliga,159,170,Hertha Berlin,FC Augsburg,1,1,2.1,3.2,3.75,2.16,1.7,1
719463,2021-11-27 14:30:00,2021,Regular Season - 13,78,Bundesliga,192,163,1.FC Köln,Borussia Monchengladbach,4,1,2.75,3.6,2.33,1.56,2.28,1
719464,2021-11-27 14:30:00,2021,Regular Season - 13,78,Bundesliga,176,160,Vfl Bochum,SC Freiburg,2,1,3.39,3.28,2.37,2.04,1.87,1
719465,2021-11-27 14:30:00,2021,Regular Season - 13,78,Bundesliga,178,167,SpVgg Greuther Furth,1899 Hoffenheim,3,6,4.8,4.2,1.65,1.5,2.5,1
710681,2021-11-27 15:00:00,2021,Regular Season - 13,39,Premier League,52,66,Crystal Palace,Aston Villa,1,2,2.29,3.4,3.42,2.06,1.85,1
710683,2021-11-27 15:00:00,2021,Regular Season - 13,39,Premier League,40,41,Liverpool,Southampton,4,0,1.29,5.8,10,1.4,2.75,1
710685,2021-11-27 15:00:00,2021,Regular Season - 13,39,Premier League,71,39,Norwich,Wolves,0,0,3.45,3.2,2.13,2.24,1.58,1
720887,2021-11-27 15:15:00,2021,Regular Season - 15,140,La Liga,532,728,Valencia,Rayo Vallecano,1,1,1.96,3.35,3.8,2.09,1.66,1
731716,2021-11-27 17:00:00,2021,Regular Season - 14,135,Serie A,496,499,Juventus,Atalanta,0,1,2.13,3.5,3.2,1.67,2.08,1
710678,2021-11-27 17:30:00,2021,Regular Season - 13,39,Premier League,51,63,Brighton,Leeds,0,0,2.05,3.35,3.5,1.88,1.83,1
719457,2021-11-27 17:30:00,2021,Regular Season - 13,78,Bundesliga,157,188,Bayern Munich,Arminia Bielefeld,1,0,1.08,11,29,1.22,4,1
720882,2021-11-27 17:30:00,2021,Regular Season - 15,140,La Liga,798,546,Mallorca,Getafe,0,0,2.3,3,3.6,2.75,1.4,1
731723,2021-11-27 19:45:00,2021,Regular Season - 14,135,Serie A,517,505,Venezia,Inter,0,2,7,4.8,1.38,1.59,2.22,1
720888,2021-11-27 20:00:00,2021,Regular Season - 15,140,La Liga,533,529,Villarreal,Barcelona,1,3,2.65,3.35,2.55,1.75,1.97,1
731722,2021-11-28 11:30:00,2021,Regular Season - 14,135,Serie A,494,495,Udinese,Genoa,0,0,1.78,3.6,4.5,1.96,1.76,1
720881,2021-11-28 13:00:00,2021,Regular Season - 15,140,La Liga,543,539,Real Betis,Levante,3,1,1.71,4.24,5.15,1.8,2.17,1
710677,2021-11-28 14:00:00,2021,Regular Season - 13,39,Premier League,55,45,Brentford,Everton,1,0,2.2,3.2,3.3,2.07,1.68,1
710682,2021-11-28 14:00:00,2021,Regular Season - 13,39,Premier League,46,38,Leicester,Watford,4,2,1.62,4.1,4.8,1.63,2.15,1
710684,2021-11-28 14:00:00,2021,Regular Season - 13,39,Premier League,50,48,Manchester City,West Ham,2,1,1.3,5.5,10,1.5,2.5,1
731717,2021-11-28 14:00:00,2021,Regular Season - 14,135,Serie A,489,488,AC Milan,Sassuolo,1,3,1.53,4.4,5.8,1.5,2.5,1
731721,2021-11-28 14:00:00,2021,Regular Season - 14,135,Serie A,515,500,Spezia,Bologna,0,1,3,3.35,2.27,1.76,1.95,1
719460,2021-11-28 14:30:00,2021,Regular Season - 13,78,Bundesliga,169,182,Eintracht Frankfurt,Union Berlin,2,1,2.43,3.51,3.07,1.93,1.97,1
710680,2021-11-28 16:30:00,2021,Regular Season - 13,39,Premier League,49,33,Chelsea,Manchester United,1,1,1.6,4.3,6.8,1.96,1.94,1
719458,2021-11-28 16:30:00,2021,Regular Season - 13,78,Bundesliga,173,168,RB Leipzig,Bayer Leverkusen,1,3,1.91,3.75,3.8,1.6,2.25,1
731719,2021-11-28 17:00:00,2021,Regular Season - 14,135,Serie A,497,503,AS Roma,Torino,1,0,1.78,3.95,4.8,2.04,1.89,1
731718,2021-11-28 19:45:00,2021,Regular Season - 14,135,Serie A,492,487,Napoli,Lazio,4,0,1.79,3.85,4,1.62,2.15,1
720886,2021-11-28 20:00:00,2021,Regular Season - 15,140,La Liga,541,536,Real Madrid,Sevilla,2,1,1.6,4,5.2,1.8,1.92,1
731724,2021-11-30 17:30:00,2021,Regular Season - 15,135,Serie A,499,517,Atalanta,Venezia,4,0,1.25,5.8,15,1.44,2.62,1
731726,2021-11-30 17:30:00,2021,Regular Season - 15,135,Serie A,502,498,Fiorentina,Sampdoria,3,1,1.63,4,4.8,1.64,2.12,1
710693,2021-11-30 19:30:00,2021,Regular Season - 14,39,Premier League,34,71,Newcastle,Norwich,1,1,1.93,3.55,3.7,1.81,1.89,1
731728,2021-11-30 19:45:00,2021,Regular Season - 15,135,Serie A,504,490,Verona,Cagliari,0,0,1.6,4.1,5,1.65,2.12,1
731731,2021-11-30 19:45:00,2021,Regular Season - 15,135,Serie A,514,496,Salernitana,Juventus,0,2,10,5.3,1.39,1.91,2,1
710688,2021-11-30 20:15:00,2021,Regular Season - 14,39,Premier League,63,52,Leeds,Crystal Palace,1,0,2.44,3.39,3.16,2.01,1.89,1
731725,2021-12-01 17:30:00,2021,Regular Season - 15,135,Serie A,500,497,Bologna,AS Roma,1,0,2.95,3.45,2.26,1.67,2.09,1
731729,2021-12-01 17:30:00,2021,Regular Season - 15,135,Serie A,505,515,Inter,Spezia,2,0,1.17,7.2,13,1.94,1.78,1
710689,2021-12-01 19:30:00,2021,Regular Season - 14,39,Premier League,38,49,Watford,Chelsea,1,2,11,5.7,1.35,1.88,2.02,1
710690,2021-12-01 19:30:00,2021,Regular Season - 14,39,Premier League,48,51,West Ham,Brighton,1,1,1.99,3.4,3.65,1.98,1.74,1
710691,2021-12-01 19:30:00,2021,Regular Season - 14,39,Premier League,39,44,Wolves,Burnley,0,0,1.9,3.35,4.1,2.1,1.66,1
710694,2021-12-01 19:30:00,2021,Regular Season - 14,39,Premier League,41,46,Southampton,Leicester,2,2,2.38,3.4,2.8,1.7,2.04,1
731727,2021-12-01 19:45:00,2021,Regular Season - 15,135,Serie A,495,489,Genoa,AC Milan,0,3,5.7,4.1,1.68,2,1.89,1
731732,2021-12-01 19:45:00,2021,Regular Season - 15,135,Serie A,488,492,Sassuolo,Napoli,2,2,4.18,4,1.9,1.64,2.48,1
710686,2021-12-01 20:15:00,2021,Regular Season - 14,39,Premier League,66,50,Aston Villa,Manchester City,1,2,7.8,5,1.35,1.62,2.16,1
710687,2021-12-01 20:15:00,2021,Regular Season - 14,39,Premier League,45,40,Everton,Liverpool,1,4,7,4.9,1.39,1.54,2.33,1
731733,2021-12-02 17:30:00,2021,Regular Season - 15,135,Serie A,503,511,Torino,Empoli,2,2,1.74,3.8,4.4,1.74,1.97,1
710695,2021-12-02 19:30:00,2021,Regular Season - 14,39,Premier League,47,55,Tottenham,Brentford,2,0,1.65,4.29,5.42,1.9,2.01,1
731730,2021-12-02 19:45:00,2021,Regular Season - 15,135,Serie A,487,494,Lazio,Udinese,4,4,1.68,4.07,5.42,1.85,2.06,1
710692,2021-12-02 20:15:00,2021,Regular Season - 14,39,Premier League,33,42,Manchester United,Arsenal,3,2,1.97,3.6,3.5,1.7,2.03,1
719468,2021-12-03 19:30:00,2021,Regular Season - 14,78,Bundesliga,182,173,Union Berlin,RB Leipzig,2,1,3.7,3.6,1.93,1.78,1.94,1
720893,2021-12-03 20:00:00,2021,Regular Season - 16,140,La Liga,715,542,Granada CF,Alaves,2,1,2.45,3.1,3.1,2.38,1.53,1
710704,2021-12-04 12:30:00,2021,Regular Season - 15,39,Premier League,48,49,West Ham,Chelsea,3,2,5,3.7,1.85,2.12,1.8,1
720896,2021-12-04 13:00:00,2021,Regular Season - 16,140,La Liga,536,533,Sevilla,Villarreal,1,0,1.95,3.4,3.8,2.01,1.72,1
731738,2021-12-04 14:00:00,2021,Regular Season - 16,135,Serie A,489,514,AC Milan,Salernitana,2,0,1.2,6.5,15,1.5,2.5,1
719467,2021-12-04 14:30:00,2021,Regular Season - 14,78,Bundesliga,168,178,Bayer Leverkusen,SpVgg Greuther Furth,7,1,1.25,6.5,10,1.33,3.25,1
719471,2021-12-04 14:30:00,2021,Regular Season - 14,78,Bundesliga,167,169,1899 Hoffenheim,Eintracht Frankfurt,3,2,1.85,3.85,3.7,1.55,2.29,1
719472,2021-12-04 14:30:00,2021,Regular Season - 14,78,Bundesliga,164,161,FSV Mainz 05,VfL Wolfsburg,3,0,2.48,3.15,2.85,1.99,1.74,1
719473,2021-12-04 14:30:00,2021,Regular Season - 14,78,Bundesliga,170,176,FC Augsburg,Vfl Bochum,2,3,2.38,3.35,3.28,2.06,1.85,1
719474,2021-12-04 14:30:00,2021,Regular Season - 14,78,Bundesliga,188,192,Arminia Bielefeld,1.FC Köln,1,1,3.25,3.4,2.15,1.78,1.93,1
710700,2021-12-04 15:00:00,2021,Regular Season - 15,39,Premier League,34,44,Newcastle,Burnley,1,0,2.4,3.4,3.26,1.99,1.95,1
710701,2021-12-04 15:00:00,2021,Regular Season - 15,39,Premier League,41,51,Southampton,Brighton,1,1,2.4,3.15,2.95,2.08,1.67,1
710705,2021-12-04 15:00:00,2021,Regular Season - 15,39,Premier League,39,40,Wolves,Liverpool,0,1,8.6,4.8,1.47,1.91,2,1
720890,2021-12-04 15:15:00,2021,Regular Season - 16,140,La Liga,529,543,Barcelona,Real Betis,0,1,1.5,4.5,6.5,1.5,2.5,1
731740,2021-12-04 17:00:00,2021,Regular Season - 16,135,Serie A,497,505,AS Roma,Inter,0,3,3.55,3.65,1.94,1.62,2.17,1
710703,2021-12-04 17:30:00,2021,Regular Season - 15,39,Premier League,38,50,Watford,Manchester City,1,3,15,6.5,1.2,1.44,2.62,1
719466,2021-12-04 17:30:00,2021,Regular Season - 14,78,Bundesliga,165,157,Borussia Dortmund,Bayern Munich,2,3,3.9,4.2,1.8,1.33,3.25,1
720889,2021-12-04 17:30:00,2021,Regular Season - 16,140,La Liga,530,798,Atletico Madrid,Mallorca,1,2,1.33,5.33,11.79,1.96,1.94,1
731739,2021-12-04 19:45:00,2021,Regular Season - 16,135,Serie A,492,499,Napoli,Atalanta,2,3,2.54,3.55,2.92,1.87,2.04,1
720895,2021-12-04 20:00:00,2021,Regular Season - 16,140,La Liga,548,541,Real Sociedad,Real Madrid,0,2,3.35,3.55,2.28,1.97,1.97,1
731734,2021-12-05 11:30:00,2021,Regular Season - 16,135,Serie A,500,502,Bologna,Fiorentina,2,3,2.75,3.3,2.55,1.83,1.96,1
710698,2021-12-05 14:00:00,2021,Regular Season - 15,39,Premier League,63,55,Leeds,Brentford,2,2,1.88,3.55,3.95,1.86,1.85,1
710699,2021-12-05 14:00:00,2021,Regular Season - 15,39,Premier League,33,52,Manchester United,Crystal Palace,1,0,1.63,4.2,6.6,1.96,1.86,1
710702,2021-12-05 14:00:00,2021,Regular Season - 15,39,Premier League,47,71,Tottenham,Norwich,3,0,1.39,4.6,7.4,1.78,1.95,1
731742,2021-12-05 14:00:00,2021,Regular Season - 16,135,Serie A,515,488,Spezia,Sassuolo,2,2,3.3,3.7,2.1,1.57,2.3,1
731743,2021-12-05 14:00:00,2021,Regular Season - 16,135,Serie A,517,504,Venezia,Verona,3,4,3.65,3.35,2.02,1.88,1.84,1
719470,2021-12-05 14:30:00,2021,Regular Season - 14,78,Bundesliga,172,159,VfB Stuttgart,Hertha Berlin,2,2,2.33,3.4,3.35,1.97,1.93,1
710696,2021-12-05 16:30:00,2021,Regular Season - 15,39,Premier League,66,46,Aston Villa,Leicester,2,1,2.58,3.36,3.01,1.96,1.98,1
719469,2021-12-05 16:30:00,2021,Regular Season - 14,78,Bundesliga,163,160,Borussia Monchengladbach,SC Freiburg,0,6,1.81,3.75,3.95,1.69,2.04,1
731741,2021-12-05 17:00:00,2021,Regular Season - 16,135,Serie A,498,487,Sampdoria,Lazio,1,3,3.58,3.98,2.06,1.66,2.42,1
731737,2021-12-05 19:45:00,2021,Regular Season - 16,135,Serie A,496,495,Juventus,Genoa,2,0,1.2,6.2,13,1.61,2.18,1
720891,2021-12-05 20:00:00,2021,Regular Season - 16,140,La Liga,538,532,Celta Vigo,Valencia,1,2,2.08,3.3,3.45,2.06,1.68,1
731736,2021-12-06 17:30:00,2021,Regular Season - 16,135,Serie A,511,494,Empoli,Udinese,3,1,2.55,3.3,2.7,1.85,1.86,1
731735,2021-12-06 19:45:00,2021,Regular Season - 16,135,Serie A,490,503,Cagliari,Torino,1,1,3.2,3.15,2.28,2.04,1.7,1
710697,2021-12-06 20:00:00,2021,Regular Season - 15,39,Premier League,45,42,Everton,Arsenal,2,1,3.35,3.35,2.12,1.96,1.76,1
719481,2021-12-10 19:30:00,2021,Regular Season - 15,78,Bundesliga,192,170,1.FC Köln,FC Augsburg,0,2,1.62,4.1,4.8,1.62,2.15,1
731745,2021-12-10 19:45:00,2021,Regular Season - 17,135,Serie A,495,498,Genoa,Sampdoria,1,3,3.3,3.3,2.46,2.12,1.84,1
710707,2021-12-10 20:00:00,2021,Regular Season - 16,39,Premier League,55,38,Brentford,Watford,2,1,2.2,3.41,3.65,2.02,1.88,1
720902,2021-12-10 20:00:00,2021,Regular Season - 17,140,La Liga,798,538,Mallorca,Celta Vigo,0,0,2.49,3,2.95,2.27,1.57,1
710714,2021-12-11 12:30:00,2021,Regular Season - 16,39,Premier League,50,39,Manchester City,Wolves,1,0,1.14,7.5,19,1.53,2.38,1
731744,2021-12-11 14:00:00,2021,Regular Season - 17,135,Serie A,502,514,Fiorentina,Salernitana,4,0,1.34,5.6,11,1.88,2.02,1
719475,2021-12-11 14:30:00,2021,Regular Season - 15,78,Bundesliga,157,164,Bayern Munich,FSV Mainz 05,2,1,1.22,6.5,11,1.33,3.25,1
719476,2021-12-11 14:30:00,2021,Regular Season - 15,78,Bundesliga,173,163,RB Leipzig,Borussia Monchengladbach,4,1,1.73,4,4.33,1.5,2.5,1
719479,2021-12-11 14:30:00,2021,Regular Season - 15,78,Bundesliga,160,167,SC Freiburg,1899 Hoffenheim,1,2,2.37,3.5,2.75,1.58,2.23,1
719480,2021-12-11 14:30:00,2021,Regular Season - 15,78,Bundesliga,159,188,Hertha Berlin,Arminia Bielefeld,2,0,2.12,3.34,4.08,2.17,1.8,1
719482,2021-12-11 14:30:00,2021,Regular Season - 15,78,Bundesliga,176,165,Vfl Bochum,Borussia Dortmund,1,1,6,4.5,1.5,1.44,2.62,1
710706,2021-12-11 15:00:00,2021,Regular Season - 16,39,Premier League,42,41,Arsenal,Southampton,3,0,1.7,4.22,5.25,1.85,2.1,1
710710,2021-12-11 15:00:00,2021,Regular Season - 16,39,Premier League,49,63,Chelsea,Leeds,3,2,1.26,5.6,10,1.55,2.31,1
710713,2021-12-11 15:00:00,2021,Regular Season - 16,39,Premier League,40,66,Liverpool,Aston Villa,1,0,1.22,6.5,12,1.4,2.75,1
720899,2021-12-11 15:15:00,2021,Regular Season - 17,140,La Liga,542,546,Alaves,Getafe,1,1,2.4,2.88,3.4,2.75,1.4,1
731753,2021-12-11 17:00:00,2021,Regular Season - 17,135,Serie A,517,496,Venezia,Juventus,1,1,9.4,5.1,1.42,2.02,1.9,1
710715,2021-12-11 17:30:00,2021,Regular Season - 16,39,Premier League,71,33,Norwich,Manchester United,0,1,6.4,4.5,1.44,1.66,2.1,1
719477,2021-12-11 17:30:00,2021,Regular Season - 15,78,Bundesliga,161,172,VfL Wolfsburg,VfB Stuttgart,0,2,1.83,3.6,4.1,1.83,1.88,1
731752,2021-12-11 19:45:00,2021,Regular Season - 17,135,Serie A,494,489,Udinese,AC Milan,1,1,4,3.55,1.88,1.88,1.83,1
731751,2021-12-12 11:30:00,2021,Regular Season - 17,135,Serie A,503,500,Torino,Bologna,2,1,2.31,3.23,3.57,2.09,1.83,1
720908,2021-12-12 13:00:00,2021,Regular Season - 17,140,La Liga,533,728,Villarreal,Rayo Vallecano,2,0,1.71,4.14,5.04,1.93,1.97,1
710709,2021-12-12 14:00:00,2021,Regular Season - 16,39,Premier League,44,48,Burnley,West Ham,0,0,3.5,3.5,2.01,1.74,1.99,1
710712,2021-12-12 14:00:00,2021,Regular Season - 16,39,Premier League,46,34,Leicester,Newcastle,4,0,1.71,4,4.2,1.55,2.3,1
731746,2021-12-12 14:00:00,2021,Regular Season - 17,135,Serie A,504,499,Verona,Atalanta,1,2,3.8,3.7,1.91,1.53,2.38,1
719483,2021-12-12 14:30:00,2021,Regular Season - 15,78,Bundesliga,178,182,SpVgg Greuther Furth,Union Berlin,1,0,4.5,3.9,1.69,1.7,2.04,1
710711,2021-12-12 16:30:00,2021,Regular Season - 16,39,Premier League,52,45,Crystal Palace,Everton,3,1,2.25,3.1,3.3,2.22,1.59,1
719478,2021-12-12 16:30:00,2021,Regular Season - 15,78,Bundesliga,169,168,Eintracht Frankfurt,Bayer Leverkusen,5,2,3.05,3.6,2.14,1.56,2.28,1
731748,2021-12-12 17:00:00,2021,Regular Season - 17,135,Serie A,492,511,Napoli,Empoli,0,1,1.33,5,9,1.44,2.62,1
731750,2021-12-12 17:00:00,2021,Regular Season - 17,135,Serie A,488,487,Sassuolo,Lazio,2,1,2.6,3.5,2.6,1.53,2.38,1
720901,2021-12-12 17:30:00,2021,Regular Season - 17,140,La Liga,543,548,Real Betis,Real Sociedad,4,0,2.39,3.35,3.28,2.04,1.87,1
731747,2021-12-12 19:45:00,2021,Regular Season - 17,135,Serie A,505,490,Inter,Cagliari,4,0,1.17,7.2,13,1.86,1.84,1
720906,2021-12-12 20:00:00,2021,Regular Season - 17,140,La Liga,541,530,Real Madrid,Atletico Madrid,2,0,2.08,3.4,3.4,1.9,1.81,1
731749,2021-12-13 19:45:00,2021,Regular Season - 17,135,Serie A,497,515,AS Roma,Spezia,2,0,1.4,4.6,8,1.5,2.5,1
719489,2021-12-14 17:30:00,2021,Regular Season - 16,78,Bundesliga,172,157,VfB Stuttgart,Bayern Munich,0,5,9.5,6.5,1.25,1.3,3.4,1
719485,2021-12-14 19:30:00,2021,Regular Season - 16,78,Bundesliga,161,192,VfL Wolfsburg,1.FC Köln,2,3,2.05,3.45,3.4,1.75,1.97,1
719490,2021-12-14 19:30:00,2021,Regular Season - 16,78,Bundesliga,164,159,FSV Mainz 05,Hertha Berlin,4,0,1.77,3.7,4.5,1.95,1.8,1
719492,2021-12-14 19:30:00,2021,Regular Season - 16,78,Bundesliga,188,176,Arminia Bielefeld,Vfl Bochum,2,0,2.5,3.52,3.01,2.08,1.87,1
710721,2021-12-14 19:45:00,2021,Regular Season - 17,39,Premier League,71,66,Norwich,Aston Villa,0,2,3.15,3.2,2.27,2.03,1.7,1
710725,2021-12-14 20:00:00,2021,Regular Season - 17,39,Premier League,50,63,Manchester City,Leeds,7,0,1.12,8,21,1.36,3,1
719488,2021-12-15 17:30:00,2021,Regular Season - 16,78,Bundesliga,163,169,Borussia Monchengladbach,Eintracht Frankfurt,2,3,1.97,3.65,3.45,1.63,2.15,1
710718,2021-12-15 19:30:00,2021,Regular Season - 17,39,Premier League,51,39,Brighton,Wolves,0,1,2.56,3.01,3.42,2.57,1.6,1
710722,2021-12-15 19:30:00,2021,Regular Season - 17,39,Premier League,52,41,Crystal Palace,Southampton,2,2,2.1,3.3,3.45,2.11,1.65,1
719484,2021-12-15 19:30:00,2021,Regular Season - 16,78,Bundesliga,165,178,Borussia Dortmund,SpVgg Greuther Furth,3,0,1.12,8.5,19,1.25,3.75,1
719486,2021-12-15 19:30:00,2021,Regular Season - 16,78,Bundesliga,168,167,Bayer Leverkusen,1899 Hoffenheim,2,2,1.8,4,3.9,1.44,2.62,1
719487,2021-12-15 19:30:00,2021,Regular Season - 16,78,Bundesliga,182,160,Union Berlin,SC Freiburg,0,0,2.37,3.3,2.9,1.95,1.78,1
719491,2021-12-15 19:30:00,2021,Regular Season - 16,78,Bundesliga,170,173,FC Augsburg,RB Leipzig,1,1,5.8,4.5,1.48,1.55,2.31,1
710716,2021-12-15 20:00:00,2021,Regular Season - 17,39,Premier League,42,48,Arsenal,West Ham,2,0,2.22,3.7,3.4,1.86,2.06,1
710723,2021-12-16 19:45:00,2021,Regular Season - 17,39,Premier League,49,45,Chelsea,Everton,1,1,1.22,5.8,12,1.65,2.11,1
710724,2021-12-16 20:00:00,2021,Regular Season - 17,39,Premier League,40,34,Liverpool,Newcastle,3,1,1.11,9,21,1.33,3.25,1
731758,2021-12-17 17:30:00,2021,Regular Season - 18,135,Serie A,487,495,Lazio,Genoa,3,1,1.46,4.8,8.2,1.97,1.95,1
719493,2021-12-17 19:30:00,2021,Regular Season - 17,78,Bundesliga,157,161,Bayern Munich,VfL Wolfsburg,4,0,1.18,7,15,1.3,3.4,1
731760,2021-12-17 19:45:00,2021,Regular Season - 18,135,Serie A,514,505,Salernitana,Inter,0,5,14,6.8,1.18,2.12,1.64,1
720918,2021-12-18 13:00:00,2021,Regular Season - 18,140,La Liga,728,542,Rayo Vallecano,Alaves,2,0,1.8,3.5,4.5,2.15,1.67,1
731754,2021-12-18 14:00:00,2021,Regular Season - 18,135,Serie A,499,497,Atalanta,AS Roma,1,4,1.62,4,4.6,1.6,2.2,1
719494,2021-12-18 14:30:00,2021,Regular Season - 17,78,Bundesliga,173,188,RB Leipzig,Arminia Bielefeld,0,2,1.2,6.5,12,1.55,2.38,1
719495,2021-12-18 14:30:00,2021,Regular Season - 17,78,Bundesliga,169,164,Eintracht Frankfurt,FSV Mainz 05,1,0,2.27,3.5,2.9,1.72,2.01,1
719497,2021-12-18 14:30:00,2021,Regular Season - 17,78,Bundesliga,167,163,1899 Hoffenheim,Borussia Monchengladbach,1,1,2.05,3.8,3.3,1.5,2.5,1
719500,2021-12-18 14:30:00,2021,Regular Season - 17,78,Bundesliga,176,182,Vfl Bochum,Union Berlin,0,1,2.85,3.25,2.41,1.96,1.76,1
719501,2021-12-18 14:30:00,2021,Regular Season - 17,78,Bundesliga,178,170,SpVgg Greuther Furth,FC Augsburg,0,0,2.8,3.4,2.38,1.88,1.83,1
720916,2021-12-18 15:15:00,2021,Regular Season - 18,140,La Liga,548,533,Real Sociedad,Villarreal,1,3,2.2,3.3,3.4,2.2,1.62,1
731755,2021-12-18 17:00:00,2021,Regular Season - 18,135,Serie A,500,496,Bologna,Juventus,0,2,4.36,3.66,1.92,1.96,1.94,1
710728,2021-12-18 17:30:00,2021,Regular Season - 18,39,Premier League,63,42,Leeds,Arsenal,1,4,3.8,3.7,1.85,1.73,1.95,1
719498,2021-12-18 17:30:00,2021,Regular Season - 17,78,Bundesliga,159,165,Hertha Berlin,Borussia Dortmund,3,2,5.3,4.48,1.66,1.66,2.41,1
731756,2021-12-18 19:45:00,2021,Regular Season - 18,135,Serie A,490,494,Cagliari,Udinese,0,4,3.1,3.35,2.52,2.02,1.91,1
720917,2021-12-18 20:00:00,2021,Regular Season - 18,140,La Liga,536,530,Sevilla,Atletico Madrid,2,1,2.9,3.11,2.86,2.67,1.56,1
731757,2021-12-19 11:30:00,2021,Regular Season - 18,135,Serie A,502,488,Fiorentina,Sassuolo,2,2,1.85,3.7,4,1.57,2.3,1
720913,2021-12-19 13:00:00,2021,Regular Season - 18,140,La Liga,715,798,Granada CF,Mallorca,4,1,2.5,3,3.1,2.38,1.57,1
710730,2021-12-19 14:00:00,2021,Regular Season - 18,39,Premier League,34,50,Newcastle,Manchester City,0,4,17,7.5,1.15,1.4,2.75,1
710735,2021-12-19 14:00:00,2021,Regular Season - 18,39,Premier League,39,49,Wolves,Chelsea,0,0,6,4,1.53,2.25,1.57,1
731762,2021-12-19 14:00:00,2021,Regular Season - 18,135,Serie A,515,511,Spezia,Empoli,1,1,2.74,3.74,2.6,1.66,2.42,1
719496,2021-12-19 14:30:00,2021,Regular Season - 17,78,Bundesliga,160,168,SC Freiburg,Bayer Leverkusen,2,1,2.62,3.5,2.5,1.67,2.15,1
710732,2021-12-19 16:30:00,2021,Regular Season - 18,39,Premier League,47,40,Tottenham,Liverpool,2,2,5,4.2,1.57,1.59,2.21,1
719499,2021-12-19 16:30:00,2021,Regular Season - 17,78,Bundesliga,192,172,1.FC Köln,VfB Stuttgart,1,0,1.94,3.8,3.45,1.57,2.25,1
731761,2021-12-19 17:00:00,2021,Regular Season - 18,135,Serie A,498,517,Sampdoria,Venezia,1,1,1.85,3.8,4.8,2.04,1.86,1
731763,2021-12-19 17:00:00,2021,Regular Season - 18,135,Serie A,503,504,Torino,Verona,1,0,2.3,3.32,3.49,1.94,1.96,1
731759,2021-12-19 19:45:00,2021,Regular Season - 18,135,Serie A,489,492,AC Milan,Napoli,0,1,2.25,3.4,3.05,1.74,1.99,1
720914,2021-12-20 20:00:00,2021,Regular Season - 18,140,La Liga,539,532,Levante,Valencia,3,4,2.65,3.2,2.6,1.95,1.76,1
720778,2021-12-21 18:00:00,2021,Regular Season - 4,140,La Liga,533,542,Villarreal,Alaves,5,2,1.43,4.75,8.58,1.86,2.05,1
731765,2021-12-21 19:45:00,2021,Regular Season - 19,135,Serie A,495,499,Genoa,Atalanta,0,0,7.5,4.75,1.4,1.53,2.38,1
731768,2021-12-21 19:45:00,2021,Regular Season - 19,135,Serie A,496,490,Juventus,Cagliari,2,0,1.19,6.4,14,1.57,2.26,1
720777,2021-12-21 20:30:00,2021,Regular Season - 4,140,La Liga,536,529,Sevilla,Barcelona,1,1,2.42,3.25,2.9,1.97,1.75,1
731771,2021-12-22 15:30:00,2021,Regular Season - 19,135,Serie A,488,500,Sassuolo,Bologna,0,3,2.11,3.68,3.68,1.71,2.33,1
731773,2021-12-22 15:30:00,2021,Regular Season - 19,135,Serie A,517,487,Venezia,Lazio,1,3,4.2,3.5,1.85,1.83,1.95,1
731766,2021-12-22 17:30:00,2021,Regular Season - 19,135,Serie A,504,502,Verona,Fiorentina,1,1,2.8,3.45,2.38,1.67,2.07,1
731767,2021-12-22 17:30:00,2021,Regular Season - 19,135,Serie A,505,503,Inter,Torino,1,0,1.3,5.4,8.6,1.57,2.25,1
731770,2021-12-22 17:30:00,2021,Regular Season - 19,135,Serie A,497,498,AS Roma,Sampdoria,1,1,1.54,4.3,5.2,1.58,2.23,1
720822,2021-12-22 18:00:00,2021,Regular Season - 9,140,La Liga,715,530,Granada CF,Atletico Madrid,2,1,6.4,3.95,1.52,2.04,1.69,1
731764,2021-12-22 19:45:00,2021,Regular Season - 19,135,Serie A,511,489,Empoli,AC Milan,2,4,4,3.8,1.8,1.57,2.38,1
731769,2021-12-22 19:45:00,2021,Regular Season - 19,135,Serie A,492,515,Napoli,Spezia,0,1,1.22,6.5,12,1.44,2.62,1
710740,2021-12-26 15:00:00,2021,Regular Season - 19,39,Premier League,50,46,Manchester City,Leicester,6,3,1.15,7.5,17,1.4,2.75,1
710742,2021-12-26 15:00:00,2021,Regular Season - 19,39,Premier League,71,42,Norwich,Arsenal,0,5,8.6,5.2,1.43,1.97,1.9,1
710743,2021-12-26 15:00:00,2021,Regular Season - 19,39,Premier League,47,52,Tottenham,Crystal Palace,3,0,1.74,3.92,5.3,2.03,1.91,1
710744,2021-12-26 15:00:00,2021,Regular Season - 19,39,Premier League,48,41,West Ham,Southampton,2,3,1.94,3.9,4.3,1.96,1.91,1
710736,2021-12-26 17:30:00,2021,Regular Season - 19,39,Premier League,66,49,Aston Villa,Chelsea,1,3,4.9,3.7,1.67,1.96,1.76,1
710737,2021-12-26 20:00:00,2021,Regular Season - 19,39,Premier League,51,55,Brighton,Brentford,2,0,1.88,3.4,4.1,2.09,1.66,1
710741,2021-12-27 20:00:00,2021,Regular Season - 19,39,Premier League,34,33,Newcastle,Manchester United,1,1,6.5,4.5,1.44,1.62,2.2,1
710749,2021-12-28 15:00:00,2021,Regular Season - 20,39,Premier League,52,71,Crystal Palace,Norwich,3,0,1.65,4.1,6.4,1.98,1.93,1
710754,2021-12-28 15:00:00,2021,Regular Season - 20,39,Premier League,41,47,Southampton,Tottenham,1,1,3.75,3.6,2.16,1.93,1.99,1
710755,2021-12-28 15:00:00,2021,Regular Season - 20,39,Premier League,38,48,Watford,West Ham,1,4,3.5,3.6,2.26,1.84,2.04,1
710752,2021-12-28 20:00:00,2021,Regular Season - 20,39,Premier League,46,40,Leicester,Liverpool,1,0,8,5,1.36,1.4,2.75,1
710748,2021-12-29 19:30:00,2021,Regular Season - 20,39,Premier League,49,51,Chelsea,Brighton,1,1,1.4,4.33,8,1.83,1.85,1
710747,2021-12-29 20:15:00,2021,Regular Season - 20,39,Premier League,55,50,Brentford,Manchester City,0,1,19,7.5,1.14,1.44,2.62,1
710753,2021-12-30 20:15:00,2021,Regular Season - 20,39,Premier League,33,44,Manchester United,Burnley,3,1,1.38,4.8,7.2,1.64,2.12,1
710756,2022-01-01 12:30:00,2021,Regular Season - 21,39,Premier League,42,50,Arsenal,Manchester City,1,2,5.4,4.5,1.51,1.54,2.32,1
710765,2022-01-01 15:00:00,2021,Regular Season - 21,39,Premier League,38,47,Watford,Tottenham,0,1,5.6,4.4,1.66,2,1.87,1
710759,2022-01-01 17:30:00,2021,Regular Season - 21,39,Premier League,52,48,Crystal Palace,West Ham,2,3,2.95,3.4,2.29,1.76,1.95,1
720923,2022-01-02 13:00:00,2021,Regular Season - 19,140,La Liga,546,541,Getafe,Real Madrid,1,0,6.16,3.86,1.62,2.06,1.83,1
710757,2022-01-02 14:00:00,2021,Regular Season - 21,39,Premier League,55,66,Brentford,Aston Villa,2,1,3.1,3.3,2.3,2.05,1.7,1
710760,2022-01-02 14:00:00,2021,Regular Season - 21,39,Premier League,45,51,Everton,Brighton,2,3,2.8,3.15,2.6,2.28,1.61,1
710761,2022-01-02 14:00:00,2021,Regular Season - 21,39,Premier League,63,44,Leeds,Burnley,3,1,2,3.6,3.55,1.78,2,1
720920,2022-01-02 15:15:00,2021,Regular Season - 19,140,La Liga,530,728,Atletico Madrid,Rayo Vallecano,2,0,1.36,4.78,10.5,1.95,1.92,1
710758,2022-01-02 16:30:00,2021,Regular Season - 21,39,Premier League,49,40,Chelsea,Liverpool,2,2,2.6,3.35,2.55,1.75,1.97,1
720919,2022-01-02 17:30:00,2021,Regular Season - 19,140,La Liga,542,548,Alaves,Real Sociedad,1,1,3.3,3.25,2.2,2.4,1.55,1
720921,2022-01-02 17:30:00,2021,Regular Season - 19,140,La Liga,543,538,Real Betis,Celta Vigo,0,2,1.73,3.7,4.6,1.77,2,1
720922,2022-01-02 20:00:00,2021,Regular Season - 19,140,La Liga,798,529,Mallorca,Barcelona,0,1,3.63,3.36,2.17,1.97,1.9,1
710763,2022-01-03 17:30:00,2021,Regular Season - 21,39,Premier League,33,39,Manchester United,Wolves,0,1,1.53,4,6,1.95,1.73,1
720927,2022-01-03 18:00:00,2021,Regular Season - 19,140,La Liga,533,539,Villarreal,Levante,5,0,1.33,5,9,1.5,2.5,1
731781,2022-01-06 11:30:00,2021,Regular Season - 20,135,Serie A,498,490,Sampdoria,Cagliari,1,2,1.83,3.7,4,1.77,2,1
731778,2022-01-06 13:30:00,2021,Regular Season - 20,135,Serie A,487,511,Lazio,Empoli,3,3,1.6,4.2,5,1.53,2.38,1
731783,2022-01-06 13:30:00,2021,Regular Season - 20,135,Serie A,515,504,Spezia,Verona,1,2,2.9,3.4,2.3,1.85,1.91,1
731782,2022-01-06 15:30:00,2021,Regular Season - 20,135,Serie A,488,495,Sassuolo,Genoa,1,1,1.66,4.42,5.25,1.71,2.33,1
731779,2022-01-06 17:30:00,2021,Regular Season - 20,135,Serie A,489,497,AC Milan,AS Roma,3,1,1.95,3.7,3.5,1.75,2.05,1
731777,2022-01-06 19:45:00,2021,Regular Season - 20,135,Serie A,496,492,Juventus,Napoli,1,1,1.92,3.66,4.5,2.1,1.86,1
719502,2022-01-07 19:30:00,2021,Regular Season - 18,78,Bundesliga,157,163,Bayern Munich,Borussia Monchengladbach,1,2,1.35,5.5,7.5,1.3,3.4,1
720932,2022-01-08 13:00:00,2021,Regular Season - 20,140,La Liga,539,798,Levante,Mallorca,2,0,2.17,3.25,3.3,2.05,1.69,1
719503,2022-01-08 14:30:00,2021,Regular Season - 18,78,Bundesliga,173,164,RB Leipzig,FSV Mainz 05,4,1,1.83,3.95,4.8,1.97,1.94,1
719505,2022-01-08 14:30:00,2021,Regular Season - 18,78,Bundesliga,168,182,Bayer Leverkusen,Union Berlin,2,2,1.81,3.75,4,1.71,2.02,1
719506,2022-01-08 14:30:00,2021,Regular Season - 18,78,Bundesliga,160,188,SC Freiburg,Arminia Bielefeld,2,2,1.6,4,5.5,1.91,1.85,1
719507,2022-01-08 14:30:00,2021,Regular Season - 18,78,Bundesliga,167,170,1899 Hoffenheim,FC Augsburg,3,1,1.57,4.3,5,1.55,2.29,1
719510,2022-01-08 14:30:00,2021,Regular Season - 18,78,Bundesliga,178,172,SpVgg Greuther Furth,VfB Stuttgart,0,0,3.55,3.55,1.98,1.79,1.93,1
720935,2022-01-08 15:15:00,2021,Regular Season - 20,140,La Liga,548,538,Real Sociedad,Celta Vigo,1,0,1.85,3.5,4.2,2.2,1.62,1
719504,2022-01-08 17:30:00,2021,Regular Season - 18,78,Bundesliga,169,165,Eintracht Frankfurt,Borussia Dortmund,2,3,3.4,3.9,1.95,1.5,2.5,1
720930,2022-01-08 17:30:00,2021,Regular Season - 20,140,La Liga,715,529,Granada CF,Barcelona,1,1,4.5,3.8,1.73,1.8,2,1
720934,2022-01-08 20:00:00,2021,Regular Season - 20,140,La Liga,541,532,Real Madrid,Valencia,4,1,1.33,5.25,8,1.55,2.4,1
731793,2022-01-09 11:30:00,2021,Regular Season - 21,135,Serie A,517,489,Venezia,AC Milan,0,3,6,4.2,1.5,1.75,2.05,1
720937,2022-01-09 13:00:00,2021,Regular Season - 20,140,La Liga,728,543,Rayo Vallecano,Real Betis,1,1,2.45,3.4,2.75,1.8,1.95,1
731785,2022-01-09 13:30:00,2021,Regular Season - 21,135,Serie A,511,488,Empoli,Sassuolo,1,5,2.45,3.75,2.6,1.44,2.62,1
719508,2022-01-09 14:30:00,2021,Regular Season - 18,78,Bundesliga,159,192,Hertha Berlin,1.FC Köln,1,3,2.8,3.3,2.45,1.77,2,1
720936,2022-01-09 15:15:00,2021,Regular Season - 20,140,La Liga,536,546,Sevilla,Getafe,1,0,1.62,3.76,7.4,2.65,1.57,1
731789,2022-01-09 15:30:00,2021,Regular Season - 21,135,Serie A,492,498,Napoli,Sampdoria,1,0,1.41,4.8,6.6,1.58,2.23,1
719509,2022-01-09 16:30:00,2021,Regular Season - 18,78,Bundesliga,176,161,Vfl Bochum,VfL Wolfsburg,1,0,3.3,3.45,2.1,1.88,1.84,1
731786,2022-01-09 17:30:00,2021,Regular Season - 21,135,Serie A,495,515,Genoa,Spezia,0,1,2.12,3.2,3.5,2.04,1.7,1
731790,2022-01-09 17:30:00,2021,Regular Season - 21,135,Serie A,497,496,AS Roma,Juventus,3,4,3.4,3.3,2.15,1.95,1.83,1
731787,2022-01-09 19:45:00,2021,Regular Season - 21,135,Serie A,504,514,Verona,Salernitana,1,2,1.33,5.25,8.5,1.62,2.25,1
731788,2022-01-09 19:45:00,2021,Regular Season - 21,135,Serie A,505,487,Inter,Lazio,2,1,1.4,4.9,6.6,2.25,1.57,1
720938,2022-01-09 20:00:00,2021,Regular Season - 20,140,La Liga,533,530,Villarreal,Atletico Madrid,2,2,2.75,3.1,2.62,2.05,1.73,1
731791,2022-01-10 16:00:00,2021,Regular Season - 21,135,Serie A,503,502,Torino,Fiorentina,4,0,2.85,3.3,2.41,1.84,1.86,1
710731,2022-01-11 19:45:00,2021,Regular Season - 18,39,Premier League,41,55,Southampton,Brentford,4,1,2.05,3.39,3.97,2.02,1.86,1
731784,2022-01-11 19:45:00,2021,Regular Season - 21,135,Serie A,490,500,Cagliari,Bologna,2,1,2.94,3.4,2.62,1.93,1.94,1
710734,2022-01-12 19:45:00,2021,Regular Season - 18,39,Premier League,48,71,West Ham,Norwich,2,0,1.32,5.9,12,1.83,2.04,1
719511,2022-01-14 19:30:00,2021,Regular Season - 19,78,Bundesliga,165,160,Borussia Dortmund,SC Freiburg,5,1,1.5,4.4,6,1.53,2.38,1
710767,2022-01-14 20:00:00,2021,Regular Season - 22,39,Premier League,51,52,Brighton,Crystal Palace,1,1,2.05,3.25,3.6,2.15,1.62,1
710770,2022-01-15 12:30:00,2021,Regular Season - 22,39,Premier League,50,49,Manchester City,Chelsea,1,0,1.67,3.7,5,1.73,1.95,1
731801,2022-01-15 14:00:00,2021,Regular Season - 22,135,Serie A,498,503,Sampdoria,Torino,1,2,3.14,3.21,2.48,2.06,1.82,1
719512,2022-01-15 14:30:00,2021,Regular Season - 19,78,Bundesliga,161,159,VfL Wolfsburg,Hertha Berlin,0,0,2.03,3.56,4.12,2.04,1.9,1
719513,2022-01-15 14:30:00,2021,Regular Season - 19,78,Bundesliga,182,167,Union Berlin,1899 Hoffenheim,2,1,2.65,3.5,2.44,1.62,2.16,1
719515,2022-01-15 14:30:00,2021,Regular Season - 19,78,Bundesliga,172,173,VfB Stuttgart,RB Leipzig,0,2,4.8,4.2,1.61,1.57,2.26,1
719516,2022-01-15 14:30:00,2021,Regular Season - 19,78,Bundesliga,164,176,FSV Mainz 05,Vfl Bochum,1,0,1.69,3.75,4.8,1.88,1.84,1
719519,2022-01-15 14:30:00,2021,Regular Season - 19,78,Bundesliga,192,157,1.FC Köln,Bayern Munich,0,4,8,5.5,1.33,1.33,3.25,1
710771,2022-01-15 15:00:00,2021,Regular Season - 22,39,Premier League,34,38,Newcastle,Watford,1,1,2.03,3.55,3.35,1.72,2,1
710772,2022-01-15 15:00:00,2021,Regular Season - 22,39,Premier League,71,45,Norwich,Everton,2,1,3.6,3.4,1.95,2.05,1.67,1
710775,2022-01-15 15:00:00,2021,Regular Season - 22,39,Premier League,39,41,Wolves,Southampton,3,1,2.25,3.1,3.25,2.3,1.53,1
731800,2022-01-15 17:00:00,2021,Regular Season - 22,135,Serie A,514,487,Salernitana,Lazio,0,3,7.8,4.7,1.48,1.88,2,1
710766,2022-01-15 17:30:00,2021,Regular Season - 22,39,Premier League,66,33,Aston Villa,Manchester United,2,2,2.85,3.35,2.36,1.8,1.92,1
719514,2022-01-15 17:30:00,2021,Regular Season - 19,78,Bundesliga,163,168,Borussia Monchengladbach,Bayer Leverkusen,1,2,2.6,3.75,2.5,1.44,2.62,1
731797,2022-01-15 19:45:00,2021,Regular Season - 22,135,Serie A,496,494,Juventus,Udinese,2,0,1.38,4.78,9.54,1.88,1.99,1
731802,2022-01-16 11:30:00,2021,Regular Season - 22,135,Serie A,488,504,Sassuolo,Verona,2,4,2.2,3.5,3.1,1.57,2.3,1
710769,2022-01-16 14:00:00,2021,Regular Season - 22,39,Premier League,40,55,Liverpool,Brentford,3,0,1.27,5.4,9.8,1.61,2.19,1
710774,2022-01-16 14:00:00,2021,Regular Season - 22,39,Premier League,48,63,West Ham,Leeds,2,3,1.69,4.42,5.05,1.69,2.37,1
731803,2022-01-16 14:00:00,2021,Regular Season - 22,135,Serie A,517,511,Venezia,Empoli,1,1,2.7,3.45,2.45,1.65,2.12,1
719517,2022-01-16 14:30:00,2021,Regular Season - 19,78,Bundesliga,170,169,FC Augsburg,Eintracht Frankfurt,1,1,3.2,3.4,2.11,1.74,1.98,1
719518,2022-01-16 16:30:00,2021,Regular Season - 19,78,Bundesliga,188,178,Arminia Bielefeld,SpVgg Greuther Furth,2,2,1.92,3.4,3.8,1.88,1.83,1
731799,2022-01-16 17:00:00,2021,Regular Season - 22,135,Serie A,497,490,AS Roma,Cagliari,1,0,1.41,5.15,8.7,1.68,2.38,1
731794,2022-01-16 19:45:00,2021,Regular Season - 22,135,Serie A,499,505,Atalanta,Inter,0,0,2.85,3.6,2.26,1.56,2.27,1
731795,2022-01-17 17:30:00,2021,Regular Season - 22,135,Serie A,500,492,Bologna,Napoli,0,2,4.2,3.55,1.89,1.82,2,1
731798,2022-01-17 17:30:00,2021,Regular Season - 22,135,Serie A,489,515,AC Milan,Spezia,1,2,1.31,5.2,8.2,1.55,2.3,1
731796,2022-01-17 19:45:00,2021,Regular Season - 22,135,Serie A,502,495,Fiorentina,Genoa,6,0,1.43,4.4,6.6,1.75,1.96,1
720942,2022-01-18 19:00:00,2021,Regular Season - 21,140,La Liga,543,542,Real Betis,Alaves,4,0,1.48,4.5,6.5,1.75,2,1
710787,2022-01-18 20:00:00,2021,Regular Season - 24,39,Premier League,51,49,Brighton,Chelsea,1,1,4.75,3.7,1.7,2.05,1.67,1
710720,2022-01-19 19:30:00,2021,Regular Season - 17,39,Premier League,46,47,Leicester,Tottenham,2,3,3,3.5,2.25,1.73,2,1
710717,2022-01-19 20:00:00,2021,Regular Season - 17,39,Premier League,55,33,Brentford,Manchester United,1,3,4.6,3.8,1.89,1.97,1.93,1
720947,2022-01-19 20:30:00,2021,Regular Season - 21,140,La Liga,532,536,Valencia,Sevilla,1,1,3.2,3.25,2.3,2.25,1.62,1
720945,2022-01-20 18:00:00,2021,Regular Season - 21,140,La Liga,546,715,Getafe,Granada CF,4,2,2.05,3,4.33,2.5,1.5,1
719521,2022-01-21 19:30:00,2021,Regular Season - 20,78,Bundesliga,169,188,Eintracht Frankfurt,Arminia Bielefeld,0,2,1.8,3.6,4.6,1.8,1.91,1
731807,2022-01-21 19:45:00,2021,Regular Season - 23,135,Serie A,504,500,Verona,Bologna,2,1,2.06,3.7,3.95,1.97,1.9,1
710785,2022-01-21 20:00:00,2021,Regular Season - 23,39,Premier League,38,71,Watford,Norwich,0,3,2.04,3.4,3.5,1.84,1.88,1
710780,2022-01-22 12:30:00,2021,Regular Season - 23,39,Premier League,45,66,Everton,Aston Villa,0,1,2.65,3.25,2.6,1.94,1.78,1
731806,2022-01-22 14:00:00,2021,Regular Season - 23,135,Serie A,495,494,Genoa,Udinese,0,0,3.3,3.25,2.19,2.03,1.71,1
719522,2022-01-22 14:30:00,2021,Regular Season - 20,78,Bundesliga,168,170,Bayer Leverkusen,FC Augsburg,5,1,1.46,4.84,7.9,1.63,2.49,1
719523,2022-01-22 14:30:00,2021,Regular Season - 20,78,Bundesliga,163,182,Borussia Monchengladbach,Union Berlin,1,2,2.22,3.4,3.05,1.76,1.95,1
719524,2022-01-22 14:30:00,2021,Regular Season - 20,78,Bundesliga,160,172,SC Freiburg,VfB Stuttgart,2,0,1.94,3.45,3.8,1.93,1.79,1
719525,2022-01-22 14:30:00,2021,Regular Season - 20,78,Bundesliga,167,165,1899 Hoffenheim,Borussia Dortmund,2,3,3,3.9,2.15,1.4,2.75,1
719528,2022-01-22 14:30:00,2021,Regular Season - 20,78,Bundesliga,178,164,SpVgg Greuther Furth,FSV Mainz 05,2,1,4.4,3.6,1.78,1.93,1.79,1
710777,2022-01-22 15:00:00,2021,Regular Season - 23,39,Premier League,55,39,Brentford,Wolves,1,2,3.1,3,2.5,2.5,1.5,1
710781,2022-01-22 15:00:00,2021,Regular Season - 23,39,Premier League,63,34,Leeds,Newcastle,0,1,1.96,3.7,3.45,1.6,2.19,1
710783,2022-01-22 15:00:00,2021,Regular Season - 23,39,Premier League,33,48,Manchester United,West Ham,1,0,1.88,3.75,3.7,1.63,2.14,1
720958,2022-01-22 15:15:00,2021,Regular Season - 22,140,La Liga,533,798,Villarreal,Mallorca,3,0,1.39,4.6,7.4,1.79,1.93,1
731808,2022-01-22 17:00:00,2021,Regular Season - 23,135,Serie A,505,517,Inter,Venezia,2,1,1.09,9,22,1.89,1.81,1
710784,2022-01-22 17:30:00,2021,Regular Season - 23,39,Premier League,41,50,Southampton,Manchester City,1,1,11,5.8,1.25,1.5,2.5,1
719527,2022-01-22 17:30:00,2021,Regular Season - 20,78,Bundesliga,176,192,Vfl Bochum,1.FC Köln,2,2,3.1,3.45,2.2,1.69,2.05,1
720956,2022-01-22 17:30:00,2021,Regular Season - 22,140,La Liga,536,538,Sevilla,Celta Vigo,2,2,1.75,3.5,4.6,2.12,1.64,1
731809,2022-01-22 19:45:00,2021,Regular Season - 23,135,Serie A,487,499,Lazio,Atalanta,0,0,3.05,3.65,2.15,1.57,2.26,1
720950,2022-01-22 20:00:00,2021,Regular Season - 22,140,La Liga,530,532,Atletico Madrid,Valencia,3,2,1.47,4.2,6.6,1.9,1.8,1
731804,2022-01-23 11:30:00,2021,Regular Season - 23,135,Serie A,490,502,Cagliari,Fiorentina,1,1,5.4,4.2,1.55,1.68,2.06,1
710776,2022-01-23 14:00:00,2021,Regular Season - 23,39,Premier League,42,44,Arsenal,Burnley,0,0,1.36,5.4,11.5,1.97,1.91,1
710779,2022-01-23 14:00:00,2021,Regular Season - 23,39,Premier League,52,40,Crystal Palace,Liverpool,1,3,5.2,4.2,1.57,1.68,2.06,1
710782,2022-01-23 14:00:00,2021,Regular Season - 23,39,Premier League,46,51,Leicester,Brighton,1,1,2.6,3.25,2.7,1.85,1.85,1
731811,2022-01-23 14:00:00,2021,Regular Season - 23,135,Serie A,492,514,Napoli,Salernitana,4,1,1.1,8.5,29,1.4,2.75,1
731812,2022-01-23 14:00:00,2021,Regular Season - 23,135,Serie A,515,498,Spezia,Sampdoria,1,0,2.82,3.2,2.87,1.93,2.01,1
731813,2022-01-23 14:00:00,2021,Regular Season - 23,135,Serie A,503,488,Torino,Sassuolo,1,1,2.07,3.55,3.3,1.61,2.19,1
719520,2022-01-23 14:30:00,2021,Regular Season - 20,78,Bundesliga,173,161,RB Leipzig,VfL Wolfsburg,2,0,1.56,4.4,7,1.98,1.9,1
710778,2022-01-23 16:30:00,2021,Regular Season - 23,39,Premier League,49,47,Chelsea,Tottenham,2,0,1.73,3.98,4.82,1.94,1.93,1
719526,2022-01-23 16:30:00,2021,Regular Season - 20,78,Bundesliga,159,157,Hertha Berlin,Bayern Munich,1,4,11,6.5,1.22,1.36,3,1
731805,2022-01-23 17:00:00,2021,Regular Season - 23,135,Serie A,511,497,Empoli,AS Roma,2,4,4.33,3.9,1.75,1.5,2.5,1
720955,2022-01-23 17:30:00,2021,Regular Season - 22,140,La Liga,548,546,Real Sociedad,Getafe,0,0,1.67,3.6,5.5,2.5,1.5,1
731810,2022-01-23 19:45:00,2021,Regular Season - 23,135,Serie A,489,496,AC Milan,Juventus,0,0,2.6,3.25,2.65,1.88,1.83,1
720949,2022-01-23 20:00:00,2021,Regular Season - 22,140,La Liga,542,529,Alaves,Barcelona,0,1,6,4.2,1.5,1.75,2.05,1
719535,2022-02-04 19:30:00,2021,Regular Season - 21,78,Bundesliga,159,176,Hertha Berlin,Vfl Bochum,1,1,2.28,3.5,3.5,2.08,1.85,1
720964,2022-02-04 20:00:00,2021,Regular Season - 23,140,La Liga,546,539,Getafe,Levante,3,0,2,3.1,4.2,2.5,1.5,1
731819,2022-02-05 14:00:00,2021,Regular Season - 24,135,Serie A,497,495,AS Roma,Genoa,0,0,1.35,5.2,8.5,1.61,2.33,1
719532,2022-02-05 14:30:00,2021,Regular Season - 21,78,Bundesliga,172,169,VfB Stuttgart,Eintracht Frankfurt,2,3,2.65,3.45,2.5,1.72,2,1
719533,2022-02-05 14:30:00,2021,Regular Season - 21,78,Bundesliga,164,167,FSV Mainz 05,1899 Hoffenheim,2,0,2.6,3.25,2.6,1.7,2.1,1
719534,2022-02-05 14:30:00,2021,Regular Season - 21,78,Bundesliga,170,182,FC Augsburg,Union Berlin,2,0,2.8,3.25,2.5,1.94,1.78,1
719536,2022-02-05 14:30:00,2021,Regular Season - 21,78,Bundesliga,188,163,Arminia Bielefeld,Borussia Monchengladbach,1,1,3.52,3.58,2.2,1.85,2.1,1
719537,2022-02-05 14:30:00,2021,Regular Season - 21,78,Bundesliga,192,160,1.FC Köln,SC Freiburg,1,0,2.47,3.52,3.05,1.77,2.22,1
731817,2022-02-05 17:00:00,2021,Regular Season - 24,135,Serie A,505,489,Inter,AC Milan,1,2,1.79,3.8,4.1,1.67,2.08,1
719529,2022-02-05 17:30:00,2021,Regular Season - 21,78,Bundesliga,157,173,Bayern Munich,RB Leipzig,3,2,1.4,5,7,1.4,2.75,1
720962,2022-02-05 17:30:00,2021,Regular Season - 23,140,La Liga,538,728,Celta Vigo,Rayo Vallecano,2,0,1.95,3.2,4.2,2.2,1.62,1
710719,2022-02-05 18:00:00,2021,Regular Season - 17,39,Premier League,44,38,Burnley,Watford,0,0,2.25,3.25,3.4,2.05,1.75,1
731816,2022-02-05 19:45:00,2021,Regular Season - 24,135,Serie A,502,487,Fiorentina,Lazio,0,3,2.34,3.45,2.85,1.66,2.1,1
731814,2022-02-06 11:30:00,2021,Regular Season - 24,135,Serie A,499,490,Atalanta,Cagliari,1,2,1.25,6,12,1.4,2.75,1
720967,2022-02-06 13:00:00,2021,Regular Season - 23,140,La Liga,532,548,Valencia,Real Sociedad,0,0,2.8,3.2,2.6,2.05,1.7,1
731815,2022-02-06 14:00:00,2021,Regular Season - 24,135,Serie A,500,511,Bologna,Empoli,0,0,2.05,3.5,3.3,1.62,2.25,1
731821,2022-02-06 14:00:00,2021,Regular Season - 24,135,Serie A,498,488,Sampdoria,Sassuolo,4,0,2.7,3.6,2.35,1.57,2.26,1
731823,2022-02-06 14:00:00,2021,Regular Season - 24,135,Serie A,517,492,Venezia,Napoli,0,2,7.5,4.75,1.4,1.67,2.15,1
719530,2022-02-06 14:30:00,2021,Regular Season - 21,78,Bundesliga,165,168,Borussia Dortmund,Bayer Leverkusen,2,5,1.91,3.9,3.6,1.36,3,1
720960,2022-02-06 15:15:00,2021,Regular Season - 23,140,La Liga,529,530,Barcelona,Atletico Madrid,4,2,2.28,3.3,3.05,1.99,1.74,1
719531,2022-02-06 16:30:00,2021,Regular Season - 21,78,Bundesliga,161,178,VfL Wolfsburg,SpVgg Greuther Furth,4,1,1.58,4.1,6.22,1.91,1.96,1
731822,2022-02-06 17:00:00,2021,Regular Season - 24,135,Serie A,494,503,Udinese,Torino,2,0,3,3.2,2.38,2.05,1.73,1
720961,2022-02-06 17:30:00,2021,Regular Season - 23,140,La Liga,543,533,Real Betis,Villarreal,0,2,2.5,3.6,2.96,1.82,2.14,1
731818,2022-02-06 19:45:00,2021,Regular Season - 24,135,Serie A,496,504,Juventus,Verona,2,0,1.53,4.2,5.5,1.73,2.05,1
720966,2022-02-06 20:00:00,2021,Regular Season - 23,140,La Liga,541,715,Real Madrid,Granada CF,1,0,1.29,5.5,10,1.5,2.5,1
731820,2022-02-07 19:45:00,2021,Regular Season - 24,135,Serie A,514,515,Salernitana,Spezia,2,2,3,3.5,2.58,2.02,1.9,1
710790,2022-02-08 19:45:00,2021,Regular Season - 24,39,Premier League,48,38,West Ham,Watford,1,0,1.42,5,7.5,1.62,2.25,1
710792,2022-02-08 19:45:00,2021,Regular Season - 24,39,Premier League,34,45,Newcastle,Everton,3,1,2.66,3.44,2.81,1.95,1.95,1
710788,2022-02-08 20:00:00,2021,Regular Season - 24,39,Premier League,44,33,Burnley,Manchester United,1,1,5.4,4.1,1.56,1.78,1.93,1
710789,2022-02-09 19:45:00,2021,Regular Season - 24,39,Premier League,71,52,Norwich,Crystal Palace,1,1,3.5,3.3,2.2,2.15,1.7,1
710793,2022-02-09 19:45:00,2021,Regular Season - 24,39,Premier League,47,41,Tottenham,Southampton,2,3,1.62,4,5.5,1.75,2.05,1
710795,2022-02-09 19:45:00,2021,Regular Season - 24,39,Premier League,50,55,Manchester City,Brentford,2,0,1.11,8.5,23,1.4,2.75,1
710786,2022-02-09 20:00:00,2021,Regular Season - 24,39,Premier League,66,63,Aston Villa,Leeds,3,3,1.8,4,4.2,1.7,2.15,1
710791,2022-02-10 19:45:00,2021,Regular Season - 24,39,Premier League,39,42,Wolves,Arsenal,0,1,3.7,3.2,2.15,2.3,1.6,1
710794,2022-02-10 19:45:00,2021,Regular Season - 24,39,Premier League,40,46,Liverpool,Leicester,2,0,1.22,6.5,12,1.33,3.25,1
719538,2022-02-11 19:30:00,2021,Regular Season - 22,78,Bundesliga,173,192,RB Leipzig,1.FC Köln,3,1,1.44,4.6,6.5,1.5,2.5,1
710801,2022-02-12 12:30:00,2021,Regular Season - 25,39,Premier League,33,41,Manchester United,Southampton,1,1,1.6,4,5.5,1.73,2,1
731828,2022-02-12 14:00:00,2021,Regular Season - 25,135,Serie A,487,500,Lazio,Bologna,3,0,1.7,3.9,4.5,1.69,2.05,1
719539,2022-02-12 14:30:00,2021,Regular Season - 22,78,Bundesliga,169,161,Eintracht Frankfurt,VfL Wolfsburg,0,2,2.3,3.5,3.4,1.99,1.92,1
719542,2022-02-12 14:30:00,2021,Regular Season - 22,78,Bundesliga,163,170,Borussia Monchengladbach,FC Augsburg,3,2,1.74,4.22,4.94,1.75,2.26,1
719543,2022-02-12 14:30:00,2021,Regular Season - 22,78,Bundesliga,160,164,SC Freiburg,FSV Mainz 05,1,1,2.2,3.45,3.65,2.02,1.91,1
719545,2022-02-12 14:30:00,2021,Regular Season - 22,78,Bundesliga,176,157,Vfl Bochum,Bayern Munich,4,2,12,7,1.2,1.25,3.75,1
719546,2022-02-12 14:30:00,2021,Regular Season - 22,78,Bundesliga,178,159,SpVgg Greuther Furth,Hertha Berlin,2,1,2.88,3.2,2.4,2.05,1.73,1
710796,2022-02-12 15:00:00,2021,Regular Season - 25,39,Premier League,55,52,Brentford,Crystal Palace,0,0,2.6,3.1,3,2.3,1.62,1
710799,2022-02-12 15:00:00,2021,Regular Season - 25,39,Premier League,45,63,Everton,Leeds,3,0,2.3,3.6,2.88,1.62,2.2,1
710805,2022-02-12 15:00:00,2021,Regular Season - 25,39,Premier League,38,51,Watford,Brighton,0,2,3.7,3.25,2.15,2.3,1.62,1
720978,2022-02-12 15:15:00,2021,Regular Season - 24,140,La Liga,533,541,Villarreal,Real Madrid,0,0,2.72,3.55,2.8,1.88,2.06,1
731830,2022-02-12 17:00:00,2021,Regular Season - 25,135,Serie A,492,505,Napoli,Inter,1,1,2.65,3.35,2.55,1.8,1.92,1
710803,2022-02-12 17:30:00,2021,Regular Season - 25,39,Premier League,71,50,Norwich,Manchester City,0,4,15,8,1.15,1.44,2.62,1
719540,2022-02-12 17:30:00,2021,Regular Season - 22,78,Bundesliga,168,172,Bayer Leverkusen,VfB Stuttgart,4,2,1.4,5,7,1.5,2.5,1
731833,2022-02-12 19:45:00,2021,Regular Season - 25,135,Serie A,503,517,Torino,Venezia,1,2,1.49,4.2,6.2,1.84,1.88,1
720970,2022-02-12 20:00:00,2021,Regular Season - 24,140,La Liga,530,546,Atletico Madrid,Getafe,4,3,1.43,4.1,7.8,2.19,1.6,1
731829,2022-02-13 11:30:00,2021,Regular Season - 25,135,Serie A,489,498,AC Milan,Sampdoria,1,0,1.41,5.15,8.6,1.68,2.38,1
720969,2022-02-13 13:00:00,2021,Regular Season - 24,140,La Liga,542,532,Alaves,Valencia,2,1,2.8,3.15,2.55,2.2,1.68,1
710797,2022-02-13 14:00:00,2021,Regular Season - 25,39,Premier League,44,40,Burnley,Liverpool,0,1,10,5.6,1.26,1.56,2.27,1
710802,2022-02-13 14:00:00,2021,Regular Season - 25,39,Premier League,34,66,Newcastle,Aston Villa,1,0,2.7,3.3,2.62,1.83,1.95,1
710804,2022-02-13 14:00:00,2021,Regular Season - 25,39,Premier League,47,39,Tottenham,Wolves,0,2,1.62,3.75,5.4,2.03,1.7,1
731825,2022-02-13 14:00:00,2021,Regular Season - 25,135,Serie A,511,490,Empoli,Cagliari,1,1,1.99,3.7,3.35,1.58,2.24,1
731826,2022-02-13 14:00:00,2021,Regular Season - 25,135,Serie A,495,514,Genoa,Salernitana,1,1,1.84,3.55,4.4,1.95,1.85,1
731827,2022-02-13 14:00:00,2021,Regular Season - 25,135,Serie A,504,494,Verona,Udinese,4,0,1.87,3.5,4.3,1.94,1.86,1
719541,2022-02-13 14:30:00,2021,Regular Season - 22,78,Bundesliga,182,165,Union Berlin,Borussia Dortmund,0,3,3.85,3.7,1.87,1.64,2.25,1
720974,2022-02-13 15:15:00,2021,Regular Season - 24,140,La Liga,539,543,Levante,Real Betis,2,4,3.4,3.84,2.16,1.75,2.26,1
710800,2022-02-13 16:30:00,2021,Regular Season - 25,39,Premier League,46,48,Leicester,West Ham,2,2,2.95,3.5,2.4,1.65,2.23,1
719544,2022-02-13 16:30:00,2021,Regular Season - 22,78,Bundesliga,167,188,1899 Hoffenheim,Arminia Bielefeld,2,0,1.52,4.3,6.4,1.68,2.18,1
731831,2022-02-13 17:00:00,2021,Regular Season - 25,135,Serie A,488,497,Sassuolo,AS Roma,2,2,3.25,3.65,2.06,1.56,2.29,1
720975,2022-02-13 17:30:00,2021,Regular Season - 24,140,La Liga,548,715,Real Sociedad,Granada CF,2,0,1.42,4.84,8.83,1.94,1.96,1
731824,2022-02-13 19:45:00,2021,Regular Season - 25,135,Serie A,499,496,Atalanta,Juventus,1,1,2.85,3.45,2.43,1.84,1.96,1
731832,2022-02-14 19:45:00,2021,Regular Season - 25,135,Serie A,515,502,Spezia,Fiorentina,1,2,3.75,3.65,1.88,1.71,2.02,1
710729,2022-02-15 20:15:00,2021,Regular Season - 18,39,Premier League,33,51,Manchester United,Brighton,2,0,1.76,3.93,4.96,1.96,1.94,1
720940,2022-02-16 18:00:00,2021,Regular Season - 21,140,La Liga,530,539,Atletico Madrid,Levante,0,1,1.3,5.2,9.2,1.67,2.08,1
719551,2022-02-18 19:30:00,2021,Regular Season - 23,78,Bundesliga,164,168,FSV Mainz 05,Bayer Leverkusen,3,2,3,3.65,2.15,1.6,2.19,1
731838,2022-02-18 19:45:00,2021,Regular Season - 26,135,Serie A,496,503,Juventus,Torino,1,1,1.57,3.75,6.5,1.91,1.8,1
710814,2022-02-19 12:30:00,2021,Regular Season - 26,39,Premier League,48,34,West Ham,Newcastle,1,1,1.76,3.84,5.35,1.9,2.04,1
720983,2022-02-19 13:00:00,2021,Regular Season - 25,140,La Liga,715,533,Granada CF,Villarreal,1,4,3.75,3.45,1.95,1.9,1.8,1
731841,2022-02-19 14:00:00,2021,Regular Season - 26,135,Serie A,498,511,Sampdoria,Empoli,2,0,2.2,3.45,3.05,1.65,2.11,1
719549,2022-02-19 14:30:00,2021,Regular Season - 23,78,Bundesliga,161,167,VfL Wolfsburg,1899 Hoffenheim,1,2,2.65,3.45,2.49,1.69,2.05,1
719550,2022-02-19 14:30:00,2021,Regular Season - 23,78,Bundesliga,172,176,VfB Stuttgart,Vfl Bochum,1,1,2.25,3.62,3.36,1.97,1.97,1
719552,2022-02-19 14:30:00,2021,Regular Season - 23,78,Bundesliga,170,160,FC Augsburg,SC Freiburg,1,2,2.95,3.3,2.33,1.93,1.78,1
719554,2022-02-19 14:30:00,2021,Regular Season - 23,78,Bundesliga,188,182,Arminia Bielefeld,Union Berlin,1,0,2.95,3.15,2.41,2.16,1.62,1
710806,2022-02-19 15:00:00,2021,Regular Season - 26,39,Premier League,42,55,Arsenal,Brentford,2,1,1.43,4.5,7.2,1.89,1.88,1
710807,2022-02-19 15:00:00,2021,Regular Season - 26,39,Premier League,66,38,Aston Villa,Watford,0,1,1.66,3.85,5,1.98,1.8,1
710808,2022-02-19 15:00:00,2021,Regular Season - 26,39,Premier League,51,44,Brighton,Burnley,0,3,1.7,3.94,5.8,2.22,1.77,1
710809,2022-02-19 15:00:00,2021,Regular Season - 26,39,Premier League,52,49,Crystal Palace,Chelsea,0,1,5.5,3.8,1.62,2,1.73,1
710811,2022-02-19 15:00:00,2021,Regular Season - 26,39,Premier League,40,71,Liverpool,Norwich,3,1,1.1,9,29,1.36,3,1
710813,2022-02-19 15:00:00,2021,Regular Season - 26,39,Premier League,41,45,Southampton,Everton,2,0,2.12,3.66,3.66,1.84,2.12,1
731839,2022-02-19 17:00:00,2021,Regular Season - 26,135,Serie A,497,504,AS Roma,Verona,2,2,1.98,3.94,3.9,1.77,2.22,1
710812,2022-02-19 17:30:00,2021,Regular Season - 26,39,Premier League,50,47,Manchester City,Tottenham,2,3,1.27,5.6,9.4,1.54,2.32,1
719555,2022-02-19 17:30:00,2021,Regular Season - 23,78,Bundesliga,192,169,1.FC Köln,Eintracht Frankfurt,1,0,2.28,3.94,3.09,1.65,2.45,1
731840,2022-02-19 19:45:00,2021,Regular Season - 26,135,Serie A,514,489,Salernitana,AC Milan,2,2,9,4.8,1.33,1.62,2.25,1
720986,2022-02-19 20:00:00,2021,Regular Season - 25,140,La Liga,541,542,Real Madrid,Alaves,3,0,1.22,6,13,1.5,2.5,1
731836,2022-02-20 11:30:00,2021,Regular Season - 26,135,Serie A,502,499,Fiorentina,Atalanta,1,0,2.5,3.4,2.65,1.72,2,1
710810,2022-02-20 14:00:00,2021,Regular Season - 26,39,Premier League,63,33,Leeds,Manchester United,2,4,3.9,3.9,1.83,1.6,2.29,1
731843,2022-02-20 14:00:00,2021,Regular Season - 26,135,Serie A,517,495,Venezia,Genoa,1,1,2.5,3.15,2.8,2.06,1.68,1
719547,2022-02-20 14:30:00,2021,Regular Season - 23,78,Bundesliga,157,178,Bayern Munich,SpVgg Greuther Furth,4,1,1.07,11,26,1.14,5,1
720987,2022-02-20 15:15:00,2021,Regular Season - 25,140,La Liga,532,529,Valencia,Barcelona,1,4,3.5,3.6,1.98,1.74,1.98,1
710815,2022-02-20 16:30:00,2021,Regular Season - 26,39,Premier League,39,46,Wolves,Leicester,2,1,2.22,3.3,3.15,1.98,1.74,1
719548,2022-02-20 16:30:00,2021,Regular Season - 23,78,Bundesliga,165,163,Borussia Dortmund,Borussia Monchengladbach,6,0,1.6,4.2,5,1.44,2.62,1
731837,2022-02-20 17:00:00,2021,Regular Season - 26,135,Serie A,505,488,Inter,Sassuolo,0,2,1.29,5.8,8,1.88,1.83,1
720980,2022-02-20 17:30:00,2021,Regular Season - 25,140,La Liga,543,798,Real Betis,Mallorca,2,1,1.55,4,6,1.75,2,1
719553,2022-02-20 18:30:00,2021,Regular Season - 23,78,Bundesliga,159,173,Hertha Berlin,RB Leipzig,1,6,7,4.34,1.55,1.69,2.37,1
731842,2022-02-20 19:45:00,2021,Regular Season - 26,135,Serie A,494,487,Udinese,Lazio,1,1,2.92,3.36,2.62,2.03,1.88,1
731835,2022-02-21 18:00:00,2021,Regular Season - 26,135,Serie A,490,492,Cagliari,Napoli,1,1,5.4,4.2,1.54,1.66,2.09,1
720981,2022-02-21 20:00:00,2021,Regular Season - 25,140,La Liga,538,539,Celta Vigo,Levante,1,1,1.6,3.95,5.2,1.8,1.92,1
731834,2022-02-21 20:00:00,2021,Regular Season - 26,135,Serie A,500,515,Bologna,Spezia,2,1,1.83,3.81,4.65,1.93,1.98,1
710679,2022-02-23 19:30:00,2021,Regular Season - 13,39,Premier League,44,47,Burnley,Tottenham,1,0,4.5,3.6,1.8,2,1.73,1
710733,2022-02-23 19:30:00,2021,Regular Season - 18,39,Premier League,38,52,Watford,Crystal Palace,1,4,3.15,3.1,2.32,2.13,1.64,1
710739,2022-02-23 19:45:00,2021,Regular Season - 19,39,Premier League,40,63,Liverpool,Leeds,6,0,1.15,7.5,17,1.3,3.4,1
710746,2022-02-24 19:45:00,2021,Regular Season - 20,39,Premier League,42,39,Arsenal,Wolves,2,1,1.63,3.7,5.4,2.1,1.66,1
731849,2022-02-25 17:50:00,2021,Regular Season - 27,135,Serie A,489,494,AC Milan,Udinese,1,1,1.44,4.2,7.5,1.77,2,1
719561,2022-02-25 19:30:00,2021,Regular Season - 24,78,Bundesliga,167,172,1899 Hoffenheim,VfB Stuttgart,2,1,1.53,4.33,5.5,1.57,2.3,1
710824,2022-02-25 20:00:00,2021,Regular Season - 27,39,Premier League,41,71,Southampton,Norwich,2,0,1.53,4.1,5.8,1.8,1.9,1
731846,2022-02-25 20:05:00,2021,Regular Season - 27,135,Serie A,495,505,Genoa,Inter,0,0,8,5.2,1.33,1.57,2.27,1
710822,2022-02-26 12:30:00,2021,Regular Season - 27,39,Premier League,63,47,Leeds,Tottenham,0,4,4.08,4.14,1.89,1.65,2.45,1
720991,2022-02-26 13:00:00,2021,Regular Season - 26,140,La Liga,798,532,Mallorca,Valencia,0,1,2.47,3.15,2.95,2.2,1.65,1
731850,2022-02-26 14:05:00,2021,Regular Season - 27,135,Serie A,514,500,Salernitana,Bologna,1,1,3.6,3.45,2.24,1.95,1.97,1
719557,2022-02-26 14:30:00,2021,Regular Season - 24,78,Bundesliga,168,188,Bayer Leverkusen,Arminia Bielefeld,3,0,1.35,5,8.5,1.53,2.38,1
719558,2022-02-26 14:30:00,2021,Regular Season - 24,78,Bundesliga,182,164,Union Berlin,FSV Mainz 05,3,1,2.6,3.15,2.7,2.12,1.64,1
719559,2022-02-26 14:30:00,2021,Regular Season - 24,78,Bundesliga,163,161,Borussia Monchengladbach,VfL Wolfsburg,2,2,2.05,3.45,3.4,1.74,1.99,1
719560,2022-02-26 14:30:00,2021,Regular Season - 24,78,Bundesliga,160,159,SC Freiburg,Hertha Berlin,3,0,1.6,4.42,6,1.83,2.13,1
719564,2022-02-26 14:30:00,2021,Regular Season - 24,78,Bundesliga,178,192,SpVgg Greuther Furth,1.FC Köln,1,1,3.4,3.65,2,1.64,2.12,1
710817,2022-02-26 15:00:00,2021,Regular Season - 27,39,Premier League,55,34,Brentford,Newcastle,0,2,2.47,3.05,2.95,2.21,1.59,1
710820,2022-02-26 15:00:00,2021,Regular Season - 27,39,Premier League,52,44,Crystal Palace,Burnley,1,1,1.93,3.35,4,2.16,1.62,1
710823,2022-02-26 15:00:00,2021,Regular Season - 27,39,Premier League,33,38,Manchester United,Watford,0,0,1.32,5.2,8.4,1.59,2.22,1
720992,2022-02-26 15:15:00,2021,Regular Season - 26,140,La Liga,546,542,Getafe,Alaves,2,2,1.95,3,4.8,2.75,1.4,1
710818,2022-02-26 15:30:00,2021,Regular Season - 27,39,Premier League,51,66,Brighton,Aston Villa,0,2,2.34,3.26,3.52,2.21,1.78,1
731845,2022-02-26 17:05:00,2021,Regular Season - 27,135,Serie A,511,496,Empoli,Juventus,2,3,5.5,3.7,1.62,1.73,2.05,1
710821,2022-02-26 17:30:00,2021,Regular Season - 27,39,Premier League,45,50,Everton,Manchester City,0,1,11,5.8,1.25,1.53,2.38,1
719556,2022-02-26 17:30:00,2021,Regular Season - 24,78,Bundesliga,169,157,Eintracht Frankfurt,Bayern Munich,0,1,6,5,1.44,1.33,3.25,1
720997,2022-02-26 17:30:00,2021,Regular Season - 26,140,La Liga,728,541,Rayo Vallecano,Real Madrid,0,1,5.2,4.24,1.7,1.85,2.1,1
731851,2022-02-26 19:50:00,2021,Regular Season - 27,135,Serie A,488,502,Sassuolo,Fiorentina,2,1,2.65,3.5,2.44,1.55,2.3,1
720989,2022-02-26 20:00:00,2021,Regular Season - 26,140,La Liga,530,538,Atletico Madrid,Celta Vigo,2,0,1.59,3.85,5.4,1.94,1.78,1
731853,2022-02-27 11:35:00,2021,Regular Season - 27,135,Serie A,503,490,Torino,Cagliari,1,2,1.69,3.65,6.3,2.03,1.88,1
710825,2022-02-27 14:00:00,2021,Regular Season - 27,39,Premier League,48,39,West Ham,Wolves,1,0,2.07,3.2,3.65,2.19,1.6,1
731847,2022-02-27 14:05:00,2021,Regular Season - 27,135,Serie A,504,517,Verona,Venezia,3,1,1.53,4,6.5,1.67,2.15,1
719563,2022-02-27 14:30:00,2021,Regular Season - 24,78,Bundesliga,176,173,Vfl Bochum,RB Leipzig,0,1,4.6,4.1,1.68,1.66,2.18,1
720996,2022-02-27 15:15:00,2021,Regular Season - 26,140,La Liga,536,543,Sevilla,Real Betis,2,1,2.2,3.1,3.25,2.05,1.7,1
719562,2022-02-27 16:30:00,2021,Regular Season - 24,78,Bundesliga,170,165,FC Augsburg,Borussia Dortmund,1,1,5,4.2,1.62,1.5,2.5,1
731852,2022-02-27 17:05:00,2021,Regular Season - 27,135,Serie A,515,497,Spezia,AS Roma,0,1,5,3.6,1.7,1.75,2,1
731848,2022-02-27 19:50:00,2021,Regular Season - 27,135,Serie A,487,492,Lazio,Napoli,1,2,2.89,3.53,2.55,1.93,1.98,1
731844,2022-02-28 19:50:00,2021,Regular Season - 27,135,Serie A,499,498,Atalanta,Sampdoria,4,0,1.45,4.6,6.2,1.59,2.21,1
710768,2022-03-01 19:45:00,2021,Regular Season - 22,39,Premier League,44,46,Burnley,Leicester,0,2,3.05,3.38,2.56,2.03,1.91,1
720944,2022-03-02 20:00:00,2021,Regular Season - 21,140,La Liga,798,548,Mallorca,Real Sociedad,0,2,3.25,3.1,2.25,2.25,1.6,1
719571,2022-03-04 19:30:00,2021,Regular Season - 25,78,Bundesliga,188,170,Arminia Bielefeld,FC Augsburg,0,1,2.56,3.4,3.02,2.19,1.79,1
731858,2022-03-04 19:45:00,2021,Regular Season - 28,135,Serie A,505,514,Inter,Salernitana,5,0,1.16,7.2,15,2,1.72,1
720999,2022-03-04 20:00:00,2021,Regular Season - 27,140,La Liga,542,536,Alaves,Sevilla,0,0,4.2,3.2,1.91,2.4,1.53,1
710828,2022-03-05 12:30:00,2021,Regular Season - 28,39,Premier League,46,63,Leicester,Leeds,1,0,1.8,3.9,4,1.53,2.38,1
731862,2022-03-05 14:00:00,2021,Regular Season - 28,135,Serie A,494,498,Udinese,Sampdoria,2,1,1.88,3.5,4,1.92,1.8,1
719565,2022-03-05 14:30:00,2021,Regular Season - 25,78,Bundesliga,157,168,Bayern Munich,Bayer Leverkusen,1,1,1.4,5.5,6.5,1.29,3.5,1
719566,2022-03-05 14:30:00,2021,Regular Season - 25,78,Bundesliga,173,160,RB Leipzig,SC Freiburg,1,1,1.61,4.1,4.9,1.62,2.16,1
719567,2022-03-05 14:30:00,2021,Regular Season - 25,78,Bundesliga,161,182,VfL Wolfsburg,Union Berlin,1,0,2.19,3.25,3.3,2.11,1.65,1
719570,2022-03-05 14:30:00,2021,Regular Season - 25,78,Bundesliga,159,169,Hertha Berlin,Eintracht Frankfurt,1,4,3.2,3.4,2.15,1.73,2.05,1
719573,2022-03-05 14:30:00,2021,Regular Season - 25,78,Bundesliga,176,178,Vfl Bochum,SpVgg Greuther Furth,2,1,1.75,3.65,4.5,1.92,1.8,1
710826,2022-03-05 15:00:00,2021,Regular Season - 28,39,Premier League,66,41,Aston Villa,Southampton,4,0,2.41,3.49,3.12,1.85,2.06,1
710827,2022-03-05 15:00:00,2021,Regular Season - 28,39,Premier League,44,49,Burnley,Chelsea,0,4,6.6,4.1,1.48,1.97,1.75,1
710831,2022-03-05 15:00:00,2021,Regular Season - 28,39,Premier League,34,51,Newcastle,Brighton,2,1,2.7,3.05,2.7,2.19,1.61,1
710832,2022-03-05 15:00:00,2021,Regular Season - 28,39,Premier League,71,55,Norwich,Brentford,1,3,2.85,3.05,2.55,2.2,1.6,1
710835,2022-03-05 15:00:00,2021,Regular Season - 28,39,Premier League,39,52,Wolves,Crystal Palace,0,2,2.38,3,3.4,2.5,1.53,1
731861,2022-03-05 17:00:00,2021,Regular Season - 28,135,Serie A,497,499,AS Roma,Atalanta,1,0,2.55,3.25,2.62,1.73,2.05,1
710829,2022-03-05 17:30:00,2021,Regular Season - 28,39,Premier League,40,48,Liverpool,West Ham,1,0,1.3,5.5,9.5,1.5,2.5,1
719568,2022-03-05 17:30:00,2021,Regular Season - 25,78,Bundesliga,172,163,VfB Stuttgart,Borussia Monchengladbach,3,2,3.2,3.84,2.25,1.74,2.27,1
721007,2022-03-05 17:30:00,2021,Regular Season - 27,140,La Liga,532,715,Valencia,Granada CF,3,1,1.75,3.5,4.5,1.91,1.83,1
731855,2022-03-05 19:45:00,2021,Regular Season - 28,135,Serie A,490,487,Cagliari,Lazio,0,3,3.79,3.47,2.13,1.97,1.93,1
721006,2022-03-05 20:00:00,2021,Regular Season - 27,140,La Liga,541,548,Real Madrid,Real Sociedad,4,1,1.65,4.14,5.64,1.85,2.07,1
731857,2022-03-06 11:30:00,2021,Regular Season - 28,135,Serie A,495,511,Genoa,Empoli,0,0,2.6,3.45,2.9,1.88,2.06,1
710834,2022-03-06 14:00:00,2021,Regular Season - 28,39,Premier League,38,42,Watford,Arsenal,2,3,5.6,3.9,1.57,1.95,1.76,1
731854,2022-03-06 14:00:00,2021,Regular Season - 28,135,Serie A,500,503,Bologna,Torino,0,0,2.8,3.2,2.5,1.96,1.75,1
731856,2022-03-06 14:00:00,2021,Regular Season - 28,135,Serie A,502,504,Fiorentina,Verona,1,1,1.98,3.6,3.5,1.65,2.12,1
731863,2022-03-06 14:00:00,2021,Regular Season - 28,135,Serie A,517,488,Venezia,Sassuolo,1,4,3.1,3.45,2.18,1.59,2.22,1
710830,2022-03-06 16:30:00,2021,Regular Season - 28,39,Premier League,50,33,Manchester City,Manchester United,4,1,1.39,4.9,7,1.56,2.28,1
719572,2022-03-06 16:30:00,2021,Regular Season - 25,78,Bundesliga,192,167,1.FC Köln,1899 Hoffenheim,0,1,2.5,3.4,2.7,1.53,2.38,1
731859,2022-03-06 17:00:00,2021,Regular Season - 28,135,Serie A,496,515,Juventus,Spezia,1,0,1.25,6,12,1.67,2.15,1
721002,2022-03-06 17:30:00,2021,Regular Season - 27,140,La Liga,538,798,Celta Vigo,Mallorca,4,3,1.81,3.72,5.1,2.29,1.73,1
731860,2022-03-06 19:45:00,2021,Regular Season - 28,135,Serie A,492,489,Napoli,AC Milan,0,1,2.1,3.3,3.45,1.93,1.78,1
721001,2022-03-06 20:00:00,2021,Regular Season - 27,140,La Liga,543,530,Real Betis,Atletico Madrid,1,3,3.22,3.23,2.49,1.96,1.94,1
710833,2022-03-07 20:00:00,2021,Regular Season - 28,39,Premier League,47,45,Tottenham,Everton,5,0,1.54,4.2,5.6,1.71,2.02,1
710745,2022-03-10 19:30:00,2021,Regular Season - 19,39,Premier League,39,38,Wolves,Watford,4,0,1.92,3.5,4.78,2.54,1.61,1
710764,2022-03-10 19:30:00,2021,Regular Season - 21,39,Premier League,41,34,Southampton,Newcastle,1,2,1.96,3.6,3.55,1.75,1.97,1
710852,2022-03-10 19:30:00,2021,Regular Season - 30,39,Premier League,71,49,Norwich,Chelsea,1,3,9.6,5.2,1.29,1.67,2.08,1
710751,2022-03-10 19:45:00,2021,Regular Season - 20,39,Premier League,63,66,Leeds,Aston Villa,0,3,2.75,3.4,2.55,1.7,2.15,1
710838,2022-03-12 12:30:00,2021,Regular Season - 29,39,Premier League,51,40,Brighton,Liverpool,0,2,5.8,4.4,1.52,1.67,2.17,1
731869,2022-03-12 14:00:00,2021,Regular Season - 29,135,Serie A,514,488,Salernitana,Sassuolo,2,2,4,3.9,1.8,1.53,2.38,1
731871,2022-03-12 14:00:00,2021,Regular Season - 29,135,Serie A,515,490,Spezia,Cagliari,2,0,2.94,3.25,2.76,2.08,1.85,1
719577,2022-03-12 14:30:00,2021,Regular Season - 26,78,Bundesliga,182,172,Union Berlin,VfB Stuttgart,1,1,2.19,3.6,3.54,2.07,1.88,1
719579,2022-03-12 14:30:00,2021,Regular Season - 26,78,Bundesliga,160,161,SC Freiburg,VfL Wolfsburg,3,2,2.16,3.55,3.75,2.08,1.84,1
719580,2022-03-12 14:30:00,2021,Regular Season - 26,78,Bundesliga,167,157,1899 Hoffenheim,Bayern Munich,1,1,5,4.6,1.55,1.29,3.5,1
710837,2022-03-12 15:00:00,2021,Regular Season - 29,39,Premier League,55,44,Brentford,Burnley,2,0,2.2,3.2,3.6,2.38,1.57,1
731870,2022-03-12 17:00:00,2021,Regular Season - 29,135,Serie A,498,496,Sampdoria,Juventus,1,3,5.68,3.9,1.69,1.95,1.95,1
710843,2022-03-12 17:30:00,2021,Regular Season - 29,39,Premier League,33,47,Manchester United,Tottenham,3,2,2.16,3.45,3.15,1.67,2.08,1
719578,2022-03-12 17:30:00,2021,Regular Season - 26,78,Bundesliga,163,159,Borussia Monchengladbach,Hertha Berlin,2,0,1.57,4.33,5.5,1.5,2.5,1
721018,2022-03-12 17:30:00,2021,Regular Season - 28,140,La Liga,533,538,Villarreal,Celta Vigo,1,0,1.63,3.95,4.9,1.78,1.95,1
731868,2022-03-12 19:45:00,2021,Regular Season - 29,135,Serie A,489,511,AC Milan,Empoli,1,0,1.33,5,9,1.53,2.38,1
721013,2022-03-12 20:00:00,2021,Regular Season - 28,140,La Liga,546,532,Getafe,Valencia,0,0,2.33,3.1,3.15,2.33,1.54,1
731865,2022-03-13 11:30:00,2021,Regular Season - 29,135,Serie A,502,500,Fiorentina,Bologna,1,0,1.63,3.95,4.9,1.74,1.98,1
721017,2022-03-13 13:00:00,2021,Regular Season - 28,140,La Liga,728,536,Rayo Vallecano,Sevilla,1,1,3.15,3.05,2.36,2.44,1.49,1
710839,2022-03-13 14:00:00,2021,Regular Season - 29,39,Premier League,49,34,Chelsea,Newcastle,1,0,1.32,5,8.6,1.66,2.09,1
710841,2022-03-13 14:00:00,2021,Regular Season - 29,39,Premier League,45,39,Everton,Wolves,0,1,2.34,3.38,3.4,2.4,1.67,1
710842,2022-03-13 14:00:00,2021,Regular Season - 29,39,Premier League,63,71,Leeds,Norwich,2,1,1.58,4.2,5.2,1.64,2.13,1
710844,2022-03-13 14:00:00,2021,Regular Season - 29,39,Premier League,41,38,Southampton,Watford,1,2,1.66,4.28,5.5,1.85,2.1,1
710845,2022-03-13 14:00:00,2021,Regular Season - 29,39,Premier League,48,66,West Ham,Aston Villa,2,1,2.42,3.37,3.21,2.06,1.85,1
731866,2022-03-13 14:00:00,2021,Regular Season - 29,135,Serie A,504,492,Verona,Napoli,1,2,3.58,3.59,2.15,1.93,1.98,1
719576,2022-03-13 14:30:00,2021,Regular Season - 26,78,Bundesliga,168,192,Bayer Leverkusen,1.FC Köln,0,1,1.6,4.2,5,1.5,2.5,1
710836,2022-03-13 16:30:00,2021,Regular Season - 29,39,Premier League,42,46,Arsenal,Leicester,2,0,1.55,4.74,6.3,1.67,2.4,1
719574,2022-03-13 16:30:00,2021,Regular Season - 26,78,Bundesliga,165,188,Borussia Dortmund,Arminia Bielefeld,1,0,1.25,5.8,11,1.44,2.62,1
719575,2022-03-13 16:30:00,2021,Regular Season - 26,78,Bundesliga,169,176,Eintracht Frankfurt,Vfl Bochum,2,1,1.86,3.6,3.9,1.76,1.96,1
731864,2022-03-13 17:00:00,2021,Regular Season - 29,135,Serie A,499,495,Atalanta,Genoa,0,0,1.34,5,8.4,1.7,2.04,1
731873,2022-03-13 17:00:00,2021,Regular Season - 29,135,Serie A,494,497,Udinese,AS Roma,1,1,3.2,3.45,2.46,2.06,1.85,1
721016,2022-03-13 17:30:00,2021,Regular Season - 28,140,La Liga,548,542,Real Sociedad,Alaves,1,0,1.48,4,7,1.95,1.77,1
719582,2022-03-13 18:30:00,2021,Regular Season - 26,78,Bundesliga,178,173,SpVgg Greuther Furth,RB Leipzig,1,6,8.8,5.55,1.38,1.64,2.48,1
731872,2022-03-13 19:45:00,2021,Regular Season - 29,135,Serie A,503,505,Torino,Inter,1,1,5.5,3.7,1.62,1.77,1.95,1
731867,2022-03-14 19:45:00,2021,Regular Season - 29,135,Serie A,487,517,Lazio,Venezia,1,0,1.31,5.2,8.4,1.57,2.27,1
710840,2022-03-14 20:00:00,2021,Regular Season - 29,39,Premier League,52,50,Crystal Palace,Manchester City,0,0,9.2,5.2,1.3,1.66,2.09,1
721012,2022-03-14 20:00:00,2021,Regular Season - 28,140,La Liga,798,541,Mallorca,Real Madrid,0,3,6.15,4.54,1.57,1.78,2.21,1
719569,2022-03-16 17:30:00,2021,Regular Season - 25,78,Bundesliga,164,165,FSV Mainz 05,Borussia Dortmund,0,1,4.24,4.14,1.86,1.72,2.31,1
710708,2022-03-16 19:30:00,2021,Regular Season - 16,39,Premier League,51,47,Brighton,Tottenham,0,2,3.2,3.3,2.27,2.04,1.76,1
710816,2022-03-16 20:15:00,2021,Regular Season - 27,39,Premier League,42,40,Arsenal,Liverpool,0,2,3.75,3.75,1.86,1.67,2.08,1
710750,2022-03-17 19:45:00,2021,Regular Season - 20,39,Premier League,45,34,Everton,Newcastle,1,0,2.35,3.2,3.05,2.06,1.68,1
731882,2022-03-18 17:45:00,2021,Regular Season - 30,135,Serie A,488,515,Sassuolo,Spezia,4,1,1.6,4,5.5,1.53,2.38,1
719590,2022-03-18 19:30:00,2021,Regular Season - 27,78,Bundesliga,176,163,Vfl Bochum,Borussia Monchengladbach,0,2,2.9,3.45,2.29,1.69,2.05,1
710855,2022-03-18 20:00:00,2021,Regular Season - 30,39,Premier League,39,63,Wolves,Leeds,2,3,2.25,3.52,3.41,2.04,1.88,1
731877,2022-03-18 20:00:00,2021,Regular Season - 30,135,Serie A,495,503,Genoa,Torino,1,0,3.15,3.1,2.31,2.19,1.6,1
710846,2022-03-19 12:30:00,2021,Regular Season - 30,39,Premier League,66,42,Aston Villa,Arsenal,0,1,3,3.5,2.48,1.93,1.97,1
721019,2022-03-19 13:00:00,2021,Regular Season - 29,140,La Liga,542,715,Alaves,Granada CF,2,3,2,3.3,3.75,2.15,1.67,1
731880,2022-03-19 14:00:00,2021,Regular Season - 30,135,Serie A,492,494,Napoli,Udinese,2,1,1.45,4.4,6.4,1.75,1.97,1
719586,2022-03-19 14:30:00,2021,Regular Season - 27,78,Bundesliga,172,170,VfB Stuttgart,FC Augsburg,3,2,2.02,3.5,3.5,1.81,1.9,1
719587,2022-03-19 14:30:00,2021,Regular Season - 27,78,Bundesliga,164,188,FSV Mainz 05,Arminia Bielefeld,4,0,1.58,3.8,5.8,2.06,1.68,1
719588,2022-03-19 14:30:00,2021,Regular Season - 27,78,Bundesliga,159,167,Hertha Berlin,1899 Hoffenheim,3,0,4.2,4,1.75,1.53,2.38,1
719591,2022-03-19 14:30:00,2021,Regular Season - 27,78,Bundesliga,178,160,SpVgg Greuther Furth,SC Freiburg,0,0,4.5,3.85,1.7,1.75,1.97,1
731878,2022-03-19 17:00:00,2021,Regular Season - 30,135,Serie A,505,502,Inter,Fiorentina,1,1,1.49,4.5,5.8,1.58,2.24,1
719583,2022-03-19 17:30:00,2021,Regular Season - 27,78,Bundesliga,157,182,Bayern Munich,Union Berlin,4,0,1.15,7.5,17,1.3,3.4,1
731875,2022-03-19 19:45:00,2021,Regular Season - 30,135,Serie A,490,489,Cagliari,AC Milan,0,1,5.2,3.95,1.6,1.84,1.88,1
721027,2022-03-19 20:00:00,2021,Regular Season - 29,140,La Liga,728,530,Rayo Vallecano,Atletico Madrid,0,1,3.8,3.4,2,2.2,1.62,1
731883,2022-03-20 11:30:00,2021,Regular Season - 30,135,Serie A,517,498,Venezia,Sampdoria,0,2,2.7,3.2,2.62,1.85,1.91,1
710848,2022-03-20 14:00:00,2021,Regular Season - 30,39,Premier League,46,55,Leicester,Brentford,2,1,2.26,3.54,3.37,1.95,1.95,1
731876,2022-03-20 14:00:00,2021,Regular Season - 30,135,Serie A,511,504,Empoli,Verona,1,1,2.75,3.42,2.77,1.76,2.23,1
731879,2022-03-20 14:00:00,2021,Regular Season - 30,135,Serie A,496,514,Juventus,Salernitana,2,0,1.2,6.5,14,1.62,2.25,1
719584,2022-03-20 14:30:00,2021,Regular Season - 27,78,Bundesliga,173,169,RB Leipzig,Eintracht Frankfurt,0,0,1.47,5,7.2,1.64,2.48,1
721021,2022-03-20 15:15:00,2021,Regular Season - 29,140,La Liga,538,543,Celta Vigo,Real Betis,0,0,2.24,3.59,3.36,1.96,1.94,1
710853,2022-03-20 16:30:00,2021,Regular Season - 30,39,Premier League,47,48,Tottenham,West Ham,3,1,1.7,3.95,4.6,1.74,2.08,1
719585,2022-03-20 16:30:00,2021,Regular Season - 27,78,Bundesliga,161,168,VfL Wolfsburg,Bayer Leverkusen,0,2,2.8,3.4,2.45,1.73,2.05,1
731881,2022-03-20 17:00:00,2021,Regular Season - 30,135,Serie A,497,487,AS Roma,Lazio,3,0,2.72,3.42,2.77,1.9,2,1
721026,2022-03-20 17:30:00,2021,Regular Season - 29,140,La Liga,536,548,Sevilla,Real Sociedad,0,0,2.05,3.25,3.75,2.3,1.57,1
719589,2022-03-20 18:30:00,2021,Regular Season - 27,78,Bundesliga,192,165,1.FC Köln,Borussia Dortmund,1,1,3.5,3.6,2,1.53,2.38,1
731874,2022-03-20 19:45:00,2021,Regular Season - 30,135,Serie A,500,499,Bologna,Atalanta,0,1,4.2,3.75,1.8,1.79,1.99,1
721025,2022-03-20 20:00:00,2021,Regular Season - 29,140,La Liga,541,529,Real Madrid,Barcelona,0,4,2.37,3.62,3.14,1.71,2.32,1
719595,2022-04-01 18:30:00,2021,Regular Season - 28,78,Bundesliga,182,192,Union Berlin,1.FC Köln,1,0,2.3,3.3,3,1.91,1.85,1
710861,2022-04-02 11:30:00,2021,Regular Season - 31,39,Premier League,40,38,Liverpool,Watford,2,0,1.12,8,21,1.36,3,1
721034,2022-04-02 12:00:00,2021,Regular Season - 30,140,La Liga,546,798,Getafe,Mallorca,1,0,2.15,3,3.9,2.62,1.44,1
731892,2022-04-02 13:00:00,2021,Regular Season - 31,135,Serie A,515,517,Spezia,Venezia,1,0,2.12,3.4,3.7,2.04,1.8,1
719593,2022-04-02 13:30:00,2021,Regular Season - 28,78,Bundesliga,169,178,Eintracht Frankfurt,SpVgg Greuther Furth,0,0,1.49,4.98,7,1.66,2.41,1
719594,2022-04-02 13:30:00,2021,Regular Season - 28,78,Bundesliga,168,159,Bayer Leverkusen,Hertha Berlin,2,1,1.4,4.8,7,1.5,2.5,1
719597,2022-04-02 13:30:00,2021,Regular Season - 28,78,Bundesliga,160,157,SC Freiburg,Bayern Munich,1,4,5.8,4.5,1.5,1.4,2.75,1
719598,2022-04-02 13:30:00,2021,Regular Season - 28,78,Bundesliga,167,176,1899 Hoffenheim,Vfl Bochum,1,2,1.48,4.5,6,1.6,2.3,1
719600,2022-04-02 13:30:00,2021,Regular Season - 28,78,Bundesliga,188,172,Arminia Bielefeld,VfB Stuttgart,1,1,3.05,3.3,2.33,1.97,1.81,1
710856,2022-04-02 14:00:00,2021,Regular Season - 31,39,Premier League,51,71,Brighton,Norwich,0,0,1.5,4.1,6.8,2.06,1.74,1
710857,2022-04-02 14:00:00,2021,Regular Season - 31,39,Premier League,44,50,Burnley,Manchester City,0,2,12,6.5,1.2,1.55,2.25,1
710858,2022-04-02 14:00:00,2021,Regular Season - 31,39,Premier League,49,55,Chelsea,Brentford,1,4,1.35,5.23,10.77,1.91,1.99,1
710860,2022-04-02 14:00:00,2021,Regular Season - 31,39,Premier League,63,41,Leeds,Southampton,1,1,2.3,3.5,2.8,1.57,2.2,1
710865,2022-04-02 14:00:00,2021,Regular Season - 31,39,Premier League,39,66,Wolves,Aston Villa,2,1,3,2.9,2.5,2.3,1.53,1
721036,2022-04-02 14:15:00,2021,Regular Season - 30,140,La Liga,539,533,Levante,Villarreal,2,0,3.82,3.94,2,1.75,2.25,1
731888,2022-04-02 16:00:00,2021,Regular Season - 31,135,Serie A,487,488,Lazio,Sassuolo,2,1,1.73,3.9,4.5,1.53,2.38,1
710862,2022-04-02 16:30:00,2021,Regular Season - 31,39,Premier League,33,46,Manchester United,Leicester,1,1,1.48,4.33,6,1.53,2.3,1
719592,2022-04-02 16:30:00,2021,Regular Season - 28,78,Bundesliga,165,173,Borussia Dortmund,RB Leipzig,1,4,2.4,3.6,2.7,1.53,2.38,1
721033,2022-04-02 16:30:00,2021,Regular Season - 30,140,La Liga,538,541,Celta Vigo,Real Madrid,1,2,4.14,3.7,1.95,1.95,1.95,1
731890,2022-04-02 18:45:00,2021,Regular Season - 31,135,Serie A,514,503,Salernitana,Torino,0,1,4.1,3.5,1.88,2.01,1.78,1
721030,2022-04-02 19:00:00,2021,Regular Season - 30,140,La Liga,530,542,Atletico Madrid,Alaves,4,1,1.36,4.6,9,2,1.8,1
731885,2022-04-03 10:30:00,2021,Regular Season - 31,135,Serie A,502,511,Fiorentina,Empoli,1,0,1.58,4.7,5.8,1.64,2.48,1
710864,2022-04-03 13:00:00,2021,Regular Season - 31,39,Premier League,48,45,West Ham,Everton,2,1,1.78,3.7,4.4,1.92,1.86,1
731884,2022-04-03 13:00:00,2021,Regular Season - 31,135,Serie A,499,492,Atalanta,Napoli,1,3,2.3,3.25,3.1,1.91,1.85,1
731893,2022-04-03 13:00:00,2021,Regular Season - 31,135,Serie A,494,490,Udinese,Cagliari,5,1,1.79,3.55,4.5,2.03,1.76,1
719599,2022-04-03 13:30:00,2021,Regular Season - 28,78,Bundesliga,170,161,FC Augsburg,VfL Wolfsburg,3,0,2.9,3.25,2.4,2.05,1.73,1
710863,2022-04-03 15:30:00,2021,Regular Season - 31,39,Premier League,47,34,Tottenham,Newcastle,5,1,1.57,4.48,6.35,1.85,2.1,1
719596,2022-04-03 15:30:00,2021,Regular Season - 28,78,Bundesliga,163,164,Borussia Monchengladbach,FSV Mainz 05,1,1,2.25,3.5,3,1.73,2.05,1
731891,2022-04-03 16:00:00,2021,Regular Season - 31,135,Serie A,498,497,Sampdoria,AS Roma,0,1,4.1,3.65,1.85,1.84,1.94,1
721035,2022-04-03 16:30:00,2021,Regular Season - 30,140,La Liga,715,728,Granada CF,Rayo Vallecano,2,2,2.6,3.15,2.8,2.2,1.65,1
731887,2022-04-03 18:45:00,2021,Regular Season - 31,135,Serie A,496,505,Juventus,Inter,0,1,2.8,3.2,2.55,1.98,1.8,1
721031,2022-04-03 19:00:00,2021,Regular Season - 30,140,La Liga,529,536,Barcelona,Sevilla,1,0,1.46,4.5,6.6,1.79,1.99,1
731886,2022-04-04 16:30:00,2021,Regular Season - 31,135,Serie A,504,495,Verona,Genoa,1,0,1.91,3.3,4.33,2.05,1.75,1
731889,2022-04-04 18:45:00,2021,Regular Season - 31,135,Serie A,489,500,AC Milan,Bologna,0,0,1.38,4.8,8.5,1.75,2.08,1
710859,2022-04-04 19:00:00,2021,Regular Season - 31,39,Premier League,52,42,Crystal Palace,Arsenal,3,0,3.8,3.35,2.01,2.12,1.7,1
719581,2022-04-06 16:30:00,2021,Regular Season - 26,78,Bundesliga,170,164,FC Augsburg,FSV Mainz 05,2,1,3.25,3.3,2.22,2.02,1.78,1
710738,2022-04-06 18:30:00,2021,Regular Season - 19,39,Premier League,44,45,Burnley,Everton,3,2,2.6,3.26,3.07,2.33,1.71,1
719605,2022-04-08 18:30:00,2021,Regular Season - 29,78,Bundesliga,172,165,VfB Stuttgart,Borussia Dortmund,0,2,4,3.9,1.8,1.53,2.38,1
710872,2022-04-08 19:00:00,2021,Regular Season - 32,39,Premier League,34,39,Newcastle,Wolves,1,0,2.25,3,3.4,2.25,1.55,1
721045,2022-04-08 19:00:00,2021,Regular Season - 31,140,La Liga,536,715,Sevilla,Granada CF,4,2,1.4,4.33,8.5,2,1.73,1
710869,2022-04-09 11:30:00,2021,Regular Season - 32,39,Premier League,45,33,Everton,Manchester United,1,0,4.57,3.94,1.81,1.87,2.04,1
731896,2022-04-09 13:00:00,2021,Regular Season - 32,135,Serie A,511,515,Empoli,Spezia,0,0,1.98,3.55,3.65,1.81,1.97,1
719601,2022-04-09 13:30:00,2021,Regular Season - 29,78,Bundesliga,157,170,Bayern Munich,FC Augsburg,1,0,1.11,9,19,1.2,4.33,1
719603,2022-04-09 13:30:00,2021,Regular Season - 29,78,Bundesliga,161,188,VfL Wolfsburg,Arminia Bielefeld,4,0,1.73,4,5.35,2.03,1.91,1
719607,2022-04-09 13:30:00,2021,Regular Season - 29,78,Bundesliga,192,164,1.FC Köln,FSV Mainz 05,3,2,2.5,3.25,2.8,1.85,1.91,1
719609,2022-04-09 13:30:00,2021,Regular Season - 29,78,Bundesliga,178,163,SpVgg Greuther Furth,Borussia Monchengladbach,0,2,4.6,4,1.67,1.62,2.2,1
710866,2022-04-09 14:00:00,2021,Regular Season - 32,39,Premier League,42,51,Arsenal,Brighton,1,2,1.64,3.85,5.2,2,1.79,1
710874,2022-04-09 14:00:00,2021,Regular Season - 32,39,Premier League,41,49,Southampton,Chelsea,0,6,3.9,3.6,1.9,1.9,1.88,1
710875,2022-04-09 14:00:00,2021,Regular Season - 32,39,Premier League,38,63,Watford,Leeds,0,3,2.65,3.45,2.55,1.76,2.04,1
721039,2022-04-09 14:15:00,2021,Regular Season - 31,140,La Liga,798,530,Mallorca,Atletico Madrid,1,0,4.33,3.3,1.91,2.3,1.57,1
731898,2022-04-09 16:00:00,2021,Regular Season - 32,135,Serie A,505,504,Inter,Verona,2,0,1.33,5.25,8,1.55,2.38,1
710867,2022-04-09 16:30:00,2021,Regular Season - 32,39,Premier League,66,47,Aston Villa,Tottenham,0,4,3.23,3.6,2.3,1.87,2.05,1
719606,2022-04-09 16:30:00,2021,Regular Season - 29,78,Bundesliga,159,182,Hertha Berlin,Union Berlin,1,4,2.94,3.4,2.61,2.27,1.74,1
731895,2022-04-09 18:45:00,2021,Regular Season - 32,135,Serie A,490,496,Cagliari,Juventus,1,2,6.4,4,1.63,2.04,1.89,1
721044,2022-04-09 19:00:00,2021,Regular Season - 31,140,La Liga,541,546,Real Madrid,Getafe,2,0,1.4,4.4,9,2,1.73,1
731897,2022-04-10 10:30:00,2021,Regular Season - 32,135,Serie A,495,487,Genoa,Lazio,1,4,4.3,3.6,2.02,2.06,1.87,1
710868,2022-04-10 13:00:00,2021,Regular Season - 32,39,Premier League,55,48,Brentford,West Ham,2,0,2.62,3.37,2.91,2.08,1.84,1
710870,2022-04-10 13:00:00,2021,Regular Season - 32,39,Premier League,46,52,Leicester,Crystal Palace,2,1,2.5,3.3,2.75,1.91,1.83,1
710873,2022-04-10 13:00:00,2021,Regular Season - 32,39,Premier League,71,44,Norwich,Burnley,2,0,3.03,3.36,2.58,2.34,1.7,1
731899,2022-04-10 13:00:00,2021,Regular Season - 32,135,Serie A,492,502,Napoli,Fiorentina,2,3,1.74,3.8,4.5,1.8,1.98,1
731901,2022-04-10 13:00:00,2021,Regular Season - 32,135,Serie A,488,499,Sassuolo,Atalanta,2,1,3.3,3.7,2.05,1.53,2.38,1
731903,2022-04-10 13:00:00,2021,Regular Season - 32,135,Serie A,517,494,Venezia,Udinese,1,2,3.35,3.3,2.18,2.04,1.76,1
719608,2022-04-10 13:30:00,2021,Regular Season - 29,78,Bundesliga,176,168,Vfl Bochum,Bayer Leverkusen,0,0,4.22,4.18,1.85,1.68,2.38,1
710871,2022-04-10 15:30:00,2021,Regular Season - 32,39,Premier League,50,40,Manchester City,Liverpool,2,2,2.05,3.6,3.4,1.7,2.12,1
719604,2022-04-10 15:30:00,2021,Regular Season - 29,78,Bundesliga,169,160,Eintracht Frankfurt,SC Freiburg,1,2,2.5,3.25,2.8,1.83,1.95,1
731900,2022-04-10 16:00:00,2021,Regular Season - 32,135,Serie A,497,514,AS Roma,Salernitana,2,1,1.29,5.25,10,1.62,2.25,1
719602,2022-04-10 17:30:00,2021,Regular Season - 29,78,Bundesliga,173,167,RB Leipzig,1899 Hoffenheim,3,0,1.5,4.6,6,1.5,2.5,1
731902,2022-04-10 18:45:00,2021,Regular Season - 32,135,Serie A,503,489,Torino,AC Milan,0,0,4.1,3.5,1.89,2.08,1.74,1
721042,2022-04-10 19:00:00,2021,Regular Season - 31,140,La Liga,539,529,Levante,Barcelona,2,3,6.5,4.6,1.44,1.44,2.62,1
731894,2022-04-11 18:45:00,2021,Regular Season - 32,135,Serie A,500,498,Bologna,Sampdoria,2,0,2.2,3.25,3.35,2.05,1.75,1
721046,2022-04-11 19:00:00,2021,Regular Season - 31,140,La Liga,728,532,Rayo Vallecano,Valencia,1,1,2.2,3.44,3.68,2.34,1.7,1
731912,2022-04-15 17:00:00,2021,Regular Season - 33,135,Serie A,515,505,Spezia,Inter,1,3,9.5,5.5,1.29,1.6,2.25,1
721055,2022-04-15 19:00:00,2021,Regular Season - 32,140,La Liga,548,543,Real Sociedad,Real Betis,0,0,2.17,3.64,3.54,1.98,1.97,1
731909,2022-04-15 19:00:00,2021,Regular Season - 33,135,Serie A,489,495,AC Milan,Genoa,2,0,1.31,5.2,9.6,1.78,2.02,1
731905,2022-04-16 10:30:00,2021,Regular Season - 33,135,Serie A,490,488,Cagliari,Sassuolo,1,0,2.8,3.7,2.3,1.57,2.3,1
710882,2022-04-16 11:30:00,2021,Regular Season - 33,39,Premier League,47,51,Tottenham,Brighton,0,1,1.54,4.2,5.8,1.88,1.92,1
731911,2022-04-16 12:30:00,2021,Regular Season - 33,135,Serie A,498,514,Sampdoria,Salernitana,1,2,1.83,3.7,4.1,1.81,1.97,1
731913,2022-04-16 12:30:00,2021,Regular Season - 33,135,Serie A,494,511,Udinese,Empoli,4,1,1.79,3.75,4.3,1.78,2.01,1
719610,2022-04-16 13:30:00,2021,Regular Season - 30,78,Bundesliga,165,161,Borussia Dortmund,VfL Wolfsburg,6,1,1.53,4.33,5.5,1.55,2.38,1
719614,2022-04-16 13:30:00,2021,Regular Season - 30,78,Bundesliga,160,176,SC Freiburg,Vfl Bochum,3,0,1.66,3.9,4.9,1.86,1.93,1
719616,2022-04-16 13:30:00,2021,Regular Season - 30,78,Bundesliga,164,172,FSV Mainz 05,VfB Stuttgart,0,0,2,3.5,3.65,1.88,1.92,1
719617,2022-04-16 13:30:00,2021,Regular Season - 30,78,Bundesliga,170,159,FC Augsburg,Hertha Berlin,0,1,1.91,3.5,4,1.85,1.91,1
710879,2022-04-16 14:00:00,2021,Regular Season - 33,39,Premier League,33,71,Manchester United,Norwich,3,2,1.25,5.8,12,1.53,2.38,1
710881,2022-04-16 14:00:00,2021,Regular Season - 33,39,Premier League,41,42,Southampton,Arsenal,1,0,3.8,3.6,1.93,1.85,1.93,1
710883,2022-04-16 14:00:00,2021,Regular Season - 33,39,Premier League,38,55,Watford,Brentford,1,2,2.8,3.2,2.45,2.05,1.67,1
721049,2022-04-16 14:15:00,2021,Regular Season - 32,140,La Liga,542,728,Alaves,Rayo Vallecano,1,0,2.7,3.1,2.75,2.3,1.57,1
731906,2022-04-16 14:30:00,2021,Regular Season - 33,135,Serie A,502,517,Fiorentina,Venezia,1,0,1.4,5.3,8.7,1.72,2.31,1
719613,2022-04-16 16:30:00,2021,Regular Season - 30,78,Bundesliga,163,192,Borussia Monchengladbach,1.FC Köln,1,3,2.05,3.88,3.68,1.66,2.42,1
731907,2022-04-16 16:30:00,2021,Regular Season - 33,135,Serie A,496,500,Juventus,Bologna,1,1,1.34,5,9,1.81,1.97,1
731908,2022-04-16 18:45:00,2021,Regular Season - 33,135,Serie A,487,503,Lazio,Torino,1,1,1.64,4,5.65,2,1.83,1
721053,2022-04-16 19:00:00,2021,Regular Season - 32,140,La Liga,546,533,Getafe,Villarreal,1,2,3,3.1,2.45,2.3,1.57,1
721054,2022-04-17 12:00:00,2021,Regular Season - 32,140,La Liga,715,539,Granada CF,Levante,1,4,2.46,3.52,3.02,1.89,2.02,1
710880,2022-04-17 13:15:00,2021,Regular Season - 33,39,Premier League,34,46,Newcastle,Leicester,2,1,2.22,3.44,3.54,2.04,1.88,1
710884,2022-04-17 13:15:00,2021,Regular Season - 33,39,Premier League,48,44,West Ham,Burnley,1,1,1.72,3.7,4.8,1.99,1.79,1
719618,2022-04-17 13:30:00,2021,Regular Season - 30,78,Bundesliga,188,157,Arminia Bielefeld,Bayern Munich,0,3,15,7,1.18,1.33,3.25,1
719612,2022-04-17 15:30:00,2021,Regular Season - 30,78,Bundesliga,182,169,Union Berlin,Eintracht Frankfurt,2,0,2.1,3.35,3.5,1.97,1.81,1
719615,2022-04-17 15:30:00,2021,Regular Season - 30,78,Bundesliga,167,178,1899 Hoffenheim,SpVgg Greuther Furth,0,0,1.25,5.8,11,1.4,2.75,1
719611,2022-04-17 17:30:00,2021,Regular Season - 30,78,Bundesliga,168,173,Bayer Leverkusen,RB Leipzig,0,1,2.9,3.6,2.25,1.62,2.25,1
721056,2022-04-17 19:00:00,2021,Regular Season - 32,140,La Liga,536,541,Sevilla,Real Madrid,2,3,2.9,3.25,2.45,2,1.78,1
731910,2022-04-18 17:00:00,2021,Regular Season - 33,135,Serie A,492,497,Napoli,AS Roma,1,1,1.92,3.65,4.09,1.86,1.95,1
731904,2022-04-18 19:00:00,2021,Regular Season - 33,135,Serie A,499,504,Atalanta,Verona,1,2,1.67,4.38,5.3,1.71,2.33,1
721062,2022-04-19 17:00:00,2021,Regular Season - 33,140,La Liga,798,542,Mallorca,Alaves,2,1,2.05,3.25,3.6,2.38,1.57,1
710849,2022-04-19 19:00:00,2021,Regular Season - 30,39,Premier League,40,33,Liverpool,Manchester United,4,0,1.36,5,8,1.53,2.38,1
721068,2022-04-19 19:30:00,2021,Regular Season - 33,140,La Liga,533,532,Villarreal,Valencia,2,0,1.46,4.5,6.6,1.78,2.01,1
731772,2022-04-20 16:45:00,2021,Regular Season - 19,135,Serie A,494,514,Udinese,Salernitana,0,1,1.5,4.4,6,1.71,2.1,1
721059,2022-04-20 17:00:00,2021,Regular Season - 33,140,La Liga,530,715,Atletico Madrid,Granada CF,0,0,1.31,5.2,9.6,1.72,2.08,1
721061,2022-04-20 18:00:00,2021,Regular Season - 33,140,La Liga,538,546,Celta Vigo,Getafe,0,2,2.2,2.9,3.8,2.5,1.5,1
710727,2022-04-20 18:45:00,2021,Regular Season - 18,39,Premier League,45,46,Everton,Leicester,1,1,2.33,3.48,3.27,1.94,1.96,1
710798,2022-04-20 18:45:00,2021,Regular Season - 25,39,Premier League,49,42,Chelsea,Arsenal,2,4,1.8,3.5,4.2,1.91,1.77,1
710851,2022-04-20 18:45:00,2021,Regular Season - 30,39,Premier League,34,52,Newcastle,Crystal Palace,1,0,2.25,3.2,3.1,2.15,1.62,1
710850,2022-04-20 19:00:00,2021,Regular Season - 30,39,Premier League,50,51,Manchester City,Brighton,3,0,1.22,7.2,16,1.68,2.39,1
721065,2022-04-21 17:00:00,2021,Regular Season - 33,140,La Liga,539,536,Levante,Sevilla,2,3,3.55,3.5,2.2,2.04,1.87,1
710847,2022-04-21 18:45:00,2021,Regular Season - 30,39,Premier League,44,41,Burnley,Southampton,2,0,2.7,3.3,2.6,1.9,1.88,1
721067,2022-04-21 19:30:00,2021,Regular Season - 33,140,La Liga,548,529,Real Sociedad,Barcelona,0,1,3.37,3.6,2.23,1.89,2.02,1
719621,2022-04-22 18:30:00,2021,Regular Season - 31,78,Bundesliga,161,164,VfL Wolfsburg,FSV Mainz 05,5,0,2.51,3.35,3.07,2.03,1.88,1
710886,2022-04-23 11:30:00,2021,Regular Season - 34,39,Premier League,42,33,Arsenal,Manchester United,3,1,2.15,3.61,3.56,1.85,2.07,1
731922,2022-04-23 13:00:00,2021,Regular Season - 34,135,Serie A,503,515,Torino,Spezia,2,1,1.69,3.8,5,1.99,1.83,1
731923,2022-04-23 13:00:00,2021,Regular Season - 34,135,Serie A,517,499,Venezia,Atalanta,1,3,6.5,4.76,1.54,1.69,2.37,1
719620,2022-04-23 13:30:00,2021,Regular Season - 31,78,Bundesliga,173,182,RB Leipzig,Union Berlin,1,2,1.59,4.2,7.2,2.02,1.91,1
719622,2022-04-23 13:30:00,2021,Regular Season - 31,78,Bundesliga,169,167,Eintracht Frankfurt,1899 Hoffenheim,2,2,2.59,3.7,2.77,2.33,1.71,1
719623,2022-04-23 13:30:00,2021,Regular Season - 31,78,Bundesliga,160,163,SC Freiburg,Borussia Monchengladbach,3,3,1.91,4.12,4,1.66,2.42,1
719625,2022-04-23 13:30:00,2021,Regular Season - 31,78,Bundesliga,192,188,1.FC Köln,Arminia Bielefeld,3,1,1.56,4.54,6.4,1.81,2.16,1
719627,2022-04-23 13:30:00,2021,Regular Season - 31,78,Bundesliga,178,168,SpVgg Greuther Furth,Bayer Leverkusen,1,4,8.38,5.25,1.4,1.89,2.01,1
710892,2022-04-23 14:00:00,2021,Regular Season - 34,39,Premier League,46,66,Leicester,Aston Villa,0,0,2.75,3.4,2.5,1.81,2.01,1
710894,2022-04-23 14:00:00,2021,Regular Season - 34,39,Premier League,50,38,Manchester City,Watford,5,1,1.1,9,26,1.36,3,1
710895,2022-04-23 14:00:00,2021,Regular Season - 34,39,Premier League,71,34,Norwich,Newcastle,0,3,3.71,3.34,2.21,1.98,1.93,1
731918,2022-04-23 16:00:00,2021,Regular Season - 34,135,Serie A,505,497,Inter,AS Roma,3,1,1.66,4.34,5.45,1.8,2.17,1
710887,2022-04-23 16:30:00,2021,Regular Season - 34,39,Premier League,55,47,Brentford,Tottenham,0,0,4.2,3.7,1.84,1.88,1.94,1
719619,2022-04-23 16:30:00,2021,Regular Season - 31,78,Bundesliga,157,165,Bayern Munich,Borussia Dortmund,3,1,1.4,5.75,7.7,1.7,2.34,1
731917,2022-04-23 18:45:00,2021,Regular Season - 34,135,Serie A,504,498,Verona,Sampdoria,1,1,1.78,3.85,4.4,1.81,2.01,1
731920,2022-04-24 10:30:00,2021,Regular Season - 34,135,Serie A,514,502,Salernitana,Fiorentina,2,1,5.2,4.1,1.64,1.78,2.05,1
710888,2022-04-24 13:00:00,2021,Regular Season - 34,39,Premier League,51,41,Brighton,Southampton,2,2,2.21,3.4,3.63,2,1.91,1
710889,2022-04-24 13:00:00,2021,Regular Season - 34,39,Premier League,44,39,Burnley,Wolves,1,0,2.7,3.05,2.85,2.41,1.57,1
710890,2022-04-24 13:00:00,2021,Regular Season - 34,39,Premier League,49,48,Chelsea,West Ham,1,0,1.48,4.2,6,1.73,1.95,1
731914,2022-04-24 13:00:00,2021,Regular Season - 34,135,Serie A,500,494,Bologna,Udinese,2,2,2.85,3.3,2.55,1.95,1.86,1
731915,2022-04-24 13:00:00,2021,Regular Season - 34,135,Serie A,511,492,Empoli,Napoli,3,2,5.2,4.3,1.61,1.62,2.3,1
719626,2022-04-24 13:30:00,2021,Regular Season - 31,78,Bundesliga,176,170,Vfl Bochum,FC Augsburg,0,2,2.26,3.25,3.3,1.98,1.83,1
710893,2022-04-24 15:30:00,2021,Regular Season - 34,39,Premier League,40,45,Liverpool,Everton,2,0,1.18,7,15,1.44,2.62,1
719624,2022-04-24 15:30:00,2021,Regular Season - 31,78,Bundesliga,159,172,Hertha Berlin,VfB Stuttgart,2,0,3.17,3.35,2.45,1.97,1.93,1
731916,2022-04-24 16:00:00,2021,Regular Season - 34,135,Serie A,495,490,Genoa,Cagliari,1,0,2.25,3.2,3.4,2.28,1.64,1
731919,2022-04-24 18:45:00,2021,Regular Season - 34,135,Serie A,487,489,Lazio,AC Milan,1,2,2.97,3.54,2.48,1.9,2.01,1
720941,2022-04-24 19:00:00,2021,Regular Season - 21,140,La Liga,529,728,Barcelona,Rayo Vallecano,0,1,1.3,5.5,9.5,1.53,2.38,1
731921,2022-04-25 18:45:00,2021,Regular Season - 34,135,Serie A,488,496,Sassuolo,Juventus,1,2,4.1,3.95,1.81,1.64,2.28,1
710891,2022-04-25 19:00:00,2021,Regular Season - 34,39,Premier League,52,63,Crystal Palace,Leeds,0,0,2.06,3.65,3.6,1.83,1.97,1
731776,2022-04-27 16:00:00,2021,Regular Season - 20,135,Serie A,502,494,Fiorentina,Udinese,0,4,1.7,4,4.7,1.79,2.04,1
731774,2022-04-27 18:15:00,2021,Regular Season - 20,135,Serie A,499,503,Atalanta,Torino,4,4,1.61,4.2,5.4,1.75,2.09,1
731775,2022-04-27 18:15:00,2021,Regular Season - 20,135,Serie A,500,505,Bologna,Inter,2,1,8,5,1.36,1.6,2.25,1
710919,2022-04-28 18:45:00,2021,Regular Season - 37,39,Premier League,33,49,Manchester United,Chelsea,1,1,3.33,3.67,2.23,1.88,2.04,1
719630,2022-04-29 18:30:00,2021,Regular Season - 32,78,Bundesliga,182,178,Union Berlin,SpVgg Greuther Furth,1,1,1.26,5.8,12,1.74,2.11,1
710900,2022-04-30 11:30:00,2021,Regular Season - 35,39,Premier League,34,40,Newcastle,Liverpool,0,1,7,4.7,1.43,1.72,2.14,1
721069,2022-04-30 12:00:00,2021,Regular Season - 34,140,La Liga,542,533,Alaves,Villarreal,2,1,3.6,3.4,2.15,1.98,1.84,1
731925,2022-04-30 13:00:00,2021,Regular Season - 35,135,Serie A,490,504,Cagliari,Verona,1,2,2.5,3.45,2.8,1.97,1.84,1
731929,2022-04-30 13:00:00,2021,Regular Season - 35,135,Serie A,492,488,Napoli,Sassuolo,6,1,1.44,4.6,6.5,1.4,2.75,1
719628,2022-04-30 13:30:00,2021,Regular Season - 32,78,Bundesliga,165,176,Borussia Dortmund,Vfl Bochum,3,4,1.36,5,8,1.44,2.62,1
719632,2022-04-30 13:30:00,2021,Regular Season - 32,78,Bundesliga,172,161,VfB Stuttgart,VfL Wolfsburg,1,1,2.05,3.6,3.5,1.78,2.05,1
719634,2022-04-30 13:30:00,2021,Regular Season - 32,78,Bundesliga,164,157,FSV Mainz 05,Bayern Munich,3,1,5.5,4.5,1.53,1.4,2.75,1
719635,2022-04-30 13:30:00,2021,Regular Season - 32,78,Bundesliga,170,192,FC Augsburg,1.FC Köln,1,4,2.8,3.4,2.49,1.8,2.03,1
719636,2022-04-30 13:30:00,2021,Regular Season - 32,78,Bundesliga,188,159,Arminia Bielefeld,Hertha Berlin,1,1,2.6,3.2,2.75,2.05,1.73,1
710896,2022-04-30 14:00:00,2021,Regular Season - 35,39,Premier League,66,71,Aston Villa,Norwich,2,0,1.39,5,7.6,1.65,2.25,1
710901,2022-04-30 14:00:00,2021,Regular Season - 35,39,Premier League,41,52,Southampton,Crystal Palace,1,2,2.47,3.35,3.13,2.06,1.85,1
710903,2022-04-30 14:00:00,2021,Regular Season - 35,39,Premier League,38,44,Watford,Burnley,1,2,2.65,3.3,2.7,2.08,1.75,1
710905,2022-04-30 14:00:00,2021,Regular Season - 35,39,Premier League,39,51,Wolves,Brighton,0,3,2.75,3.1,2.8,2.45,1.56,1
731931,2022-04-30 16:00:00,2021,Regular Season - 35,135,Serie A,498,495,Sampdoria,Genoa,1,0,2.75,3.2,2.7,2.16,1.7,1
710898,2022-04-30 16:30:00,2021,Regular Season - 35,39,Premier League,63,50,Leeds,Manchester City,0,4,10,5.5,1.29,1.44,2.62,1
719633,2022-04-30 16:30:00,2021,Regular Season - 32,78,Bundesliga,167,160,1899 Hoffenheim,SC Freiburg,3,4,2.45,3.5,2.7,1.62,2.25,1
721076,2022-04-30 16:30:00,2021,Regular Season - 34,140,La Liga,532,539,Valencia,Levante,1,1,2.25,3.5,3.1,1.83,1.95,1
731932,2022-04-30 18:45:00,2021,Regular Season - 35,135,Serie A,515,487,Spezia,Lazio,3,4,4.9,4,1.67,1.78,2.06,1
731927,2022-05-01 10:30:00,2021,Regular Season - 35,135,Serie A,496,517,Juventus,Venezia,2,1,1.2,6,17,1.5,2.5,1
710897,2022-05-01 13:00:00,2021,Regular Season - 35,39,Premier League,45,49,Everton,Chelsea,1,0,4.9,3.8,1.71,1.98,1.84,1
710902,2022-05-01 13:00:00,2021,Regular Season - 35,39,Premier League,47,46,Tottenham,Leicester,3,1,1.42,5,7,1.58,2.4,1
731926,2022-05-01 13:00:00,2021,Regular Season - 35,135,Serie A,511,503,Empoli,Torino,1,3,2.75,3.4,2.5,1.81,2.01,1
731928,2022-05-01 13:00:00,2021,Regular Season - 35,135,Serie A,489,502,AC Milan,Fiorentina,1,0,1.64,4.1,5.2,1.78,2.05,1
721073,2022-05-01 14:15:00,2021,Regular Season - 34,140,La Liga,715,538,Granada CF,Celta Vigo,1,1,2.8,3.2,2.55,2.09,1.72,1
710904,2022-05-01 15:30:00,2021,Regular Season - 35,39,Premier League,48,42,West Ham,Arsenal,1,2,4.4,3.85,1.79,1.81,2.01,1
731933,2022-05-01 16:00:00,2021,Regular Season - 35,135,Serie A,494,505,Udinese,Inter,1,2,5.8,4.5,1.53,1.64,2.27,1
721077,2022-05-01 16:30:00,2021,Regular Season - 34,140,La Liga,728,548,Rayo Vallecano,Real Sociedad,1,1,3.1,3.2,2.3,2.3,1.57,1
731930,2022-05-01 18:45:00,2021,Regular Season - 35,135,Serie A,497,500,AS Roma,Bologna,0,0,1.48,4.6,6.4,1.68,2.21,1
721071,2022-05-01 19:00:00,2021,Regular Season - 34,140,La Liga,529,798,Barcelona,Mallorca,2,1,1.3,5.5,9.5,1.53,2.38,1
719629,2022-05-02 18:30:00,2021,Regular Season - 32,78,Bundesliga,168,169,Bayer Leverkusen,Eintracht Frankfurt,2,0,1.36,5,8,1.44,2.62,1
719631,2022-05-02 18:30:00,2021,Regular Season - 32,78,Bundesliga,163,173,Borussia Monchengladbach,RB Leipzig,3,1,4.3,4.1,1.74,1.59,2.37,1
731924,2022-05-02 18:45:00,2021,Regular Season - 35,135,Serie A,499,514,Atalanta,Salernitana,1,1,1.29,5.5,10,1.5,2.5,1
710899,2022-05-02 19:00:00,2021,Regular Season - 35,39,Premier League,33,55,Manchester United,Brentford,3,0,1.74,4,4.4,1.69,2.18,1
721072,2022-05-02 19:00:00,2021,Regular Season - 34,140,La Liga,546,543,Getafe,Real Betis,0,0,2.94,3.26,2.7,2.52,1.62,1
731780,2022-05-05 16:00:00,2021,Regular Season - 20,135,Serie A,514,517,Salernitana,Venezia,2,1,1.83,3.7,4.2,1.85,1.91,1
731937,2022-05-06 16:45:00,2021,Regular Season - 36,135,Serie A,505,511,Inter,Empoli,4,2,1.12,8.5,19,1.29,3.5,1
719644,2022-05-06 18:30:00,2021,Regular Season - 33,78,Bundesliga,176,188,Vfl Bochum,Arminia Bielefeld,2,1,2.19,3.55,3.2,1.79,2,1
721087,2022-05-06 19:00:00,2021,Regular Season - 35,140,La Liga,539,548,Levante,Real Sociedad,2,1,3.15,3.65,2.44,1.88,2.06,1
731935,2022-05-06 19:00:00,2021,Regular Season - 36,135,Serie A,495,496,Genoa,Juventus,2,1,4.4,3.65,1.97,2.08,1.85,1
721083,2022-05-07 12:00:00,2021,Regular Season - 35,140,La Liga,798,715,Mallorca,Granada CF,2,6,1.99,3.35,3.85,2.16,1.68,1
731942,2022-05-07 13:00:00,2021,Regular Season - 36,135,Serie A,503,492,Torino,Napoli,0,1,3.55,3.55,2.06,1.78,2.03,1
719640,2022-05-07 13:30:00,2021,Regular Season - 33,78,Bundesliga,160,182,SC Freiburg,Union Berlin,1,4,1.91,3.6,3.7,1.75,2.05,1
719641,2022-05-07 13:30:00,2021,Regular Season - 33,78,Bundesliga,167,168,1899 Hoffenheim,Bayer Leverkusen,2,4,3.25,3.9,2,1.44,2.62,1
719643,2022-05-07 13:30:00,2021,Regular Season - 33,78,Bundesliga,192,161,1.FC Köln,VfL Wolfsburg,0,1,1.6,4.2,5,1.53,2.38,1
719645,2022-05-07 13:30:00,2021,Regular Season - 33,78,Bundesliga,178,165,SpVgg Greuther Furth,Borussia Dortmund,1,3,9.5,5.5,1.29,1.36,3,1
710907,2022-05-07 14:00:00,2021,Regular Season - 36,39,Premier League,55,41,Brentford,Southampton,3,0,2.21,3.52,3.49,1.88,2.03,1
710909,2022-05-07 14:00:00,2021,Regular Season - 36,39,Premier League,44,66,Burnley,Aston Villa,1,3,3,3.3,2.44,2,1.79,1
710910,2022-05-07 14:00:00,2021,Regular Season - 36,39,Premier League,49,39,Chelsea,Wolves,2,2,1.34,5.3,10.86,1.89,2.02,1
710911,2022-05-07 14:00:00,2021,Regular Season - 36,39,Premier League,52,38,Crystal Palace,Watford,1,0,1.62,3.8,5,1.83,1.83,1
731940,2022-05-07 16:00:00,2021,Regular Season - 36,135,Serie A,488,494,Sassuolo,Udinese,1,1,2.3,3.7,2.8,1.53,2.38,1
710908,2022-05-07 16:30:00,2021,Regular Season - 36,39,Premier League,51,33,Brighton,Manchester United,4,0,2.8,3.35,2.55,1.9,1.88,1
719642,2022-05-07 16:30:00,2021,Regular Season - 33,78,Bundesliga,159,164,Hertha Berlin,FSV Mainz 05,1,2,2.49,3.45,2.8,1.83,1.96,1
721082,2022-05-07 16:30:00,2021,Regular Season - 35,140,La Liga,538,542,Celta Vigo,Alaves,4,0,1.85,3.4,4.2,2.2,1.62,1
710913,2022-05-07 18:45:00,2021,Regular Season - 36,39,Premier League,40,47,Liverpool,Tottenham,1,1,1.44,4.6,7,1.53,2.38,1
731938,2022-05-07 18:45:00,2021,Regular Season - 36,135,Serie A,487,498,Lazio,Sampdoria,2,0,1.45,4.8,6.4,1.6,2.3,1
721081,2022-05-07 19:00:00,2021,Regular Season - 35,140,La Liga,543,529,Real Betis,Barcelona,1,2,3.3,3.8,2.22,1.67,2.4,1
731941,2022-05-08 10:30:00,2021,Regular Season - 36,135,Serie A,515,499,Spezia,Atalanta,1,3,6.5,4.6,1.44,1.53,2.38,1
721084,2022-05-08 12:00:00,2021,Regular Season - 35,140,La Liga,546,728,Getafe,Rayo Vallecano,0,0,2.05,3,4.2,2.62,1.44,1
710906,2022-05-08 13:00:00,2021,Regular Season - 36,39,Premier League,42,63,Arsenal,Leeds,2,1,1.44,4.6,6.5,1.53,2.38,1
710912,2022-05-08 13:00:00,2021,Regular Season - 36,39,Premier League,46,45,Leicester,Everton,1,2,2.6,3.3,2.8,1.95,1.83,1
710915,2022-05-08 13:00:00,2021,Regular Season - 36,39,Premier League,71,48,Norwich,West Ham,0,4,4.66,3.86,1.82,1.86,2.05,1
731943,2022-05-08 13:00:00,2021,Regular Season - 36,135,Serie A,517,500,Venezia,Bologna,4,3,3.02,3.7,2.42,1.87,2.08,1
719639,2022-05-08 13:30:00,2021,Regular Season - 33,78,Bundesliga,169,163,Eintracht Frankfurt,Borussia Monchengladbach,1,1,2.4,3.8,2.62,1.4,2.75,1
721088,2022-05-08 14:15:00,2021,Regular Season - 35,140,La Liga,533,536,Villarreal,Sevilla,1,1,2.32,3.25,3.1,2.07,1.74,1
710914,2022-05-08 15:30:00,2021,Regular Season - 36,39,Premier League,50,34,Manchester City,Newcastle,5,0,1.15,7.5,19,1.5,2.5,1
719637,2022-05-08 15:30:00,2021,Regular Season - 33,78,Bundesliga,157,172,Bayern Munich,VfB Stuttgart,2,2,1.25,6.5,10,1.3,3.4,1
731939,2022-05-08 16:00:00,2021,Regular Season - 36,135,Serie A,514,490,Salernitana,Cagliari,1,1,2.39,3.3,3.05,1.98,1.8,1
719638,2022-05-08 17:30:00,2021,Regular Season - 33,78,Bundesliga,173,170,RB Leipzig,FC Augsburg,4,0,1.25,5.8,11,1.5,2.5,1
731936,2022-05-08 18:45:00,2021,Regular Season - 36,135,Serie A,504,489,Verona,AC Milan,1,3,4.72,4.18,1.77,1.77,2.22,1
721080,2022-05-08 19:00:00,2021,Regular Season - 35,140,La Liga,530,541,Atletico Madrid,Real Madrid,1,0,2.05,3.5,3.5,1.95,1.83,1
731934,2022-05-09 18:45:00,2021,Regular Season - 36,135,Serie A,502,497,Fiorentina,AS Roma,2,0,2.41,3.47,3.13,1.9,2.01,1
721096,2022-05-10 17:00:00,2021,Regular Season - 36,140,La Liga,532,543,Valencia,Real Betis,0,3,3.5,3.5,2,1.91,1.83,1
710876,2022-05-10 19:00:00,2021,Regular Season - 33,39,Premier League,66,40,Aston Villa,Liverpool,1,2,6.4,4.7,1.46,1.62,2.26,1
721090,2022-05-10 19:30:00,2021,Regular Season - 36,140,La Liga,529,538,Barcelona,Celta Vigo,3,1,1.35,5,8.5,1.5,2.5,1
710878,2022-05-11 18:30:00,2021,Regular Season - 33,39,Premier League,63,49,Leeds,Chelsea,0,3,4.9,4.2,1.64,1.61,2.28,1
721095,2022-05-11 18:30:00,2021,Regular Season - 36,140,La Liga,536,798,Sevilla,Mallorca,0,0,1.61,3.85,5.6,2.04,1.75,1
710762,2022-05-11 18:45:00,2021,Regular Season - 21,39,Premier League,46,71,Leicester,Norwich,3,0,1.45,4.8,6.6,1.6,2.31,1
710854,2022-05-11 18:45:00,2021,Regular Season - 30,39,Premier League,38,45,Watford,Everton,0,0,5.04,3.99,1.74,1.94,1.96,1
710885,2022-05-11 19:15:00,2021,Regular Season - 33,39,Premier League,39,50,Wolves,Manchester City,1,5,12,6,1.25,1.65,2.2,1
721097,2022-05-12 18:00:00,2021,Regular Season - 36,140,La Liga,728,533,Rayo Vallecano,Villarreal,1,5,4.2,3.65,1.83,1.95,1.83,1
710773,2022-05-12 18:45:00,2021,Regular Season - 22,39,Premier League,47,42,Tottenham,Arsenal,3,0,2.13,3.5,3.35,1.76,2.03,1
721093,2022-05-12 19:30:00,2021,Regular Season - 36,140,La Liga,541,539,Real Madrid,Levante,6,0,1.5,4.6,5.8,1.4,2.75,1
731946,2022-05-14 13:00:00,2021,Regular Season - 37,135,Serie A,511,514,Empoli,Salernitana,1,1,3.28,3.94,2.18,1.65,2.45,1
719646,2022-05-14 13:30:00,2021,Regular Season - 34,78,Bundesliga,165,159,Borussia Dortmund,Hertha Berlin,2,1,1.5,4.75,5.5,1.3,3.4,1
719647,2022-05-14 13:30:00,2021,Regular Season - 34,78,Bundesliga,161,157,VfL Wolfsburg,Bayern Munich,2,2,5,5,1.53,1.22,4,1
719648,2022-05-14 13:30:00,2021,Regular Season - 34,78,Bundesliga,168,160,Bayer Leverkusen,SC Freiburg,2,1,2.38,3.9,2.62,1.4,2.75,1
719649,2022-05-14 13:30:00,2021,Regular Season - 34,78,Bundesliga,182,176,Union Berlin,Vfl Bochum,3,2,1.4,4.8,7.5,1.53,2.38,1
719650,2022-05-14 13:30:00,2021,Regular Season - 34,78,Bundesliga,163,167,Borussia Monchengladbach,1899 Hoffenheim,5,1,2.05,4.2,3,1.22,4,1
719651,2022-05-14 13:30:00,2021,Regular Season - 34,78,Bundesliga,172,192,VfB Stuttgart,1.FC Köln,2,1,2.15,3.9,3,1.4,2.75,1
719652,2022-05-14 13:30:00,2021,Regular Season - 34,78,Bundesliga,164,169,FSV Mainz 05,Eintracht Frankfurt,2,2,1.65,4.2,4.75,1.44,2.62,1
719653,2022-05-14 13:30:00,2021,Regular Season - 34,78,Bundesliga,170,178,FC Augsburg,SpVgg Greuther Furth,2,1,1.53,4.5,5.5,1.4,2.75,1
719654,2022-05-14 13:30:00,2021,Regular Season - 34,78,Bundesliga,188,173,Arminia Bielefeld,RB Leipzig,1,1,11,6,1.25,1.4,2.75,1
731947,2022-05-14 16:00:00,2021,Regular Season - 37,135,Serie A,504,503,Verona,Torino,0,1,2.31,3.5,3.05,1.79,1.99,1
731953,2022-05-14 16:00:00,2021,Regular Season - 37,135,Serie A,494,515,Udinese,Spezia,2,3,1.84,3.85,4,1.68,2.15,1
731951,2022-05-14 18:45:00,2021,Regular Season - 37,135,Serie A,497,517,AS Roma,Venezia,1,1,1.22,6,13,1.4,2.75,1
731944,2022-05-15 10:30:00,2021,Regular Season - 37,135,Serie A,500,488,Bologna,Sassuolo,1,3,2.45,3.6,2.62,1.4,2.75,1
710922,2022-05-15 11:00:00,2021,Regular Season - 37,39,Premier League,47,44,Tottenham,Burnley,1,0,1.35,5.2,8.2,1.6,2.3,1
710916,2022-05-15 13:00:00,2021,Regular Season - 37,39,Premier League,66,52,Aston Villa,Crystal Palace,1,1,2.15,3.44,3.68,2.05,1.85,1
710918,2022-05-15 13:00:00,2021,Regular Season - 37,39,Premier League,63,51,Leeds,Brighton,1,1,2.62,3.4,2.5,1.77,1.91,1
710923,2022-05-15 13:00:00,2021,Regular Season - 37,39,Premier League,38,46,Watford,Leicester,1,5,3.65,3.75,1.97,1.72,2.09,1
710924,2022-05-15 13:00:00,2021,Regular Season - 37,39,Premier League,48,50,West Ham,Manchester City,2,2,8,5,1.36,1.53,2.38,1
710925,2022-05-15 13:00:00,2021,Regular Season - 37,39,Premier League,39,71,Wolves,Norwich,1,1,1.47,4.61,7.43,1.9,1.99,1
731950,2022-05-15 13:00:00,2021,Regular Season - 37,135,Serie A,492,495,Napoli,Genoa,3,0,1.8,4,4,1.73,2.05,1
710917,2022-05-15 15:30:00,2021,Regular Season - 37,39,Premier League,45,55,Everton,Brentford,2,3,2.16,3.6,3.75,2.1,1.87,1
731949,2022-05-15 16:00:00,2021,Regular Season - 37,135,Serie A,489,499,AC Milan,Atalanta,2,0,1.8,3.9,4,1.53,2.38,1
721100,2022-05-15 17:30:00,2021,Regular Season - 37,140,La Liga,530,536,Atletico Madrid,Sevilla,1,1,2.23,3.05,3.5,2.4,1.55,1
721101,2022-05-15 17:30:00,2021,Regular Season - 37,140,La Liga,543,715,Real Betis,Granada CF,2,0,1.53,4.2,6,1.62,2.2,1
721103,2022-05-15 17:30:00,2021,Regular Season - 37,140,La Liga,798,728,Mallorca,Rayo Vallecano,2,1,1.62,3.8,5.5,2.25,1.62,1
721104,2022-05-15 17:30:00,2021,Regular Season - 37,140,La Liga,546,529,Getafe,Barcelona,0,0,3.7,3.35,2.28,2.1,1.86,1
721107,2022-05-15 17:30:00,2021,Regular Season - 37,140,La Liga,539,542,Levante,Alaves,3,1,3.1,3.5,2.2,1.62,2.2,1
721108,2022-05-15 17:30:00,2021,Regular Season - 37,140,La Liga,533,548,Villarreal,Real Sociedad,1,2,2.16,3.85,3.55,1.88,2.1,1
731945,2022-05-15 18:45:00,2021,Regular Season - 37,135,Serie A,490,505,Cagliari,Inter,1,3,8,5,1.36,1.5,2.5,1
731952,2022-05-16 16:30:00,2021,Regular Season - 37,135,Serie A,498,502,Sampdoria,Fiorentina,4,1,4.2,3.85,1.83,1.74,2.06,1
731948,2022-05-16 18:45:00,2021,Regular Season - 37,135,Serie A,496,487,Juventus,Lazio,2,2,2.3,3.55,3,1.78,2.01,1
710920,2022-05-16 19:00:00,2021,Regular Season - 37,39,Premier League,34,42,Newcastle,Arsenal,2,0,4,3.7,1.8,1.75,1.95,1
710921,2022-05-17 18:45:00,2021,Regular Season - 37,39,Premier League,41,40,Southampton,Liverpool,1,2,7.5,5.5,1.35,1.4,2.75,1
710877,2022-05-19 18:45:00,2021,Regular Season - 33,39,Premier League,45,52,Everton,Crystal Palace,3,2,1.89,3.55,4.2,2.02,1.78,1
710726,2022-05-19 19:00:00,2021,Regular Season - 18,39,Premier League,66,44,Aston Villa,Burnley,1,1,2.12,3.68,3.66,2.02,1.92,1
710819,2022-05-19 19:00:00,2021,Regular Season - 27,39,Premier League,49,46,Chelsea,Leicester,1,1,1.39,5,7.4,1.59,2.32,1
731962,2022-05-20 18:45:00,2021,Regular Season - 38,135,Serie A,503,497,Torino,AS Roma,0,3,3.4,3.65,2.08,1.75,2.04,1
721113,2022-05-20 19:00:00,2021,Regular Season - 38,140,La Liga,541,543,Real Madrid,Real Betis,0,0,1.73,4.2,4.2,1.44,2.62,1
721117,2022-05-20 19:00:00,2021,Regular Season - 38,140,La Liga,728,539,Rayo Vallecano,Levante,2,4,1.85,4,3.6,1.55,2.38,1
731956,2022-05-21 15:15:00,2021,Regular Season - 38,135,Serie A,495,500,Genoa,Bologna,0,1,2.34,3.5,2.95,1.68,2.14,1
721116,2022-05-21 15:30:00,2021,Regular Season - 38,140,La Liga,532,538,Valencia,Celta Vigo,2,0,2.7,3.2,2.6,2,1.77,1
731954,2022-05-21 18:45:00,2021,Regular Season - 38,135,Serie A,499,511,Atalanta,Empoli,0,1,1.22,7,10,1.29,3.5,1
731955,2022-05-21 18:45:00,2021,Regular Season - 38,135,Serie A,502,496,Fiorentina,Juventus,2,0,1.81,3.9,4.2,1.66,2.19,1
731958,2022-05-21 18:45:00,2021,Regular Season - 38,135,Serie A,487,504,Lazio,Verona,3,3,1.73,4,4.4,1.53,2.38,1
731961,2022-05-22 10:30:00,2021,Regular Season - 38,135,Serie A,515,492,Spezia,Napoli,0,3,6,4.4,1.5,1.5,2.5,1
710926,2022-05-22 15:00:00,2021,Regular Season - 38,39,Premier League,42,45,Arsenal,Everton,5,1,1.31,5.25,8,1.53,2.3,1
710927,2022-05-22 15:00:00,2021,Regular Season - 38,39,Premier League,55,63,Brentford,Leeds,1,2,2.3,3.6,2.75,1.53,2.3,1
710928,2022-05-22 15:00:00,2021,Regular Season - 38,39,Premier League,51,48,Brighton,West Ham,3,1,2.4,3.5,2.85,1.74,2.06,1
710929,2022-05-22 15:00:00,2021,Regular Season - 38,39,Premier League,44,34,Burnley,Newcastle,1,2,2.36,3.55,3.35,1.95,2,1
710930,2022-05-22 15:00:00,2021,Regular Season - 38,39,Premier League,49,38,Chelsea,Watford,2,1,1.15,7.5,17,1.4,2.75,1
710931,2022-05-22 15:00:00,2021,Regular Season - 38,39,Premier League,52,33,Crystal Palace,Manchester United,1,0,2.99,3.76,2.4,1.79,2.19,1
710932,2022-05-22 15:00:00,2021,Regular Season - 38,39,Premier League,46,41,Leicester,Southampton,4,1,1.8,3.9,4,1.57,2.3,1
710933,2022-05-22 15:00:00,2021,Regular Season - 38,39,Premier League,40,39,Liverpool,Wolves,3,1,1.14,7.5,21,1.44,2.62,1
710934,2022-05-22 15:00:00,2021,Regular Season - 38,39,Premier League,50,66,Manchester City,Aston Villa,3,2,1.17,7,17,1.4,2.75,1
710935,2022-05-22 15:00:00,2021,Regular Season - 38,39,Premier League,71,47,Norwich,Tottenham,0,5,11,6.5,1.22,1.44,2.62,1
731957,2022-05-22 16:00:00,2021,Regular Season - 38,135,Serie A,505,498,Inter,Sampdoria,3,0,1.11,8.5,23,1.29,3.5,1
731960,2022-05-22 16:00:00,2021,Regular Season - 38,135,Serie A,488,489,Sassuolo,AC Milan,0,3,7.5,4.75,1.4,1.44,2.62,1
731959,2022-05-22 19:00:00,2021,Regular Season - 38,135,Serie A,514,494,Salernitana,Udinese,0,4,1.64,4.2,4.9,1.59,2.32,1
731963,2022-05-22 19:00:00,2021,Regular Season - 38,135,Serie A,517,490,Venezia,Cagliari,0,0,5,4.1,1.64,1.72,2.09,1
721110,2022-05-22 20:00:00,2021,Regular Season - 38,140,La Liga,529,533,Barcelona,Villarreal,0,2,2.1,3.8,3.1,1.5,2.5,1
721114,2022-05-22 20:00:00,2021,Regular Season - 38,140,La Liga,548,530,Real Sociedad,Atletico Madrid,1,2,2.7,3.2,2.7,2.1,1.7,1
871164,2022-08-05 18:30:00,2022,Regular Season - 1,78,Bundesliga,169,157,Eintracht Frankfurt,Bayern Munich,1,6,6,5,1.44,1.33,3.25,1
867946,2022-08-05 19:00:00,2022,Regular Season - 1,39,Premier League,52,42,Crystal Palace,Arsenal,0,2,4.4,3.8,1.81,1.94,1.87,1
867947,2022-08-06 11:30:00,2022,Regular Season - 1,39,Premier League,36,40,Fulham,Liverpool,2,2,12,5.5,1.25,1.5,2.5,1
871166,2022-08-06 13:30:00,2022,Regular Season - 1,78,Bundesliga,182,159,Union Berlin,Hertha Berlin,3,1,1.8,3.75,4.4,1.9,1.88,1
871168,2022-08-06 13:30:00,2022,Regular Season - 1,78,Bundesliga,163,167,Borussia Monchengladbach,1899 Hoffenheim,3,1,2.1,3.8,3.1,1.36,3,1
871169,2022-08-06 13:30:00,2022,Regular Season - 1,78,Bundesliga,161,162,VfL Wolfsburg,Werder Bremen,2,2,1.88,3.8,4,1.74,2.07,1
871170,2022-08-06 13:30:00,2022,Regular Season - 1,78,Bundesliga,176,164,Vfl Bochum,FSV Mainz 05,1,2,3.1,3.45,2.29,1.93,1.86,1
871171,2022-08-06 13:30:00,2022,Regular Season - 1,78,Bundesliga,170,160,FC Augsburg,SC Freiburg,0,4,3.25,3.5,2.18,1.88,1.9,1
867948,2022-08-06 14:00:00,2022,Regular Season - 1,39,Premier League,35,66,Bournemouth,Aston Villa,2,0,3.8,3.55,2,2.07,1.76,1
867949,2022-08-06 14:00:00,2022,Regular Season - 1,39,Premier League,63,39,Leeds,Wolves,2,1,2.33,3.3,3.25,2.02,1.79,1
867951,2022-08-06 14:00:00,2022,Regular Season - 1,39,Premier League,34,65,Newcastle,Nottingham Forest,2,0,1.67,3.7,5.5,2,1.73,1
867952,2022-08-06 14:00:00,2022,Regular Season - 1,39,Premier League,47,41,Tottenham,Southampton,4,1,1.36,5.2,8,1.59,2.32,1
867953,2022-08-06 16:30:00,2022,Regular Season - 1,39,Premier League,45,49,Everton,Chelsea,0,1,6.04,4.08,1.63,2.04,1.88,1
871165,2022-08-06 16:30:00,2022,Regular Season - 1,78,Bundesliga,165,168,Borussia Dortmund,Bayer Leverkusen,1,0,2.05,3.9,3.2,1.4,2.75,1
867950,2022-08-07 13:00:00,2022,Regular Season - 1,39,Premier League,46,55,Leicester,Brentford,2,2,2.02,3.65,3.55,1.74,2.06,1
867954,2022-08-07 13:00:00,2022,Regular Season - 1,39,Premier League,33,51,Manchester United,Brighton,1,2,1.68,4.15,5.5,1.87,1.93,1
871172,2022-08-07 13:30:00,2022,Regular Season - 1,78,Bundesliga,172,173,VfB Stuttgart,RB Leipzig,1,1,4.3,3.9,1.77,1.75,2.08,1
867955,2022-08-07 15:30:00,2022,Regular Season - 1,39,Premier League,48,50,West Ham,Manchester City,0,2,8.5,5,1.35,1.53,2.38,1
871167,2022-08-07 15:30:00,2022,Regular Season - 1,78,Bundesliga,192,174,1.FC Köln,FC Schalke 04,3,1,1.7,3.9,4.6,1.53,2.38,1
871176,2022-08-12 18:30:00,2022,Regular Season - 2,78,Bundesliga,160,165,SC Freiburg,Borussia Dortmund,1,3,3,3.6,2.25,1.57,2.3,1
867957,2022-08-13 11:30:00,2022,Regular Season - 2,39,Premier League,66,45,Aston Villa,Everton,2,1,1.83,3.6,4.5,2.05,1.75,1
871174,2022-08-13 13:30:00,2022,Regular Season - 2,78,Bundesliga,168,170,Bayer Leverkusen,FC Augsburg,1,2,1.3,5.5,9,1.44,2.62,1
871175,2022-08-13 13:30:00,2022,Regular Season - 2,78,Bundesliga,173,192,RB Leipzig,1.FC Köln,2,2,1.46,4.8,6.4,1.56,2.38,1
871178,2022-08-13 13:30:00,2022,Regular Season - 2,78,Bundesliga,167,176,1899 Hoffenheim,Vfl Bochum,3,2,1.57,4.33,5.5,1.5,2.5,1
871179,2022-08-13 13:30:00,2022,Regular Season - 2,78,Bundesliga,159,169,Hertha Berlin,Eintracht Frankfurt,1,1,3.02,3.46,2.32,1.75,2.06,1
871181,2022-08-13 13:30:00,2022,Regular Season - 2,78,Bundesliga,162,172,Werder Bremen,VfB Stuttgart,2,2,2.36,3.6,2.85,1.64,2.22,1
867956,2022-08-13 14:00:00,2022,Regular Season - 2,39,Premier League,42,46,Arsenal,Leicester,4,2,1.54,4.35,6.1,1.65,2.23,1
867959,2022-08-13 14:00:00,2022,Regular Season - 2,39,Premier League,51,34,Brighton,Newcastle,0,0,2.43,3.22,3.04,2.09,1.72,1
867962,2022-08-13 14:00:00,2022,Regular Season - 2,39,Premier League,50,35,Manchester City,Bournemouth,4,0,1.05,12,36,1.33,3.25,1
867964,2022-08-13 14:00:00,2022,Regular Season - 2,39,Premier League,41,63,Southampton,Leeds,2,2,2.28,3.48,3.1,1.75,2.05,1
867965,2022-08-13 14:00:00,2022,Regular Season - 2,39,Premier League,39,36,Wolves,Fulham,0,0,2.37,3.28,3.1,2.1,1.71,1
867958,2022-08-13 16:30:00,2022,Regular Season - 2,39,Premier League,55,33,Brentford,Manchester United,4,0,3.8,3.55,2,1.8,2.02,1
871180,2022-08-13 16:30:00,2022,Regular Season - 2,78,Bundesliga,174,163,FC Schalke 04,Borussia Monchengladbach,2,2,3.1,3.6,2.2,1.53,2.38,1
881780,2022-08-13 16:30:00,2022,Regular Season - 1,135,Serie A,489,494,AC Milan,Udinese,4,2,1.44,4.8,7,1.69,2.13,1
881781,2022-08-13 16:30:00,2022,Regular Season - 1,135,Serie A,498,499,Sampdoria,Atalanta,0,2,4.4,3.75,1.78,1.64,2.23,1
877950,2022-08-13 17:00:00,2022,Regular Season - 1,140,La Liga,720,533,Valladolid,Villarreal,0,3,4.15,3.7,1.9,1.92,1.89,1
881782,2022-08-13 18:45:00,2022,Regular Season - 1,135,Serie A,867,505,Lecce,Inter,1,2,9.6,5.7,1.3,1.6,2.32,1
881783,2022-08-13 18:45:00,2022,Regular Season - 1,135,Serie A,1579,503,Monza,Torino,1,2,2.56,3.28,2.82,2.11,1.71,1
877943,2022-08-13 19:00:00,2022,Regular Season - 1,140,La Liga,529,728,Barcelona,Rayo Vallecano,0,0,1.2,6.5,15,1.5,2.5,1
867963,2022-08-14 13:00:00,2022,Regular Season - 2,39,Premier League,65,48,Nottingham Forest,West Ham,1,0,4.1,3.6,1.89,1.89,1.89,1
871177,2022-08-14 13:30:00,2022,Regular Season - 2,78,Bundesliga,164,182,FSV Mainz 05,Union Berlin,0,0,2.29,3.28,3.24,1.95,1.83,1
867960,2022-08-14 15:30:00,2022,Regular Season - 2,39,Premier League,49,47,Chelsea,Tottenham,2,2,2.29,3.38,3.16,1.95,1.83,1
871173,2022-08-14 15:30:00,2022,Regular Season - 2,78,Bundesliga,157,161,Bayern Munich,VfL Wolfsburg,2,0,1.12,8.5,19,1.22,4,1
881784,2022-08-14 16:30:00,2022,Regular Season - 1,135,Serie A,502,520,Fiorentina,Cremonese,3,2,1.42,4.9,7.1,1.65,2.21,1
881785,2022-08-14 16:30:00,2022,Regular Season - 1,135,Serie A,487,500,Lazio,Bologna,2,1,1.56,4.4,5.5,1.68,2.15,1
877951,2022-08-14 17:30:00,2022,Regular Season - 1,140,La Liga,532,547,Valencia,Girona,1,0,1.97,3.66,4.28,2.21,1.78,1
881786,2022-08-14 18:45:00,2022,Regular Season - 1,135,Serie A,514,497,Salernitana,AS Roma,0,1,7.1,4.6,1.52,1.87,2.08,1
881787,2022-08-14 18:45:00,2022,Regular Season - 1,135,Serie A,515,511,Spezia,Empoli,1,0,2.46,3.34,2.9,1.9,1.89,1
877948,2022-08-14 20:00:00,2022,Regular Season - 1,140,La Liga,723,541,Almeria,Real Madrid,1,2,6.8,4.9,1.42,1.59,2.33,1
881788,2022-08-15 16:30:00,2022,Regular Season - 1,135,Serie A,504,492,Verona,Napoli,2,5,3.55,3.6,2.1,1.84,1.98,1
877949,2022-08-15 17:30:00,2022,Regular Season - 1,140,La Liga,546,530,Getafe,Atletico Madrid,0,3,4.75,2.9,2,2.75,1.4,1
881789,2022-08-15 18:45:00,2022,Regular Season - 1,135,Serie A,496,488,Juventus,Sassuolo,3,0,1.44,4.6,7,1.53,2.38,1
867961,2022-08-15 19:00:00,2022,Regular Season - 2,39,Premier League,40,52,Liverpool,Crystal Palace,1,1,1.24,6.95,14.5,1.64,2.46,1
871185,2022-08-19 18:30:00,2022,Regular Season - 3,78,Bundesliga,163,159,Borussia Monchengladbach,Hertha Berlin,1,0,1.53,4.33,5.5,1.57,2.3,1
877956,2022-08-19 20:00:00,2022,Regular Season - 2,140,La Liga,536,720,Sevilla,Valladolid,1,1,1.57,3.95,5.8,1.93,1.86,1
867974,2022-08-20 11:30:00,2022,Regular Season - 3,39,Premier League,47,39,Tottenham,Wolves,1,0,1.41,4.8,7.5,1.71,2.1,1
871182,2022-08-20 13:30:00,2022,Regular Season - 3,78,Bundesliga,165,162,Borussia Dortmund,Werder Bremen,2,3,1.36,5,7.5,1.36,3,1
871183,2022-08-20 13:30:00,2022,Regular Season - 3,78,Bundesliga,168,167,Bayer Leverkusen,1899 Hoffenheim,0,3,1.67,4.2,4.5,1.44,2.62,1
871187,2022-08-20 13:30:00,2022,Regular Season - 3,78,Bundesliga,161,174,VfL Wolfsburg,FC Schalke 04,0,0,1.91,4.06,4.08,1.73,2.29,1
871189,2022-08-20 13:30:00,2022,Regular Season - 3,78,Bundesliga,170,164,FC Augsburg,FSV Mainz 05,1,2,3.52,3.72,2.15,1.91,2.03,1
871190,2022-08-20 13:30:00,2022,Regular Season - 3,78,Bundesliga,172,160,VfB Stuttgart,SC Freiburg,0,1,2.69,3.76,2.64,1.78,2.21,1
867967,2022-08-20 14:00:00,2022,Regular Season - 3,39,Premier League,52,66,Crystal Palace,Aston Villa,3,1,2.58,3.28,3.1,2.28,1.74,1
867968,2022-08-20 14:00:00,2022,Regular Season - 3,39,Premier League,45,65,Everton,Nottingham Forest,1,1,1.99,3.7,4.12,2.1,1.85,1
867969,2022-08-20 14:00:00,2022,Regular Season - 3,39,Premier League,36,55,Fulham,Brentford,3,2,2.52,3.53,2.93,1.93,1.97,1
867971,2022-08-20 14:00:00,2022,Regular Season - 3,39,Premier League,46,41,Leicester,Southampton,1,2,1.92,4.06,4.04,1.7,2.34,1
867966,2022-08-20 16:30:00,2022,Regular Season - 3,39,Premier League,35,42,Bournemouth,Arsenal,0,3,8.1,4.94,1.45,1.84,2.12,1
871184,2022-08-20 16:30:00,2022,Regular Season - 3,78,Bundesliga,182,173,Union Berlin,RB Leipzig,2,1,3.6,3.64,2.15,1.93,2.02,1
881790,2022-08-20 16:30:00,2022,Regular Season - 2,135,Serie A,503,487,Torino,Lazio,0,0,2.9,3.4,2.38,1.85,1.85,1
881791,2022-08-20 16:30:00,2022,Regular Season - 2,135,Serie A,494,514,Udinese,Salernitana,0,0,1.78,3.75,4.4,1.8,1.99,1
877958,2022-08-20 17:30:00,2022,Regular Season - 2,140,La Liga,798,543,Mallorca,Real Betis,1,2,3.05,3.2,2.4,2.15,1.68,1
881792,2022-08-20 18:45:00,2022,Regular Season - 2,135,Serie A,505,515,Inter,Spezia,3,0,1.15,7.5,17,1.33,3.25,1
881793,2022-08-20 18:45:00,2022,Regular Season - 2,135,Serie A,488,867,Sassuolo,Lecce,1,0,1.93,3.55,3.85,1.77,2.02,1
877954,2022-08-20 20:00:00,2022,Regular Season - 2,140,La Liga,538,541,Celta Vigo,Real Madrid,1,4,4.6,4.1,1.67,1.66,2.18,1
867970,2022-08-21 13:00:00,2022,Regular Season - 3,39,Premier League,63,49,Leeds,Chelsea,3,0,5.95,4.48,1.6,1.78,2.21,1
867975,2022-08-21 13:00:00,2022,Regular Season - 3,39,Premier League,48,51,West Ham,Brighton,0,2,2.39,3.45,3.18,1.99,1.92,1
871186,2022-08-21 13:30:00,2022,Regular Season - 3,78,Bundesliga,169,192,Eintracht Frankfurt,1.FC Köln,1,1,2.1,3.7,3.28,1.62,2.25,1
867973,2022-08-21 15:30:00,2022,Regular Season - 3,39,Premier League,34,50,Newcastle,Manchester City,3,3,9,4.8,1.35,1.62,2.2,1
871188,2022-08-21 15:30:00,2022,Regular Season - 3,78,Bundesliga,176,157,Vfl Bochum,Bayern Munich,0,7,15,7.5,1.17,1.25,3.75,1
881794,2022-08-21 16:30:00,2022,Regular Season - 2,135,Serie A,511,502,Empoli,Fiorentina,0,0,4,3.85,1.81,1.64,2.24,1
881795,2022-08-21 16:30:00,2022,Regular Season - 2,135,Serie A,492,1579,Napoli,Monza,4,0,1.44,4.8,6.4,1.56,2.38,1
877953,2022-08-21 17:30:00,2022,Regular Season - 2,140,La Liga,530,533,Atletico Madrid,Villarreal,0,2,1.86,3.45,4.3,2.07,1.74,1
881796,2022-08-21 18:45:00,2022,Regular Season - 2,135,Serie A,499,489,Atalanta,AC Milan,1,1,2.79,3.32,2.5,1.72,2.09,1
881797,2022-08-21 18:45:00,2022,Regular Season - 2,135,Serie A,500,504,Bologna,Verona,1,1,2.42,3.26,2.95,1.91,1.88,1
877957,2022-08-21 20:00:00,2022,Regular Season - 2,140,La Liga,548,529,Real Sociedad,Barcelona,1,4,3.56,3.71,2.12,1.85,2.06,1
881798,2022-08-22 16:30:00,2022,Regular Season - 2,135,Serie A,497,520,AS Roma,Cremonese,1,0,1.26,6,11.5,1.61,2.27,1
881799,2022-08-22 18:45:00,2022,Regular Season - 2,135,Serie A,498,496,Sampdoria,Juventus,0,0,5.5,4,1.62,1.84,1.94,1
867972,2022-08-22 19:00:00,2022,Regular Season - 3,39,Premier League,33,40,Manchester United,Liverpool,2,1,5,4.2,1.62,1.53,2.38,1
877959,2022-08-22 20:00:00,2022,Regular Season - 2,140,La Liga,547,546,Girona,Getafe,3,1,2.7,2.8,3,2.75,1.4,1
881800,2022-08-26 16:30:00,2022,Regular Season - 3,135,Serie A,1579,494,Monza,Udinese,1,2,3.1,3.45,2.46,1.9,2.06,1
877970,2022-08-26 18:00:00,2022,Regular Season - 3,140,La Liga,547,538,Girona,Celta Vigo,0,1,2.84,3.12,2.65,2.23,1.64,1
871193,2022-08-26 18:30:00,2022,Regular Season - 4,78,Bundesliga,160,176,SC Freiburg,Vfl Bochum,1,0,1.51,4.84,6.8,1.68,2.39,1
881801,2022-08-26 18:45:00,2022,Regular Season - 3,135,Serie A,487,505,Lazio,Inter,3,1,4,3.7,1.85,1.62,2.2,1
867984,2022-08-27 11:30:00,2022,Regular Season - 4,39,Premier League,41,33,Southampton,Manchester United,0,1,3.4,3.5,2.08,1.66,2.18,1
871192,2022-08-27 13:30:00,2022,Regular Season - 4,78,Bundesliga,173,161,RB Leipzig,VfL Wolfsburg,2,0,1.49,4.7,6.1,1.58,2.34,1
871195,2022-08-27 13:30:00,2022,Regular Season - 4,78,Bundesliga,164,168,FSV Mainz 05,Bayer Leverkusen,0,3,2.76,3.7,2.39,1.58,2.35,1
871196,2022-08-27 13:30:00,2022,Regular Season - 4,78,Bundesliga,167,170,1899 Hoffenheim,FC Augsburg,1,0,1.5,5.05,6.55,2.28,1.74,1
871197,2022-08-27 13:30:00,2022,Regular Season - 4,78,Bundesliga,159,165,Hertha Berlin,Borussia Dortmund,0,1,4.3,4.3,1.69,2.24,1.63,1
871198,2022-08-27 13:30:00,2022,Regular Season - 4,78,Bundesliga,174,182,FC Schalke 04,Union Berlin,1,6,3.08,3.42,2.31,1.88,1.91,1
867978,2022-08-27 14:00:00,2022,Regular Season - 4,39,Premier League,55,45,Brentford,Everton,1,1,1.98,3.42,3.8,2.02,1.77,1
867979,2022-08-27 14:00:00,2022,Regular Season - 4,39,Premier League,51,63,Brighton,Leeds,1,0,1.86,3.6,4.1,1.83,1.94,1
867980,2022-08-27 14:00:00,2022,Regular Season - 4,39,Premier League,49,46,Chelsea,Leicester,2,1,1.38,4.9,7.5,1.62,2.25,1
867981,2022-08-27 14:00:00,2022,Regular Season - 4,39,Premier League,40,35,Liverpool,Bournemouth,9,0,1.08,11,21,1.36,3,1
867982,2022-08-27 14:00:00,2022,Regular Season - 4,39,Premier League,50,52,Manchester City,Crystal Palace,4,2,1.17,7,17,1.44,2.62,1
867976,2022-08-27 16:30:00,2022,Regular Season - 4,39,Premier League,42,36,Arsenal,Fulham,2,1,1.34,5.3,8.2,1.57,2.38,1
871191,2022-08-27 16:30:00,2022,Regular Season - 4,78,Bundesliga,157,163,Bayern Munich,Borussia Monchengladbach,1,1,1.19,8.1,11.5,1.61,2.28,1
881802,2022-08-27 16:30:00,2022,Regular Season - 3,135,Serie A,520,503,Cremonese,Torino,1,2,3.34,3.46,2.31,2.02,1.88,1
881803,2022-08-27 16:30:00,2022,Regular Season - 3,135,Serie A,496,497,Juventus,AS Roma,1,1,2.3,3.2,3.2,1.91,1.8,1
877971,2022-08-27 17:30:00,2022,Regular Season - 3,140,La Liga,728,798,Rayo Vallecano,Mallorca,0,2,2.09,3.32,4.2,2.43,1.66,1
881804,2022-08-27 18:45:00,2022,Regular Season - 3,135,Serie A,489,500,AC Milan,Bologna,2,0,1.3,5.5,9.5,1.6,2.25,1
881805,2022-08-27 18:45:00,2022,Regular Season - 3,135,Serie A,515,488,Spezia,Sassuolo,2,2,3.12,3.76,2.33,1.68,2.39,1
877967,2022-08-27 20:00:00,2022,Regular Season - 3,140,La Liga,723,536,Almeria,Sevilla,2,1,3.5,3.15,2.09,2.18,1.61,1
867977,2022-08-28 13:00:00,2022,Regular Season - 4,39,Premier League,66,48,Aston Villa,West Ham,0,1,2.47,3.26,2.87,1.79,2,1
867985,2022-08-28 13:00:00,2022,Regular Season - 4,39,Premier League,39,34,Wolves,Newcastle,1,1,2.65,3.22,2.68,1.98,1.81,1
871194,2022-08-28 13:30:00,2022,Regular Season - 4,78,Bundesliga,192,172,1.FC Köln,VfB Stuttgart,0,0,2.07,3.7,3.38,1.67,2.18,1
867983,2022-08-28 15:30:00,2022,Regular Season - 4,39,Premier League,65,47,Nottingham Forest,Tottenham,0,2,7,4.74,1.51,1.78,2.21,1
871199,2022-08-28 15:30:00,2022,Regular Season - 4,78,Bundesliga,162,169,Werder Bremen,Eintracht Frankfurt,3,4,2.5,3.6,2.68,1.61,2.29,1
877965,2022-08-28 15:30:00,2022,Regular Season - 3,140,La Liga,546,533,Getafe,Villarreal,0,0,4.54,3.4,1.99,2.45,1.65,1
881806,2022-08-28 16:30:00,2022,Regular Season - 3,135,Serie A,504,499,Verona,Atalanta,0,1,4.34,4.18,1.83,1.7,2.35,1
881807,2022-08-28 16:30:00,2022,Regular Season - 3,135,Serie A,514,498,Salernitana,Sampdoria,4,0,2.49,3.24,3.21,2.03,1.88,1
877962,2022-08-28 17:30:00,2022,Regular Season - 3,140,La Liga,529,720,Barcelona,Valladolid,4,0,1.12,8.5,19,1.36,3,1
881808,2022-08-28 18:45:00,2022,Regular Season - 3,135,Serie A,502,492,Fiorentina,Napoli,0,0,3.44,3.84,2.15,1.78,2.21,1
881809,2022-08-28 18:45:00,2022,Regular Season - 3,135,Serie A,867,511,Lecce,Empoli,1,1,2.43,3.45,2.85,1.83,1.97,1
877969,2022-08-29 20:00:00,2022,Regular Season - 3,140,La Liga,532,530,Valencia,Atletico Madrid,0,1,4.2,3.4,2.07,2.36,1.69,1
881810,2022-08-30 16:30:00,2022,Regular Season - 4,135,Serie A,488,489,Sassuolo,AC Milan,0,0,5.5,4.2,1.57,1.53,2.38,1
867988,2022-08-30 18:30:00,2022,Regular Season - 5,39,Premier League,36,51,Fulham,Brighton,2,1,3.38,3.44,2.33,2.08,1.87,1
867992,2022-08-30 18:30:00,2022,Regular Season - 5,39,Premier League,52,55,Crystal Palace,Brentford,1,1,2.17,3.6,3.58,2.12,1.84,1
867993,2022-08-30 18:45:00,2022,Regular Season - 5,39,Premier League,41,49,Southampton,Chelsea,2,1,5.6,4.38,1.64,1.76,2.23,1
881811,2022-08-30 18:45:00,2022,Regular Season - 4,135,Serie A,505,520,Inter,Cremonese,3,1,1.11,8.5,23,1.33,3.25,1
881812,2022-08-30 18:45:00,2022,Regular Season - 4,135,Serie A,497,1579,AS Roma,Monza,3,0,1.22,6,13,1.57,2.3,1
867989,2022-08-30 19:00:00,2022,Regular Season - 5,39,Premier League,63,45,Leeds,Everton,1,1,2.15,3.62,3.57,1.88,2.03,1
881813,2022-08-31 16:30:00,2022,Regular Season - 4,135,Serie A,511,504,Empoli,Verona,1,1,2.75,3.44,2.76,1.87,2.08,1
881814,2022-08-31 16:30:00,2022,Regular Season - 4,135,Serie A,498,487,Sampdoria,Lazio,1,1,4.28,3.81,1.9,1.87,2.04,1
881815,2022-08-31 16:30:00,2022,Regular Season - 4,135,Serie A,494,502,Udinese,Fiorentina,1,0,2.7,3.5,2.73,1.86,2.06,1
867986,2022-08-31 18:30:00,2022,Regular Season - 5,39,Premier League,35,39,Bournemouth,Wolves,0,0,3.56,3.52,2.21,2.23,1.76,1
867987,2022-08-31 18:30:00,2022,Regular Season - 5,39,Premier League,42,66,Arsenal,Aston Villa,2,1,1.5,4.74,7.2,1.82,2.15,1
867995,2022-08-31 18:30:00,2022,Regular Season - 5,39,Premier League,50,65,Manchester City,Nottingham Forest,6,0,1.07,11,26,1.22,4,1
867991,2022-08-31 18:45:00,2022,Regular Season - 5,39,Premier League,48,47,West Ham,Tottenham,1,1,3.76,3.86,2.03,1.81,2.17,1
881816,2022-08-31 18:45:00,2022,Regular Season - 4,135,Serie A,496,515,Juventus,Spezia,2,0,1.31,6,11.5,1.75,2.26,1
881817,2022-08-31 18:45:00,2022,Regular Season - 4,135,Serie A,492,867,Napoli,Lecce,1,1,1.25,6,11,1.44,2.62,1
867994,2022-08-31 19:00:00,2022,Regular Season - 5,39,Premier League,40,34,Liverpool,Newcastle,2,1,1.25,5.8,11,1.5,2.5,1
881818,2022-09-01 18:45:00,2022,Regular Season - 4,135,Serie A,499,503,Atalanta,Torino,3,1,1.71,3.95,4.6,1.7,2.12,1
881819,2022-09-01 18:45:00,2022,Regular Season - 4,135,Serie A,500,514,Bologna,Salernitana,1,1,1.89,3.64,4.7,1.85,2.1,1
867990,2022-09-01 19:00:00,2022,Regular Season - 5,39,Premier League,46,33,Leicester,Manchester United,0,1,3.38,3.8,2.03,1.62,2.27,1
871200,2022-09-02 18:30:00,2022,Regular Season - 5,78,Bundesliga,165,167,Borussia Dortmund,1899 Hoffenheim,1,0,1.62,4.4,4.7,2.01,1.78,1
868000,2022-09-03 11:30:00,2022,Regular Season - 6,39,Premier League,45,40,Everton,Liverpool,0,0,8,4.8,1.4,1.57,2.3,1
877981,2022-09-03 12:00:00,2022,Regular Season - 4,140,La Liga,798,547,Mallorca,Girona,1,1,2.19,3.18,3.55,2.34,1.58,1
881820,2022-09-03 13:00:00,2022,Regular Season - 5,135,Serie A,502,496,Fiorentina,Juventus,1,1,3.19,3.19,2.57,2.15,1.82,1
871201,2022-09-03 13:30:00,2022,Regular Season - 5,78,Bundesliga,168,160,Bayer Leverkusen,SC Freiburg,2,3,1.95,3.92,4.02,2.41,1.66,1
871202,2022-09-03 13:30:00,2022,Regular Season - 5,78,Bundesliga,182,157,Union Berlin,Bayern Munich,1,1,7.9,5.8,1.39,2.14,1.83,1
871205,2022-09-03 13:30:00,2022,Regular Season - 5,78,Bundesliga,161,192,VfL Wolfsburg,1.FC Köln,2,4,2.35,3.42,2.91,1.68,2.15,1
871206,2022-09-03 13:30:00,2022,Regular Season - 5,78,Bundesliga,176,162,Vfl Bochum,Werder Bremen,0,2,2.79,3.46,2.43,1.68,2.16,1
871208,2022-09-03 13:30:00,2022,Regular Season - 5,78,Bundesliga,172,174,VfB Stuttgart,FC Schalke 04,1,1,1.86,3.8,3.9,1.62,2.25,1
867997,2022-09-03 14:00:00,2022,Regular Season - 6,39,Premier League,55,63,Brentford,Leeds,5,2,2.19,3.78,3.38,1.83,2.14,1
867999,2022-09-03 14:00:00,2022,Regular Season - 6,39,Premier League,49,48,Chelsea,West Ham,2,1,1.58,4.58,6.05,1.81,2.17,1
868002,2022-09-03 14:00:00,2022,Regular Season - 6,39,Premier League,34,52,Newcastle,Crystal Palace,0,0,2.08,3.5,3.88,2.06,1.85,1
868003,2022-09-03 14:00:00,2022,Regular Season - 6,39,Premier League,65,35,Nottingham Forest,Bournemouth,2,3,2.05,3.62,3.96,2.18,1.8,1
868004,2022-09-03 14:00:00,2022,Regular Season - 6,39,Premier League,47,36,Tottenham,Fulham,2,1,1.52,4.84,6.6,1.67,2.39,1
868005,2022-09-03 14:00:00,2022,Regular Season - 6,39,Premier League,39,41,Wolves,Southampton,1,0,2.29,3.44,3.38,2.07,1.85,1
877976,2022-09-03 14:15:00,2022,Regular Season - 4,140,La Liga,541,543,Real Madrid,Real Betis,2,1,1.4,4.8,7.5,1.5,2.5,1
881821,2022-09-03 16:00:00,2022,Regular Season - 5,135,Serie A,489,505,AC Milan,Inter,3,2,2.89,3.3,2.68,1.89,2.02,1
867996,2022-09-03 16:30:00,2022,Regular Season - 6,39,Premier League,66,50,Aston Villa,Manchester City,1,1,9,5.5,1.3,1.53,2.38,1
871204,2022-09-03 16:30:00,2022,Regular Season - 5,78,Bundesliga,169,173,Eintracht Frankfurt,RB Leipzig,4,0,3.5,3.5,2.04,1.66,2.18,1
877974,2022-09-03 16:30:00,2022,Regular Season - 4,140,La Liga,548,530,Real Sociedad,Atletico Madrid,1,1,2.93,3.14,2.57,2.29,1.6,1
881822,2022-09-03 18:45:00,2022,Regular Season - 5,135,Serie A,487,492,Lazio,Napoli,1,2,3,3.78,2.4,1.79,2.19,1
877975,2022-09-03 19:00:00,2022,Regular Season - 4,140,La Liga,536,529,Sevilla,Barcelona,0,3,4.3,3.75,1.81,1.8,1.99,1
881823,2022-09-04 10:30:00,2022,Regular Season - 5,135,Serie A,520,488,Cremonese,Sassuolo,0,0,3.18,3.46,2.42,1.73,2.29,1
867998,2022-09-04 13:00:00,2022,Regular Season - 6,39,Premier League,51,46,Brighton,Leicester,5,2,1.9,3.7,4.52,2.02,1.92,1
881824,2022-09-04 13:00:00,2022,Regular Season - 5,135,Serie A,515,500,Spezia,Bologna,2,2,3.21,3.24,2.49,1.93,1.98,1
871207,2022-09-04 13:30:00,2022,Regular Season - 5,78,Bundesliga,170,159,FC Augsburg,Hertha Berlin,0,2,2.53,3.34,2.81,1.81,1.98,1
868001,2022-09-04 15:30:00,2022,Regular Season - 6,39,Premier League,33,42,Manchester United,Arsenal,3,1,2.6,3.4,2.62,1.7,2.05,1
871203,2022-09-04 15:30:00,2022,Regular Season - 5,78,Bundesliga,163,164,Borussia Monchengladbach,FSV Mainz 05,0,1,2.25,3.65,3.02,1.66,2.18,1
881825,2022-09-04 16:00:00,2022,Regular Season - 5,135,Serie A,504,498,Verona,Sampdoria,2,1,2.12,3.55,3.71,1.95,1.95,1
881826,2022-09-04 18:45:00,2022,Regular Season - 5,135,Serie A,494,497,Udinese,AS Roma,4,0,3.9,3.6,1.94,1.8,1.99,1
877978,2022-09-04 19:00:00,2022,Regular Season - 4,140,La Liga,532,546,Valencia,Getafe,5,1,1.95,3.1,4.4,2.62,1.44,1
881827,2022-09-05 16:30:00,2022,Regular Season - 5,135,Serie A,1579,499,Monza,Atalanta,0,2,5.3,4.2,1.57,1.57,2.25,1
881828,2022-09-05 16:30:00,2022,Regular Season - 5,135,Serie A,514,511,Salernitana,Empoli,2,2,2.27,3.52,3.4,1.97,1.97,1
881829,2022-09-05 18:45:00,2022,Regular Season - 5,135,Serie A,503,867,Torino,Lecce,1,0,1.72,3.75,5,1.83,1.95,1
877980,2022-09-05 19:00:00,2022,Regular Season - 4,140,La Liga,720,723,Valladolid,Almeria,1,0,2.37,3.4,3.32,2.12,1.84,1
871217,2022-09-09 18:30:00,2022,Regular Season - 6,78,Bundesliga,162,170,Werder Bremen,FC Augsburg,0,1,1.62,4.3,5,1.62,2.27,1
877988,2022-09-09 19:00:00,2022,Regular Season - 5,140,La Liga,547,720,Girona,Valladolid,2,1,2.23,3.15,3.5,2.2,1.67,1
877986,2022-09-10 12:00:00,2022,Regular Season - 5,140,La Liga,728,532,Rayo Vallecano,Valencia,2,1,2.6,3.42,2.94,2.21,1.78,1
881837,2022-09-10 13:00:00,2022,Regular Season - 6,135,Serie A,492,515,Napoli,Spezia,1,0,1.22,6,13,1.5,2.5,1
871209,2022-09-10 13:30:00,2022,Regular Season - 6,78,Bundesliga,157,172,Bayern Munich,VfB Stuttgart,2,2,1.15,8,15,1.22,4,1
871210,2022-09-10 13:30:00,2022,Regular Season - 6,78,Bundesliga,173,165,RB Leipzig,Borussia Dortmund,3,0,2.38,3.7,2.7,1.57,2.3,1
871213,2022-09-10 13:30:00,2022,Regular Season - 6,78,Bundesliga,167,164,1899 Hoffenheim,FSV Mainz 05,4,1,2.29,3.6,2.96,1.65,2.2,1
871214,2022-09-10 13:30:00,2022,Regular Season - 6,78,Bundesliga,169,161,Eintracht Frankfurt,VfL Wolfsburg,0,1,2.07,3.78,3.7,1.74,2.28,1
871215,2022-09-10 13:30:00,2022,Regular Season - 6,78,Bundesliga,159,168,Hertha Berlin,Bayer Leverkusen,2,2,3.6,3.9,1.91,1.53,2.38,1
881833,2022-09-10 16:00:00,2022,Regular Season - 6,135,Serie A,505,503,Inter,Torino,1,0,1.45,4.7,6.7,1.65,2.21,1
871216,2022-09-10 16:30:00,2022,Regular Season - 6,78,Bundesliga,174,176,FC Schalke 04,Vfl Bochum,3,1,2.11,3.66,3.7,1.78,2.21,1
881838,2022-09-10 18:45:00,2022,Regular Season - 6,135,Serie A,498,489,Sampdoria,AC Milan,1,2,6,4.4,1.52,1.72,2.09,1
877982,2022-09-10 19:00:00,2022,Regular Season - 5,140,La Liga,530,538,Atletico Madrid,Celta Vigo,4,1,1.64,3.7,5.8,2.07,1.76,1
881830,2022-09-11 10:30:00,2022,Regular Season - 6,135,Serie A,499,520,Atalanta,Cremonese,1,1,1.35,5.8,9.6,1.62,2.5,1
877991,2022-09-11 12:00:00,2022,Regular Season - 5,140,La Liga,541,798,Real Madrid,Mallorca,4,1,1.25,5.8,11,1.5,2.5,1
881831,2022-09-11 13:00:00,2022,Regular Season - 6,135,Serie A,500,502,Bologna,Fiorentina,2,1,3.07,3.36,2.51,1.96,1.94,1
881836,2022-09-11 13:00:00,2022,Regular Season - 6,135,Serie A,867,1579,Lecce,Monza,1,1,2.38,3.45,3.4,2.06,1.89,1
881839,2022-09-11 13:00:00,2022,Regular Season - 6,135,Serie A,488,494,Sassuolo,Udinese,1,3,2.68,3.5,2.56,1.65,2.21,1
871212,2022-09-11 13:30:00,2022,Regular Season - 6,78,Bundesliga,192,182,1.FC Köln,Union Berlin,0,1,2.54,3.55,3.05,2.02,1.93,1
871211,2022-09-11 15:30:00,2022,Regular Season - 6,78,Bundesliga,160,163,SC Freiburg,Borussia Monchengladbach,0,0,2.01,3.8,3.46,1.58,2.34,1
881835,2022-09-11 16:00:00,2022,Regular Season - 6,135,Serie A,487,504,Lazio,Verona,2,0,1.61,4.2,5.2,1.66,2.18,1
877984,2022-09-11 16:30:00,2022,Regular Season - 5,140,La Liga,546,548,Getafe,Real Sociedad,2,1,3.8,3.1,2.1,2.5,1.5,1
881834,2022-09-11 18:45:00,2022,Regular Season - 6,135,Serie A,496,514,Juventus,Salernitana,2,2,1.41,4.8,7.6,1.78,2,1
877983,2022-09-11 19:00:00,2022,Regular Season - 5,140,La Liga,543,533,Real Betis,Villarreal,1,0,2.8,3.4,2.5,1.81,2,1
881832,2022-09-12 18:45:00,2022,Regular Season - 6,135,Serie A,511,497,Empoli,AS Roma,1,2,4.6,3.9,1.74,1.78,2.02,1
871222,2022-09-16 18:30:00,2022,Regular Season - 7,78,Bundesliga,164,159,FSV Mainz 05,Hertha Berlin,1,1,1.71,4.28,5,1.76,2.24,1
881846,2022-09-16 18:45:00,2022,Regular Season - 7,135,Serie A,514,867,Salernitana,Lecce,1,2,1.98,2.68,3.12,1.95,1.83,1
868016,2022-09-16 19:00:00,2022,Regular Season - 8,39,Premier League,66,41,Aston Villa,Southampton,1,0,1.95,2.82,3.06,1.8,1.99,1
868023,2022-09-16 19:00:00,2022,Regular Season - 8,39,Premier League,65,36,Nottingham Forest,Fulham,2,3,2.53,2.66,2.36,1.88,1.91,1
868025,2022-09-17 11:30:00,2022,Regular Season - 8,39,Premier League,39,50,Wolves,Manchester City,0,3,8.9,5.5,1.32,1.57,2.37,1
878001,2022-09-17 12:00:00,2022,Regular Season - 6,140,La Liga,798,723,Mallorca,Almeria,1,0,2.04,3.32,3.85,2.2,1.65,1
881840,2022-09-17 13:00:00,2022,Regular Season - 7,135,Serie A,500,511,Bologna,Empoli,0,1,2.17,3.57,3.54,1.91,2,1
871218,2022-09-17 13:30:00,2022,Regular Season - 7,78,Bundesliga,170,157,FC Augsburg,Bayern Munich,1,0,15,8,1.15,1.25,3.75,1
871220,2022-09-17 13:30:00,2022,Regular Season - 7,78,Bundesliga,168,162,Bayer Leverkusen,Werder Bremen,1,1,1.65,4.33,4.5,1.5,2.5,1
871225,2022-09-17 13:30:00,2022,Regular Season - 7,78,Bundesliga,172,169,VfB Stuttgart,Eintracht Frankfurt,1,3,2.35,3.8,3.04,1.74,2.28,1
871226,2022-09-17 13:30:00,2022,Regular Season - 7,78,Bundesliga,165,174,Borussia Dortmund,FC Schalke 04,1,0,1.36,5,8,1.4,2.75,1
868022,2022-09-17 14:00:00,2022,Regular Season - 8,39,Premier League,34,35,Newcastle,Bournemouth,1,1,1.47,4.59,7.96,1.87,2.04,1
881847,2022-09-17 16:00:00,2022,Regular Season - 7,135,Serie A,515,498,Spezia,Sampdoria,2,1,2.68,3.24,2.71,1.99,1.8,1
868024,2022-09-17 16:30:00,2022,Regular Season - 8,39,Premier League,47,46,Tottenham,Leicester,6,2,1.49,4.7,6.1,1.57,2.37,1
871219,2022-09-17 16:30:00,2022,Regular Season - 7,78,Bundesliga,163,173,Borussia Monchengladbach,RB Leipzig,3,0,2.99,3.65,2.25,1.58,2.34,1
877996,2022-09-17 16:30:00,2022,Regular Season - 6,140,La Liga,532,538,Valencia,Celta Vigo,3,0,2.38,3.24,3.1,2.13,1.69,1
881848,2022-09-17 18:45:00,2022,Regular Season - 7,135,Serie A,503,488,Torino,Sassuolo,0,1,1.73,2.99,3.6,1.75,2.05,1
881849,2022-09-18 10:30:00,2022,Regular Season - 7,135,Serie A,494,505,Udinese,Inter,3,1,3.86,3.94,1.98,1.76,2.23,1
868017,2022-09-18 11:00:00,2022,Regular Season - 8,39,Premier League,55,42,Brentford,Arsenal,0,3,4.3,3.95,1.78,1.66,2.19,1
881841,2022-09-18 13:00:00,2022,Regular Season - 7,135,Serie A,520,487,Cremonese,Lazio,0,4,4.1,3.85,1.83,1.7,2.12,1
881842,2022-09-18 13:00:00,2022,Regular Season - 7,135,Serie A,502,504,Fiorentina,Verona,2,0,1.83,4.02,4.54,1.85,2.1,1
881844,2022-09-18 13:00:00,2022,Regular Season - 7,135,Serie A,1579,496,Monza,Juventus,1,0,4.3,3.65,1.85,1.91,1.88,1
868020,2022-09-18 13:15:00,2022,Regular Season - 8,39,Premier League,45,48,Everton,West Ham,1,0,2.91,3.3,2.48,2.01,1.78,1
871221,2022-09-18 13:30:00,2022,Regular Season - 7,78,Bundesliga,182,161,Union Berlin,VfL Wolfsburg,2,0,2.06,3.5,4.08,2.06,1.89,1
878000,2022-09-18 14:15:00,2022,Regular Season - 6,140,La Liga,533,536,Villarreal,Sevilla,1,1,1.73,3.95,5.19,1.92,1.99,1
871223,2022-09-18 15:30:00,2022,Regular Season - 7,78,Bundesliga,176,192,Vfl Bochum,1.FC Köln,1,1,3.08,3.6,2.24,1.69,2.14,1
881845,2022-09-18 16:00:00,2022,Regular Season - 7,135,Serie A,497,499,AS Roma,Atalanta,0,1,2.08,3.55,3.48,1.79,2,1
877995,2022-09-18 16:30:00,2022,Regular Season - 6,140,La Liga,543,547,Real Betis,Girona,2,1,1.78,3.65,4.7,2.02,1.77,1
871224,2022-09-18 17:30:00,2022,Regular Season - 7,78,Bundesliga,167,160,1899 Hoffenheim,SC Freiburg,0,0,2.18,3.74,3.44,1.65,2.44,1
881843,2022-09-18 18:45:00,2022,Regular Season - 7,135,Serie A,489,492,AC Milan,Napoli,1,2,2.19,3.54,3.54,1.97,1.93,1
877993,2022-09-18 19:00:00,2022,Regular Season - 6,140,La Liga,530,541,Atletico Madrid,Real Madrid,1,2,3.17,3.52,2.37,1.93,1.97,1
871227,2022-09-30 18:30:00,2022,Regular Season - 8,78,Bundesliga,157,168,Bayern Munich,Bayer Leverkusen,4,0,1.33,5.8,8,1.29,3.5,1
868027,2022-10-01 11:30:00,2022,Regular Season - 9,39,Premier League,42,47,Arsenal,Tottenham,3,1,2.08,3.75,3.32,1.68,2.15,1
881857,2022-10-01 13:00:00,2022,Regular Season - 8,135,Serie A,492,503,Napoli,Torino,3,1,1.61,4.1,5.4,1.77,2.02,1
871228,2022-10-01 13:30:00,2022,Regular Season - 8,78,Bundesliga,173,176,RB Leipzig,Vfl Bochum,4,0,1.25,5.8,11,1.44,2.62,1
871229,2022-10-01 13:30:00,2022,Regular Season - 8,78,Bundesliga,160,164,SC Freiburg,FSV Mainz 05,2,1,2.11,3.5,3.42,1.86,1.93,1
871230,2022-10-01 13:30:00,2022,Regular Season - 8,78,Bundesliga,192,165,1.FC Köln,Borussia Dortmund,3,2,3.36,3.96,2.14,1.65,2.44,1
871231,2022-10-01 13:30:00,2022,Regular Season - 8,78,Bundesliga,169,182,Eintracht Frankfurt,Union Berlin,2,0,2.27,3.36,3.2,1.93,1.85,1
871232,2022-10-01 13:30:00,2022,Regular Season - 8,78,Bundesliga,161,172,VfL Wolfsburg,VfB Stuttgart,3,2,2.42,3.4,2.92,1.86,1.92,1
868026,2022-10-01 14:00:00,2022,Regular Season - 9,39,Premier League,35,55,Bournemouth,Brentford,0,0,3.5,3.55,2.22,1.97,1.83,1
868028,2022-10-01 14:00:00,2022,Regular Season - 9,39,Premier League,52,49,Crystal Palace,Chelsea,1,2,4.3,3.65,1.84,2,1.79,1
868029,2022-10-01 14:00:00,2022,Regular Season - 9,39,Premier League,36,34,Fulham,Newcastle,1,4,3.15,3.55,2.38,1.9,1.9,1
868032,2022-10-01 14:00:00,2022,Regular Season - 9,39,Premier League,40,51,Liverpool,Brighton,3,3,1.36,5.3,7.9,1.56,2.38,1
868034,2022-10-01 14:00:00,2022,Regular Season - 9,39,Premier League,41,45,Southampton,Everton,1,2,2.18,3.34,3.42,1.95,1.83,1
878002,2022-10-01 14:15:00,2022,Regular Season - 7,140,La Liga,546,720,Getafe,Valladolid,2,3,2.39,3.14,3.58,2.52,1.62,1
881853,2022-10-01 16:00:00,2022,Regular Season - 8,135,Serie A,505,497,Inter,AS Roma,1,2,2.08,3.48,3.55,1.77,2.02,1
868035,2022-10-01 16:30:00,2022,Regular Season - 9,39,Premier League,48,39,West Ham,Wolves,2,0,1.97,3.66,4.26,2.18,1.8,1
871235,2022-10-01 16:30:00,2022,Regular Season - 8,78,Bundesliga,162,163,Werder Bremen,Borussia Monchengladbach,5,1,2.6,3.7,2.5,1.57,2.3,1
878006,2022-10-01 16:30:00,2022,Regular Season - 7,140,La Liga,536,530,Sevilla,Atletico Madrid,0,2,3.2,3.3,2.5,2.47,1.64,1
881851,2022-10-01 18:45:00,2022,Regular Season - 8,135,Serie A,511,489,Empoli,AC Milan,1,3,5.3,4.1,1.62,1.8,1.99,1
878007,2022-10-01 19:00:00,2022,Regular Season - 7,140,La Liga,798,529,Mallorca,Barcelona,0,1,9,5.45,1.38,1.69,2.37,1
881855,2022-10-02 10:30:00,2022,Regular Season - 8,135,Serie A,487,515,Lazio,Spezia,4,0,1.45,5.1,7.7,1.68,2.39,1
868033,2022-10-02 13:00:00,2022,Regular Season - 9,39,Premier League,50,33,Manchester City,Manchester United,6,3,1.33,5.5,8,1.4,2.75,1
881856,2022-10-02 13:00:00,2022,Regular Season - 8,135,Serie A,867,520,Lecce,Cremonese,1,1,2.05,3.4,3.6,2,1.73,1
881858,2022-10-02 13:00:00,2022,Regular Season - 8,135,Serie A,498,1579,Sampdoria,Monza,0,3,2.3,3.25,3.2,2,1.73,1
881859,2022-10-02 13:00:00,2022,Regular Season - 8,135,Serie A,488,514,Sassuolo,Salernitana,5,0,2.06,3.7,3.4,1.66,2.19,1
871233,2022-10-02 13:30:00,2022,Regular Season - 8,78,Bundesliga,159,167,Hertha Berlin,1899 Hoffenheim,1,1,2.77,3.65,2.41,1.58,2.34,1
878008,2022-10-02 14:15:00,2022,Regular Season - 7,140,La Liga,538,543,Celta Vigo,Real Betis,1,0,2.46,3.48,3.1,2.14,1.83,1
868030,2022-10-02 15:30:00,2022,Regular Season - 9,39,Premier League,63,66,Leeds,Aston Villa,0,0,2.36,3.44,2.98,1.79,2,1
871234,2022-10-02 15:30:00,2022,Regular Season - 8,78,Bundesliga,174,170,FC Schalke 04,FC Augsburg,2,3,2,3.6,3.65,1.79,2,1
881850,2022-10-02 16:00:00,2022,Regular Season - 8,135,Serie A,499,502,Atalanta,Fiorentina,1,0,2.05,3.58,3.9,1.93,1.98,1
878005,2022-10-02 16:30:00,2022,Regular Season - 7,140,La Liga,547,548,Girona,Real Sociedad,3,5,3.34,3.4,2.35,2.31,1.72,1
881854,2022-10-02 18:45:00,2022,Regular Season - 8,135,Serie A,496,500,Juventus,Bologna,3,0,1.54,4.41,6.71,1.88,2.03,1
881852,2022-10-03 18:45:00,2022,Regular Season - 8,135,Serie A,504,494,Verona,Udinese,1,2,3.15,3.66,2.35,1.91,2.03,1
868031,2022-10-03 19:00:00,2022,Regular Season - 9,39,Premier League,46,65,Leicester,Nottingham Forest,4,0,1.75,4.1,4.5,1.65,2.25,1
871239,2022-10-07 18:30:00,2022,Regular Season - 9,78,Bundesliga,167,162,1899 Hoffenheim,Werder Bremen,1,2,1.91,3.9,3.6,1.5,2.5,1
878019,2022-10-08 12:00:00,2022,Regular Season - 8,140,La Liga,723,728,Almeria,Rayo Vallecano,3,1,3.07,3.4,2.52,2.26,1.75,1
881867,2022-10-08 13:00:00,2022,Regular Season - 9,135,Serie A,488,505,Sassuolo,Inter,1,2,4.5,4,1.7,1.57,2.3,1
871237,2022-10-08 13:30:00,2022,Regular Season - 9,78,Bundesliga,168,174,Bayer Leverkusen,FC Schalke 04,4,0,1.44,4.6,6.5,1.5,2.5,1
871238,2022-10-08 13:30:00,2022,Regular Season - 9,78,Bundesliga,164,173,FSV Mainz 05,RB Leipzig,1,1,3.18,3.72,2.31,1.84,2.12,1
871241,2022-10-08 13:30:00,2022,Regular Season - 9,78,Bundesliga,176,169,Vfl Bochum,Eintracht Frankfurt,3,0,4.08,4.06,1.91,1.71,2.33,1
871242,2022-10-08 13:30:00,2022,Regular Season - 9,78,Bundesliga,170,161,FC Augsburg,VfL Wolfsburg,1,1,3.01,3.62,2.46,1.97,1.97,1
868036,2022-10-08 14:00:00,2022,Regular Season - 10,39,Premier League,35,46,Bournemouth,Leicester,2,1,3.64,3.72,2.11,1.92,2.02,1
868039,2022-10-08 14:00:00,2022,Regular Season - 10,39,Premier League,49,39,Chelsea,Wolves,3,0,1.41,4.92,8.68,1.88,2.03,1
868042,2022-10-08 14:00:00,2022,Regular Season - 10,39,Premier League,50,41,Manchester City,Southampton,4,0,1.1,9,23,1.25,3.75,1
868043,2022-10-08 14:00:00,2022,Regular Season - 10,39,Premier League,34,55,Newcastle,Brentford,5,1,1.79,3.9,4.3,1.78,2.01,1
878012,2022-10-08 14:15:00,2022,Regular Season - 8,140,La Liga,530,547,Atletico Madrid,Girona,2,1,1.52,4.48,7.4,2,1.94,1
881863,2022-10-08 16:00:00,2022,Regular Season - 9,135,Serie A,489,496,AC Milan,Juventus,2,0,2.05,3.3,3.7,2.05,1.7,1
868038,2022-10-08 16:30:00,2022,Regular Season - 10,39,Premier League,51,47,Brighton,Tottenham,0,1,2.77,3.46,2.51,1.84,1.94,1
871236,2022-10-08 16:30:00,2022,Regular Season - 9,78,Bundesliga,165,157,Borussia Dortmund,Bayern Munich,2,2,4.33,4.5,1.65,1.36,3,1
881860,2022-10-08 18:45:00,2022,Regular Season - 9,135,Serie A,500,498,Bologna,Sampdoria,1,1,2.05,3.4,3.6,1.85,1.85,1
878015,2022-10-08 19:00:00,2022,Regular Season - 8,140,La Liga,546,541,Getafe,Real Madrid,0,1,6.6,4.5,1.48,1.78,2.02,1
881868,2022-10-09 10:30:00,2022,Regular Season - 9,135,Serie A,503,511,Torino,Empoli,1,1,1.73,3.7,4.8,1.91,1.8,1
878021,2022-10-09 12:00:00,2022,Regular Season - 8,140,La Liga,720,543,Valladolid,Real Betis,0,0,2.87,3.54,2.59,2.03,1.91,1
868040,2022-10-09 13:00:00,2022,Regular Season - 10,39,Premier League,52,63,Crystal Palace,Leeds,2,1,2.03,3.55,3.65,1.83,1.97,1
868045,2022-10-09 13:00:00,2022,Regular Season - 10,39,Premier League,48,36,West Ham,Fulham,3,1,1.78,4.12,4.68,1.85,2.1,1
881864,2022-10-09 13:00:00,2022,Regular Season - 9,135,Serie A,1579,515,Monza,Spezia,2,0,1.91,3.6,4,1.95,1.83,1
881866,2022-10-09 13:00:00,2022,Regular Season - 9,135,Serie A,514,504,Salernitana,Verona,2,1,2.45,3.4,2.8,1.73,2,1
881869,2022-10-09 13:00:00,2022,Regular Season - 9,135,Serie A,494,499,Udinese,Atalanta,2,2,2.5,3.4,2.7,1.8,1.91,1
871240,2022-10-09 13:30:00,2022,Regular Season - 9,78,Bundesliga,163,192,Borussia Monchengladbach,1.FC Köln,5,2,2.08,3.96,3.52,1.68,2.39,1
868037,2022-10-09 15:30:00,2022,Regular Season - 10,39,Premier League,42,40,Arsenal,Liverpool,3,2,2.53,3.7,2.61,1.58,2.35,1
871244,2022-10-09 15:30:00,2022,Regular Season - 9,78,Bundesliga,159,160,Hertha Berlin,SC Freiburg,2,2,3.15,3.46,2.41,1.92,1.99,1
881861,2022-10-09 16:00:00,2022,Regular Season - 9,135,Serie A,520,492,Cremonese,Napoli,1,4,7.1,4.9,1.49,1.69,2.37,1
878018,2022-10-09 16:30:00,2022,Regular Season - 8,140,La Liga,548,533,Real Sociedad,Villarreal,1,0,2.53,3.3,2.85,2.03,1.77,1
871243,2022-10-09 17:30:00,2022,Regular Season - 9,78,Bundesliga,172,182,VfB Stuttgart,Union Berlin,0,1,2.64,3.44,2.88,2.21,1.78,1
868041,2022-10-09 18:00:00,2022,Regular Season - 10,39,Premier League,45,33,Everton,Manchester United,1,2,3.5,3.55,2.06,1.79,2,1
881865,2022-10-09 18:45:00,2022,Regular Season - 9,135,Serie A,497,867,AS Roma,Lecce,2,1,1.4,5.2,9.3,1.86,2.1,1
878013,2022-10-09 19:00:00,2022,Regular Season - 8,140,La Liga,529,538,Barcelona,Celta Vigo,1,0,1.29,5.5,11,1.53,2.38,1
881862,2022-10-10 18:45:00,2022,Regular Season - 9,135,Serie A,502,487,Fiorentina,Lazio,0,4,2.4,3.4,2.88,1.8,1.91,1
868044,2022-10-10 19:00:00,2022,Regular Season - 10,39,Premier League,65,66,Nottingham Forest,Aston Villa,1,1,3.38,3.44,2.16,2.01,1.78,1
871252,2022-10-14 18:30:00,2022,Regular Season - 10,78,Bundesliga,174,167,FC Schalke 04,1899 Hoffenheim,0,3,3.58,4,2.05,1.65,2.45,1
868047,2022-10-14 19:00:00,2022,Regular Season - 11,39,Premier League,55,51,Brentford,Brighton,2,0,2.98,3.38,2.39,1.98,1.8,1
878028,2022-10-14 19:00:00,2022,Regular Season - 9,140,La Liga,728,546,Rayo Vallecano,Getafe,0,0,2.02,3.2,4.1,2.5,1.53,1
868050,2022-10-15 11:30:00,2022,Regular Season - 11,39,Premier League,46,52,Leicester,Crystal Palace,0,0,2.28,3.48,3.08,1.84,1.94,1
881871,2022-10-15 13:00:00,2022,Regular Season - 10,135,Serie A,511,1579,Empoli,Monza,1,0,2.53,3.32,2.82,1.93,1.85,1
871249,2022-10-15 13:30:00,2022,Regular Season - 10,78,Bundesliga,169,168,Eintracht Frankfurt,Bayer Leverkusen,5,1,2.74,3.6,2.46,1.6,2.29,1
871250,2022-10-15 13:30:00,2022,Regular Season - 10,78,Bundesliga,161,163,VfL Wolfsburg,Borussia Monchengladbach,2,2,2.63,3.5,2.6,1.64,2.23,1
871251,2022-10-15 13:30:00,2022,Regular Season - 10,78,Bundesliga,172,176,VfB Stuttgart,Vfl Bochum,4,1,1.69,3.99,5.49,1.86,2.05,1
871253,2022-10-15 13:30:00,2022,Regular Season - 10,78,Bundesliga,162,164,Werder Bremen,FSV Mainz 05,0,2,2.4,3.78,2.99,1.76,2.23,1
868048,2022-10-15 14:00:00,2022,Regular Season - 11,39,Premier League,36,35,Fulham,Bournemouth,2,2,1.89,3.7,4,1.88,1.91,1
868055,2022-10-15 14:00:00,2022,Regular Season - 11,39,Premier League,39,65,Wolves,Nottingham Forest,1,0,1.73,3.83,5.41,2.05,1.86,1
881879,2022-10-15 16:00:00,2022,Regular Season - 10,135,Serie A,503,496,Torino,Juventus,0,1,3.02,3.16,2.48,2.24,1.63,1
868054,2022-10-15 16:30:00,2022,Regular Season - 11,39,Premier League,47,45,Tottenham,Everton,2,0,1.5,4.5,6.3,1.75,2.05,1
871246,2022-10-15 16:30:00,2022,Regular Season - 10,78,Bundesliga,173,159,RB Leipzig,Hertha Berlin,3,2,1.4,4.75,7.5,1.5,2.5,1
878024,2022-10-15 16:30:00,2022,Regular Season - 9,140,La Liga,798,536,Mallorca,Sevilla,0,1,3,3.05,2.6,2.3,1.62,1
881870,2022-10-15 18:45:00,2022,Regular Season - 10,135,Serie A,499,488,Atalanta,Sassuolo,2,1,1.66,4.1,4.8,1.65,2.2,1
881873,2022-10-16 10:30:00,2022,Regular Season - 10,135,Serie A,505,514,Inter,Salernitana,2,0,1.25,5.8,11,1.44,2.62,1
878023,2022-10-16 12:00:00,2022,Regular Season - 9,140,La Liga,538,548,Celta Vigo,Real Sociedad,1,2,2.56,3.24,2.86,2.2,1.65,1
868046,2022-10-16 13:00:00,2022,Regular Season - 11,39,Premier League,66,49,Aston Villa,Chelsea,0,2,4.4,3.6,1.83,2.05,1.75,1
868049,2022-10-16 13:00:00,2022,Regular Season - 11,39,Premier League,63,42,Leeds,Arsenal,0,1,5.6,4.5,1.54,1.61,2.28,1
868052,2022-10-16 13:00:00,2022,Regular Season - 11,39,Premier League,33,34,Manchester United,Newcastle,0,0,1.99,3.75,3.55,1.69,2.14,1
868053,2022-10-16 13:00:00,2022,Regular Season - 11,39,Premier League,41,48,Southampton,West Ham,1,1,2.95,3.34,2.43,1.95,1.83,1
881874,2022-10-16 13:00:00,2022,Regular Season - 10,135,Serie A,487,494,Lazio,Udinese,0,0,2.15,3.65,3.24,1.68,2.16,1
881878,2022-10-16 13:00:00,2022,Regular Season - 10,135,Serie A,515,520,Spezia,Cremonese,2,2,2.47,3.22,2.99,1.94,1.83,1
871248,2022-10-16 13:30:00,2022,Regular Season - 10,78,Bundesliga,192,170,1.FC Köln,FC Augsburg,3,2,1.72,4.38,4.84,1.65,2.45,1
878026,2022-10-16 14:15:00,2022,Regular Season - 9,140,La Liga,541,529,Real Madrid,Barcelona,3,1,2.25,3.5,3,1.53,2.38,1
868051,2022-10-16 15:30:00,2022,Regular Season - 11,39,Premier League,40,50,Liverpool,Manchester City,1,0,3.75,3.9,1.85,1.44,2.62,1
871247,2022-10-16 15:30:00,2022,Regular Season - 10,78,Bundesliga,182,165,Union Berlin,Borussia Dortmund,2,0,3.02,3.62,2.45,1.98,1.97,1
881876,2022-10-16 16:00:00,2022,Regular Season - 10,135,Serie A,492,500,Napoli,Bologna,3,2,1.25,6,12,1.53,2.38,1
871245,2022-10-16 17:30:00,2022,Regular Season - 10,78,Bundesliga,157,160,Bayern Munich,SC Freiburg,5,0,1.25,6.5,10,1.36,3,1
881872,2022-10-16 18:45:00,2022,Regular Season - 10,135,Serie A,504,489,Verona,AC Milan,1,2,5.7,4.2,1.58,1.76,2.03,1
878031,2022-10-16 19:00:00,2022,Regular Season - 9,140,La Liga,543,723,Real Betis,Almeria,3,1,1.58,4.36,6.15,1.86,2.05,1
881877,2022-10-17 16:30:00,2022,Regular Season - 10,135,Serie A,498,497,Sampdoria,AS Roma,0,1,5.27,3.73,1.76,2.05,1.86,1
881875,2022-10-17 18:45:00,2022,Regular Season - 10,135,Serie A,867,502,Lecce,Fiorentina,1,1,3.6,3.34,2.11,2.11,1.7,1
878035,2022-10-18 17:00:00,2022,Regular Season - 10,140,La Liga,536,532,Sevilla,Valencia,1,1,2.27,3.42,3.14,1.94,1.84,1
868059,2022-10-18 18:30:00,2022,Regular Season - 12,39,Premier League,51,65,Brighton,Nottingham Forest,0,0,1.44,4.98,8.3,1.82,2.15,1
878032,2022-10-18 19:00:00,2022,Regular Season - 10,140,La Liga,530,728,Atletico Madrid,Rayo Vallecano,1,1,1.54,4.1,6.5,2.06,1.75,1
868062,2022-10-18 19:15:00,2022,Regular Season - 12,39,Premier League,52,39,Crystal Palace,Wolves,2,1,2.23,3.46,3.58,2.33,1.71,1
878039,2022-10-19 17:00:00,2022,Regular Season - 10,140,La Liga,720,538,Valladolid,Celta Vigo,4,1,2.87,3.24,2.55,2.13,1.69,1
878040,2022-10-19 18:00:00,2022,Regular Season - 10,140,La Liga,548,798,Real Sociedad,Mallorca,1,0,1.55,4,6.3,2.04,1.76,1
868056,2022-10-19 18:30:00,2022,Regular Season - 12,39,Premier League,35,41,Bournemouth,Southampton,0,1,2.69,3.32,2.66,2.06,1.75,1
868058,2022-10-19 18:30:00,2022,Regular Season - 12,39,Premier League,55,49,Brentford,Chelsea,0,0,4.5,3.8,1.77,1.8,1.99,1
868063,2022-10-19 18:30:00,2022,Regular Season - 12,39,Premier League,34,45,Newcastle,Everton,1,0,1.63,4,5.4,1.86,1.92,1
868064,2022-10-19 18:30:00,2022,Regular Season - 12,39,Premier League,40,48,Liverpool,West Ham,1,0,1.4,4.75,7.5,1.53,2.38,1
868065,2022-10-19 19:15:00,2022,Regular Season - 12,39,Premier League,33,47,Manchester United,Tottenham,2,0,2.43,3.55,2.79,1.7,2.12,1
878036,2022-10-20 17:00:00,2022,Regular Season - 10,140,La Liga,723,547,Almeria,Girona,3,2,2.61,3.24,2.78,2.14,1.69,1
868060,2022-10-20 18:30:00,2022,Regular Season - 12,39,Premier League,36,66,Fulham,Aston Villa,3,0,2.83,3.32,2.53,1.97,1.83,1
878033,2022-10-20 19:00:00,2022,Regular Season - 10,140,La Liga,529,533,Barcelona,Villarreal,3,0,1.5,4.5,6,1.53,2.38,1
868061,2022-10-20 19:15:00,2022,Regular Season - 12,39,Premier League,46,63,Leicester,Leeds,2,0,2.31,3.55,2.98,1.69,2.15,1
871257,2022-10-21 18:30:00,2022,Regular Season - 11,78,Bundesliga,164,192,FSV Mainz 05,1.FC Köln,5,0,2.19,3.74,3.4,1.86,2.1,1
881884,2022-10-21 18:45:00,2022,Regular Season - 11,135,Serie A,496,511,Juventus,Empoli,4,0,1.48,4.74,7.7,1.88,2.07,1
868071,2022-10-22 11:30:00,2022,Regular Season - 13,39,Premier League,65,40,Nottingham Forest,Liverpool,1,0,11,5.8,1.25,1.5,2.5,1
881887,2022-10-22 13:00:00,2022,Regular Season - 11,135,Serie A,514,515,Salernitana,Spezia,1,0,2.09,3.68,3.76,2,1.94,1
871254,2022-10-22 13:30:00,2022,Regular Season - 11,78,Bundesliga,165,172,Borussia Dortmund,VfB Stuttgart,5,0,1.56,4.74,6.05,1.65,2.44,1
871255,2022-10-22 13:30:00,2022,Regular Season - 11,78,Bundesliga,168,161,Bayer Leverkusen,VfL Wolfsburg,2,2,1.77,4.28,4.58,1.66,2.42,1
871256,2022-10-22 13:30:00,2022,Regular Season - 11,78,Bundesliga,160,162,SC Freiburg,Werder Bremen,2,0,1.95,3.94,4,1.69,2.36,1
871258,2022-10-22 13:30:00,2022,Regular Season - 11,78,Bundesliga,167,157,1899 Hoffenheim,Bayern Munich,0,2,6,4.75,1.5,1.33,3.25,1
871261,2022-10-22 13:30:00,2022,Regular Season - 11,78,Bundesliga,170,173,FC Augsburg,RB Leipzig,3,3,5.5,4.33,1.53,1.53,2.38,1
868068,2022-10-22 14:00:00,2022,Regular Season - 13,39,Premier League,45,52,Everton,Crystal Palace,3,0,2.5,3.2,2.9,2.1,1.67,1
868070,2022-10-22 14:00:00,2022,Regular Season - 13,39,Premier League,50,51,Manchester City,Brighton,3,1,1.2,6.5,15,1.44,2.62,1
878050,2022-10-22 14:15:00,2022,Regular Season - 11,140,La Liga,720,548,Valladolid,Real Sociedad,1,0,3.72,3.56,2.14,2.17,1.81,1
881885,2022-10-22 16:00:00,2022,Regular Season - 11,135,Serie A,489,1579,AC Milan,Monza,4,1,1.4,5,7.4,1.62,2.25,1
868067,2022-10-22 16:30:00,2022,Regular Season - 13,39,Premier League,49,33,Chelsea,Manchester United,1,1,2.13,3.66,3.64,1.94,2,1
871259,2022-10-22 16:30:00,2022,Regular Season - 11,78,Bundesliga,163,169,Borussia Monchengladbach,Eintracht Frankfurt,1,3,2.37,3.92,2.96,1.65,2.44,1
878048,2022-10-22 16:30:00,2022,Regular Season - 11,140,La Liga,532,798,Valencia,Mallorca,1,2,1.76,3.55,5,2.21,1.65,1
881883,2022-10-22 18:45:00,2022,Regular Season - 11,135,Serie A,502,505,Fiorentina,Inter,3,4,3.74,3.82,2.06,1.87,2.08,1
878043,2022-10-22 19:00:00,2022,Regular Season - 11,140,La Liga,541,536,Real Madrid,Sevilla,3,1,1.34,5.4,8.4,1.57,2.37,1
881889,2022-10-23 10:30:00,2022,Regular Season - 11,135,Serie A,494,503,Udinese,Torino,1,2,2.08,3.46,4.06,2.14,1.83,1
868066,2022-10-23 13:00:00,2022,Regular Season - 13,39,Premier League,66,55,Aston Villa,Brentford,4,0,2.18,3.54,3.62,2.02,1.92,1
868069,2022-10-23 13:00:00,2022,Regular Season - 13,39,Premier League,63,36,Leeds,Fulham,2,3,2.06,3.78,3.74,1.75,2.26,1
868072,2022-10-23 13:00:00,2022,Regular Season - 13,39,Premier League,41,42,Southampton,Arsenal,1,1,6.15,4.52,1.58,1.76,2.23,1
868075,2022-10-23 13:00:00,2022,Regular Season - 13,39,Premier League,39,46,Wolves,Leicester,0,4,2.33,3.44,3.38,2.07,1.88,1
881881,2022-10-23 13:00:00,2022,Regular Season - 11,135,Serie A,500,867,Bologna,Lecce,2,0,2.23,3.32,3.74,2.29,1.73,1
871260,2022-10-23 13:30:00,2022,Regular Season - 11,78,Bundesliga,176,182,Vfl Bochum,Union Berlin,2,1,4.54,3.5,1.96,2.14,1.83,1
878046,2022-10-23 14:15:00,2022,Regular Season - 11,140,La Liga,543,530,Real Betis,Atletico Madrid,1,2,3.06,3.26,2.4,2.17,1.67,1
868073,2022-10-23 15:30:00,2022,Regular Season - 13,39,Premier League,47,34,Tottenham,Newcastle,1,2,2.16,3.66,3.56,1.98,1.97,1
871262,2022-10-23 15:30:00,2022,Regular Season - 11,78,Bundesliga,159,174,Hertha Berlin,FC Schalke 04,2,1,1.8,3.84,4.94,1.83,2.14,1
881880,2022-10-23 16:00:00,2022,Regular Season - 11,135,Serie A,499,487,Atalanta,Lazio,0,2,1.98,3.9,3.94,1.8,2.17,1
878051,2022-10-23 16:30:00,2022,Regular Season - 11,140,La Liga,533,723,Villarreal,Almeria,2,1,1.4,5.35,8.7,1.7,2.34,1
881886,2022-10-23 18:45:00,2022,Regular Season - 11,135,Serie A,497,492,AS Roma,Napoli,0,1,2.98,3.68,2.44,1.87,2.08,1
881882,2022-10-24 16:30:00,2022,Regular Season - 11,135,Serie A,520,498,Cremonese,Sampdoria,0,1,2.38,3.58,3.15,2,1.94,1
881888,2022-10-24 18:45:00,2022,Regular Season - 11,135,Serie A,488,504,Sassuolo,Verona,2,1,1.97,3.65,3.75,1.7,2.12,1
868074,2022-10-24 19:00:00,2022,Regular Season - 13,39,Premier League,48,35,West Ham,Bournemouth,2,0,1.55,4.1,6.2,1.95,1.83,1
878042,2022-10-24 19:00:00,2022,Regular Season - 11,140,La Liga,538,546,Celta Vigo,Getafe,1,1,1.76,3.5,5.1,2.37,1.57,1
871271,2022-10-28 18:30:00,2022,Regular Season - 12,78,Bundesliga,162,159,Werder Bremen,Hertha Berlin,1,0,2.14,3.8,3.2,1.56,2.4,1
868082,2022-10-29 11:30:00,2022,Regular Season - 14,39,Premier League,46,50,Leicester,Manchester City,0,1,10,5.8,1.29,1.4,2.75,1
878055,2022-10-29 12:00:00,2022,Regular Season - 12,140,La Liga,723,538,Almeria,Celta Vigo,3,1,3.22,3.36,2.26,2.09,1.72,1
881894,2022-10-29 13:00:00,2022,Regular Season - 12,135,Serie A,492,488,Napoli,Sassuolo,4,0,1.29,5.5,9.5,1.44,2.62,1
871263,2022-10-29 13:30:00,2022,Regular Season - 12,78,Bundesliga,157,164,Bayern Munich,FSV Mainz 05,6,2,1.25,6,11,1.33,3.25,1
871264,2022-10-29 13:30:00,2022,Regular Season - 12,78,Bundesliga,173,168,RB Leipzig,Bayer Leverkusen,2,0,1.8,3.9,4.2,1.53,2.38,1
871268,2022-10-29 13:30:00,2022,Regular Season - 12,78,Bundesliga,161,176,VfL Wolfsburg,Vfl Bochum,4,0,1.72,4.1,4.5,1.71,2.15,1
871269,2022-10-29 13:30:00,2022,Regular Season - 12,78,Bundesliga,172,170,VfB Stuttgart,FC Augsburg,2,1,1.82,3.75,4.35,1.76,2.07,1
868076,2022-10-29 14:00:00,2022,Regular Season - 14,39,Premier League,35,47,Bournemouth,Tottenham,2,3,5.41,3.99,1.7,1.93,1.98,1
868078,2022-10-29 14:00:00,2022,Regular Season - 14,39,Premier League,55,39,Brentford,Wolves,1,1,2.23,3.52,3.5,2.03,1.91,1
868079,2022-10-29 14:00:00,2022,Regular Season - 14,39,Premier League,51,49,Brighton,Chelsea,4,1,3.04,3.48,2.5,2.14,1.83,1
868080,2022-10-29 14:00:00,2022,Regular Season - 14,39,Premier League,52,41,Crystal Palace,Southampton,1,0,2.01,3.68,4.04,2.1,1.86,1
868085,2022-10-29 14:00:00,2022,Regular Season - 14,39,Premier League,34,66,Newcastle,Aston Villa,4,0,1.84,3.81,4.59,1.93,1.98,1
881898,2022-10-29 16:00:00,2022,Regular Season - 12,135,Serie A,867,496,Lecce,Juventus,0,1,4.7,3.5,1.81,2.12,1.7,1
868081,2022-10-29 16:30:00,2022,Regular Season - 14,39,Premier League,36,45,Fulham,Everton,0,0,2.39,3.45,3.19,1.91,2,1
871267,2022-10-29 16:30:00,2022,Regular Season - 12,78,Bundesliga,169,165,Eintracht Frankfurt,Borussia Dortmund,1,2,2.85,3.7,2.35,1.57,2.4,1
878060,2022-10-29 16:30:00,2022,Regular Season - 12,140,La Liga,536,728,Sevilla,Rayo Vallecano,0,1,1.99,3.38,3.95,2.16,1.68,1
868083,2022-10-29 18:45:00,2022,Regular Season - 14,39,Premier League,40,63,Liverpool,Leeds,1,2,1.3,5.5,9,1.36,3,1
881892,2022-10-29 18:45:00,2022,Regular Season - 12,135,Serie A,505,498,Inter,Sampdoria,3,0,1.22,6,13,1.53,2.38,1
878057,2022-10-29 19:00:00,2022,Regular Season - 12,140,La Liga,532,529,Valencia,Barcelona,0,1,5.1,4.4,1.6,1.6,2.32,1
881895,2022-10-30 11:30:00,2022,Regular Season - 12,135,Serie A,511,499,Empoli,Atalanta,0,2,4.44,4.08,1.83,1.76,2.23,1
868077,2022-10-30 14:00:00,2022,Regular Season - 14,39,Premier League,42,65,Arsenal,Nottingham Forest,5,0,1.2,6.5,15,1.5,2.5,1
881890,2022-10-30 14:00:00,2022,Regular Season - 12,135,Serie A,520,494,Cremonese,Udinese,0,0,4,3.85,1.86,1.69,2.13,1
881897,2022-10-30 14:00:00,2022,Regular Season - 12,135,Serie A,515,502,Spezia,Fiorentina,1,2,4.18,3.82,1.94,1.96,1.98,1
871265,2022-10-30 14:30:00,2022,Regular Season - 12,78,Bundesliga,182,163,Union Berlin,Borussia Monchengladbach,2,1,2.1,3.35,3.65,1.87,1.93,1
878061,2022-10-30 15:15:00,2022,Regular Season - 12,140,La Liga,541,547,Real Madrid,Girona,1,1,1.2,6.5,13,1.4,2.75,1
868084,2022-10-30 16:15:00,2022,Regular Season - 14,39,Premier League,33,48,Manchester United,West Ham,1,0,1.7,4.11,5.14,1.85,2.07,1
871270,2022-10-30 16:30:00,2022,Regular Season - 12,78,Bundesliga,174,160,FC Schalke 04,SC Freiburg,0,2,4.1,3.75,1.88,1.74,2.1,1
881893,2022-10-30 17:00:00,2022,Regular Season - 12,135,Serie A,487,514,Lazio,Salernitana,1,3,1.53,4.8,6.5,1.69,2.37,1
871266,2022-10-30 18:30:00,2022,Regular Season - 12,78,Bundesliga,192,167,1.FC Köln,1899 Hoffenheim,1,1,3.2,3.5,2.15,1.57,2.3,1
881899,2022-10-30 19:45:00,2022,Regular Season - 12,135,Serie A,503,489,Torino,AC Milan,2,1,3.6,3.34,2.12,2.13,1.69,1
878058,2022-10-30 20:00:00,2022,Regular Season - 12,140,La Liga,548,543,Real Sociedad,Real Betis,0,2,2.12,3.4,3.55,2.07,1.74,1
881891,2022-10-31 17:30:00,2022,Regular Season - 12,135,Serie A,504,497,Verona,AS Roma,1,3,4.32,3.82,1.91,1.99,1.95,1
881896,2022-10-31 19:45:00,2022,Regular Season - 12,135,Serie A,1579,500,Monza,Bologna,1,2,2.19,3.43,3.65,1.97,1.93,1
871277,2022-11-04 19:30:00,2022,Regular Season - 13,78,Bundesliga,163,172,Borussia Monchengladbach,VfB Stuttgart,3,1,2.1,3.75,3.2,1.53,2.38,1
881909,2022-11-04 19:45:00,2022,Regular Season - 13,135,Serie A,494,867,Udinese,Lecce,1,1,1.56,4.1,6,1.88,1.91,1
881902,2022-11-05 14:00:00,2022,Regular Season - 13,135,Serie A,511,488,Empoli,Sassuolo,1,0,2.75,3.46,2.51,1.65,2.21,1
881904,2022-11-05 14:00:00,2022,Regular Season - 13,135,Serie A,514,520,Salernitana,Cremonese,2,2,2.22,3.54,3.45,1.95,1.95,1
871272,2022-11-05 14:30:00,2022,Regular Season - 13,78,Bundesliga,165,176,Borussia Dortmund,Vfl Bochum,3,0,1.25,6,11,1.4,2.75,1
871275,2022-11-05 14:30:00,2022,Regular Season - 13,78,Bundesliga,164,161,FSV Mainz 05,VfL Wolfsburg,0,3,2.05,3.6,3.5,1.79,2,1
871276,2022-11-05 14:30:00,2022,Regular Season - 13,78,Bundesliga,167,173,1899 Hoffenheim,RB Leipzig,1,3,2.95,3.6,2.32,1.61,2.28,1
871278,2022-11-05 14:30:00,2022,Regular Season - 13,78,Bundesliga,170,169,FC Augsburg,Eintracht Frankfurt,1,2,4.3,4.1,1.75,1.57,2.37,1
871279,2022-11-05 14:30:00,2022,Regular Season - 13,78,Bundesliga,159,157,Hertha Berlin,Bayern Munich,2,3,10,6,1.25,1.33,3.25,1
868089,2022-11-05 15:00:00,2022,Regular Season - 15,39,Premier League,63,35,Leeds,Bournemouth,4,3,1.77,4.12,4.78,1.83,2.14,1
868090,2022-11-05 15:00:00,2022,Regular Season - 15,39,Premier League,50,36,Manchester City,Fulham,2,1,1.12,8.5,19,1.25,3.75,1
868091,2022-11-05 15:00:00,2022,Regular Season - 15,39,Premier League,65,55,Nottingham Forest,Brentford,2,2,2.83,3.54,2.63,2.04,1.9,1
868095,2022-11-05 15:00:00,2022,Regular Season - 15,39,Premier League,39,51,Wolves,Brighton,2,3,3.42,3.54,2.26,2.14,1.83,1
881900,2022-11-05 17:00:00,2022,Regular Season - 13,135,Serie A,499,492,Atalanta,Napoli,1,2,3.48,3.8,2.14,1.74,2.27,1
868088,2022-11-05 17:30:00,2022,Regular Season - 15,39,Premier League,45,46,Everton,Leicester,0,2,2.46,3.5,3.1,2.12,1.84,1
871280,2022-11-05 17:30:00,2022,Regular Season - 13,78,Bundesliga,162,174,Werder Bremen,FC Schalke 04,2,1,1.65,4.3,4.7,1.57,2.38,1
881903,2022-11-05 19:45:00,2022,Regular Season - 13,135,Serie A,489,515,AC Milan,Spezia,2,1,1.25,6.85,13.5,1.65,2.44,1
878071,2022-11-05 20:00:00,2022,Regular Season - 13,140,La Liga,529,723,Barcelona,Almeria,2,0,1.08,10,26,1.3,3.4,1
881901,2022-11-06 11:30:00,2022,Regular Season - 13,135,Serie A,500,503,Bologna,Torino,2,1,3.02,3.12,2.51,2.27,1.62,1
868087,2022-11-06 12:00:00,2022,Regular Season - 15,39,Premier League,49,42,Chelsea,Arsenal,0,1,2.7,3.35,2.7,1.85,1.95,1
868086,2022-11-06 14:00:00,2022,Regular Season - 15,39,Premier League,66,33,Aston Villa,Manchester United,3,1,3.35,3.55,2.15,1.89,1.91,1
868092,2022-11-06 14:00:00,2022,Regular Season - 15,39,Premier League,41,34,Southampton,Newcastle,1,4,4.1,3.75,1.88,1.85,1.95,1
868094,2022-11-06 14:00:00,2022,Regular Season - 15,39,Premier League,48,52,West Ham,Crystal Palace,1,2,1.91,3.5,4.3,2.07,1.76,1
881905,2022-11-06 14:00:00,2022,Regular Season - 13,135,Serie A,498,502,Sampdoria,Fiorentina,0,2,4,3.5,1.94,2,1.78,1
881906,2022-11-06 14:00:00,2022,Regular Season - 13,135,Serie A,1579,504,Monza,Verona,2,0,2.24,3.45,3.5,1.92,1.99,1
871273,2022-11-06 14:30:00,2022,Regular Season - 13,78,Bundesliga,168,182,Bayer Leverkusen,Union Berlin,5,0,2.16,3.46,3.36,1.92,1.86,1
878065,2022-11-06 15:15:00,2022,Regular Season - 13,140,La Liga,548,532,Real Sociedad,Valencia,1,1,1.99,3.5,4.4,2.22,1.77,1
868093,2022-11-06 16:30:00,2022,Regular Season - 15,39,Premier League,47,40,Tottenham,Liverpool,1,2,3.3,3.65,2.15,1.68,2.2,1
871274,2022-11-06 16:30:00,2022,Regular Season - 13,78,Bundesliga,160,192,SC Freiburg,1.FC Köln,2,0,1.7,4,4.7,1.69,2.13,1
881908,2022-11-06 17:00:00,2022,Regular Season - 13,135,Serie A,497,487,AS Roma,Lazio,0,1,2.07,3.5,3.94,2,1.91,1
878069,2022-11-06 17:30:00,2022,Regular Season - 13,140,La Liga,533,798,Villarreal,Mallorca,0,2,1.64,4.04,6.25,2.19,1.78,1
881907,2022-11-06 19:45:00,2022,Regular Season - 13,135,Serie A,496,505,Juventus,Inter,2,0,3.22,3.3,2.45,2.06,1.85,1
878063,2022-11-06 20:00:00,2022,Regular Season - 13,140,La Liga,543,536,Real Betis,Sevilla,1,1,2.06,3.62,3.94,2.17,1.81,1
878066,2022-11-07 20:00:00,2022,Regular Season - 13,140,La Liga,728,541,Rayo Vallecano,Real Madrid,3,2,5.4,4.18,1.69,1.84,2.12,1
871286,2022-11-08 17:30:00,2022,Regular Season - 14,78,Bundesliga,161,165,VfL Wolfsburg,Borussia Dortmund,2,0,3.46,3.86,2.13,1.75,2.26,1
881916,2022-11-08 17:30:00,2022,Regular Season - 14,135,Serie A,492,511,Napoli,Empoli,2,0,1.18,7,15,1.33,3.1,1
881918,2022-11-08 17:30:00,2022,Regular Season - 14,135,Serie A,515,494,Spezia,Udinese,1,1,4.34,3.9,1.89,1.94,2,1
871281,2022-11-08 19:30:00,2022,Regular Season - 14,78,Bundesliga,157,162,Bayern Munich,Werder Bremen,6,1,1.17,7.5,15,1.22,4,1
871287,2022-11-08 19:30:00,2022,Regular Season - 14,78,Bundesliga,176,163,Vfl Bochum,Borussia Monchengladbach,2,1,3.78,3.84,2.03,1.68,2.39,1
871288,2022-11-08 19:30:00,2022,Regular Season - 14,78,Bundesliga,172,159,VfB Stuttgart,Hertha Berlin,2,1,1.99,3.92,3.86,1.76,2.23,1
881910,2022-11-08 19:45:00,2022,Regular Season - 14,135,Serie A,520,489,Cremonese,AC Milan,0,0,6.2,4.58,1.57,1.76,2.23,1
871284,2022-11-09 17:30:00,2022,Regular Season - 14,78,Bundesliga,192,168,1.FC Köln,Bayer Leverkusen,1,2,3.2,3.86,2.25,1.71,2.33,1
881915,2022-11-09 17:30:00,2022,Regular Season - 14,135,Serie A,867,499,Lecce,Atalanta,2,1,4.6,3.5,1.8,2.05,1.7,1
881917,2022-11-09 17:30:00,2022,Regular Season - 14,135,Serie A,488,497,Sassuolo,AS Roma,1,1,3.4,3.5,2.1,1.73,2,1
878075,2022-11-09 18:00:00,2022,Regular Season - 14,140,La Liga,723,546,Almeria,Getafe,1,0,2.26,3.22,3.36,2.31,1.6,1
878081,2022-11-09 18:00:00,2022,Regular Season - 14,140,La Liga,536,548,Sevilla,Real Sociedad,1,2,2.57,3.18,2.88,2.22,1.64,1
871282,2022-11-09 19:30:00,2022,Regular Season - 14,78,Bundesliga,173,160,RB Leipzig,SC Freiburg,3,1,1.8,4.24,4.44,1.72,2.31,1
871283,2022-11-09 19:30:00,2022,Regular Season - 14,78,Bundesliga,182,170,Union Berlin,FC Augsburg,2,2,1.58,4.13,6.63,1.92,1.99,1
871285,2022-11-09 19:30:00,2022,Regular Season - 14,78,Bundesliga,169,167,Eintracht Frankfurt,1899 Hoffenheim,4,2,1.93,4.12,3.94,1.65,2.45,1
871289,2022-11-09 19:30:00,2022,Regular Season - 14,78,Bundesliga,174,164,FC Schalke 04,FSV Mainz 05,1,0,3.56,3.88,2.09,1.75,2.26,1
881911,2022-11-09 19:45:00,2022,Regular Season - 14,135,Serie A,502,514,Fiorentina,Salernitana,2,1,1.54,4.4,5.9,1.74,2.08,1
881913,2022-11-09 19:45:00,2022,Regular Season - 14,135,Serie A,505,500,Inter,Bologna,6,1,1.33,5.2,9.5,1.5,2.5,1
881919,2022-11-09 19:45:00,2022,Regular Season - 14,135,Serie A,503,498,Torino,Sampdoria,2,0,1.63,3.8,5.8,2.09,1.73,1
878076,2022-11-09 20:30:00,2022,Regular Season - 14,140,La Liga,798,530,Mallorca,Atletico Madrid,1,0,3.75,3.16,2.15,2.41,1.55,1
881912,2022-11-10 17:30:00,2022,Regular Season - 14,135,Serie A,504,496,Verona,Juventus,0,1,5.1,3.8,1.69,1.93,1.85,1
878079,2022-11-10 18:00:00,2022,Regular Season - 14,140,La Liga,728,538,Rayo Vallecano,Celta Vigo,0,0,2.2,3.28,3.44,2.2,1.65,1
878078,2022-11-10 19:00:00,2022,Regular Season - 14,140,La Liga,532,543,Valencia,Real Betis,3,0,2.2,3.54,3.56,2.18,1.8,1
881914,2022-11-10 19:45:00,2022,Regular Season - 14,135,Serie A,487,1579,Lazio,Monza,1,0,1.62,4.2,5.2,1.7,2.12,1
871294,2022-11-11 19:30:00,2022,Regular Season - 15,78,Bundesliga,163,165,Borussia Monchengladbach,Borussia Dortmund,4,2,3.2,3.75,2.1,1.44,2.55,1
881922,2022-11-11 19:45:00,2022,Regular Season - 15,135,Serie A,511,520,Empoli,Cremonese,2,0,2.37,3.46,3.22,1.93,1.98,1
868100,2022-11-12 12:30:00,2022,Regular Season - 16,39,Premier League,50,55,Manchester City,Brentford,1,2,1.12,8.5,19,1.33,3.25,1
881927,2022-11-12 14:00:00,2022,Regular Season - 15,135,Serie A,492,494,Napoli,Udinese,3,2,1.53,4.8,6.5,1.64,2.46,1
871290,2022-11-12 14:30:00,2022,Regular Season - 15,78,Bundesliga,168,172,Bayer Leverkusen,VfB Stuttgart,2,0,1.7,4,4.6,1.53,2.35,1
871293,2022-11-12 14:30:00,2022,Regular Season - 15,78,Bundesliga,167,161,1899 Hoffenheim,VfL Wolfsburg,1,2,2.25,3.86,3.19,1.72,2.31,1
871295,2022-11-12 14:30:00,2022,Regular Season - 15,78,Bundesliga,170,176,FC Augsburg,Vfl Bochum,0,1,2.21,3.8,3.32,1.8,2.18,1
871296,2022-11-12 14:30:00,2022,Regular Season - 15,78,Bundesliga,159,192,Hertha Berlin,1.FC Köln,2,0,2.24,3.86,3.2,1.73,2.29,1
871298,2022-11-12 14:30:00,2022,Regular Season - 15,78,Bundesliga,162,173,Werder Bremen,RB Leipzig,1,2,3.75,3.8,1.91,1.53,2.37,1
868096,2022-11-12 15:00:00,2022,Regular Season - 16,39,Premier League,35,45,Bournemouth,Everton,3,0,2.85,3.22,2.58,2.1,1.71,1
868099,2022-11-12 15:00:00,2022,Regular Season - 16,39,Premier League,40,41,Liverpool,Southampton,3,1,1.22,6,12,1.4,2.75,1
868102,2022-11-12 15:00:00,2022,Regular Season - 16,39,Premier League,65,52,Nottingham Forest,Crystal Palace,1,0,3.04,3.18,2.46,2.16,1.68,1
868103,2022-11-12 15:00:00,2022,Regular Season - 16,39,Premier League,47,63,Tottenham,Leeds,4,3,1.65,4.2,4.9,1.6,2.29,1
868104,2022-11-12 15:00:00,2022,Regular Season - 16,39,Premier League,48,46,West Ham,Leicester,0,2,2.1,3.59,3.73,1.96,1.94,1
881929,2022-11-12 17:00:00,2022,Regular Season - 15,135,Serie A,498,867,Sampdoria,Lecce,0,2,2.64,3.04,2.92,2.38,1.57,1
868101,2022-11-12 17:30:00,2022,Regular Season - 16,39,Premier League,34,49,Newcastle,Chelsea,1,0,2.33,3.36,3.1,1.9,1.89,1
871297,2022-11-12 17:30:00,2022,Regular Season - 15,78,Bundesliga,174,157,FC Schalke 04,Bayern Munich,0,2,17,8,1.17,1.25,3.75,1
868105,2022-11-12 19:45:00,2022,Regular Season - 16,39,Premier League,39,42,Wolves,Arsenal,0,2,5.9,4.3,1.55,1.75,2.06,1
881921,2022-11-12 19:45:00,2022,Regular Season - 15,135,Serie A,500,488,Bologna,Sassuolo,3,0,2.41,3.44,3.17,1.86,2.05,1
881920,2022-11-13 11:30:00,2022,Regular Season - 15,135,Serie A,499,505,Atalanta,Inter,2,3,3,3.65,2.27,1.68,2.16,1
868097,2022-11-13 14:00:00,2022,Regular Season - 16,39,Premier League,51,66,Brighton,Aston Villa,1,2,1.85,3.65,4.3,1.91,1.88,1
881923,2022-11-13 14:00:00,2022,Regular Season - 15,135,Serie A,504,515,Verona,Spezia,1,2,2.16,3.47,3.68,1.92,1.99,1
881926,2022-11-13 14:00:00,2022,Regular Season - 15,135,Serie A,1579,514,Monza,Salernitana,3,0,2.18,3.28,3.87,1.95,1.95,1
881928,2022-11-13 14:00:00,2022,Regular Season - 15,135,Serie A,497,503,AS Roma,Torino,1,1,1.93,3.42,4.2,2.18,1.66,1
871292,2022-11-13 14:30:00,2022,Regular Season - 15,78,Bundesliga,164,169,FSV Mainz 05,Eintracht Frankfurt,1,1,2.94,3.76,2.44,1.78,2.21,1
868098,2022-11-13 16:30:00,2022,Regular Season - 16,39,Premier League,36,33,Fulham,Manchester United,1,2,3.9,3.9,1.86,1.61,2.28,1
871291,2022-11-13 16:30:00,2022,Regular Season - 15,78,Bundesliga,160,182,SC Freiburg,Union Berlin,4,1,2.09,3.28,4.26,2.27,1.74,1
881925,2022-11-13 17:00:00,2022,Regular Season - 15,135,Serie A,489,502,AC Milan,Fiorentina,2,1,1.77,3.79,5.12,1.93,1.98,1
881924,2022-11-13 19:45:00,2022,Regular Season - 15,135,Serie A,496,487,Juventus,Lazio,3,0,2.08,3.38,4.07,2.05,1.86,1
868108,2022-12-26 12:30:00,2022,Regular Season - 17,39,Premier League,55,47,Brentford,Tottenham,2,2,3.7,3.82,2.06,1.83,2.14,1
868110,2022-12-26 15:00:00,2022,Regular Season - 17,39,Premier League,52,36,Crystal Palace,Fulham,0,3,2.12,3.68,3.66,1.98,1.96,1
868111,2022-12-26 15:00:00,2022,Regular Season - 17,39,Premier League,45,39,Everton,Wolves,1,2,2.42,3.4,3.22,2.28,1.74,1
868113,2022-12-26 15:00:00,2022,Regular Season - 17,39,Premier League,46,34,Leicester,Newcastle,0,3,3.32,3.68,2.25,1.93,2.01,1
868115,2022-12-26 15:00:00,2022,Regular Season - 17,39,Premier League,41,51,Southampton,Brighton,1,3,3.4,3.62,2.23,1.97,1.97,1
868107,2022-12-26 17:30:00,2022,Regular Season - 17,39,Premier League,66,40,Aston Villa,Liverpool,1,3,4.64,4.2,1.78,1.65,2.45,1
868106,2022-12-26 20:00:00,2022,Regular Season - 17,39,Premier League,42,48,Arsenal,West Ham,3,1,1.53,4.48,7.1,1.87,2.08,1
868109,2022-12-27 17:30:00,2022,Regular Season - 17,39,Premier League,49,35,Chelsea,Bournemouth,2,0,1.36,5.5,9.7,1.72,2.31,1
868114,2022-12-27 20:00:00,2022,Regular Season - 17,39,Premier League,33,65,Manchester United,Nottingham Forest,3,0,1.33,5.4,8.8,1.61,2.29,1
868112,2022-12-28 20:00:00,2022,Regular Season - 17,39,Premier League,63,50,Leeds,Manchester City,1,3,9.5,5.5,1.29,1.4,2.75,1
878086,2022-12-29 16:00:00,2022,Regular Season - 15,140,La Liga,547,728,Girona,Rayo Vallecano,2,2,2.4,3.25,3.3,2.2,1.68,1
878085,2022-12-30 16:00:00,2022,Regular Season - 15,140,La Liga,546,798,Getafe,Mallorca,2,0,2.7,2.7,3.1,3.25,1.33,1
878084,2022-12-30 18:15:00,2022,Regular Season - 15,140,La Liga,538,536,Celta Vigo,Sevilla,1,1,2.2,3.45,3.5,2.23,1.65,1
868124,2022-12-30 19:45:00,2022,Regular Season - 18,39,Premier League,48,55,West Ham,Brentford,0,2,2,3.5,3.6,1.91,1.8,1
868119,2022-12-30 20:00:00,2022,Regular Season - 18,39,Premier League,40,46,Liverpool,Leicester,2,1,1.29,5.8,9.5,1.44,2.62,1
878089,2022-12-30 20:30:00,2022,Regular Season - 15,140,La Liga,720,541,Valladolid,Real Madrid,0,2,6.7,4.7,1.5,1.57,2.4,1
868125,2022-12-31 12:30:00,2022,Regular Season - 18,39,Premier League,39,33,Wolves,Manchester United,0,1,4,3.5,1.91,1.91,1.8,1
868116,2022-12-31 15:00:00,2022,Regular Season - 18,39,Premier League,35,52,Bournemouth,Crystal Palace,0,2,2.9,3.2,2.5,2.05,1.7,1
868118,2022-12-31 15:00:00,2022,Regular Season - 18,39,Premier League,36,41,Fulham,Southampton,2,1,2,3.5,3.6,1.8,1.91,1
868120,2022-12-31 15:00:00,2022,Regular Season - 18,39,Premier League,50,45,Manchester City,Everton,1,1,1.1,9,26,1.36,3,1
868121,2022-12-31 15:00:00,2022,Regular Season - 18,39,Premier League,34,63,Newcastle,Leeds,0,0,1.44,4.5,7,1.6,2.25,1
878090,2022-12-31 15:15:00,2022,Regular Season - 15,140,La Liga,533,532,Villarreal,Valencia,2,1,1.98,3.48,3.9,1.88,1.91,1
868117,2022-12-31 17:30:00,2022,Regular Season - 18,39,Premier League,51,42,Brighton,Arsenal,2,4,3.4,3.5,2.1,1.85,1.85,1
868123,2023-01-01 14:00:00,2022,Regular Season - 18,39,Premier League,47,66,Tottenham,Aston Villa,0,2,1.65,3.9,5,1.73,2,1
868122,2023-01-01 16:30:00,2022,Regular Season - 18,39,Premier League,65,49,Nottingham Forest,Chelsea,1,1,5.5,3.8,1.62,1.91,1.8,1
868128,2023-01-02 17:30:00,2022,Regular Season - 19,39,Premier League,55,40,Brentford,Liverpool,3,1,5.8,4.64,1.59,1.65,2.45,1
868126,2023-01-03 19:45:00,2022,Regular Season - 19,39,Premier League,42,34,Arsenal,Newcastle,0,0,1.78,3.9,4.3,1.8,1.99,1
868131,2023-01-03 19:45:00,2022,Regular Season - 19,39,Premier League,45,51,Everton,Brighton,1,4,3.36,3.42,2.17,2,1.79,1
868133,2023-01-03 19:45:00,2022,Regular Season - 19,39,Premier League,46,36,Leicester,Fulham,0,1,2.24,3.6,3.04,1.71,2.1,1
868134,2023-01-03 20:00:00,2022,Regular Season - 19,39,Premier League,33,35,Manchester United,Bournemouth,3,0,1.25,5.8,13,1.53,2.38,1
881938,2023-01-04 11:30:00,2022,Regular Season - 16,135,Serie A,514,489,Salernitana,AC Milan,1,2,6.3,4.5,1.5,1.72,2.09,1
881939,2023-01-04 11:30:00,2022,Regular Season - 16,135,Serie A,488,498,Sassuolo,Sampdoria,1,2,1.73,3.85,4.8,1.9,1.88,1
881933,2023-01-04 13:30:00,2022,Regular Season - 16,135,Serie A,515,499,Spezia,Atalanta,2,2,4.7,4.1,1.69,1.68,2.16,1
881936,2023-01-04 13:30:00,2022,Regular Season - 16,135,Serie A,503,504,Torino,Verona,1,1,1.83,3.65,4.5,2,1.78,1
881934,2023-01-04 15:30:00,2022,Regular Season - 16,135,Serie A,497,500,AS Roma,Bologna,1,0,1.62,3.9,5.8,2.04,1.76,1
881937,2023-01-04 15:30:00,2022,Regular Season - 16,135,Serie A,867,487,Lecce,Lazio,2,1,3.65,3.28,2.12,2.24,1.63,1
881930,2023-01-04 17:30:00,2022,Regular Season - 16,135,Serie A,520,496,Cremonese,Juventus,0,1,5.2,3.8,1.69,1.97,1.83,1
881931,2023-01-04 17:30:00,2022,Regular Season - 16,135,Serie A,502,1579,Fiorentina,Monza,1,1,1.7,3.95,4.8,1.86,1.91,1
868135,2023-01-04 19:30:00,2022,Regular Season - 19,39,Premier League,41,65,Southampton,Nottingham Forest,0,1,2.04,3.48,3.65,2.02,1.77,1
868132,2023-01-04 19:45:00,2022,Regular Season - 19,39,Premier League,63,48,Leeds,West Ham,2,2,2.56,3.44,2.72,1.75,2.05,1
881932,2023-01-04 19:45:00,2022,Regular Season - 16,135,Serie A,505,492,Inter,Napoli,1,0,2.35,3.44,3.02,1.68,2.16,1
881935,2023-01-04 19:45:00,2022,Regular Season - 16,135,Serie A,494,511,Udinese,Empoli,1,1,1.62,4.1,5.3,1.69,2.14,1
868127,2023-01-04 20:00:00,2022,Regular Season - 19,39,Premier League,66,39,Aston Villa,Wolves,1,1,1.99,3.68,4.12,2.14,1.83,1
868130,2023-01-04 20:00:00,2022,Regular Season - 19,39,Premier League,52,47,Crystal Palace,Tottenham,0,4,3.28,3.38,2.22,1.97,1.83,1
868129,2023-01-05 20:00:00,2022,Regular Season - 19,39,Premier League,49,50,Chelsea,Manchester City,0,1,5,4.1,1.66,1.76,2.04,1
881941,2023-01-07 14:00:00,2022,Regular Season - 17,135,Serie A,502,488,Fiorentina,Sassuolo,2,1,1.71,3.95,4.7,1.74,2.06,1
878101,2023-01-07 15:15:00,2022,Regular Season - 16,140,La Liga,533,541,Villarreal,Real Madrid,2,1,3.28,3.75,2.09,1.61,2.28,1
881943,2023-01-07 17:00:00,2022,Regular Season - 17,135,Serie A,496,494,Juventus,Udinese,1,0,1.82,3.94,4.68,2,1.94,1
878094,2023-01-07 17:30:00,2022,Regular Season - 16,140,La Liga,798,720,Mallorca,Valladolid,1,0,2,3.5,4.34,2.44,1.65,1
881946,2023-01-07 19:45:00,2022,Regular Season - 17,135,Serie A,1579,505,Monza,Inter,2,2,5.6,4.4,1.56,1.66,2.2,1
881947,2023-01-08 11:30:00,2022,Regular Season - 17,135,Serie A,514,503,Salernitana,Torino,1,1,3.65,3.24,2.15,2.15,1.69,1
878096,2023-01-08 13:00:00,2022,Regular Season - 16,140,La Liga,723,548,Almeria,Real Sociedad,0,2,3.95,3.42,1.98,2.08,1.74,1
881944,2023-01-08 14:00:00,2022,Regular Season - 17,135,Serie A,487,511,Lazio,Empoli,2,2,1.59,4.48,6.1,1.8,2.18,1
881949,2023-01-08 14:00:00,2022,Regular Season - 17,135,Serie A,515,867,Spezia,Lecce,0,0,2.65,3.12,2.84,2.19,1.66,1
878097,2023-01-08 15:15:00,2022,Regular Season - 16,140,La Liga,728,543,Rayo Vallecano,Real Betis,1,2,2.4,3.38,3.28,2.34,1.7,1
881948,2023-01-08 17:00:00,2022,Regular Season - 17,135,Serie A,498,492,Sampdoria,Napoli,0,2,7.8,4.8,1.4,1.75,2.05,1
878099,2023-01-08 17:30:00,2022,Regular Season - 16,140,La Liga,536,546,Sevilla,Getafe,2,1,1.82,3.62,5.25,2.52,1.62,1
881945,2023-01-08 19:45:00,2022,Regular Season - 17,135,Serie A,489,497,AC Milan,AS Roma,2,2,1.93,3.66,4.44,2.14,1.83,1
878093,2023-01-08 20:00:00,2022,Regular Season - 16,140,La Liga,530,529,Atletico Madrid,Barcelona,0,1,3.22,3.5,2.38,1.98,1.97,1
881942,2023-01-09 17:30:00,2022,Regular Season - 17,135,Serie A,504,520,Verona,Cremonese,2,0,2.09,3.36,3.65,1.9,1.89,1
881940,2023-01-09 19:45:00,2022,Regular Season - 17,135,Serie A,500,499,Bologna,Atalanta,1,2,3.55,3.4,2.11,1.89,1.89,1
868009,2023-01-12 20:00:00,2022,Regular Season - 7,39,Premier League,36,49,Fulham,Chelsea,2,1,3.51,3.66,2.15,1.88,2.04,1
881955,2023-01-13 19:45:00,2022,Regular Season - 18,135,Serie A,492,496,Napoli,Juventus,5,1,1.98,3.42,4,2.04,1.76,1
868136,2023-01-13 20:00:00,2022,Regular Season - 20,39,Premier League,66,63,Aston Villa,Leeds,2,1,2,3.66,4.12,1.85,2.1,1
878102,2023-01-13 20:00:00,2022,Regular Season - 17,140,La Liga,538,533,Celta Vigo,Villarreal,1,1,2.86,3.44,2.66,2.18,1.8,1
868141,2023-01-14 12:30:00,2022,Regular Season - 20,39,Premier League,33,50,Manchester United,Manchester City,2,1,4.26,3.94,1.9,1.76,2.24,1
878111,2023-01-14 13:00:00,2022,Regular Season - 17,140,La Liga,720,728,Valladolid,Rayo Vallecano,0,1,2.77,3.24,2.62,2.13,1.69,1
881951,2023-01-14 14:00:00,2022,Regular Season - 18,135,Serie A,520,1579,Cremonese,Monza,2,3,2.84,3.3,2.53,2.02,1.77,1
868138,2023-01-14 15:00:00,2022,Regular Season - 20,39,Premier League,51,40,Brighton,Liverpool,3,0,3.2,3.7,2.14,1.57,2.37,1
868140,2023-01-14 15:00:00,2022,Regular Season - 20,39,Premier League,45,41,Everton,Southampton,1,2,2.31,3.5,3.34,2.17,1.81,1
868143,2023-01-14 15:00:00,2022,Regular Season - 20,39,Premier League,65,46,Nottingham Forest,Leicester,2,0,2.75,3.43,2.73,2.03,1.88,1
868145,2023-01-14 15:00:00,2022,Regular Season - 20,39,Premier League,39,48,Wolves,West Ham,1,0,2.67,3.24,2.72,2.16,1.68,1
878106,2023-01-14 15:15:00,2022,Regular Season - 17,140,La Liga,547,536,Girona,Sevilla,2,1,2.45,3.34,2.92,2.02,1.77,1
881954,2023-01-14 17:00:00,2022,Regular Season - 18,135,Serie A,867,489,Lecce,AC Milan,2,2,5.75,3.8,1.61,1.91,1.8,1
868137,2023-01-14 17:30:00,2022,Regular Season - 20,39,Premier League,55,35,Brentford,Bournemouth,2,0,1.68,4.17,5.32,1.88,2.03,1
881953,2023-01-14 19:45:00,2022,Regular Season - 18,135,Serie A,505,504,Inter,Verona,1,0,1.3,5.5,9.5,1.5,2.45,1
881957,2023-01-15 11:30:00,2022,Regular Season - 18,135,Serie A,488,487,Sassuolo,Lazio,0,2,3.2,3.6,2.15,1.61,2.15,1
868139,2023-01-15 14:00:00,2022,Regular Season - 20,39,Premier League,49,52,Chelsea,Crystal Palace,1,0,1.75,3.92,5.25,2.1,1.85,1
868142,2023-01-15 14:00:00,2022,Regular Season - 20,39,Premier League,34,36,Newcastle,Fulham,1,0,1.55,4.62,6.45,1.76,2.23,1
881958,2023-01-15 14:00:00,2022,Regular Season - 18,135,Serie A,503,515,Torino,Spezia,0,1,1.67,3.7,5.5,1.95,1.75,1
881959,2023-01-15 14:00:00,2022,Regular Season - 18,135,Serie A,494,500,Udinese,Bologna,1,2,1.91,3.4,4,1.91,1.8,1
878105,2023-01-15 15:15:00,2022,Regular Season - 17,140,La Liga,723,530,Almeria,Atletico Madrid,1,1,4.7,3.8,1.74,1.91,1.86,1
868144,2023-01-15 16:30:00,2022,Regular Season - 20,39,Premier League,47,42,Tottenham,Arsenal,0,2,3.28,3.78,2.23,1.78,2.19,1
881950,2023-01-15 17:00:00,2022,Regular Season - 18,135,Serie A,499,514,Atalanta,Salernitana,8,2,1.36,5,9,1.53,2.35,1
881956,2023-01-15 19:45:00,2022,Regular Season - 18,135,Serie A,497,502,AS Roma,Fiorentina,2,0,2.06,3.42,3.65,2.06,1.74,1
881952,2023-01-16 19:45:00,2022,Regular Season - 18,135,Serie A,511,498,Empoli,Sampdoria,1,0,2.2,3.2,3.4,2.2,1.61,1
868008,2023-01-18 20:00:00,2022,Regular Season - 7,39,Premier League,52,33,Crystal Palace,Manchester United,1,1,4.5,3.8,1.72,1.78,1.88,1
868013,2023-01-19 20:00:00,2022,Regular Season - 7,39,Premier League,50,47,Manchester City,Tottenham,4,2,1.35,5,8.5,1.5,2.5,1
871300,2023-01-20 19:30:00,2022,Regular Season - 16,78,Bundesliga,173,157,RB Leipzig,Bayern Munich,1,1,3.9,4,1.8,1.4,2.75,1
878118,2023-01-20 20:00:00,2022,Regular Season - 18,140,La Liga,798,538,Mallorca,Celta Vigo,1,0,2.8,2.88,2.8,2.75,1.4,1
868152,2023-01-21 12:30:00,2022,Regular Season - 21,39,Premier League,40,49,Liverpool,Chelsea,0,0,1.83,3.9,4.1,1.67,2.16,1
878116,2023-01-21 13:00:00,2022,Regular Season - 18,140,La Liga,728,548,Rayo Vallecano,Real Sociedad,0,2,3.14,3.14,2.42,2.41,1.55,1
881962,2023-01-21 14:00:00,2022,Regular Season - 19,135,Serie A,504,867,Verona,Lecce,2,0,2.39,3.12,3.22,2.34,1.58,1
871301,2023-01-21 14:30:00,2022,Regular Season - 16,78,Bundesliga,182,167,Union Berlin,1899 Hoffenheim,3,1,2.25,3.4,3.25,1.88,1.85,1
871304,2023-01-21 14:30:00,2022,Regular Season - 16,78,Bundesliga,169,174,Eintracht Frankfurt,FC Schalke 04,3,0,1.36,5,8,1.53,2.38,1
871305,2023-01-21 14:30:00,2022,Regular Season - 16,78,Bundesliga,161,160,VfL Wolfsburg,SC Freiburg,6,0,2.55,3.45,2.75,1.88,1.85,1
871306,2023-01-21 14:30:00,2022,Regular Season - 16,78,Bundesliga,176,159,Vfl Bochum,Hertha Berlin,3,1,2.35,3.5,2.95,1.79,1.95,1
871307,2023-01-21 14:30:00,2022,Regular Season - 16,78,Bundesliga,172,164,VfB Stuttgart,FSV Mainz 05,1,1,2.4,3.45,2.9,1.76,2,1
868146,2023-01-21 15:00:00,2022,Regular Season - 21,39,Premier League,35,65,Bournemouth,Nottingham Forest,1,1,2.74,3.16,2.72,2.2,1.65,1
868151,2023-01-21 15:00:00,2022,Regular Season - 21,39,Premier League,46,51,Leicester,Brighton,2,2,3.4,3.6,2.09,1.83,1.97,1
868154,2023-01-21 15:00:00,2022,Regular Season - 21,39,Premier League,41,66,Southampton,Aston Villa,0,1,2.94,3.42,2.57,2.08,1.83,1
868155,2023-01-21 15:00:00,2022,Regular Season - 21,39,Premier League,48,45,West Ham,Everton,2,0,1.8,3.65,4.6,2.03,1.76,1
881967,2023-01-21 17:00:00,2022,Regular Season - 19,135,Serie A,514,492,Salernitana,Napoli,0,2,10,5.25,1.3,1.53,2.37,1
868148,2023-01-21 17:30:00,2022,Regular Season - 21,39,Premier League,52,34,Crystal Palace,Newcastle,0,0,4.3,3.55,1.88,2.1,1.71,1
871302,2023-01-21 17:30:00,2022,Regular Season - 16,78,Bundesliga,192,162,1.FC Köln,Werder Bremen,7,1,2.2,3.7,3.05,1.57,2.25,1
878113,2023-01-21 17:30:00,2022,Regular Season - 18,140,La Liga,530,720,Atletico Madrid,Valladolid,3,0,1.39,4.8,8.3,1.85,1.93,1
881961,2023-01-21 19:45:00,2022,Regular Season - 19,135,Serie A,502,503,Fiorentina,Torino,0,1,2.14,3.32,3.55,2.18,1.66,1
881968,2023-01-22 11:30:00,2022,Regular Season - 19,135,Serie A,498,494,Sampdoria,Udinese,0,1,3.5,3.3,2.17,2.13,1.69,1
878121,2023-01-22 13:00:00,2022,Regular Season - 18,140,La Liga,533,547,Villarreal,Girona,1,0,1.76,3.9,4.4,1.76,2.04,1
868150,2023-01-22 14:00:00,2022,Regular Season - 21,39,Premier League,63,55,Leeds,Brentford,0,0,2.37,3.6,2.84,1.64,2.23,1
868153,2023-01-22 14:00:00,2022,Regular Season - 21,39,Premier League,50,39,Manchester City,Wolves,3,0,1.18,7,15,1.44,2.62,1
881966,2023-01-22 14:00:00,2022,Regular Season - 19,135,Serie A,1579,488,Monza,Sassuolo,1,1,2.22,3.46,3.22,1.77,2.02,1
871299,2023-01-22 14:30:00,2022,Regular Season - 16,78,Bundesliga,165,170,Borussia Dortmund,FC Augsburg,4,3,1.29,5.8,9,1.4,2.75,1
868147,2023-01-22 16:30:00,2022,Regular Season - 21,39,Premier League,42,33,Arsenal,Manchester United,3,2,1.86,3.8,4,1.69,2.13,1
871303,2023-01-22 16:30:00,2022,Regular Season - 16,78,Bundesliga,163,168,Borussia Monchengladbach,Bayer Leverkusen,2,3,2.7,3.95,2.35,1.55,2.35,1
881969,2023-01-22 17:00:00,2022,Regular Season - 19,135,Serie A,515,497,Spezia,AS Roma,0,2,4.4,3.6,1.84,2.01,1.78,1
878114,2023-01-22 17:30:00,2022,Regular Season - 18,140,La Liga,529,546,Barcelona,Getafe,1,0,1.2,7.8,18,1.73,2.3,1
881964,2023-01-22 19:45:00,2022,Regular Season - 19,135,Serie A,496,499,Juventus,Atalanta,3,3,2.25,3.38,3.22,1.99,1.8,1
881960,2023-01-23 17:30:00,2022,Regular Season - 19,135,Serie A,500,520,Bologna,Cremonese,1,1,1.92,3.44,4.2,2.08,1.74,1
881963,2023-01-23 19:45:00,2022,Regular Season - 19,135,Serie A,505,511,Inter,Empoli,0,1,1.3,6.25,11.5,1.66,2.42,1
868149,2023-01-23 20:00:00,2022,Regular Season - 21,39,Premier League,36,47,Fulham,Tottenham,0,1,3.18,3.75,2.13,1.67,2.18,1
878120,2023-01-23 20:00:00,2022,Regular Season - 18,140,La Liga,532,723,Valencia,Almeria,2,2,1.62,4.1,5.4,1.83,1.97,1
871315,2023-01-24 17:30:00,2022,Regular Season - 17,78,Bundesliga,174,173,FC Schalke 04,RB Leipzig,1,6,5.6,4.4,1.55,1.67,2.16,1
871308,2023-01-24 19:30:00,2022,Regular Season - 17,78,Bundesliga,157,192,Bayern Munich,1.FC Köln,1,1,1.2,7,12,1.29,3.5,1
871312,2023-01-24 19:30:00,2022,Regular Season - 17,78,Bundesliga,167,172,1899 Hoffenheim,VfB Stuttgart,2,2,2.05,3.65,3.46,1.7,2.11,1
871314,2023-01-24 19:30:00,2022,Regular Season - 17,78,Bundesliga,159,161,Hertha Berlin,VfL Wolfsburg,0,5,2.86,3.44,2.44,1.88,1.9,1
881965,2023-01-24 19:45:00,2022,Regular Season - 19,135,Serie A,487,489,Lazio,AC Milan,4,0,2.98,3.48,2.51,1.9,2.01,1
871311,2023-01-25 17:30:00,2022,Regular Season - 17,78,Bundesliga,164,165,FSV Mainz 05,Borussia Dortmund,1,2,2.87,3.65,2.33,1.64,2.23,1
871309,2023-01-25 19:30:00,2022,Regular Season - 17,78,Bundesliga,168,176,Bayer Leverkusen,Vfl Bochum,2,0,1.45,4.8,6.6,1.59,2.32,1
871310,2023-01-25 19:30:00,2022,Regular Season - 17,78,Bundesliga,160,169,SC Freiburg,Eintracht Frankfurt,1,1,2.58,3.5,2.65,1.74,2.07,1
871313,2023-01-25 19:30:00,2022,Regular Season - 17,78,Bundesliga,170,163,FC Augsburg,Borussia Monchengladbach,1,0,3,3.6,2.29,1.64,2.24,1
871316,2023-01-25 19:30:00,2022,Regular Season - 17,78,Bundesliga,162,182,Werder Bremen,Union Berlin,1,2,2.86,3.24,2.56,2.04,1.76,1
881971,2023-01-27 17:30:00,2022,Regular Season - 20,135,Serie A,500,515,Bologna,Spezia,2,0,2,3.3,4.64,2.12,1.84,1
871319,2023-01-27 19:30:00,2022,Regular Season - 18,78,Bundesliga,173,172,RB Leipzig,VfB Stuttgart,2,1,1.43,4.9,6.9,1.6,2.3,1
881975,2023-01-27 19:45:00,2022,Regular Season - 20,135,Serie A,867,514,Lecce,Salernitana,1,2,1.91,3.48,4.2,2.09,1.72,1
881973,2023-01-28 14:00:00,2022,Regular Season - 20,135,Serie A,511,503,Empoli,Torino,2,2,3.16,3.08,2.44,2.23,1.64,1
871320,2023-01-28 14:30:00,2022,Regular Season - 18,78,Bundesliga,160,170,SC Freiburg,FC Augsburg,3,1,1.51,4.5,6.1,1.68,2.16,1
871321,2023-01-28 14:30:00,2022,Regular Season - 18,78,Bundesliga,164,176,FSV Mainz 05,Vfl Bochum,5,2,1.75,4.08,4.98,1.89,2.06,1
871322,2023-01-28 14:30:00,2022,Regular Season - 18,78,Bundesliga,167,163,1899 Hoffenheim,Borussia Monchengladbach,1,4,2.05,3.7,3.3,1.5,2.45,1
871323,2023-01-28 14:30:00,2022,Regular Season - 18,78,Bundesliga,159,182,Hertha Berlin,Union Berlin,0,2,3.68,3.46,2.19,2.35,1.7,1
871325,2023-01-28 14:30:00,2022,Regular Season - 18,78,Bundesliga,162,161,Werder Bremen,VfL Wolfsburg,2,1,3.34,3.82,2.19,1.76,2.24,1
878127,2023-01-28 15:15:00,2022,Regular Season - 19,140,La Liga,547,529,Girona,Barcelona,0,1,5.45,4.38,1.65,1.75,2.26,1
881972,2023-01-28 17:00:00,2022,Regular Season - 20,135,Serie A,520,505,Cremonese,Inter,1,2,6.1,4.6,1.5,1.66,2.19,1
871317,2023-01-28 17:30:00,2022,Regular Season - 18,78,Bundesliga,157,169,Bayern Munich,Eintracht Frankfurt,1,1,1.3,5.75,9,1.3,3.3,1
881970,2023-01-28 19:45:00,2022,Regular Season - 20,135,Serie A,499,498,Atalanta,Sampdoria,2,0,1.34,5.3,8.9,1.69,2.14,1
878128,2023-01-28 20:00:00,2022,Regular Season - 19,140,La Liga,546,543,Getafe,Real Betis,0,1,3.1,2.8,2.6,2.75,1.4,1
881976,2023-01-29 11:30:00,2022,Regular Season - 20,135,Serie A,489,488,AC Milan,Sassuolo,2,5,1.5,4.5,6,1.53,2.38,1
878130,2023-01-29 13:00:00,2022,Regular Season - 19,140,La Liga,720,532,Valladolid,Valencia,1,0,3.2,3.32,2.48,2.21,1.78,1
881974,2023-01-29 14:00:00,2022,Regular Season - 20,135,Serie A,496,1579,Juventus,Monza,0,2,1.56,4.11,6.97,1.94,1.96,1
871324,2023-01-29 14:30:00,2022,Regular Season - 18,78,Bundesliga,174,192,FC Schalke 04,1.FC Köln,0,0,3.7,3.65,1.98,1.79,2,1
871318,2023-01-29 16:30:00,2022,Regular Season - 18,78,Bundesliga,168,165,Bayer Leverkusen,Borussia Dortmund,0,2,2.4,3.6,2.75,1.53,2.4,1
881978,2023-01-29 17:00:00,2022,Regular Season - 20,135,Serie A,487,502,Lazio,Fiorentina,1,1,2.11,3.38,3.94,2.03,1.88,1
881977,2023-01-29 19:45:00,2022,Regular Season - 20,135,Serie A,492,497,Napoli,AS Roma,2,1,1.75,3.7,4.8,1.97,1.83,1
878123,2023-01-29 20:00:00,2022,Regular Season - 19,140,La Liga,541,548,Real Madrid,Real Sociedad,0,0,1.74,3.98,5.25,1.98,1.97,1
881979,2023-01-30 19:45:00,2022,Regular Season - 20,135,Serie A,494,504,Udinese,Verona,1,1,1.92,3.6,4,1.97,1.83,1
878131,2023-01-30 20:00:00,2022,Regular Season - 19,140,La Liga,533,728,Villarreal,Rayo Vallecano,0,1,1.7,3.85,4.9,1.93,1.85,1
878108,2023-02-01 20:00:00,2022,Regular Season - 17,140,La Liga,543,529,Real Betis,Barcelona,1,2,4.9,4,1.69,1.8,1.98,1
878104,2023-02-02 20:00:00,2022,Regular Season - 17,140,La Liga,541,532,Real Madrid,Valencia,2,0,1.39,5.1,7.5,1.6,2.32,1
871333,2023-02-03 19:30:00,2022,Regular Season - 19,78,Bundesliga,170,168,FC Augsburg,Bayer Leverkusen,1,0,4.34,4.12,1.84,1.71,2.31,1
868159,2023-02-03 20:00:00,2022,Regular Season - 22,39,Premier League,49,36,Chelsea,Fulham,0,0,1.67,4.18,5.55,1.96,1.98,1
868160,2023-02-04 12:30:00,2022,Regular Season - 22,39,Premier League,45,42,Everton,Arsenal,1,0,8.4,4.88,1.45,1.9,2.05,1
881980,2023-02-04 14:00:00,2022,Regular Season - 21,135,Serie A,520,867,Cremonese,Lecce,0,2,2.66,3.08,2.86,2.33,1.59,1
871326,2023-02-04 14:30:00,2022,Regular Season - 19,78,Bundesliga,165,160,Borussia Dortmund,SC Freiburg,5,1,1.67,4.1,4.8,1.61,2.27,1
871327,2023-02-04 14:30:00,2022,Regular Season - 19,78,Bundesliga,182,164,Union Berlin,FSV Mainz 05,2,1,1.99,3.4,3.95,2.17,1.67,1
871328,2023-02-04 14:30:00,2022,Regular Season - 19,78,Bundesliga,192,173,1.FC Köln,RB Leipzig,0,0,3.85,3.7,1.92,1.72,2.09,1
871330,2023-02-04 14:30:00,2022,Regular Season - 19,78,Bundesliga,169,159,Eintracht Frankfurt,Hertha Berlin,3,0,1.52,4.8,6.65,1.69,2.35,1
871332,2023-02-04 14:30:00,2022,Regular Season - 19,78,Bundesliga,176,167,Vfl Bochum,1899 Hoffenheim,5,2,2.81,3.76,2.54,1.76,2.23,1
868156,2023-02-04 15:00:00,2022,Regular Season - 22,39,Premier League,66,46,Aston Villa,Leicester,2,4,2.02,3.8,3.88,1.94,2,1
868157,2023-02-04 15:00:00,2022,Regular Season - 22,39,Premier League,55,41,Brentford,Southampton,3,0,1.91,3.7,4.38,2.05,1.86,1
868158,2023-02-04 15:00:00,2022,Regular Season - 22,39,Premier League,51,35,Brighton,Bournemouth,1,0,1.38,5.35,9.2,1.76,2.23,1
868161,2023-02-04 15:00:00,2022,Regular Season - 22,39,Premier League,33,52,Manchester United,Crystal Palace,2,1,1.44,4.92,8.6,1.9,2.05,1
868165,2023-02-04 15:00:00,2022,Regular Season - 22,39,Premier League,39,40,Wolves,Liverpool,3,0,3.95,3.75,1.88,1.76,2.03,1
881985,2023-02-04 17:00:00,2022,Regular Season - 21,135,Serie A,497,511,AS Roma,Empoli,2,0,1.5,4.3,6.8,1.98,1.81,1
868162,2023-02-04 17:30:00,2022,Regular Season - 22,39,Premier League,34,48,Newcastle,West Ham,1,1,1.65,4.06,6.15,2.12,1.84,1
871329,2023-02-04 17:30:00,2022,Regular Season - 19,78,Bundesliga,163,174,Borussia Monchengladbach,FC Schalke 04,0,0,1.54,4.6,5.6,1.57,2.38,1
878133,2023-02-04 17:30:00,2022,Regular Season - 20,140,La Liga,530,546,Atletico Madrid,Getafe,1,1,1.43,4.2,9.1,2.39,1.56,1
881987,2023-02-04 19:45:00,2022,Regular Season - 21,135,Serie A,488,499,Sassuolo,Atalanta,1,0,3.65,3.8,1.95,1.58,2.35,1
878135,2023-02-04 20:00:00,2022,Regular Season - 20,140,La Liga,543,538,Real Betis,Celta Vigo,3,4,2.23,3.18,3.5,2.39,1.56,1
881988,2023-02-05 11:30:00,2022,Regular Season - 21,135,Serie A,515,492,Spezia,Napoli,0,3,8.4,5.2,1.36,1.67,2.18,1
878137,2023-02-05 13:00:00,2022,Regular Season - 20,140,La Liga,798,541,Mallorca,Real Madrid,1,0,5,3.6,1.76,2.21,1.65,1
868163,2023-02-05 14:00:00,2022,Regular Season - 22,39,Premier League,65,63,Nottingham Forest,Leeds,1,0,2.71,3.6,2.71,1.97,1.97,1
881989,2023-02-05 14:00:00,2022,Regular Season - 21,135,Serie A,503,494,Torino,Udinese,1,0,2.28,3.26,3.26,2.16,1.68,1
871334,2023-02-05 14:30:00,2022,Regular Season - 19,78,Bundesliga,172,162,VfB Stuttgart,Werder Bremen,0,2,2.11,3.88,3.52,1.74,2.28,1
878140,2023-02-05 15:15:00,2022,Regular Season - 20,140,La Liga,547,532,Girona,Valencia,1,0,2.21,3.3,3.4,2,1.78,1
868164,2023-02-05 16:30:00,2022,Regular Season - 22,39,Premier League,47,50,Tottenham,Manchester City,1,0,4.4,4,1.73,1.6,2.25,1
871331,2023-02-05 16:30:00,2022,Regular Season - 19,78,Bundesliga,161,157,VfL Wolfsburg,Bayern Munich,2,4,5,4.4,1.57,1.44,2.62,1
881981,2023-02-05 17:00:00,2022,Regular Season - 21,135,Serie A,502,500,Fiorentina,Bologna,1,2,1.81,3.6,4.5,2.04,1.76,1
878139,2023-02-05 17:30:00,2022,Regular Season - 20,140,La Liga,548,720,Real Sociedad,Valladolid,0,1,1.44,4.4,7.7,2,1.78,1
881983,2023-02-05 19:45:00,2022,Regular Season - 21,135,Serie A,505,489,Inter,AC Milan,1,0,2.03,3.6,4.06,1.86,2.1,1
878134,2023-02-05 20:00:00,2022,Regular Season - 20,140,La Liga,529,536,Barcelona,Sevilla,3,0,1.31,5.4,9.7,1.69,2.13,1
881982,2023-02-06 17:30:00,2022,Regular Season - 21,135,Serie A,504,487,Verona,Lazio,1,1,3.75,3.44,2.03,2.05,1.75,1
881984,2023-02-06 19:45:00,2022,Regular Season - 21,135,Serie A,1579,498,Monza,Sampdoria,2,2,1.78,3.55,4.9,2.09,1.72,1
878141,2023-02-06 20:00:00,2022,Regular Season - 20,140,La Liga,728,723,Rayo Vallecano,Almeria,2,0,1.8,3.65,4.6,2.03,1.76,1
881986,2023-02-07 19:45:00,2022,Regular Season - 21,135,Serie A,514,496,Salernitana,Juventus,0,3,6.17,4.29,1.59,1.89,2.02,1
868021,2023-02-08 20:00:00,2022,Regular Season - 8,39,Premier League,33,63,Manchester United,Leeds,2,2,1.5,4.9,6.75,1.6,2.33,1
871342,2023-02-10 19:30:00,2022,Regular Season - 20,78,Bundesliga,174,161,FC Schalke 04,VfL Wolfsburg,0,0,3.84,3.75,2.02,1.86,2.05,1
881996,2023-02-10 19:45:00,2022,Regular Season - 22,135,Serie A,489,503,AC Milan,Torino,1,0,1.8,3.5,4.75,2.05,1.7,1
868175,2023-02-11 12:30:00,2022,Regular Season - 23,39,Premier League,48,49,West Ham,Chelsea,1,1,3.36,3.22,2.26,2.18,1.67,1
881991,2023-02-11 14:00:00,2022,Regular Season - 22,135,Serie A,511,515,Empoli,Spezia,2,2,2.05,3.3,3.75,2,1.75,1
871335,2023-02-11 14:30:00,2022,Regular Season - 20,78,Bundesliga,157,176,Bayern Munich,Vfl Bochum,3,0,1.11,9,19,1.29,3.5,1
871337,2023-02-11 14:30:00,2022,Regular Season - 20,78,Bundesliga,160,172,SC Freiburg,VfB Stuttgart,2,1,1.89,3.84,4.38,1.99,1.95,1
871339,2023-02-11 14:30:00,2022,Regular Season - 20,78,Bundesliga,164,170,FSV Mainz 05,FC Augsburg,3,1,1.8,3.75,4.2,1.73,2,1
871340,2023-02-11 14:30:00,2022,Regular Season - 20,78,Bundesliga,167,168,1899 Hoffenheim,Bayer Leverkusen,1,3,2.9,3.6,2.3,1.62,2.2,1
871343,2023-02-11 14:30:00,2022,Regular Season - 20,78,Bundesliga,162,165,Werder Bremen,Borussia Dortmund,0,2,3.9,4,1.8,1.5,2.5,1
868167,2023-02-11 15:00:00,2022,Regular Season - 23,39,Premier League,42,55,Arsenal,Brentford,1,1,1.38,5,8,1.68,2.14,1
868168,2023-02-11 15:00:00,2022,Regular Season - 23,39,Premier League,52,51,Crystal Palace,Brighton,1,1,3.75,3.46,2.02,2.03,1.76,1
868169,2023-02-11 15:00:00,2022,Regular Season - 23,39,Premier League,36,65,Fulham,Nottingham Forest,2,0,1.83,3.6,4.4,1.94,1.81,1
868171,2023-02-11 15:00:00,2022,Regular Season - 23,39,Premier League,46,47,Leicester,Tottenham,4,1,3.35,3.65,2.1,1.7,2.08,1
868174,2023-02-11 15:00:00,2022,Regular Season - 23,39,Premier League,41,39,Southampton,Wolves,1,2,3,3.2,2.45,2.23,1.62,1
878145,2023-02-11 15:15:00,2022,Regular Season - 21,140,La Liga,723,543,Almeria,Real Betis,2,3,2.88,3.34,2.48,2.03,1.76,1
881995,2023-02-11 17:00:00,2022,Regular Season - 22,135,Serie A,867,497,Lecce,AS Roma,1,1,4.2,3.2,2,2.37,1.53,1
868166,2023-02-11 17:30:00,2022,Regular Season - 23,39,Premier League,35,34,Bournemouth,Newcastle,1,1,6.5,3.9,1.57,1.95,1.8,1
871336,2023-02-11 17:30:00,2022,Regular Season - 20,78,Bundesliga,173,182,RB Leipzig,Union Berlin,1,2,1.75,3.84,5.4,2.16,1.81,1
878150,2023-02-11 17:30:00,2022,Regular Season - 21,140,La Liga,536,798,Sevilla,Mallorca,2,0,1.95,3.1,4.4,2.62,1.44,1
881994,2023-02-11 19:45:00,2022,Regular Season - 22,135,Serie A,487,499,Lazio,Atalanta,0,2,2.41,3.38,2.94,1.83,1.94,1
881999,2023-02-12 11:30:00,2022,Regular Season - 22,135,Serie A,494,488,Udinese,Sassuolo,2,2,2.09,3.5,3.5,1.8,1.98,1
878142,2023-02-12 13:00:00,2022,Regular Season - 21,140,La Liga,546,728,Getafe,Rayo Vallecano,1,1,2.8,2.8,2.9,3,1.36,1
868170,2023-02-12 14:00:00,2022,Regular Season - 23,39,Premier League,63,33,Leeds,Manchester United,0,2,3.75,3.85,1.92,1.62,2.25,1
881990,2023-02-12 14:00:00,2022,Regular Season - 22,135,Serie A,500,1579,Bologna,Monza,0,1,2.23,3.28,3.36,2.11,1.7,1
871341,2023-02-12 14:30:00,2022,Regular Season - 20,78,Bundesliga,159,163,Hertha Berlin,Borussia Monchengladbach,4,1,2.75,3.5,2.45,1.73,2,1
878147,2023-02-12 15:15:00,2022,Regular Season - 21,140,La Liga,538,530,Celta Vigo,Atletico Madrid,0,1,3.48,3.16,2.24,2.41,1.55,1
868173,2023-02-12 16:30:00,2022,Regular Season - 23,39,Premier League,50,66,Manchester City,Aston Villa,3,1,1.25,6,12,1.44,2.55,1
871338,2023-02-12 16:30:00,2022,Regular Season - 20,78,Bundesliga,192,169,1.FC Köln,Eintracht Frankfurt,3,0,2.7,3.5,2.5,1.67,2.1,1
881993,2023-02-12 17:00:00,2022,Regular Season - 22,135,Serie A,496,502,Juventus,Fiorentina,1,0,1.85,3.6,4.3,2.04,1.76,1
881997,2023-02-12 19:45:00,2022,Regular Season - 22,135,Serie A,492,520,Napoli,Cremonese,3,0,1.18,7,15,1.44,2.62,1
878148,2023-02-12 20:00:00,2022,Regular Season - 21,140,La Liga,533,529,Villarreal,Barcelona,0,1,4.58,3.98,1.82,1.88,2.07,1
881992,2023-02-13 17:30:00,2022,Regular Season - 22,135,Serie A,504,514,Verona,Salernitana,1,0,1.9,3.36,4.5,1.99,1.8,1
881998,2023-02-13 19:45:00,2022,Regular Season - 22,135,Serie A,498,505,Sampdoria,Inter,0,0,7.7,4.74,1.48,1.9,2.04,1
868172,2023-02-13 20:00:00,2022,Regular Season - 23,39,Premier League,40,45,Liverpool,Everton,2,0,1.54,4.4,5.8,1.71,2.11,1
868057,2023-02-15 19:30:00,2022,Regular Season - 12,39,Premier League,42,50,Arsenal,Manchester City,1,3,3,3.6,2.48,1.92,2.02,1
871351,2023-02-17 19:30:00,2022,Regular Season - 21,78,Bundesliga,170,167,FC Augsburg,1899 Hoffenheim,1,0,2.69,3.55,2.52,1.67,2.17,1
882007,2023-02-17 19:45:00,2022,Regular Season - 23,135,Serie A,488,492,Sassuolo,Napoli,0,2,5.5,4.2,1.6,1.6,2.25,1
878161,2023-02-17 20:00:00,2022,Regular Season - 22,140,La Liga,547,723,Girona,Almeria,6,2,1.87,3.88,4.44,1.96,1.98,1
868176,2023-02-18 12:30:00,2022,Regular Season - 24,39,Premier League,66,42,Aston Villa,Arsenal,2,4,4.51,3.79,1.85,2.02,1.89,1
878160,2023-02-18 13:00:00,2022,Regular Season - 22,140,La Liga,548,538,Real Sociedad,Celta Vigo,1,1,1.85,3.62,5,2.46,1.64,1
882006,2023-02-18 14:00:00,2022,Regular Season - 23,135,Serie A,498,500,Sampdoria,Bologna,1,2,3.2,3.1,2.38,2.3,1.57,1
871347,2023-02-18 14:30:00,2022,Regular Season - 21,78,Bundesliga,163,157,Borussia Monchengladbach,Bayern Munich,3,2,7,5.5,1.36,1.33,3.25,1
871349,2023-02-18 14:30:00,2022,Regular Season - 21,78,Bundesliga,161,173,VfL Wolfsburg,RB Leipzig,0,3,3.24,3.55,2.18,1.76,2.04,1
871350,2023-02-18 14:30:00,2022,Regular Season - 21,78,Bundesliga,176,160,Vfl Bochum,SC Freiburg,0,2,3.06,3.5,2.29,1.85,1.93,1
871352,2023-02-18 14:30:00,2022,Regular Season - 21,78,Bundesliga,172,192,VfB Stuttgart,1.FC Köln,3,0,2.42,3.4,2.92,1.88,1.91,1
868177,2023-02-18 15:00:00,2022,Regular Season - 24,39,Premier League,55,52,Brentford,Crystal Palace,1,1,1.9,3.72,4.54,2.17,1.81,1
868178,2023-02-18 15:00:00,2022,Regular Season - 24,39,Premier League,51,36,Brighton,Fulham,0,1,1.71,4.24,5.15,1.79,2.18,1
868179,2023-02-18 15:00:00,2022,Regular Season - 24,39,Premier League,49,41,Chelsea,Southampton,0,1,1.4,4.81,9.78,1.98,1.93,1
868180,2023-02-18 15:00:00,2022,Regular Season - 24,39,Premier League,45,63,Everton,Leeds,1,0,2.52,3.48,3,2.11,1.84,1
868183,2023-02-18 15:00:00,2022,Regular Season - 24,39,Premier League,65,50,Nottingham Forest,Manchester City,1,1,9.2,5.95,1.35,1.69,2.37,1
868185,2023-02-18 15:00:00,2022,Regular Season - 24,39,Premier League,39,35,Wolves,Bournemouth,0,1,1.67,3.8,5.3,2.05,1.75,1
878153,2023-02-18 15:15:00,2022,Regular Season - 22,140,La Liga,543,720,Real Betis,Valladolid,2,1,1.67,4.12,5.75,2.04,1.9,1
882003,2023-02-18 17:00:00,2022,Regular Season - 23,135,Serie A,1579,489,Monza,AC Milan,0,1,3.6,3.25,2.1,2,1.73,1
868182,2023-02-18 17:30:00,2022,Regular Season - 24,39,Premier League,34,40,Newcastle,Liverpool,0,2,2.63,3.54,2.78,1.85,2.06,1
871348,2023-02-18 17:30:00,2022,Regular Season - 21,78,Bundesliga,169,162,Eintracht Frankfurt,Werder Bremen,2,0,1.67,4.48,5.15,1.63,2.48,1
878155,2023-02-18 17:30:00,2022,Regular Season - 22,140,La Liga,798,533,Mallorca,Villarreal,4,2,3.2,3,2.4,2.62,1.44,1
882002,2023-02-18 19:45:00,2022,Regular Season - 23,135,Serie A,505,494,Inter,Udinese,3,1,1.5,4.2,6.5,1.7,2.05,1
882000,2023-02-19 11:30:00,2022,Regular Season - 23,135,Serie A,499,867,Atalanta,Lecce,1,2,1.5,4.2,6.5,1.73,2,1
868181,2023-02-19 14:00:00,2022,Regular Season - 24,39,Premier League,33,46,Manchester United,Leicester,3,0,1.66,4.44,5.25,1.67,2.4,1
882001,2023-02-19 14:00:00,2022,Regular Season - 23,135,Serie A,502,511,Fiorentina,Empoli,1,1,1.62,3.9,5.5,1.8,1.91,1
882005,2023-02-19 14:00:00,2022,Regular Season - 23,135,Serie A,514,487,Salernitana,Lazio,0,2,5,3.75,1.67,1.85,1.85,1
871346,2023-02-19 14:30:00,2022,Regular Season - 21,78,Bundesliga,182,174,Union Berlin,FC Schalke 04,0,0,1.65,4.06,6.15,2.12,1.84,1
878158,2023-02-19 15:15:00,2022,Regular Season - 22,140,La Liga,728,536,Rayo Vallecano,Sevilla,1,1,2.49,3.16,3,2.31,1.6,1
868184,2023-02-19 16:30:00,2022,Regular Season - 24,39,Premier League,47,48,Tottenham,West Ham,2,0,1.84,3.78,4.66,1.93,1.98,1
871344,2023-02-19 16:30:00,2022,Regular Season - 21,78,Bundesliga,165,159,Borussia Dortmund,Hertha Berlin,4,1,1.3,5.5,9,1.5,2.5,1
882008,2023-02-19 17:00:00,2022,Regular Season - 23,135,Serie A,515,496,Spezia,Juventus,0,2,5.8,3.75,1.62,2,1.73,1
871345,2023-02-19 18:30:00,2022,Regular Season - 21,78,Bundesliga,168,164,Bayer Leverkusen,FSV Mainz 05,2,3,1.85,3.8,4.1,1.74,2.07,1
882004,2023-02-19 19:45:00,2022,Regular Season - 23,135,Serie A,497,504,AS Roma,Verona,1,0,1.67,3.6,5.5,2.1,1.67,1
882009,2023-02-20 19:45:00,2022,Regular Season - 23,135,Serie A,503,520,Torino,Cremonese,2,2,1.67,3.6,5.5,2.1,1.67,1
878156,2023-02-20 20:00:00,2022,Regular Season - 22,140,La Liga,546,532,Getafe,Valencia,1,0,2.8,2.88,2.8,2.62,1.44,1
871357,2023-02-24 19:30:00,2022,Regular Season - 22,78,Bundesliga,164,163,FSV Mainz 05,Borussia Monchengladbach,4,0,2.12,3.86,3.48,1.75,2.25,1
868189,2023-02-24 20:00:00,2022,Regular Season - 25,39,Premier League,36,39,Fulham,Wolves,1,1,2.3,3.3,3.25,2.1,1.7,1
871354,2023-02-25 14:30:00,2022,Regular Season - 22,78,Bundesliga,173,169,RB Leipzig,Eintracht Frankfurt,2,1,1.74,4.22,4.9,1.74,2.28,1
871356,2023-02-25 14:30:00,2022,Regular Season - 22,78,Bundesliga,192,161,1.FC Köln,VfL Wolfsburg,0,2,2.41,3.66,3.04,1.9,2.04,1
871358,2023-02-25 14:30:00,2022,Regular Season - 22,78,Bundesliga,167,165,1899 Hoffenheim,Borussia Dortmund,0,1,4.2,4,1.75,1.53,2.38,1
871359,2023-02-25 14:30:00,2022,Regular Season - 22,78,Bundesliga,159,170,Hertha Berlin,FC Augsburg,2,0,2.19,3.76,3.38,1.84,2.12,1
871361,2023-02-25 14:30:00,2022,Regular Season - 22,78,Bundesliga,162,176,Werder Bremen,Vfl Bochum,3,0,2.04,3.86,3.74,1.79,2.18,1
868188,2023-02-25 15:00:00,2022,Regular Season - 25,39,Premier League,45,66,Everton,Aston Villa,0,2,2.58,3.36,3.03,2.34,1.7,1
868190,2023-02-25 15:00:00,2022,Regular Season - 25,39,Premier League,63,41,Leeds,Southampton,1,0,2.01,3.72,4,2.05,1.9,1
868191,2023-02-25 15:00:00,2022,Regular Season - 25,39,Premier League,46,42,Leicester,Arsenal,0,1,4.6,4.1,1.71,1.65,2.21,1
868195,2023-02-25 15:00:00,2022,Regular Season - 25,39,Premier League,48,65,West Ham,Nottingham Forest,4,0,1.78,3.6,4.8,2.14,1.69,1
882012,2023-02-25 17:00:00,2022,Regular Season - 24,135,Serie A,511,492,Empoli,Napoli,0,2,7,4.4,1.44,1.61,2.15,1
868186,2023-02-25 17:30:00,2022,Regular Season - 25,39,Premier League,35,50,Bournemouth,Manchester City,1,4,11,5.8,1.25,1.5,2.5,1
871360,2023-02-25 17:30:00,2022,Regular Season - 22,78,Bundesliga,174,172,FC Schalke 04,VfB Stuttgart,2,1,3.01,3.52,2.5,2.08,1.87,1
878167,2023-02-25 17:30:00,2022,Regular Season - 23,140,La Liga,541,530,Real Madrid,Atletico Madrid,1,1,1.81,3.65,4.4,1.9,1.89,1
868187,2023-02-25 19:45:00,2022,Regular Season - 25,39,Premier League,52,40,Crystal Palace,Liverpool,0,0,4.6,3.9,1.74,1.79,2,1
882015,2023-02-25 19:45:00,2022,Regular Season - 24,135,Serie A,867,488,Lecce,Sassuolo,0,1,2.5,3.2,2.9,2.1,1.67,1
878171,2023-02-25 20:00:00,2022,Regular Season - 23,140,La Liga,532,548,Valencia,Real Sociedad,1,0,3.17,3.32,2.5,2.44,1.65,1
882010,2023-02-26 11:30:00,2022,Regular Season - 24,135,Serie A,500,505,Bologna,Inter,1,0,5,3.92,1.78,2.04,1.9,1
868194,2023-02-26 13:30:00,2022,Regular Season - 25,39,Premier League,47,49,Tottenham,Chelsea,2,0,2.58,3.38,3,2.1,1.86,1
882018,2023-02-26 14:00:00,2022,Regular Season - 24,135,Serie A,514,1579,Salernitana,Monza,3,0,3.68,3.46,2.16,2.01,1.9,1
871355,2023-02-26 14:30:00,2022,Regular Season - 22,78,Bundesliga,160,168,SC Freiburg,Bayer Leverkusen,1,1,2.23,3.76,3.3,1.82,2.14,1
878163,2023-02-26 15:15:00,2022,Regular Season - 23,140,La Liga,538,720,Celta Vigo,Valladolid,3,0,1.7,3.7,5.1,2.13,1.69,1
871353,2023-02-26 16:30:00,2022,Regular Season - 22,78,Bundesliga,157,182,Bayern Munich,Union Berlin,3,0,1.36,5.2,7.8,1.56,2.38,1
882019,2023-02-26 17:00:00,2022,Regular Season - 24,135,Serie A,494,515,Udinese,Spezia,2,2,1.72,4.1,5.25,1.92,2.03,1
878166,2023-02-26 17:30:00,2022,Regular Season - 23,140,La Liga,723,529,Almeria,Barcelona,1,0,7.2,5.05,1.47,1.65,2.44,1
882016,2023-02-26 19:45:00,2022,Regular Season - 24,135,Serie A,489,499,AC Milan,Atalanta,2,0,2.24,3.5,3.5,1.95,1.99,1
882017,2023-02-27 17:30:00,2022,Regular Season - 24,135,Serie A,504,502,Verona,Fiorentina,0,3,3.42,3.44,2.3,2.25,1.75,1
882014,2023-02-27 19:45:00,2022,Regular Season - 24,135,Serie A,487,498,Lazio,Sampdoria,1,0,1.48,4.66,7.9,2,1.94,1
878169,2023-02-27 20:00:00,2022,Regular Season - 23,140,La Liga,533,546,Villarreal,Getafe,2,1,1.68,3.65,5.5,2.28,1.61,1
882011,2023-02-28 17:30:00,2022,Regular Season - 24,135,Serie A,520,497,Cremonese,AS Roma,2,1,5.2,3.8,1.78,2.25,1.75,1
882013,2023-02-28 19:45:00,2022,Regular Season - 24,135,Serie A,496,503,Juventus,Torino,4,2,1.77,3.68,5.55,2.31,1.71,1
868007,2023-03-01 19:45:00,2022,Regular Season - 7,39,Premier League,42,45,Arsenal,Everton,4,0,1.38,5.1,10,1.8,2,1
868012,2023-03-01 20:00:00,2022,Regular Season - 7,39,Premier League,40,39,Liverpool,Wolves,2,0,1.47,4.5,6.75,1.72,2.06,1
871362,2023-03-03 19:30:00,2022,Regular Season - 23,78,Bundesliga,165,173,Borussia Dortmund,RB Leipzig,2,1,2.28,3.65,2.97,1.61,2.28,1
882024,2023-03-03 19:45:00,2022,Regular Season - 25,135,Serie A,492,487,Napoli,Lazio,0,1,1.64,3.95,5.3,1.91,1.88,1
868202,2023-03-04 12:30:00,2022,Regular Season - 26,39,Premier League,50,34,Manchester City,Newcastle,2,0,1.47,4.7,6.6,1.66,2.19,1
878175,2023-03-04 13:00:00,2022,Regular Season - 24,140,La Liga,546,547,Getafe,Girona,3,2,2.75,2.88,2.88,2.5,1.5,1
882023,2023-03-04 14:00:00,2022,Regular Season - 25,135,Serie A,1579,511,Monza,Empoli,2,1,2.12,3.3,3.65,2.06,1.75,1
871364,2023-03-04 14:30:00,2022,Regular Season - 23,78,Bundesliga,182,192,Union Berlin,1.FC Köln,0,0,1.91,3.48,4.2,2.27,1.61,1
871365,2023-03-04 14:30:00,2022,Regular Season - 23,78,Bundesliga,164,167,FSV Mainz 05,1899 Hoffenheim,1,0,1.93,3.75,3.8,1.7,2.12,1
871366,2023-03-04 14:30:00,2022,Regular Season - 23,78,Bundesliga,163,160,Borussia Monchengladbach,SC Freiburg,0,0,2.47,3.5,2.78,1.72,2.09,1
871368,2023-03-04 14:30:00,2022,Regular Season - 23,78,Bundesliga,176,174,Vfl Bochum,FC Schalke 04,0,2,2.37,3.46,2.95,1.91,1.88,1
871369,2023-03-04 14:30:00,2022,Regular Season - 23,78,Bundesliga,170,162,FC Augsburg,Werder Bremen,2,1,2.34,3.55,2.93,1.74,2.07,1
868196,2023-03-04 15:00:00,2022,Regular Season - 26,39,Premier League,42,35,Arsenal,Bournemouth,3,2,1.22,6.6,13,1.57,2.38,1
868197,2023-03-04 15:00:00,2022,Regular Season - 26,39,Premier League,66,52,Aston Villa,Crystal Palace,1,0,2.07,3.3,3.75,2.25,1.62,1
868199,2023-03-04 15:00:00,2022,Regular Season - 26,39,Premier League,51,48,Brighton,West Ham,4,0,1.81,3.7,4.4,1.92,1.86,1
868200,2023-03-04 15:00:00,2022,Regular Season - 26,39,Premier League,49,63,Chelsea,Leeds,1,0,1.64,4,5.3,1.88,1.9,1
868205,2023-03-04 15:00:00,2022,Regular Season - 26,39,Premier League,39,47,Wolves,Tottenham,1,0,3.28,3.34,2.25,2.05,1.75,1
878176,2023-03-04 15:15:00,2022,Regular Season - 24,140,La Liga,723,533,Almeria,Villarreal,0,2,3.36,3.6,2.1,1.72,2.09,1
882020,2023-03-04 17:00:00,2022,Regular Season - 25,135,Serie A,499,494,Atalanta,Udinese,0,0,1.72,4.24,5.05,1.81,2.17,1
868204,2023-03-04 17:30:00,2022,Regular Season - 26,39,Premier League,41,46,Southampton,Leicester,1,0,2.71,3.3,2.65,1.99,1.8,1
871370,2023-03-04 17:30:00,2022,Regular Season - 23,78,Bundesliga,172,157,VfB Stuttgart,Bayern Munich,1,2,6.5,4.6,1.44,1.44,2.62,1
882021,2023-03-04 19:45:00,2022,Regular Season - 25,135,Serie A,502,489,Fiorentina,AC Milan,2,1,2.93,3.42,2.61,2.19,1.78,1
878172,2023-03-04 20:00:00,2022,Regular Season - 24,140,La Liga,530,536,Atletico Madrid,Sevilla,6,1,1.7,3.65,5.2,2.23,1.64,1
882028,2023-03-05 11:30:00,2022,Regular Season - 25,135,Serie A,515,504,Spezia,Verona,0,0,2.76,3.26,2.88,2.31,1.71,1
868203,2023-03-05 14:00:00,2022,Regular Season - 26,39,Premier League,65,45,Nottingham Forest,Everton,2,2,2.71,3.04,2.84,2.49,1.52,1
882026,2023-03-05 14:00:00,2022,Regular Season - 25,135,Serie A,498,514,Sampdoria,Salernitana,0,0,2.34,3.42,3.36,2.28,1.74,1
871363,2023-03-05 14:30:00,2022,Regular Season - 23,78,Bundesliga,168,159,Bayer Leverkusen,Hertha Berlin,4,1,1.54,4.4,5.8,1.66,2.19,1
878173,2023-03-05 15:15:00,2022,Regular Season - 24,140,La Liga,529,532,Barcelona,Valencia,1,0,1.53,4.3,6.1,1.8,1.98,1
868201,2023-03-05 16:30:00,2022,Regular Season - 26,39,Premier League,40,33,Liverpool,Manchester United,7,0,2.38,3.6,2.85,1.64,2.22,1
871367,2023-03-05 16:30:00,2022,Regular Season - 23,78,Bundesliga,161,169,VfL Wolfsburg,Eintracht Frankfurt,2,2,2.46,3.46,2.83,1.79,2,1
882022,2023-03-05 17:00:00,2022,Regular Season - 25,135,Serie A,505,867,Inter,Lecce,2,0,1.39,4.92,9.06,1.91,1.98,1
882025,2023-03-05 19:45:00,2022,Regular Season - 25,135,Serie A,497,496,AS Roma,Juventus,1,0,2.74,3.02,2.83,2.43,1.54,1
878174,2023-03-05 20:00:00,2022,Regular Season - 24,140,La Liga,543,541,Real Betis,Real Madrid,0,0,4.5,3.8,1.77,1.88,1.91,1
882027,2023-03-06 17:30:00,2022,Regular Season - 25,135,Serie A,488,520,Sassuolo,Cremonese,3,2,1.83,3.65,4.4,1.9,1.89,1
882029,2023-03-06 19:45:00,2022,Regular Season - 25,135,Serie A,503,500,Torino,Bologna,1,0,2.39,3.18,3.52,2.53,1.61,1
868198,2023-03-06 20:00:00,2022,Regular Season - 26,39,Premier League,55,36,Brentford,Fulham,3,2,2.06,3.76,3.76,1.96,1.98,1
871374,2023-03-10 19:30:00,2022,Regular Season - 24,78,Bundesliga,192,176,1.FC Köln,Vfl Bochum,0,2,1.71,4.18,5.2,1.88,2.07,1
882039,2023-03-10 19:45:00,2022,Regular Season - 26,135,Serie A,515,505,Spezia,Inter,2,1,7.1,4.6,1.45,1.78,2.01,1
868206,2023-03-11 12:30:00,2022,Regular Season - 27,39,Premier League,35,40,Bournemouth,Liverpool,1,0,6.8,4.9,1.43,1.6,2.3,1
882032,2023-03-11 14:00:00,2022,Regular Season - 26,135,Serie A,511,494,Empoli,Udinese,0,1,2.94,3.32,2.45,1.93,1.85,1
871371,2023-03-11 14:30:00,2022,Regular Season - 24,78,Bundesliga,157,170,Bayern Munich,FC Augsburg,5,3,1.12,9.5,21,1.2,3.9,1
871372,2023-03-11 14:30:00,2022,Regular Season - 24,78,Bundesliga,173,163,RB Leipzig,Borussia Monchengladbach,3,0,1.44,4.6,7,1.44,2.4,1
871375,2023-03-11 14:30:00,2022,Regular Season - 24,78,Bundesliga,169,172,Eintracht Frankfurt,VfB Stuttgart,1,1,1.83,3.85,4.1,1.76,2,1
871377,2023-03-11 14:30:00,2022,Regular Season - 24,78,Bundesliga,159,164,Hertha Berlin,FSV Mainz 05,1,1,2.75,3.5,2.5,1.91,1.83,1
868208,2023-03-11 15:00:00,2022,Regular Season - 27,39,Premier League,45,55,Everton,Brentford,1,0,2.69,3.2,2.73,2.25,1.62,1
868210,2023-03-11 15:00:00,2022,Regular Season - 27,39,Premier League,63,51,Leeds,Brighton,2,2,3.7,3.6,1.99,1.81,1.97,1
868211,2023-03-11 15:00:00,2022,Regular Season - 27,39,Premier League,46,49,Leicester,Chelsea,1,3,3.75,3.55,1.99,1.92,1.86,1
868214,2023-03-11 15:00:00,2022,Regular Season - 27,39,Premier League,47,65,Tottenham,Nottingham Forest,3,1,1.45,4.6,7,1.78,2.01,1
882038,2023-03-11 17:00:00,2022,Regular Season - 26,135,Serie A,492,499,Napoli,Atalanta,2,0,1.67,4,4.9,1.76,2.04,1
868207,2023-03-11 17:30:00,2022,Regular Season - 27,39,Premier League,52,50,Crystal Palace,Manchester City,0,1,8.5,5.1,1.36,1.72,2.09,1
871378,2023-03-11 17:30:00,2022,Regular Season - 24,78,Bundesliga,174,165,FC Schalke 04,Borussia Dortmund,2,2,4.5,4,1.74,1.64,2.22,1
878183,2023-03-11 17:30:00,2022,Regular Season - 25,140,La Liga,538,728,Celta Vigo,Rayo Vallecano,3,0,2.11,3.2,3.8,2.42,1.55,1
882030,2023-03-11 19:45:00,2022,Regular Season - 26,135,Serie A,500,487,Bologna,Lazio,0,0,3.04,3.18,2.46,2.27,1.62,1
882035,2023-03-12 11:30:00,2022,Regular Season - 26,135,Serie A,867,503,Lecce,Torino,0,2,3,2.88,2.62,2.62,1.44,1
878185,2023-03-12 13:00:00,2022,Regular Season - 25,140,La Liga,798,548,Mallorca,Real Sociedad,1,1,3.4,2.9,2.38,2.75,1.4,1
868209,2023-03-12 14:00:00,2022,Regular Season - 27,39,Premier League,36,42,Fulham,Arsenal,0,3,5.6,4.2,1.59,1.75,2.06,1
868212,2023-03-12 14:00:00,2022,Regular Season - 27,39,Premier League,33,41,Manchester United,Southampton,0,0,1.35,5.3,8.5,1.64,2.22,1
868215,2023-03-12 14:00:00,2022,Regular Season - 27,39,Premier League,48,66,West Ham,Aston Villa,1,1,2.24,3.28,3.34,2.04,1.76,1
882031,2023-03-12 14:00:00,2022,Regular Season - 26,135,Serie A,520,502,Cremonese,Fiorentina,0,2,4.3,3.6,1.86,1.97,1.81,1
882033,2023-03-12 14:00:00,2022,Regular Season - 26,135,Serie A,504,1579,Verona,Monza,1,1,2.54,3.22,2.9,2.23,1.64,1
871373,2023-03-12 14:30:00,2022,Regular Season - 24,78,Bundesliga,160,167,SC Freiburg,1899 Hoffenheim,2,1,1.91,3.75,3.85,1.75,2.02,1
878191,2023-03-12 15:15:00,2022,Regular Season - 25,140,La Liga,536,723,Sevilla,Almeria,2,1,1.75,3.8,4.7,1.86,1.92,1
868213,2023-03-12 16:30:00,2022,Regular Season - 27,39,Premier League,34,39,Newcastle,Wolves,2,1,1.65,3.8,5.5,2.09,1.72,1
871379,2023-03-12 16:30:00,2022,Regular Season - 24,78,Bundesliga,162,168,Werder Bremen,Bayer Leverkusen,2,3,3.25,3.75,2.08,1.61,2.32,1
882037,2023-03-12 17:00:00,2022,Regular Season - 26,135,Serie A,497,488,AS Roma,Sassuolo,3,4,1.73,3.7,5,2.01,1.78,1
878188,2023-03-12 17:30:00,2022,Regular Season - 25,140,La Liga,533,543,Villarreal,Real Betis,1,1,1.91,3.7,3.95,1.83,1.94,1
871376,2023-03-12 18:30:00,2022,Regular Season - 24,78,Bundesliga,161,182,VfL Wolfsburg,Union Berlin,1,1,2.25,3.2,3.2,2.17,1.6,1
882034,2023-03-12 19:45:00,2022,Regular Season - 26,135,Serie A,496,498,Juventus,Sampdoria,4,2,1.35,4.8,9.7,1.98,1.8,1
882036,2023-03-13 19:45:00,2022,Regular Season - 26,135,Serie A,489,514,AC Milan,Salernitana,1,1,1.27,5.8,10.9,1.65,2.21,1
878187,2023-03-13 20:00:00,2022,Regular Season - 25,140,La Liga,547,530,Girona,Atletico Madrid,0,1,3.6,3.34,2.11,2.13,1.69,1
868014,2023-03-15 19:30:00,2022,Regular Season - 7,39,Premier League,41,55,Southampton,Brentford,0,2,2.96,3.24,2.47,2.1,1.71,1
868018,2023-03-15 19:30:00,2022,Regular Season - 8,39,Premier League,51,52,Brighton,Crystal Palace,1,0,1.46,4.4,7.4,1.98,1.81,1
882044,2023-03-17 17:30:00,2022,Regular Season - 27,135,Serie A,488,515,Sassuolo,Spezia,1,0,1.81,3.9,4.2,1.72,2.09,1
871385,2023-03-17 19:30:00,2022,Regular Season - 25,78,Bundesliga,163,162,Borussia Monchengladbach,Werder Bremen,2,2,1.85,3.9,3.8,1.57,2.3,1
882040,2023-03-17 19:45:00,2022,Regular Season - 27,135,Serie A,499,511,Atalanta,Empoli,2,1,1.47,4.7,6.4,1.66,2.19,1
868223,2023-03-17 20:00:00,2022,Regular Season - 28,39,Premier League,65,34,Nottingham Forest,Newcastle,1,2,5.2,3.8,1.68,2.07,1.74,1
882046,2023-03-18 14:00:00,2022,Regular Season - 27,135,Serie A,1579,520,Monza,Cremonese,1,1,1.84,3.6,4.4,2.02,1.77,1
871384,2023-03-18 14:30:00,2022,Regular Season - 25,78,Bundesliga,167,159,1899 Hoffenheim,Hertha Berlin,3,1,2.11,3.55,3.4,1.84,1.94,1
871386,2023-03-18 14:30:00,2022,Regular Season - 25,78,Bundesliga,176,173,Vfl Bochum,RB Leipzig,1,0,5.5,4.4,1.56,1.67,2.16,1
871387,2023-03-18 14:30:00,2022,Regular Season - 25,78,Bundesliga,170,174,FC Augsburg,FC Schalke 04,1,1,2.33,3.44,3.04,1.98,1.8,1
871388,2023-03-18 14:30:00,2022,Regular Season - 25,78,Bundesliga,172,161,VfB Stuttgart,VfL Wolfsburg,0,1,2.42,3.38,2.93,1.91,1.86,1
868217,2023-03-18 15:00:00,2022,Regular Season - 28,39,Premier League,66,35,Aston Villa,Bournemouth,3,0,1.74,3.87,5.1,1.96,1.93,1
868218,2023-03-18 15:00:00,2022,Regular Season - 28,39,Premier League,55,46,Brentford,Leicester,1,1,1.97,3.65,3.75,1.81,1.98,1
868224,2023-03-18 15:00:00,2022,Regular Season - 28,39,Premier League,41,47,Southampton,Tottenham,3,3,4.5,3.65,1.81,1.98,1.81,1
868225,2023-03-18 15:00:00,2022,Regular Season - 28,39,Premier League,39,63,Wolves,Leeds,2,4,2.28,3.22,3.32,2.24,1.64,1
878201,2023-03-18 15:15:00,2022,Regular Season - 26,140,La Liga,728,547,Rayo Vallecano,Girona,2,2,2.07,3.4,3.65,2.16,1.68,1
882045,2023-03-18 17:00:00,2022,Regular Season - 27,135,Serie A,514,500,Salernitana,Bologna,2,2,3.36,3.28,2.24,2.16,1.67,1
868220,2023-03-18 17:30:00,2022,Regular Season - 28,39,Premier League,49,45,Chelsea,Everton,2,2,1.48,4.2,7.2,2.05,1.76,1
871380,2023-03-18 17:30:00,2022,Regular Season - 25,78,Bundesliga,165,192,Borussia Dortmund,1.FC Köln,6,1,1.46,4.8,6.4,1.57,2.36,1
882048,2023-03-18 19:45:00,2022,Regular Season - 27,135,Serie A,494,489,Udinese,AC Milan,3,1,3.32,3.42,2.19,1.93,1.86,1
878192,2023-03-18 20:00:00,2022,Regular Season - 26,140,La Liga,530,532,Atletico Madrid,Valencia,3,0,1.59,3.95,6,2.17,1.67,1
882047,2023-03-19 11:30:00,2022,Regular Season - 27,135,Serie A,498,504,Sampdoria,Verona,3,1,2.98,3.12,2.54,2.4,1.56,1
878194,2023-03-19 13:00:00,2022,Regular Season - 26,140,La Liga,543,798,Real Betis,Mallorca,1,0,1.88,3.28,4.7,2.52,1.51,1
868216,2023-03-19 14:00:00,2022,Regular Season - 28,39,Premier League,42,52,Arsenal,Crystal Palace,4,1,1.25,5.9,12.25,1.71,2.11,1
882041,2023-03-19 14:00:00,2022,Regular Season - 27,135,Serie A,502,867,Fiorentina,Lecce,1,0,1.64,3.85,5.6,2.08,1.74,1
882049,2023-03-19 14:00:00,2022,Regular Season - 27,135,Serie A,503,492,Torino,Napoli,0,4,4.6,3.55,1.81,2.18,1.66,1
871382,2023-03-19 14:30:00,2022,Regular Season - 25,78,Bundesliga,182,169,Union Berlin,Eintracht Frankfurt,2,0,2.46,3.18,3.02,2.3,1.6,1
871381,2023-03-19 16:30:00,2022,Regular Season - 25,78,Bundesliga,168,157,Bayer Leverkusen,Bayern Munich,2,1,5,4.5,1.57,1.4,2.75,1
882043,2023-03-19 17:00:00,2022,Regular Season - 27,135,Serie A,487,497,Lazio,AS Roma,1,0,2.83,3.02,2.74,2.5,1.52,1
878195,2023-03-19 17:30:00,2022,Regular Season - 26,140,La Liga,546,536,Getafe,Sevilla,2,0,2.88,3,2.62,2.62,1.44,1
871383,2023-03-19 18:30:00,2022,Regular Season - 25,78,Bundesliga,164,160,FSV Mainz 05,SC Freiburg,1,1,2.18,3.48,3.3,1.94,1.85,1
882042,2023-03-19 19:45:00,2022,Regular Season - 27,135,Serie A,505,496,Inter,Juventus,0,1,2.05,3.38,3.75,2.11,1.71,1
878193,2023-03-19 20:00:00,2022,Regular Season - 26,140,La Liga,529,541,Barcelona,Real Madrid,2,1,2.25,3.46,3.16,1.84,1.94,1
871394,2023-03-31 18:30:00,2022,Regular Season - 26,78,Bundesliga,169,176,Eintracht Frankfurt,Vfl Bochum,1,1,1.57,4.54,6.25,1.79,2.18,1
868232,2023-04-01 11:30:00,2022,Regular Season - 29,39,Premier League,50,40,Manchester City,Liverpool,4,1,1.64,4.1,5.1,1.63,2.24,1
882054,2023-04-01 13:00:00,2022,Regular Season - 28,135,Serie A,520,499,Cremonese,Atalanta,1,3,5.1,3.9,1.67,1.78,2.01,1
871390,2023-04-01 13:30:00,2022,Regular Season - 26,78,Bundesliga,173,164,RB Leipzig,FSV Mainz 05,0,3,1.56,4.64,6.2,1.73,2.3,1
871391,2023-04-01 13:30:00,2022,Regular Season - 26,78,Bundesliga,182,172,Union Berlin,VfB Stuttgart,3,0,2.1,3.42,4.02,2.48,1.63,1
871392,2023-04-01 13:30:00,2022,Regular Season - 26,78,Bundesliga,160,159,SC Freiburg,Hertha Berlin,1,1,1.7,4.06,5.5,2,1.94,1
871395,2023-04-01 13:30:00,2022,Regular Season - 26,78,Bundesliga,161,170,VfL Wolfsburg,FC Augsburg,2,2,1.62,4.1,5.2,1.69,2.13,1
871396,2023-04-01 13:30:00,2022,Regular Season - 26,78,Bundesliga,174,168,FC Schalke 04,Bayer Leverkusen,0,3,4.1,3.73,1.93,1.89,2,1
868226,2023-04-01 14:00:00,2022,Regular Season - 29,39,Premier League,35,36,Bournemouth,Fulham,2,1,2.58,3.22,2.85,2.05,1.75,1
868227,2023-04-01 14:00:00,2022,Regular Season - 29,39,Premier League,42,63,Arsenal,Leeds,4,1,1.29,5.5,10,1.5,2.5,1
868228,2023-04-01 14:00:00,2022,Regular Season - 29,39,Premier League,51,55,Brighton,Brentford,3,3,1.68,3.95,4.9,1.75,2.06,1
868230,2023-04-01 14:00:00,2022,Regular Season - 29,39,Premier League,52,46,Crystal Palace,Leicester,2,1,2.54,3.22,2.88,2.14,1.69,1
868234,2023-04-01 14:00:00,2022,Regular Season - 29,39,Premier League,65,39,Nottingham Forest,Wolves,1,1,3.01,3.3,2.62,2.44,1.65,1
882055,2023-04-01 16:00:00,2022,Regular Season - 28,135,Serie A,505,502,Inter,Fiorentina,0,1,1.77,3.84,4.91,1.88,2.01,1
868229,2023-04-01 16:30:00,2022,Regular Season - 29,39,Premier League,49,66,Chelsea,Aston Villa,0,2,1.68,3.8,5.2,1.93,1.86,1
871389,2023-04-01 16:30:00,2022,Regular Season - 26,78,Bundesliga,157,165,Bayern Munich,Borussia Dortmund,4,2,1.5,4.8,5.5,1.36,3,1
882056,2023-04-01 18:45:00,2022,Regular Season - 28,135,Serie A,496,504,Juventus,Verona,1,0,1.46,4.6,8.8,2.17,1.81,1
882050,2023-04-02 10:30:00,2022,Regular Season - 28,135,Serie A,500,494,Bologna,Udinese,3,0,2.28,3.3,3.26,2.07,1.74,1
878211,2023-04-02 12:00:00,2022,Regular Season - 27,140,La Liga,538,723,Celta Vigo,Almeria,2,2,1.57,4.1,5.8,1.85,1.94,1
868235,2023-04-02 13:00:00,2022,Regular Season - 29,39,Premier League,48,41,West Ham,Southampton,1,0,1.76,3.6,4.9,2.09,1.72,1
882057,2023-04-02 13:00:00,2022,Regular Season - 28,135,Serie A,1579,487,Monza,Lazio,0,2,3.65,3.28,2.12,2.24,1.63,1
882059,2023-04-02 13:00:00,2022,Regular Season - 28,135,Serie A,515,514,Spezia,Salernitana,1,1,2.38,3.46,3.24,2.17,1.81,1
871393,2023-04-02 13:30:00,2022,Regular Season - 26,78,Bundesliga,192,163,1.FC Köln,Borussia Monchengladbach,0,0,2.22,3.6,3.08,1.72,2.09,1
878206,2023-04-02 14:15:00,2022,Regular Season - 27,140,La Liga,541,720,Real Madrid,Valladolid,6,0,1.18,6.5,17,1.4,2.75,1
868233,2023-04-02 15:30:00,2022,Regular Season - 29,39,Premier League,34,33,Newcastle,Manchester United,2,0,2.42,3.34,2.96,1.9,1.89,1
871397,2023-04-02 15:30:00,2022,Regular Season - 26,78,Bundesliga,162,167,Werder Bremen,1899 Hoffenheim,1,2,2.38,3.74,3.04,1.81,2.17,1
882052,2023-04-02 16:00:00,2022,Regular Season - 28,135,Serie A,497,498,AS Roma,Sampdoria,3,0,1.47,4.6,8.4,2.08,1.87,1
878209,2023-04-02 16:30:00,2022,Regular Season - 27,140,La Liga,533,548,Villarreal,Real Sociedad,2,0,2.41,3.14,3.16,2.17,1.67,1
882058,2023-04-02 18:45:00,2022,Regular Season - 28,135,Serie A,492,489,Napoli,AC Milan,0,4,1.88,3.55,4.3,2.01,1.78,1
878203,2023-04-02 19:00:00,2022,Regular Season - 27,140,La Liga,530,543,Atletico Madrid,Real Betis,1,0,1.55,4.2,6.2,1.93,1.85,1
882051,2023-04-03 16:30:00,2022,Regular Season - 28,135,Serie A,511,867,Empoli,Lecce,1,0,2.6,2.93,3.08,2.33,1.59,1
882053,2023-04-03 18:45:00,2022,Regular Season - 28,135,Serie A,488,503,Sassuolo,Torino,1,1,2.52,3.44,3.04,2.18,1.79,1
868231,2023-04-03 19:00:00,2022,Regular Season - 29,39,Premier League,45,47,Everton,Tottenham,1,1,3.34,3.28,2.24,2.07,1.74,1
878210,2023-04-03 19:00:00,2022,Regular Season - 27,140,La Liga,532,728,Valencia,Rayo Vallecano,1,1,2.23,3.14,3.55,2.41,1.55,1
868006,2023-04-04 18:45:00,2022,Regular Season - 7,39,Premier League,35,51,Bournemouth,Brighton,0,2,5.85,4.34,1.62,1.87,2.08,1
868010,2023-04-04 18:45:00,2022,Regular Season - 7,39,Premier League,63,65,Leeds,Nottingham Forest,2,1,1.83,3.6,4.5,1.98,1.81,1
868011,2023-04-04 18:45:00,2022,Regular Season - 7,39,Premier League,46,66,Leicester,Aston Villa,1,2,2.56,3.66,2.83,1.9,2.05,1
868019,2023-04-04 19:00:00,2022,Regular Season - 8,39,Premier League,49,40,Chelsea,Liverpool,0,0,2.53,3.6,2.91,1.88,2.07,1
868015,2023-04-05 19:00:00,2022,Regular Season - 7,39,Premier League,48,34,West Ham,Newcastle,1,5,3.64,3.52,2.18,2.19,1.78,1
868192,2023-04-05 19:00:00,2022,Regular Season - 25,39,Premier League,33,55,Manchester United,Brentford,1,0,1.66,4.1,4.9,1.7,2.12,1
882066,2023-04-07 15:00:00,2022,Regular Season - 29,135,Serie A,514,505,Salernitana,Inter,1,1,6.8,4.6,1.46,1.69,2.13,1
882063,2023-04-07 17:00:00,2022,Regular Season - 29,135,Serie A,867,492,Lecce,Napoli,1,2,5.7,3.7,1.65,2.09,1.72,1
878218,2023-04-07 19:00:00,2022,Regular Season - 28,140,La Liga,536,538,Sevilla,Celta Vigo,2,2,2.15,3.3,3.5,2.2,1.62,1
882065,2023-04-07 19:00:00,2022,Regular Season - 29,135,Serie A,489,511,AC Milan,Empoli,0,0,1.39,4.9,7.8,1.7,2.11,1
882068,2023-04-08 10:30:00,2022,Regular Season - 29,135,Serie A,494,1579,Udinese,Monza,2,2,2.09,3.36,3.65,1.98,1.81,1
868242,2023-04-08 11:30:00,2022,Regular Season - 30,39,Premier League,33,45,Manchester United,Everton,2,0,1.5,4.4,6.5,1.81,1.98,1
882061,2023-04-08 12:30:00,2022,Regular Season - 29,135,Serie A,502,515,Fiorentina,Spezia,1,1,1.43,4.7,7.3,1.78,2.01,1
871398,2023-04-08 13:30:00,2022,Regular Season - 27,78,Bundesliga,165,182,Borussia Dortmund,Union Berlin,2,1,1.61,4.1,5.3,1.81,1.98,1
871399,2023-04-08 13:30:00,2022,Regular Season - 27,78,Bundesliga,168,169,Bayer Leverkusen,Eintracht Frankfurt,3,1,1.84,3.95,3.95,1.63,2.24,1
871400,2023-04-08 13:30:00,2022,Regular Season - 27,78,Bundesliga,160,157,SC Freiburg,Bayern Munich,0,1,6.5,4.6,1.44,1.5,2.5,1
871401,2023-04-08 13:30:00,2022,Regular Season - 27,78,Bundesliga,164,162,FSV Mainz 05,Werder Bremen,2,2,1.73,4,4.6,1.66,2.18,1
871405,2023-04-08 13:30:00,2022,Regular Season - 27,78,Bundesliga,170,192,FC Augsburg,1.FC Köln,1,3,2.82,3.34,2.52,1.86,1.91,1
868236,2023-04-08 14:00:00,2022,Regular Season - 30,39,Premier League,66,65,Aston Villa,Nottingham Forest,2,0,1.6,3.8,5.8,1.85,1.85,1
868237,2023-04-08 14:00:00,2022,Regular Season - 30,39,Premier League,55,34,Brentford,Newcastle,1,2,3.42,3.46,2.13,2,1.79,1
868238,2023-04-08 14:00:00,2022,Regular Season - 30,39,Premier League,36,48,Fulham,West Ham,0,1,2.75,3.2,2.62,2.1,1.67,1
868240,2023-04-08 14:00:00,2022,Regular Season - 30,39,Premier League,46,35,Leicester,Bournemouth,0,1,1.89,3.7,4,1.86,1.92,1
868244,2023-04-08 14:00:00,2022,Regular Season - 30,39,Premier League,47,51,Tottenham,Brighton,2,1,2.57,3.5,2.67,1.79,1.99,1
868245,2023-04-08 14:00:00,2022,Regular Season - 30,39,Premier League,39,49,Wolves,Chelsea,1,0,4.1,3.46,1.94,2.13,1.69,1
882060,2023-04-08 14:30:00,2022,Regular Season - 29,135,Serie A,499,500,Atalanta,Bologna,0,2,1.66,3.85,5.3,1.97,1.83,1
882064,2023-04-08 14:30:00,2022,Regular Season - 29,135,Serie A,498,520,Sampdoria,Cremonese,2,3,2.36,3.28,3.12,2.11,1.71,1
868243,2023-04-08 16:30:00,2022,Regular Season - 30,39,Premier League,41,50,Southampton,Manchester City,1,4,11.5,6.1,1.25,1.6,2.31,1
871406,2023-04-08 16:30:00,2022,Regular Season - 27,78,Bundesliga,159,173,Hertha Berlin,RB Leipzig,0,1,5,4.1,1.66,1.76,2.04,1
878221,2023-04-08 16:30:00,2022,Regular Season - 28,140,La Liga,548,546,Real Sociedad,Getafe,2,0,1.7,3.3,5.8,2.5,1.5,1
882062,2023-04-08 16:30:00,2022,Regular Season - 29,135,Serie A,504,488,Verona,Sassuolo,2,1,2.63,3.28,2.73,2.02,1.77,1
882069,2023-04-08 16:30:00,2022,Regular Season - 29,135,Serie A,503,497,Torino,AS Roma,0,1,3.4,3,2.3,2.5,1.5,1
882067,2023-04-08 18:45:00,2022,Regular Season - 29,135,Serie A,487,496,Lazio,Juventus,2,1,2.8,2.8,2.9,2.62,1.44,1
878214,2023-04-08 19:00:00,2022,Regular Season - 28,140,La Liga,541,533,Real Madrid,Villarreal,2,3,1.5,4.33,6,1.6,2.25,1
878220,2023-04-09 12:00:00,2022,Regular Season - 28,140,La Liga,720,798,Valladolid,Mallorca,3,3,2.6,2.8,3.2,2.75,1.4,1
868239,2023-04-09 13:00:00,2022,Regular Season - 30,39,Premier League,63,52,Leeds,Crystal Palace,1,5,2.1,3.25,3.6,2.1,1.67,1
871403,2023-04-09 13:30:00,2022,Regular Season - 27,78,Bundesliga,163,161,Borussia Monchengladbach,VfL Wolfsburg,2,0,2.41,3.6,2.81,1.69,2.13,1
868241,2023-04-09 15:30:00,2022,Regular Season - 30,39,Premier League,40,42,Liverpool,Arsenal,2,2,2.7,3.6,2.45,1.67,2.1,1
871404,2023-04-09 15:30:00,2022,Regular Season - 27,78,Bundesliga,176,172,Vfl Bochum,VfB Stuttgart,2,3,2.91,3.3,2.48,1.95,1.83,1
878215,2023-04-09 16:30:00,2022,Regular Season - 28,140,La Liga,723,532,Almeria,Valencia,2,1,3,3.25,2.38,2.05,1.7,1
871402,2023-04-09 17:30:00,2022,Regular Season - 27,78,Bundesliga,167,174,1899 Hoffenheim,FC Schalke 04,2,0,1.92,3.7,3.85,1.81,1.98,1
878217,2023-04-09 19:00:00,2022,Regular Season - 28,140,La Liga,728,530,Rayo Vallecano,Atletico Madrid,1,2,4.4,3.3,1.91,2.05,1.7,1
878212,2023-04-10 19:00:00,2022,Regular Season - 28,140,La Liga,529,547,Barcelona,Girona,0,0,1.29,5.5,10,1.57,2.3,1
882071,2023-04-14 16:30:00,2022,Regular Season - 30,135,Serie A,520,511,Cremonese,Empoli,1,0,2.6,3.52,2.88,2.06,1.89,1
871414,2023-04-14 18:30:00,2022,Regular Season - 28,78,Bundesliga,174,159,FC Schalke 04,Hertha Berlin,5,2,2.37,3.2,3.1,2.05,1.61,1
882078,2023-04-14 18:45:00,2022,Regular Season - 30,135,Serie A,515,487,Spezia,Lazio,0,3,5.15,3.84,1.78,2.18,1.79,1
868246,2023-04-15 11:30:00,2022,Regular Season - 31,39,Premier League,66,34,Aston Villa,Newcastle,3,0,3.69,3.48,2.13,2.03,1.86,1
878226,2023-04-15 12:00:00,2022,Regular Season - 29,140,La Liga,533,720,Villarreal,Valladolid,1,2,1.53,4.76,6.55,1.71,2.31,1
882070,2023-04-15 13:00:00,2022,Regular Season - 30,135,Serie A,500,489,Bologna,AC Milan,1,1,3.22,3.3,2.47,2.46,1.64,1
871407,2023-04-15 13:30:00,2022,Regular Season - 28,78,Bundesliga,157,167,Bayern Munich,1899 Hoffenheim,1,1,1.2,7,11,1.2,3.8,1
871408,2023-04-15 13:30:00,2022,Regular Season - 28,78,Bundesliga,173,170,RB Leipzig,FC Augsburg,3,2,1.25,6,11,1.4,2.55,1
871410,2023-04-15 13:30:00,2022,Regular Season - 28,78,Bundesliga,192,164,1.FC Köln,FSV Mainz 05,1,1,2.66,3.34,2.67,1.94,1.84,1
871413,2023-04-15 13:30:00,2022,Regular Season - 28,78,Bundesliga,172,165,VfB Stuttgart,Borussia Dortmund,3,3,3.4,3.6,2.05,1.57,2.15,1
868247,2023-04-15 14:00:00,2022,Regular Season - 31,39,Premier League,49,51,Chelsea,Brighton,1,2,2.68,3.34,2.65,1.9,1.89,1
868248,2023-04-15 14:00:00,2022,Regular Season - 31,39,Premier League,45,36,Everton,Fulham,1,3,2.09,3.36,3.65,2.19,1.66,1
868252,2023-04-15 14:00:00,2022,Regular Season - 31,39,Premier League,41,52,Southampton,Crystal Palace,0,2,2.76,3.16,2.7,2.22,1.64,1
868255,2023-04-15 14:00:00,2022,Regular Season - 31,39,Premier League,39,55,Wolves,Brentford,2,0,2.5,3.18,2.98,2.22,1.64,1
868253,2023-04-15 14:15:00,2022,Regular Season - 31,39,Premier League,47,35,Tottenham,Bournemouth,2,3,1.48,4.6,6.4,1.64,2.22,1
882076,2023-04-15 16:00:00,2022,Regular Season - 30,135,Serie A,492,504,Napoli,Verona,0,0,1.57,4.28,6.8,2.06,1.89,1
868250,2023-04-15 16:30:00,2022,Regular Season - 31,39,Premier League,50,46,Manchester City,Leicester,3,1,1.14,7.5,19,1.36,3,1
871411,2023-04-15 16:30:00,2022,Regular Season - 28,78,Bundesliga,169,163,Eintracht Frankfurt,Borussia Monchengladbach,1,1,1.77,4.24,4.64,1.69,2.35,1
882072,2023-04-15 18:45:00,2022,Regular Season - 30,135,Serie A,505,1579,Inter,Monza,0,1,1.45,4.6,7,1.77,2.02,1
882073,2023-04-16 10:30:00,2022,Regular Season - 30,135,Serie A,867,498,Lecce,Sampdoria,1,1,2.03,3.36,4.44,2.46,1.64,1
868254,2023-04-16 13:00:00,2022,Regular Season - 31,39,Premier League,48,42,West Ham,Arsenal,2,2,6,4.3,1.54,1.78,2,1
882079,2023-04-16 13:00:00,2022,Regular Season - 30,135,Serie A,503,514,Torino,Salernitana,1,1,1.8,3.72,5.2,2.34,1.7,1
871415,2023-04-16 13:30:00,2022,Regular Season - 28,78,Bundesliga,162,160,Werder Bremen,SC Freiburg,1,2,2.81,3.62,2.6,1.95,1.99,1
878227,2023-04-16 14:15:00,2022,Regular Season - 29,140,La Liga,546,529,Getafe,Barcelona,0,0,6,3.9,1.69,2.3,1.73,1
868251,2023-04-16 15:30:00,2022,Regular Season - 31,39,Premier League,65,33,Nottingham Forest,Manchester United,0,2,5.08,3.93,1.73,1.86,2.03,1
871409,2023-04-16 15:30:00,2022,Regular Season - 28,78,Bundesliga,182,176,Union Berlin,Vfl Bochum,1,1,1.65,4.04,6.2,2.17,1.81,1
882077,2023-04-16 16:00:00,2022,Regular Season - 30,135,Serie A,488,496,Sassuolo,Juventus,1,0,3.82,3.66,2.08,2.1,1.86,1
878231,2023-04-16 16:30:00,2022,Regular Season - 29,140,La Liga,530,723,Atletico Madrid,Almeria,2,1,1.24,7,14.5,1.63,2.48,1
871412,2023-04-16 17:30:00,2022,Regular Season - 28,78,Bundesliga,161,168,VfL Wolfsburg,Bayer Leverkusen,0,0,2.87,3.78,2.48,1.79,2.19,1
882074,2023-04-16 18:45:00,2022,Regular Season - 30,135,Serie A,497,494,AS Roma,Udinese,3,0,1.96,3.56,4.48,2.38,1.68,1
878230,2023-04-16 19:00:00,2022,Regular Season - 29,140,La Liga,532,536,Valencia,Sevilla,0,2,2.27,3.28,3.28,2.24,1.63,1
882075,2023-04-17 18:45:00,2022,Regular Season - 30,135,Serie A,502,499,Fiorentina,Atalanta,1,1,2.46,3.5,3.1,1.93,2.02,1
868249,2023-04-17 19:00:00,2022,Regular Season - 31,39,Premier League,63,40,Leeds,Liverpool,1,6,4.6,4.2,1.67,1.53,2.38,1
878224,2023-04-17 19:00:00,2022,Regular Season - 29,140,La Liga,538,798,Celta Vigo,Mallorca,0,1,1.8,3.2,5,2.62,1.44,1
871423,2023-04-21 18:30:00,2022,Regular Season - 29,78,Bundesliga,170,172,FC Augsburg,VfB Stuttgart,1,1,3.14,3.55,2.22,1.85,1.93,1
882086,2023-04-21 18:45:00,2022,Regular Season - 31,135,Serie A,504,500,Verona,Bologna,2,1,2.8,3,2.75,2.4,1.5,1
868257,2023-04-21 19:00:00,2022,Regular Season - 32,39,Premier League,42,41,Arsenal,Southampton,3,3,1.17,7,17,1.44,2.62,1
868261,2023-04-22 11:30:00,2022,Regular Season - 32,39,Premier League,36,63,Fulham,Leeds,2,1,2.44,3.47,3.03,1.9,1.99,1
882084,2023-04-22 13:00:00,2022,Regular Season - 31,135,Serie A,514,488,Salernitana,Sassuolo,3,0,3.1,3.46,2.28,1.85,1.93,1
871419,2023-04-22 13:30:00,2022,Regular Season - 29,78,Bundesliga,164,157,FSV Mainz 05,Bayern Munich,3,1,5,4.6,1.55,1.53,2.38,1
871420,2023-04-22 13:30:00,2022,Regular Season - 29,78,Bundesliga,167,192,1899 Hoffenheim,1.FC Köln,1,3,2.25,3.48,3.14,1.78,2.01,1
871422,2023-04-22 13:30:00,2022,Regular Season - 29,78,Bundesliga,176,161,Vfl Bochum,VfL Wolfsburg,1,5,3,3.48,2.33,1.86,1.92,1
871424,2023-04-22 13:30:00,2022,Regular Season - 29,78,Bundesliga,159,162,Hertha Berlin,Werder Bremen,2,4,2.26,3.5,3.1,1.89,1.9,1
868258,2023-04-22 14:00:00,2022,Regular Season - 32,39,Premier League,55,66,Brentford,Aston Villa,1,1,2.57,3.47,2.86,2.02,1.87,1
868260,2023-04-22 14:00:00,2022,Regular Season - 32,39,Premier League,52,45,Crystal Palace,Everton,0,0,2.11,3.26,3.7,2.33,1.59,1
868262,2023-04-22 14:00:00,2022,Regular Season - 32,39,Premier League,46,39,Leicester,Wolves,2,1,2.43,3.28,2.99,2.1,1.71,1
868263,2023-04-22 14:00:00,2022,Regular Season - 32,39,Premier League,40,65,Liverpool,Nottingham Forest,3,2,1.17,7,17,1.44,2.62,1
882083,2023-04-22 16:00:00,2022,Regular Season - 31,135,Serie A,487,503,Lazio,Torino,0,1,1.83,3.25,5,2.5,1.5,1
871416,2023-04-22 16:30:00,2022,Regular Season - 29,78,Bundesliga,165,169,Borussia Dortmund,Eintracht Frankfurt,4,0,1.6,4.33,4.8,1.5,2.5,1
878240,2023-04-22 16:30:00,2022,Regular Season - 30,140,La Liga,548,728,Real Sociedad,Rayo Vallecano,2,1,1.72,3.8,5.85,2.42,1.66,1
878241,2023-04-22 16:30:00,2022,Regular Season - 30,140,La Liga,720,547,Valladolid,Girona,1,0,2.49,3.52,2.93,1.94,1.94,1
882085,2023-04-22 18:45:00,2022,Regular Season - 31,135,Serie A,498,515,Sampdoria,Spezia,1,1,2.54,3.2,2.9,2.05,1.75,1
878237,2023-04-22 19:00:00,2022,Regular Season - 30,140,La Liga,541,538,Real Madrid,Celta Vigo,2,0,1.38,5.2,7.5,1.56,2.39,1
882081,2023-04-23 10:30:00,2022,Regular Season - 31,135,Serie A,511,505,Empoli,Inter,0,3,6.2,4.4,1.52,1.78,2.02,1
868256,2023-04-23 13:00:00,2022,Regular Season - 32,39,Premier League,35,48,Bournemouth,West Ham,0,4,2.82,3.24,2.58,2.09,1.72,1
868265,2023-04-23 13:00:00,2022,Regular Season - 32,39,Premier League,34,47,Newcastle,Tottenham,6,1,1.86,3.75,4.1,1.81,1.98,1
882087,2023-04-23 13:00:00,2022,Regular Season - 31,135,Serie A,494,520,Udinese,Cremonese,3,0,1.74,3.85,4.7,1.81,1.98,1
882088,2023-04-23 13:00:00,2022,Regular Season - 31,135,Serie A,1579,502,Monza,Fiorentina,3,2,3.55,3.38,2.12,2,1.79,1
871418,2023-04-23 13:30:00,2022,Regular Season - 29,78,Bundesliga,160,174,SC Freiburg,FC Schalke 04,4,0,1.8,3.7,4.5,2,1.78,1
878235,2023-04-23 14:15:00,2022,Regular Season - 30,140,La Liga,529,530,Barcelona,Atletico Madrid,1,0,1.98,3.4,4,2.13,1.69,1
871417,2023-04-23 15:30:00,2022,Regular Season - 29,78,Bundesliga,168,173,Bayer Leverkusen,RB Leipzig,2,0,2.6,3.72,2.76,1.82,2.15,1
882089,2023-04-23 16:00:00,2022,Regular Season - 31,135,Serie A,489,867,AC Milan,Lecce,2,0,1.51,4.2,6.8,2.06,1.75,1
878238,2023-04-23 16:30:00,2022,Regular Season - 30,140,La Liga,798,546,Mallorca,Getafe,3,1,2.3,2.8,3.75,3.4,1.3,1
871421,2023-04-23 17:30:00,2022,Regular Season - 29,78,Bundesliga,163,182,Borussia Monchengladbach,Union Berlin,0,1,2.39,3.32,3.04,2.07,1.74,1
882082,2023-04-23 18:45:00,2022,Regular Season - 31,135,Serie A,496,492,Juventus,Napoli,0,1,2.88,3.08,2.65,2.24,1.64,1
878233,2023-04-23 19:00:00,2022,Regular Season - 30,140,La Liga,536,533,Sevilla,Villarreal,2,1,2.79,3.43,2.65,2.03,1.86,1
882080,2023-04-24 18:45:00,2022,Regular Season - 31,135,Serie A,499,497,Atalanta,AS Roma,3,1,2.34,3.28,3.14,2.15,1.68,1
878248,2023-04-25 17:30:00,2022,Regular Season - 31,140,La Liga,547,541,Girona,Real Madrid,4,2,5.2,4.1,1.63,1.69,2.14,1
868271,2023-04-25 18:30:00,2022,Regular Season - 33,39,Premier League,39,52,Wolves,Crystal Palace,2,0,2.34,3.36,3.42,2.45,1.65,1
868272,2023-04-25 18:45:00,2022,Regular Season - 33,39,Premier League,66,36,Aston Villa,Fulham,1,0,1.76,3.9,4.6,1.85,1.94,1
868267,2023-04-25 19:00:00,2022,Regular Season - 33,39,Premier League,63,46,Leeds,Leicester,1,1,2.28,3.55,3.15,1.72,2.12,1
878244,2023-04-25 20:00:00,2022,Regular Season - 31,140,La Liga,543,548,Real Betis,Real Sociedad,0,0,3.06,3.3,2.38,2.25,1.62,1
878243,2023-04-26 17:30:00,2022,Regular Season - 31,140,La Liga,530,798,Atletico Madrid,Mallorca,3,1,1.43,4.3,8.5,2.23,1.64,1
878251,2023-04-26 17:30:00,2022,Regular Season - 31,140,La Liga,546,723,Getafe,Almeria,1,2,1.91,3.4,4.3,2.27,1.62,1
868268,2023-04-26 18:30:00,2022,Regular Season - 33,39,Premier League,65,51,Nottingham Forest,Brighton,3,1,5.8,4.3,1.55,1.7,2.12,1
868270,2023-04-26 18:45:00,2022,Regular Season - 33,39,Premier League,48,40,West Ham,Liverpool,1,2,3.85,3.85,1.89,1.66,2.2,1
868273,2023-04-26 18:45:00,2022,Regular Season - 33,39,Premier League,49,55,Chelsea,Brentford,0,2,1.79,3.8,4.82,2.04,1.86,1
868275,2023-04-26 19:00:00,2022,Regular Season - 33,39,Premier League,50,42,Manchester City,Arsenal,4,1,1.55,4.5,5.5,1.57,2.37,1
878249,2023-04-26 20:00:00,2022,Regular Season - 31,140,La Liga,728,529,Rayo Vallecano,Barcelona,2,1,4.8,3.7,1.76,2.03,1.76,1
878247,2023-04-27 17:30:00,2022,Regular Season - 31,140,La Liga,532,720,Valencia,Valladolid,2,1,1.78,3.75,4.5,1.9,1.88,1
868266,2023-04-27 18:45:00,2022,Regular Season - 33,39,Premier League,45,34,Everton,Newcastle,1,4,4.6,3.7,1.78,1.99,1.8,1
868274,2023-04-27 18:45:00,2022,Regular Season - 33,39,Premier League,41,35,Southampton,Bournemouth,0,1,2.29,3.4,3.14,2.01,1.78,1
868269,2023-04-27 19:15:00,2022,Regular Season - 33,39,Premier League,47,33,Tottenham,Manchester United,2,2,2.78,3.55,2.45,1.67,2.17,1
882094,2023-04-28 16:30:00,2022,Regular Season - 32,135,Serie A,867,494,Lecce,Udinese,1,0,2.45,3.1,3,2.25,1.57,1
871431,2023-04-28 18:30:00,2022,Regular Season - 30,78,Bundesliga,176,165,Vfl Bochum,Borussia Dortmund,1,1,5.5,4.75,1.5,1.5,2.5,1
882099,2023-04-28 18:45:00,2022,Regular Season - 32,135,Serie A,515,1579,Spezia,Monza,0,2,2.79,3.26,2.6,2.06,1.74,1
868280,2023-04-29 11:30:00,2022,Regular Season - 34,39,Premier League,52,48,Crystal Palace,West Ham,4,3,2.62,3.25,2.7,2.25,1.6,1
871426,2023-04-29 13:30:00,2022,Regular Season - 30,78,Bundesliga,173,167,RB Leipzig,1899 Hoffenheim,1,0,1.36,5,7.5,1.53,2.38,1
871427,2023-04-29 13:30:00,2022,Regular Season - 30,78,Bundesliga,182,168,Union Berlin,Bayer Leverkusen,0,0,2.91,3.32,2.47,1.98,1.81,1
871428,2023-04-29 13:30:00,2022,Regular Season - 30,78,Bundesliga,192,160,1.FC Köln,SC Freiburg,0,1,2.42,3.32,2.98,2.11,1.71,1
871429,2023-04-29 13:30:00,2022,Regular Season - 30,78,Bundesliga,169,170,Eintracht Frankfurt,FC Augsburg,1,1,1.56,4.4,5.6,1.6,2.31,1
871432,2023-04-29 13:30:00,2022,Regular Season - 30,78,Bundesliga,172,163,VfB Stuttgart,Borussia Monchengladbach,2,1,1.83,3.9,4.1,1.69,2.13,1
868278,2023-04-29 14:00:00,2022,Regular Season - 34,39,Premier League,55,65,Brentford,Nottingham Forest,2,1,1.66,3.9,5.3,1.91,1.86,1
868279,2023-04-29 14:00:00,2022,Regular Season - 34,39,Premier League,51,39,Brighton,Wolves,6,0,1.52,4.4,6.2,1.78,2.01,1
882098,2023-04-29 16:00:00,2022,Regular Season - 32,135,Serie A,497,489,AS Roma,AC Milan,1,1,2.85,3.24,2.81,2.56,1.6,1
871433,2023-04-29 16:30:00,2022,Regular Season - 30,78,Bundesliga,174,162,FC Schalke 04,Werder Bremen,2,1,2.31,3.55,2.98,1.81,1.98,1
878260,2023-04-29 16:30:00,2022,Regular Season - 32,140,La Liga,541,723,Real Madrid,Almeria,4,2,1.15,8.5,19,1.32,3.4,1
882096,2023-04-29 18:45:00,2022,Regular Season - 32,135,Serie A,503,499,Torino,Atalanta,1,2,2.89,3.32,2.49,2.07,1.74,1
878252,2023-04-29 19:00:00,2022,Regular Season - 32,140,La Liga,529,543,Barcelona,Real Betis,4,0,1.34,5.3,8.7,1.65,2.2,1
882093,2023-04-30 10:30:00,2022,Regular Season - 32,135,Serie A,505,487,Inter,Lazio,3,1,1.83,3.6,4.5,2.04,1.76,1
868276,2023-04-30 13:00:00,2022,Regular Season - 34,39,Premier League,35,63,Bournemouth,Leeds,4,1,2.58,3.44,2.69,1.79,1.99,1
868281,2023-04-30 13:00:00,2022,Regular Season - 34,39,Premier League,36,50,Fulham,Manchester City,1,2,13,6.5,1.22,1.53,2.38,1
868284,2023-04-30 13:00:00,2022,Regular Season - 34,39,Premier League,33,66,Manchester United,Aston Villa,1,0,1.78,3.9,4.4,1.67,2.17,1
868285,2023-04-30 13:00:00,2022,Regular Season - 34,39,Premier League,34,41,Newcastle,Southampton,3,1,1.27,5.8,10.9,1.66,2.18,1
882091,2023-04-30 13:00:00,2022,Regular Season - 32,135,Serie A,520,504,Cremonese,Verona,1,1,3.02,3.28,2.43,2.23,1.64,1
882095,2023-04-30 13:00:00,2022,Regular Season - 32,135,Serie A,492,514,Napoli,Salernitana,1,1,1.22,6,15,1.6,2.25,1
882097,2023-04-30 13:00:00,2022,Regular Season - 32,135,Serie A,488,511,Sassuolo,Empoli,2,1,1.76,3.9,4.4,1.79,2,1
871425,2023-04-30 13:30:00,2022,Regular Season - 30,78,Bundesliga,157,159,Bayern Munich,Hertha Berlin,2,0,1.08,11,21,1.29,3.5,1
878259,2023-04-30 14:15:00,2022,Regular Season - 32,140,La Liga,533,538,Villarreal,Celta Vigo,3,1,1.83,3.65,4.3,1.83,1.95,1
868283,2023-04-30 15:30:00,2022,Regular Season - 34,39,Premier League,40,47,Liverpool,Tottenham,4,3,1.5,4.5,6,1.44,2.6,1
871430,2023-04-30 15:30:00,2022,Regular Season - 30,78,Bundesliga,161,164,VfL Wolfsburg,FSV Mainz 05,3,0,2.28,3.5,3.06,1.83,1.95,1
882092,2023-04-30 16:00:00,2022,Regular Season - 32,135,Serie A,502,498,Fiorentina,Sampdoria,5,0,1.38,5.45,9.1,1.73,2.3,1
882090,2023-04-30 18:45:00,2022,Regular Season - 32,135,Serie A,500,496,Bologna,Juventus,1,1,3.4,3.18,2.27,2.36,1.58,1
878258,2023-04-30 19:00:00,2022,Regular Season - 32,140,La Liga,720,530,Valladolid,Atletico Madrid,2,5,5.4,4,1.64,1.88,1.91,1
868282,2023-05-01 19:00:00,2022,Regular Season - 34,39,Premier League,46,45,Leicester,Everton,2,2,2.05,3.44,3.7,1.98,1.81,1
878261,2023-05-01 19:00:00,2022,Regular Season - 32,140,La Liga,536,547,Sevilla,Girona,0,2,1.91,3.65,4,1.91,1.88,1
868277,2023-05-02 19:00:00,2022,Regular Season - 34,39,Premier League,42,49,Arsenal,Chelsea,3,1,1.61,4.1,5.4,1.79,2,1
878271,2023-05-02 20:00:00,2022,Regular Season - 33,140,La Liga,548,541,Real Sociedad,Real Madrid,2,0,2.54,3.4,2.77,1.93,1.85,1
882100,2023-05-03 16:00:00,2022,Regular Season - 33,135,Serie A,499,515,Atalanta,Spezia,3,2,1.38,5,7.9,1.66,2.18,1
882102,2023-05-03 16:00:00,2022,Regular Season - 33,135,Serie A,496,867,Juventus,Lecce,2,1,1.61,3.8,6,2.18,1.66,1
882105,2023-05-03 16:00:00,2022,Regular Season - 33,135,Serie A,498,503,Sampdoria,Torino,0,2,4.1,3.42,1.94,2.21,1.65,1
882108,2023-05-03 16:00:00,2022,Regular Season - 33,135,Serie A,514,502,Salernitana,Fiorentina,3,3,4.6,3.82,1.81,1.93,1.95,1
878265,2023-05-03 17:30:00,2022,Regular Season - 33,140,La Liga,532,533,Valencia,Villarreal,1,1,2.85,3.49,2.56,1.88,2.02,1
868221,2023-05-03 19:00:00,2022,Regular Season - 28,39,Premier League,40,36,Liverpool,Fulham,1,0,1.25,6,12,1.36,2.9,1
868222,2023-05-03 19:00:00,2022,Regular Season - 28,39,Premier League,50,48,Manchester City,West Ham,3,0,1.2,6.5,13,1.36,2.87,1
882101,2023-05-03 19:00:00,2022,Regular Season - 33,135,Serie A,504,505,Verona,Inter,0,6,5.2,3.8,1.69,2.05,1.75,1
882103,2023-05-03 19:00:00,2022,Regular Season - 33,135,Serie A,487,488,Lazio,Sassuolo,2,0,1.68,3.95,5,1.79,2,1
882104,2023-05-03 19:00:00,2022,Regular Season - 33,135,Serie A,1579,497,Monza,AS Roma,1,1,3.42,3.22,2.24,2.27,1.61,1
882107,2023-05-03 19:00:00,2022,Regular Season - 33,135,Serie A,489,520,AC Milan,Cremonese,1,1,1.35,5.45,10.5,1.89,2.06,1
878269,2023-05-03 20:00:00,2022,Regular Season - 33,140,La Liga,546,538,Getafe,Celta Vigo,1,0,2.6,3,3.1,2.65,1.48,1
878268,2023-05-04 17:30:00,2022,Regular Season - 33,140,La Liga,547,798,Girona,Mallorca,2,1,2.12,3.22,3.7,2.38,1.56,1
882106,2023-05-04 18:45:00,2022,Regular Season - 33,135,Serie A,511,500,Empoli,Bologna,3,1,2.87,3.1,2.55,2.2,1.6,1
882109,2023-05-04 18:45:00,2022,Regular Season - 33,135,Serie A,494,492,Udinese,Napoli,1,1,4.75,3.6,1.75,1.87,1.85,1
868219,2023-05-04 19:00:00,2022,Regular Season - 28,39,Premier League,51,33,Brighton,Manchester United,1,0,1.95,3.9,3.4,1.57,2.3,1
878266,2023-05-04 20:00:00,2022,Regular Season - 33,140,La Liga,728,720,Rayo Vallecano,Valladolid,2,1,1.81,3.73,4.75,2.02,1.88,1
871435,2023-05-05 18:30:00,2022,Regular Season - 31,78,Bundesliga,168,192,Bayer Leverkusen,1.FC Köln,1,2,1.62,4.1,5.2,1.7,2.11,1
871437,2023-05-05 18:30:00,2022,Regular Season - 31,78,Bundesliga,164,174,FSV Mainz 05,FC Schalke 04,2,3,1.65,4.1,5,1.71,2.11,1
882117,2023-05-06 13:00:00,2022,Regular Season - 34,135,Serie A,489,487,AC Milan,Lazio,2,0,2,3.38,3.95,2.22,1.64,1
871436,2023-05-06 13:30:00,2022,Regular Season - 31,78,Bundesliga,160,173,SC Freiburg,RB Leipzig,0,1,3.85,3.7,1.93,1.88,1.91,1
871438,2023-05-06 13:30:00,2022,Regular Season - 31,78,Bundesliga,167,169,1899 Hoffenheim,Eintracht Frankfurt,3,1,2.36,3.55,2.9,1.67,2.18,1
871439,2023-05-06 13:30:00,2022,Regular Season - 31,78,Bundesliga,163,176,Borussia Monchengladbach,Vfl Bochum,2,0,1.9,3.9,3.8,1.61,2.28,1
871440,2023-05-06 13:30:00,2022,Regular Season - 31,78,Bundesliga,170,182,FC Augsburg,Union Berlin,1,0,3.36,3.26,2.24,2.18,1.66,1
871441,2023-05-06 13:30:00,2022,Regular Season - 31,78,Bundesliga,159,172,Hertha Berlin,VfB Stuttgart,2,1,3.08,3.46,2.29,1.83,1.94,1
868286,2023-05-06 14:00:00,2022,Regular Season - 35,39,Premier League,35,49,Bournemouth,Chelsea,1,3,3.47,3.51,2.2,1.98,1.91,1
868290,2023-05-06 14:00:00,2022,Regular Season - 35,39,Premier League,50,63,Manchester City,Leeds,2,1,1.14,8,17,1.33,3.25,1
868293,2023-05-06 14:00:00,2022,Regular Season - 35,39,Premier League,47,52,Tottenham,Crystal Palace,1,0,1.81,3.9,4.1,1.76,2.05,1
868295,2023-05-06 14:00:00,2022,Regular Season - 35,39,Premier League,39,66,Wolves,Aston Villa,1,0,3.06,3.4,2.52,2.26,1.74,1
882116,2023-05-06 16:00:00,2022,Regular Season - 34,135,Serie A,497,505,AS Roma,Inter,0,2,3.06,3.12,2.48,2.23,1.64,1
868289,2023-05-06 16:30:00,2022,Regular Season - 35,39,Premier League,40,55,Liverpool,Brentford,1,0,1.44,4.6,6.5,1.5,2.55,1
871442,2023-05-06 16:30:00,2022,Regular Season - 31,78,Bundesliga,162,157,Werder Bremen,Bayern Munich,1,2,8.5,6,1.29,1.33,3.25,1
882111,2023-05-06 18:45:00,2022,Regular Season - 34,135,Serie A,520,515,Cremonese,Spezia,2,0,2.36,3.4,3.02,1.98,1.81,1
882110,2023-05-07 10:30:00,2022,Regular Season - 34,135,Serie A,499,496,Atalanta,Juventus,0,2,2.38,3.3,3.06,2.05,1.75,1
882118,2023-05-07 13:00:00,2022,Regular Season - 34,135,Serie A,503,1579,Torino,Monza,1,1,1.98,3.38,4,2.33,1.59,1
868291,2023-05-07 15:30:00,2022,Regular Season - 35,39,Premier League,34,42,Newcastle,Arsenal,0,2,2.38,3.65,2.81,1.65,2.2,1
871434,2023-05-07 15:30:00,2022,Regular Season - 31,78,Bundesliga,165,161,Borussia Dortmund,VfL Wolfsburg,6,0,1.44,5,6,1.5,2.5,1
882114,2023-05-07 16:00:00,2022,Regular Season - 34,135,Serie A,492,502,Napoli,Fiorentina,1,0,1.88,3.7,4,1.77,2.02,1
868294,2023-05-07 18:00:00,2022,Regular Season - 35,39,Premier League,48,33,West Ham,Manchester United,1,0,3.5,3.65,2.04,1.66,2.19,1
882115,2023-05-07 18:45:00,2022,Regular Season - 34,135,Serie A,867,504,Lecce,Verona,0,1,2.15,3.1,3.7,2.45,1.5,1
868288,2023-05-08 14:00:00,2022,Regular Season - 35,39,Premier League,36,46,Fulham,Leicester,5,3,2.65,3.44,2.62,1.74,2.07,1
868287,2023-05-08 16:30:00,2022,Regular Season - 35,39,Premier League,51,45,Brighton,Everton,1,5,1.38,5.2,7.6,1.56,2.39,1
882112,2023-05-08 16:30:00,2022,Regular Season - 34,135,Serie A,511,514,Empoli,Salernitana,2,1,2.31,3,3.5,2.04,1.76,1
882119,2023-05-08 16:30:00,2022,Regular Season - 34,135,Serie A,494,498,Udinese,Sampdoria,2,0,1.53,4,6.5,1.8,1.91,1
882113,2023-05-08 18:45:00,2022,Regular Season - 34,135,Serie A,488,500,Sassuolo,Bologna,1,1,2.4,3.44,2.91,1.81,1.97,1
868292,2023-05-08 19:00:00,2022,Regular Season - 35,39,Premier League,65,41,Nottingham Forest,Southampton,4,3,2.14,3.48,3.38,1.99,1.8,1
871447,2023-05-12 18:30:00,2022,Regular Season - 32,78,Bundesliga,192,159,1.FC Köln,Hertha Berlin,5,2,1.83,3.85,4.35,1.79,2.02,1
882124,2023-05-12 18:45:00,2022,Regular Season - 35,135,Serie A,487,867,Lazio,Lecce,2,2,1.61,3.6,6,2.3,1.57,1
868302,2023-05-13 11:30:00,2022,Regular Season - 36,39,Premier League,63,34,Leeds,Newcastle,2,2,4.6,4.2,1.68,1.61,2.28,1
878281,2023-05-13 12:00:00,2022,Regular Season - 34,140,La Liga,548,547,Real Sociedad,Girona,2,2,1.66,3.95,5.2,1.98,1.8,1
882126,2023-05-13 13:00:00,2022,Regular Season - 35,135,Serie A,514,499,Salernitana,Atalanta,1,0,4.8,3.9,1.67,1.61,2.15,1
871443,2023-05-13 13:30:00,2022,Regular Season - 32,78,Bundesliga,157,174,Bayern Munich,FC Schalke 04,6,0,1.1,9.5,21,1.22,4,1
871446,2023-05-13 13:30:00,2022,Regular Season - 32,78,Bundesliga,182,160,Union Berlin,SC Freiburg,4,2,2.21,3.2,3.5,2.34,1.58,1
871448,2023-05-13 13:30:00,2022,Regular Season - 32,78,Bundesliga,169,164,Eintracht Frankfurt,FSV Mainz 05,3,0,2.16,3.75,3.15,1.73,2.04,1
871449,2023-05-13 13:30:00,2022,Regular Season - 32,78,Bundesliga,161,167,VfL Wolfsburg,1899 Hoffenheim,2,1,1.89,4.1,3.8,1.56,2.4,1
871450,2023-05-13 13:30:00,2022,Regular Season - 32,78,Bundesliga,176,170,Vfl Bochum,FC Augsburg,3,2,2.16,3.65,3.22,1.74,2.07,1
868297,2023-05-13 14:00:00,2022,Regular Season - 36,39,Premier League,66,47,Aston Villa,Tottenham,2,1,2.28,3.55,3.02,1.71,2.11,1
868299,2023-05-13 14:00:00,2022,Regular Season - 36,39,Premier League,49,65,Chelsea,Nottingham Forest,2,2,1.51,4.4,6.3,1.79,1.99,1
868300,2023-05-13 14:00:00,2022,Regular Season - 36,39,Premier League,52,35,Crystal Palace,Bournemouth,2,0,1.88,3.7,4.1,1.88,1.91,1
868304,2023-05-13 14:00:00,2022,Regular Season - 36,39,Premier League,33,39,Manchester United,Wolves,2,0,1.39,5.1,7.7,1.63,2.24,1
868305,2023-05-13 14:00:00,2022,Regular Season - 36,39,Premier League,41,36,Southampton,Fulham,0,2,2.8,3.4,2.51,1.86,1.92,1
882129,2023-05-13 16:00:00,2022,Regular Season - 35,135,Serie A,515,489,Spezia,AC Milan,2,0,4.2,3.5,1.91,1.95,1.8,1
871444,2023-05-13 16:30:00,2022,Regular Season - 32,78,Bundesliga,165,163,Borussia Dortmund,Borussia Monchengladbach,5,2,1.22,6.5,11,1.29,3.5,1
882123,2023-05-13 18:45:00,2022,Regular Season - 35,135,Serie A,505,488,Inter,Sassuolo,4,2,1.4,4.75,7.5,1.5,2.4,1
878277,2023-05-13 19:00:00,2022,Regular Season - 34,140,La Liga,541,546,Real Madrid,Getafe,1,0,1.56,4.2,5.9,1.89,1.89,1
882122,2023-05-14 10:30:00,2022,Regular Season - 35,135,Serie A,504,503,Verona,Torino,0,1,2.37,3,3.3,2.5,1.5,1
878273,2023-05-14 12:00:00,2022,Regular Season - 34,140,La Liga,538,532,Celta Vigo,Valencia,1,2,2.25,3.3,3.3,2.18,1.66,1
868298,2023-05-14 13:00:00,2022,Regular Season - 36,39,Premier League,55,48,Brentford,West Ham,2,0,2.06,3.55,3.55,1.92,1.86,1
868301,2023-05-14 13:00:00,2022,Regular Season - 36,39,Premier League,45,50,Everton,Manchester City,0,3,8,5.2,1.36,1.61,2.28,1
882121,2023-05-14 13:00:00,2022,Regular Season - 35,135,Serie A,502,494,Fiorentina,Udinese,2,0,2,3.5,3.75,1.83,1.91,1
882125,2023-05-14 13:00:00,2022,Regular Season - 35,135,Serie A,1579,492,Monza,Napoli,2,0,4.5,3.8,1.77,1.86,1.92,1
871451,2023-05-14 13:30:00,2022,Regular Season - 32,78,Bundesliga,172,168,VfB Stuttgart,Bayer Leverkusen,1,1,2.42,3.6,2.8,1.71,2.1,1
868296,2023-05-14 15:30:00,2022,Regular Season - 36,39,Premier League,42,51,Arsenal,Brighton,0,3,1.73,4.2,4.2,1.5,2.5,1
871445,2023-05-14 15:30:00,2022,Regular Season - 32,78,Bundesliga,173,162,RB Leipzig,Werder Bremen,2,1,1.25,6,11,1.4,2.75,1
882120,2023-05-14 16:00:00,2022,Regular Season - 35,135,Serie A,500,497,Bologna,AS Roma,0,0,3.12,3.12,2.45,2.42,1.55,1
878279,2023-05-14 16:30:00,2022,Regular Season - 34,140,La Liga,720,536,Valladolid,Sevilla,0,3,2.29,3.5,3.06,1.88,1.9,1
882127,2023-05-14 18:45:00,2022,Regular Season - 35,135,Serie A,496,520,Juventus,Cremonese,2,0,1.38,4.9,8.4,1.79,2,1
882128,2023-05-15 18:45:00,2022,Regular Season - 35,135,Serie A,498,511,Sampdoria,Empoli,1,1,3.25,3.3,2.2,1.87,1.83,1
868303,2023-05-15 19:00:00,2022,Regular Season - 36,39,Premier League,46,40,Leicester,Liverpool,0,3,5,4.6,1.55,1.44,2.62,1
878272,2023-05-15 19:00:00,2022,Regular Season - 34,140,La Liga,543,728,Real Betis,Rayo Vallecano,3,1,1.93,3.59,4.3,2.08,1.83,1
868193,2023-05-18 18:30:00,2022,Regular Season - 25,39,Premier League,34,51,Newcastle,Brighton,4,1,2.1,3.94,3.48,1.68,2.38,1
871454,2023-05-19 18:30:00,2022,Regular Season - 33,78,Bundesliga,160,161,SC Freiburg,VfL Wolfsburg,2,0,2.33,3.76,3.12,1.78,2.19,1
882139,2023-05-19 18:45:00,2022,Regular Season - 36,135,Serie A,488,1579,Sassuolo,Monza,1,2,2.22,3.6,3.1,1.71,2.1,1
868313,2023-05-20 11:30:00,2022,Regular Season - 37,39,Premier League,47,55,Tottenham,Brentford,1,3,1.9,3.98,4.18,1.79,2.18,1
878287,2023-05-20 12:00:00,2022,Regular Season - 35,140,La Liga,547,533,Girona,Villarreal,1,2,2.84,3.65,2.36,1.61,2.27,1
882135,2023-05-20 13:00:00,2022,Regular Season - 36,135,Serie A,520,500,Cremonese,Bologna,1,5,2.81,3.32,2.55,2,1.79,1
871456,2023-05-20 13:30:00,2022,Regular Season - 33,78,Bundesliga,167,182,1899 Hoffenheim,Union Berlin,4,2,2.58,3.48,2.66,1.91,1.86,1
871458,2023-05-20 13:30:00,2022,Regular Season - 33,78,Bundesliga,159,176,Hertha Berlin,Vfl Bochum,1,1,2.25,3.84,3.2,1.75,2.25,1
871459,2023-05-20 13:30:00,2022,Regular Season - 33,78,Bundesliga,174,169,FC Schalke 04,Eintracht Frankfurt,2,2,3,3.84,2.37,1.71,2.31,1
871460,2023-05-20 13:30:00,2022,Regular Season - 33,78,Bundesliga,162,192,Werder Bremen,1.FC Köln,1,1,2.55,3.75,2.63,1.57,2.38,1
868306,2023-05-20 14:00:00,2022,Regular Season - 37,39,Premier League,35,33,Bournemouth,Manchester United,0,1,6,4.75,1.5,1.5,2.5,1
868308,2023-05-20 14:00:00,2022,Regular Season - 37,39,Premier League,36,52,Fulham,Crystal Palace,2,2,2.49,3.39,3.03,2.05,1.84,1
868309,2023-05-20 14:00:00,2022,Regular Season - 37,39,Premier League,40,66,Liverpool,Aston Villa,1,1,1.47,4.75,6,1.5,2.5,1
868315,2023-05-20 14:00:00,2022,Regular Season - 37,39,Premier League,39,45,Wolves,Everton,1,1,2.75,3.34,2.58,2.05,1.75,1
882130,2023-05-20 16:00:00,2022,Regular Season - 36,135,Serie A,499,504,Atalanta,Verona,3,1,1.58,4.1,5.8,1.8,1.99,1
868312,2023-05-20 16:30:00,2022,Regular Season - 37,39,Premier League,65,42,Nottingham Forest,Arsenal,1,0,5.45,4.6,1.62,1.64,2.46,1
871452,2023-05-20 16:30:00,2022,Regular Season - 33,78,Bundesliga,157,173,Bayern Munich,RB Leipzig,1,3,1.47,5,5.5,1.4,2.88,1
878286,2023-05-20 16:30:00,2022,Regular Season - 35,140,La Liga,723,798,Almeria,Mallorca,3,0,2.31,3.3,3.18,2.13,1.69,1
882133,2023-05-20 18:45:00,2022,Regular Season - 36,135,Serie A,489,498,AC Milan,Sampdoria,5,1,1.2,6.8,14.5,1.58,2.35,1
878284,2023-05-20 19:00:00,2022,Regular Season - 35,140,La Liga,529,548,Barcelona,Real Sociedad,1,2,1.86,3.65,4.2,1.88,1.9,1
882132,2023-05-21 10:30:00,2022,Regular Season - 36,135,Serie A,867,515,Lecce,Spezia,0,0,2.22,3.18,3.5,2.25,1.62,1
868314,2023-05-21 12:30:00,2022,Regular Season - 37,39,Premier League,48,63,West Ham,Leeds,3,1,2.54,3.72,2.83,1.82,2.15,1
868307,2023-05-21 13:00:00,2022,Regular Season - 37,39,Premier League,51,41,Brighton,Southampton,3,1,1.2,7,13,1.4,2.8,1
882136,2023-05-21 13:00:00,2022,Regular Season - 36,135,Serie A,503,502,Torino,Fiorentina,1,1,2,3.58,4.22,2.25,1.75,1
871455,2023-05-21 13:30:00,2022,Regular Season - 33,78,Bundesliga,164,172,FSV Mainz 05,VfB Stuttgart,1,4,2.51,3.55,2.71,1.71,2.1,1
868310,2023-05-21 15:00:00,2022,Regular Season - 37,39,Premier League,50,49,Manchester City,Chelsea,1,0,1.25,6.5,12,1.5,2.5,1
871457,2023-05-21 15:30:00,2022,Regular Season - 33,78,Bundesliga,170,165,FC Augsburg,Borussia Dortmund,0,3,6.5,5.5,1.4,1.44,2.7,1
882137,2023-05-21 16:00:00,2022,Regular Season - 36,135,Serie A,492,505,Napoli,Inter,3,1,2.7,3.3,2.66,1.98,1.8,1
878291,2023-05-21 16:30:00,2022,Regular Season - 35,140,La Liga,532,541,Valencia,Real Madrid,1,0,3.26,3.5,2.18,1.75,2.06,1
871453,2023-05-21 17:30:00,2022,Regular Season - 33,78,Bundesliga,168,163,Bayer Leverkusen,Borussia Monchengladbach,2,2,1.4,5,6.5,1.44,2.7,1
882138,2023-05-21 18:45:00,2022,Regular Season - 36,135,Serie A,494,487,Udinese,Lazio,0,1,3.65,3.46,2.04,1.98,1.81,1
878288,2023-05-21 19:00:00,2022,Regular Season - 35,140,La Liga,536,543,Sevilla,Real Betis,0,0,2.37,3.34,3.04,2.04,1.76,1
882134,2023-05-22 16:30:00,2022,Regular Season - 36,135,Serie A,497,514,AS Roma,Salernitana,2,2,1.51,4.21,7.6,1.98,1.91,1
882131,2023-05-22 18:45:00,2022,Regular Season - 36,135,Serie A,511,496,Empoli,Juventus,4,1,5.1,3.8,1.7,1.91,1.88,1
868311,2023-05-22 19:00:00,2022,Regular Season - 37,39,Premier League,34,46,Newcastle,Leicester,0,0,1.33,5.5,7.5,1.44,2.63,1
878293,2023-05-23 17:30:00,2022,Regular Season - 36,140,La Liga,538,547,Celta Vigo,Girona,1,1,2.12,3.48,3.42,1.8,1.98,1
878301,2023-05-23 17:30:00,2022,Regular Season - 36,140,La Liga,548,723,Real Sociedad,Almeria,1,0,1.45,4.8,6.8,1.64,2.23,1
878298,2023-05-23 20:00:00,2022,Regular Season - 36,140,La Liga,720,529,Valladolid,Barcelona,3,1,3.65,3.8,1.95,1.57,2.36,1
878300,2023-05-24 17:30:00,2022,Regular Season - 36,140,La Liga,541,728,Real Madrid,Rayo Vallecano,2,1,1.66,4.4,5.7,1.66,2.44,1
868259,2023-05-24 19:00:00,2022,Regular Season - 32,39,Premier League,51,50,Brighton,Manchester City,1,1,3.9,4.2,1.8,1.5,2.5,1
878292,2023-05-24 20:00:00,2022,Regular Season - 36,140,La Liga,543,546,Real Betis,Getafe,0,1,2.13,3.24,4.18,2.61,1.58,1
878295,2023-05-25 17:30:00,2022,Regular Season - 36,140,La Liga,798,532,Mallorca,Valencia,1,0,3.5,3,2.38,2.88,1.4,1
868264,2023-05-25 19:00:00,2022,Regular Season - 32,39,Premier League,33,49,Manchester United,Chelsea,4,1,1.63,4.58,5.4,1.64,2.47,1
882144,2023-05-26 18:45:00,2022,Regular Season - 37,135,Serie A,498,488,Sampdoria,Sassuolo,2,2,3.7,3.94,2.03,1.69,2.35,1
882143,2023-05-27 13:00:00,2022,Regular Season - 37,135,Serie A,514,494,Salernitana,Udinese,3,2,2.8,3.5,2.55,1.83,1.95,1
882145,2023-05-27 13:00:00,2022,Regular Season - 37,135,Serie A,515,503,Spezia,Torino,0,4,2.4,3.1,3.1,2.1,1.67,1
871461,2023-05-27 13:30:00,2022,Regular Season - 34,78,Bundesliga,165,164,Borussia Dortmund,FSV Mainz 05,2,2,1.15,9.5,15,1.2,4.33,1
871462,2023-05-27 13:30:00,2022,Regular Season - 34,78,Bundesliga,173,174,RB Leipzig,FC Schalke 04,4,2,1.6,4.4,5,1.3,3,1
871463,2023-05-27 13:30:00,2022,Regular Season - 34,78,Bundesliga,182,162,Union Berlin,Werder Bremen,1,0,1.4,4.6,7.5,1.67,2.15,1
871464,2023-05-27 13:30:00,2022,Regular Season - 34,78,Bundesliga,192,157,1.FC Köln,Bayern Munich,1,2,8,6,1.3,1.22,4.1,1
871465,2023-05-27 13:30:00,2022,Regular Season - 34,78,Bundesliga,163,170,Borussia Monchengladbach,FC Augsburg,2,0,2.15,3.8,3.1,1.47,2.63,1
871466,2023-05-27 13:30:00,2022,Regular Season - 34,78,Bundesliga,169,160,Eintracht Frankfurt,SC Freiburg,2,1,2.4,3.9,2.75,1.53,2.45,1
871467,2023-05-27 13:30:00,2022,Regular Season - 34,78,Bundesliga,161,159,VfL Wolfsburg,Hertha Berlin,1,2,1.33,5.5,8.5,1.4,2.88,1
871468,2023-05-27 13:30:00,2022,Regular Season - 34,78,Bundesliga,176,168,Vfl Bochum,Bayer Leverkusen,3,0,3.3,4.1,2,1.47,2.63,1
871469,2023-05-27 13:30:00,2022,Regular Season - 34,78,Bundesliga,172,167,VfB Stuttgart,1899 Hoffenheim,1,1,1.6,4.6,5,1.47,2.63,1
882141,2023-05-27 16:00:00,2022,Regular Season - 37,135,Serie A,502,497,Fiorentina,AS Roma,2,1,2.05,3.2,3.8,2.2,1.61,1
878311,2023-05-27 17:00:00,2022,Regular Season - 37,140,La Liga,536,541,Sevilla,Real Madrid,1,2,2.88,3.4,2.45,1.8,2,1
882146,2023-05-27 18:45:00,2022,Regular Season - 37,135,Serie A,505,499,Inter,Atalanta,3,2,1.91,3.98,4.12,1.78,2.19,1
882148,2023-05-28 10:30:00,2022,Regular Season - 37,135,Serie A,504,511,Verona,Empoli,1,1,1.72,4.28,5,2,1.94,1
882140,2023-05-28 13:00:00,2022,Regular Season - 37,135,Serie A,500,492,Bologna,Napoli,2,2,3.45,3.55,2.08,1.94,1.85,1
882149,2023-05-28 13:00:00,2022,Regular Season - 37,135,Serie A,1579,867,Monza,Lecce,0,1,2.62,3.3,3.1,2.38,1.64,1
868316,2023-05-28 15:30:00,2022,Regular Season - 38,39,Premier League,42,39,Arsenal,Wolves,5,0,1.35,5.5,7.5,1.36,3,1
868317,2023-05-28 15:30:00,2022,Regular Season - 38,39,Premier League,66,51,Aston Villa,Brighton,2,1,2.05,3.7,3.4,1.57,2.3,1
868318,2023-05-28 15:30:00,2022,Regular Season - 38,39,Premier League,55,50,Brentford,Manchester City,1,0,4.2,4.1,1.85,1.57,2.38,1
868319,2023-05-28 15:30:00,2022,Regular Season - 38,39,Premier League,49,34,Chelsea,Newcastle,1,1,2.87,3.55,2.38,1.68,2.15,1
868320,2023-05-28 15:30:00,2022,Regular Season - 38,39,Premier League,52,65,Crystal Palace,Nottingham Forest,1,1,1.71,4,4.6,1.66,2.18,1
868321,2023-05-28 15:30:00,2022,Regular Season - 38,39,Premier League,45,35,Everton,Bournemouth,1,0,1.5,4.5,6.2,1.69,2.14,1
868322,2023-05-28 15:30:00,2022,Regular Season - 38,39,Premier League,63,47,Leeds,Tottenham,1,4,2.6,3.9,2.38,1.4,2.75,1
868323,2023-05-28 15:30:00,2022,Regular Season - 38,39,Premier League,46,48,Leicester,West Ham,2,1,1.94,3.9,3.6,1.64,2.22,1
868324,2023-05-28 15:30:00,2022,Regular Season - 38,39,Premier League,33,36,Manchester United,Fulham,2,1,1.5,4.75,5.5,1.4,2.75,1
868325,2023-05-28 15:30:00,2022,Regular Season - 38,39,Premier League,41,40,Southampton,Liverpool,4,4,6.5,4.8,1.44,1.36,2.9,1
882147,2023-05-28 16:00:00,2022,Regular Season - 37,135,Serie A,487,520,Lazio,Cremonese,3,2,1.22,6,13,1.53,2.4,1
878303,2023-05-28 17:00:00,2022,Regular Season - 37,140,La Liga,530,548,Atletico Madrid,Real Sociedad,2,1,2.15,3.4,3.5,1.87,1.9,1
878304,2023-05-28 17:00:00,2022,Regular Season - 37,140,La Liga,529,798,Barcelona,Mallorca,3,0,1.29,5.5,10,1.53,2.38,1
878307,2023-05-28 17:00:00,2022,Regular Season - 37,140,La Liga,728,533,Rayo Vallecano,Villarreal,2,1,3.1,3.7,2.2,1.65,2.2,1
878308,2023-05-28 17:00:00,2022,Regular Season - 37,140,La Liga,723,720,Almeria,Valladolid,0,0,2.25,3.5,3,1.73,2,1
878309,2023-05-28 17:00:00,2022,Regular Season - 37,140,La Liga,547,543,Girona,Real Betis,1,2,2,3.5,3.6,1.85,1.85,1
882142,2023-05-28 18:45:00,2022,Regular Season - 37,135,Serie A,496,489,Juventus,AC Milan,0,1,2.45,3.5,3.11,2.14,1.83,1
882156,2023-06-02 18:30:00,2022,Regular Season - 38,135,Serie A,488,502,Sassuolo,Fiorentina,1,3,2.55,3.9,2.5,1.47,2.63,1
882158,2023-06-03 16:30:00,2022,Regular Season - 38,135,Serie A,503,505,Torino,Inter,0,1,2.7,3.55,2.84,1.99,1.96,1
882151,2023-06-03 19:00:00,2022,Regular Season - 38,135,Serie A,520,514,Cremonese,Salernitana,2,0,2.65,3.75,2.45,1.57,2.35,1
882152,2023-06-03 19:00:00,2022,Regular Season - 38,135,Serie A,511,487,Empoli,Lazio,0,2,3.35,3.8,2.04,1.7,2.17,1
878313,2023-06-04 16:30:00,2022,Regular Season - 38,140,La Liga,798,728,Mallorca,Rayo Vallecano,3,0,3.22,3.44,2.4,2.19,1.78,1
878314,2023-06-04 16:30:00,2022,Regular Season - 38,140,La Liga,548,536,Real Sociedad,Sevilla,2,1,1.73,4.18,5.05,1.84,2.11,1
878316,2023-06-04 16:30:00,2022,Regular Season - 38,140,La Liga,533,530,Villarreal,Atletico Madrid,2,2,2.77,3.88,2.52,1.64,2.46,1
882153,2023-06-04 16:30:00,2022,Regular Season - 38,135,Serie A,492,498,Napoli,Sampdoria,2,0,1.14,8,17,1.33,3.25,1
878312,2023-06-04 19:00:00,2022,Regular Season - 38,140,La Liga,543,532,Real Betis,Valencia,1,1,2.86,3.76,2.5,1.78,2.19,1
878317,2023-06-04 19:00:00,2022,Regular Season - 38,140,La Liga,538,529,Celta Vigo,Barcelona,2,1,2.81,3.74,2.54,1.81,2.17,1
878318,2023-06-04 19:00:00,2022,Regular Season - 38,140,La Liga,720,546,Valladolid,Getafe,0,0,2.29,3.44,3.44,2.31,1.71,1
882150,2023-06-04 19:00:00,2022,Regular Season - 38,135,Serie A,499,1579,Atalanta,Monza,5,2,1.62,4.5,5,1.53,2.45,1
882154,2023-06-04 19:00:00,2022,Regular Season - 38,135,Serie A,497,515,AS Roma,Spezia,2,1,1.98,3.75,3.82,2.01,1.86,1
882155,2023-06-04 19:00:00,2022,Regular Season - 38,135,Serie A,867,500,Lecce,Bologna,2,3,2.87,3.46,2.53,1.93,1.93,1
882157,2023-06-04 19:00:00,2022,Regular Season - 38,135,Serie A,489,504,AC Milan,Verona,3,1,1.74,3.75,4.7,1.91,1.89,1
882159,2023-06-04 19:00:00,2022,Regular Season - 38,135,Serie A,494,496,Udinese,Juventus,0,1,4.08,3.78,1.9,1.85,2.03,1
1030674,2023-06-11 18:45:00,2022,Relegation Decider,135,Serie A,515,504,Spezia,Verona,1,3,3.03,3.15,2.72,2.56,1.6,1
1035037,2023-08-11 19:00:00,2023,Regular Season - 1,39,Premier League,44,50,Burnley,Manchester City,0,3,10.9,6.03,1.32,1.66,2.42,1
1035038,2023-08-12 11:30:00,2023,Regular Season - 1,39,Premier League,42,65,Arsenal,Nottingham Forest,2,1,1.17,7,17,1.44,2.62,1
1035039,2023-08-12 14:00:00,2023,Regular Season - 1,39,Premier League,35,48,Bournemouth,West Ham,1,1,2.72,3.62,2.69,1.94,2,1
1035040,2023-08-12 14:00:00,2023,Regular Season - 1,39,Premier League,51,1359,Brighton,Luton,4,1,1.3,5.5,9.5,1.62,2.2,1
1035041,2023-08-12 14:00:00,2023,Regular Season - 1,39,Premier League,45,36,Everton,Fulham,0,1,2.27,3.57,3.4,2.04,1.91,1
1035042,2023-08-12 14:00:00,2023,Regular Season - 1,39,Premier League,62,52,Sheffield Utd,Crystal Palace,0,1,3.19,3.42,2.44,2.26,1.74,1
1037960,2023-08-12 15:00:00,2023,Regular Season - 1,140,La Liga,548,547,Real Sociedad,Girona,1,1,1.65,4.1,5.75,1.93,1.87,1
1035043,2023-08-12 16:30:00,2023,Regular Season - 1,39,Premier League,34,66,Newcastle,Aston Villa,5,1,1.8,4.08,4.66,1.82,2.15,1
1037957,2023-08-12 17:30:00,2023,Regular Season - 1,140,La Liga,534,798,Las Palmas,Mallorca,1,1,2.38,3,3.25,2.62,1.44,1
1035044,2023-08-13 13:00:00,2023,Regular Season - 1,39,Premier League,55,47,Brentford,Tottenham,2,2,2.7,3.81,2.62,1.74,2.28,1
1035045,2023-08-13 15:30:00,2023,Regular Season - 1,39,Premier League,49,40,Chelsea,Liverpool,1,1,3,3.73,2.42,1.64,2.46,1
1037959,2023-08-13 17:30:00,2023,Regular Season - 1,140,La Liga,533,543,Villarreal,Real Betis,1,2,1.8,3.75,4.25,1.67,2.14,1
1037958,2023-08-13 19:30:00,2023,Regular Season - 1,140,La Liga,546,529,Getafe,Barcelona,0,0,7,4,1.49,2.08,1.7,1
1035046,2023-08-14 19:00:00,2023,Regular Season - 1,39,Premier League,33,39,Manchester United,Wolves,1,0,1.31,6.24,11,1.63,2.48,1
1037964,2023-08-18 17:30:00,2023,Regular Season - 2,140,La Liga,798,533,Mallorca,Villarreal,0,1,3.1,3,2.5,2.55,1.51,1
1035053,2023-08-18 18:45:00,2023,Regular Season - 2,39,Premier League,65,62,Nottingham Forest,Sheffield Utd,2,1,1.83,3.5,4.33,2.2,1.62,1
1037971,2023-08-18 19:30:00,2023,Regular Season - 2,140,La Liga,532,534,Valencia,Las Palmas,1,0,1.74,3.55,5.15,2.33,1.61,1
1048884,2023-08-19 13:30:00,2023,Regular Season - 1,78,Bundesliga,168,173,Bayer Leverkusen,RB Leipzig,3,2,2.47,3.55,2.75,1.67,2.17,1
1048886,2023-08-19 13:30:00,2023,Regular Season - 1,78,Bundesliga,161,180,VfL Wolfsburg,FC Heidenheim,2,0,1.57,4.4,5,1.6,2.25,1
1048887,2023-08-19 13:30:00,2023,Regular Season - 1,78,Bundesliga,167,160,1899 Hoffenheim,SC Freiburg,1,2,2.3,3.6,2.97,1.66,2.2,1
1048888,2023-08-19 13:30:00,2023,Regular Season - 1,78,Bundesliga,170,163,FC Augsburg,Borussia Monchengladbach,4,4,2.74,3.6,2.46,1.6,2.3,1
1048889,2023-08-19 13:30:00,2023,Regular Season - 1,78,Bundesliga,172,176,VfB Stuttgart,Vfl Bochum,5,0,1.69,4.2,4.6,1.6,2.31,1
1035049,2023-08-19 14:00:00,2023,Regular Season - 2,39,Premier League,36,55,Fulham,Brentford,0,3,2.62,3.4,2.6,1.91,1.8,1
1035050,2023-08-19 14:00:00,2023,Regular Season - 2,39,Premier League,40,35,Liverpool,Bournemouth,3,1,1.2,7,12,1.33,3.25,1
1035056,2023-08-19 14:00:00,2023,Regular Season - 2,39,Premier League,39,51,Wolves,Brighton,1,4,3.9,3.8,1.85,1.67,2.1,1
1037969,2023-08-19 15:00:00,2023,Regular Season - 2,140,La Liga,548,538,Real Sociedad,Celta Vigo,1,1,1.82,3.64,5.22,2.46,1.64,1
1035054,2023-08-19 16:30:00,2023,Regular Season - 2,39,Premier League,47,33,Tottenham,Manchester United,2,0,2.75,3.8,2.3,1.53,2.38,1
1037962,2023-08-19 17:30:00,2023,Regular Season - 2,140,La Liga,723,541,Almeria,Real Madrid,1,3,8.1,5.25,1.43,1.67,2.4,1
1035052,2023-08-19 19:00:00,2023,Regular Season - 2,39,Premier League,50,34,Manchester City,Newcastle,1,0,1.67,4.2,4.6,1.73,2,1
1035047,2023-08-20 13:00:00,2023,Regular Season - 2,39,Premier League,66,45,Aston Villa,Everton,4,0,1.67,3.8,5,1.85,1.85,1
1048883,2023-08-20 13:30:00,2023,Regular Season - 1,78,Bundesliga,182,164,Union Berlin,FSV Mainz 05,4,1,1.93,3.55,4.25,2.12,1.73,1
1035055,2023-08-20 15:30:00,2023,Regular Season - 2,39,Premier League,48,49,West Ham,Chelsea,3,1,3.5,3.5,2.05,1.85,1.85,1
1048885,2023-08-20 15:30:00,2023,Regular Season - 1,78,Bundesliga,169,181,Eintracht Frankfurt,SV Darmstadt 98,1,0,1.42,4.9,8,1.65,2.25,1
1052259,2023-08-20 16:30:00,2023,Regular Season - 1,135,Serie A,497,514,AS Roma,Salernitana,2,2,1.53,4.1,6.5,2.07,1.76,1
1052260,2023-08-20 16:30:00,2023,Regular Season - 1,135,Serie A,488,499,Sassuolo,Atalanta,0,2,3.47,3.62,2.06,1.6,2.35,1
1052258,2023-08-20 18:45:00,2023,Regular Season - 1,135,Serie A,867,487,Lecce,Lazio,2,1,3.8,3.32,2.06,2.19,1.68,1
1052262,2023-08-20 18:45:00,2023,Regular Season - 1,135,Serie A,494,496,Udinese,Juventus,0,3,4.38,3.57,1.85,2.12,1.73,1
1037968,2023-08-20 19:30:00,2023,Regular Season - 2,140,La Liga,543,530,Real Betis,Atletico Madrid,0,0,3.96,3.64,2.05,2.19,1.79,1
1052261,2023-08-21 16:30:00,2023,Regular Season - 1,135,Serie A,503,490,Torino,Cagliari,0,0,1.67,3.77,5.35,2.16,1.71,1
1052253,2023-08-21 18:45:00,2023,Regular Season - 1,135,Serie A,500,489,Bologna,AC Milan,0,2,3.92,3.5,1.96,2.05,1.78,1
1035048,2023-08-21 19:00:00,2023,Regular Season - 2,39,Premier League,52,42,Crystal Palace,Arsenal,0,1,5.8,4,1.57,1.85,1.85,1
1037965,2023-08-21 19:30:00,2023,Regular Season - 2,140,La Liga,715,728,Granada CF,Rayo Vallecano,0,2,2.56,3.31,3.09,2.48,1.63,1
1048891,2023-08-25 18:30:00,2023,Regular Season - 2,78,Bundesliga,173,172,RB Leipzig,VfB Stuttgart,5,1,1.5,4.6,6,1.57,2.3,1
1035062,2023-08-25 19:00:00,2023,Regular Season - 3,39,Premier League,49,1359,Chelsea,Luton,3,0,1.22,6.5,12,1.53,2.38,1
1037973,2023-08-25 19:30:00,2023,Regular Season - 3,140,La Liga,538,541,Celta Vigo,Real Madrid,0,1,5.22,4.13,1.72,1.81,2.17,1
1035057,2023-08-26 11:30:00,2023,Regular Season - 3,39,Premier League,35,47,Bournemouth,Tottenham,0,2,3.6,3.8,1.91,1.57,2.3,1
1048892,2023-08-26 13:30:00,2023,Regular Season - 2,78,Bundesliga,160,162,SC Freiburg,Werder Bremen,1,0,1.7,3.95,4.7,1.66,2.19,1
1048895,2023-08-26 13:30:00,2023,Regular Season - 2,78,Bundesliga,192,161,1.FC Köln,VfL Wolfsburg,1,2,2.34,3.55,2.94,1.7,2.11,1
1048896,2023-08-26 13:30:00,2023,Regular Season - 2,78,Bundesliga,176,165,Vfl Bochum,Borussia Dortmund,1,1,7,5.5,1.36,1.36,3,1
1048897,2023-08-26 13:30:00,2023,Regular Season - 2,78,Bundesliga,180,167,FC Heidenheim,1899 Hoffenheim,2,3,2.98,3.65,2.28,1.65,2.2,1
1048898,2023-08-26 13:30:00,2023,Regular Season - 2,78,Bundesliga,181,182,SV Darmstadt 98,Union Berlin,1,4,3.85,3.42,2.01,2.06,1.74,1
1035058,2023-08-26 14:00:00,2023,Regular Season - 3,39,Premier League,42,36,Arsenal,Fulham,2,2,1.18,7,15,1.44,2.62,1
1035059,2023-08-26 14:00:00,2023,Regular Season - 3,39,Premier League,55,52,Brentford,Crystal Palace,1,1,2.1,3.4,3.57,2.08,1.75,1
1035063,2023-08-26 14:00:00,2023,Regular Season - 3,39,Premier League,45,39,Everton,Wolves,0,1,2.32,3.32,3.15,2.11,1.74,1
1035064,2023-08-26 14:00:00,2023,Regular Season - 3,39,Premier League,33,65,Manchester United,Nottingham Forest,3,2,1.3,5.5,9,1.5,2.5,1
1035060,2023-08-26 16:30:00,2023,Regular Season - 3,39,Premier League,51,48,Brighton,West Ham,1,3,1.44,4.75,6,1.5,2.5,1
1048894,2023-08-26 16:30:00,2023,Regular Season - 2,78,Bundesliga,163,168,Borussia Monchengladbach,Bayer Leverkusen,0,3,3.6,4.2,1.85,1.5,2.5,1
1052265,2023-08-26 16:30:00,2023,Regular Season - 2,135,Serie A,512,499,Frosinone,Atalanta,2,1,5,4.4,1.57,1.7,2.05,1
1052270,2023-08-26 16:30:00,2023,Regular Season - 2,135,Serie A,1579,511,Monza,Empoli,2,0,1.91,3.5,4,2,1.73,1
1052266,2023-08-26 18:45:00,2023,Regular Season - 2,135,Serie A,504,497,Verona,AS Roma,2,1,4.4,3.4,1.85,2.3,1.57,1
1052269,2023-08-26 18:45:00,2023,Regular Season - 2,135,Serie A,489,503,AC Milan,Torino,4,1,1.57,4,5.8,2.1,1.67,1
1037979,2023-08-26 19:30:00,2023,Regular Season - 3,140,La Liga,536,547,Sevilla,Girona,1,2,2.16,3.5,3.75,2.01,1.93,1
1035061,2023-08-27 13:00:00,2023,Regular Season - 3,39,Premier League,44,66,Burnley,Aston Villa,1,3,3.28,3.5,2.18,1.81,2,1
1035066,2023-08-27 13:00:00,2023,Regular Season - 3,39,Premier League,62,50,Sheffield Utd,Manchester City,1,2,17,7.5,1.15,1.6,2.25,1
1048893,2023-08-27 13:30:00,2023,Regular Season - 2,78,Bundesliga,164,169,FSV Mainz 05,Eintracht Frankfurt,1,1,2.43,3.6,2.78,1.69,2.13,1
1035065,2023-08-27 15:30:00,2023,Regular Season - 3,39,Premier League,34,40,Newcastle,Liverpool,1,2,2.1,4,2.9,1.44,2.62,1
1037978,2023-08-27 15:30:00,2023,Regular Season - 3,140,La Liga,533,529,Villarreal,Barcelona,3,4,3.67,3.79,2.09,1.76,2.24,1
1048890,2023-08-27 15:30:00,2023,Regular Season - 2,78,Bundesliga,157,170,Bayern Munich,FC Augsburg,3,1,1.07,12,23,1.2,4.33,1
1052264,2023-08-27 16:30:00,2023,Regular Season - 2,135,Serie A,502,867,Fiorentina,Lecce,2,2,1.55,4.2,5.8,2,1.73,1
1052267,2023-08-27 16:30:00,2023,Regular Season - 2,135,Serie A,496,500,Juventus,Bologna,1,1,1.5,4.33,6.5,1.91,1.8,1
1052268,2023-08-27 18:45:00,2023,Regular Season - 2,135,Serie A,487,495,Lazio,Genoa,0,1,1.55,4,6,2,1.73,1
1052271,2023-08-27 18:45:00,2023,Regular Season - 2,135,Serie A,492,488,Napoli,Sassuolo,2,0,1.29,5.8,9.5,1.44,2.62,1
1052272,2023-08-28 16:30:00,2023,Regular Season - 2,135,Serie A,514,494,Salernitana,Udinese,1,1,2.75,3.4,2.5,2,1.73,1
1052263,2023-08-28 18:45:00,2023,Regular Season - 2,135,Serie A,490,505,Cagliari,Inter,0,2,7.08,4.71,1.51,1.79,2.19,1
1037977,2023-08-28 19:30:00,2023,Regular Season - 3,140,La Liga,728,530,Rayo Vallecano,Atletico Madrid,0,7,3.97,3.6,2.06,2.21,1.77,1
1048899,2023-09-01 18:30:00,2023,Regular Season - 3,78,Bundesliga,165,180,Borussia Dortmund,FC Heidenheim,2,2,1.25,6.5,12,1.3,3,1
1035074,2023-09-01 19:00:00,2023,Regular Season - 4,39,Premier League,1359,48,Luton,West Ham,1,2,4.2,3.75,1.8,1.91,1.8,1
1037991,2023-09-02 12:00:00,2023,Regular Season - 4,140,La Liga,548,715,Real Sociedad,Granada CF,5,3,1.46,4.6,6.9,1.78,2.01,1
1048901,2023-09-02 13:30:00,2023,Regular Season - 3,78,Bundesliga,168,181,Bayer Leverkusen,SV Darmstadt 98,5,1,1.2,7,13,1.36,2.7,1
1035068,2023-09-02 14:00:00,2023,Regular Season - 4,39,Premier League,55,35,Brentford,Bournemouth,2,2,1.73,3.97,4.55,1.72,2.13,1
1035070,2023-09-02 14:00:00,2023,Regular Season - 4,39,Premier League,44,47,Burnley,Tottenham,2,5,3.8,4,1.86,1.63,2.24,1
1035071,2023-09-02 14:00:00,2023,Regular Season - 4,39,Premier League,49,65,Chelsea,Nottingham Forest,0,1,1.39,5.05,7.65,1.62,2.31,1
1052274,2023-09-02 16:30:00,2023,Regular Season - 3,135,Serie A,500,490,Bologna,Cagliari,2,1,1.71,3.8,4.93,1.91,1.9,1
1052282,2023-09-02 16:30:00,2023,Regular Season - 3,135,Serie A,494,512,Udinese,Frosinone,0,0,1.81,3.7,4.4,1.92,1.89,1
1052273,2023-09-02 18:45:00,2023,Regular Season - 3,135,Serie A,499,1579,Atalanta,Monza,3,0,1.63,4.13,5.15,1.72,2.13,1
1037986,2023-09-03 12:00:00,2023,Regular Season - 4,140,La Liga,547,534,Girona,Las Palmas,1,0,1.62,3.9,5.6,1.98,1.81,1
1048902,2023-09-03 13:30:00,2023,Regular Season - 3,78,Bundesliga,169,192,Eintracht Frankfurt,1.FC Köln,1,1,2.19,3.48,3.52,1.99,1.89,1
1048900,2023-09-03 15:30:00,2023,Regular Season - 3,78,Bundesliga,182,173,Union Berlin,RB Leipzig,0,3,3.15,3.54,2.34,1.92,1.97,1
1052281,2023-09-03 16:30:00,2023,Regular Season - 3,135,Serie A,503,495,Torino,Genoa,1,0,2.06,3.27,3.88,2.36,1.6,1
1052275,2023-09-03 18:45:00,2023,Regular Season - 3,135,Serie A,511,496,Empoli,Juventus,0,2,5.48,4,1.67,1.93,1.95,1
1048911,2023-09-16 13:30:00,2023,Regular Season - 4,78,Bundesliga,161,182,VfL Wolfsburg,Union Berlin,2,1,2.28,3.65,3.31,1.96,1.98,1
1048913,2023-09-16 13:30:00,2023,Regular Season - 4,78,Bundesliga,192,167,1.FC Köln,1899 Hoffenheim,1,3,2.31,3.91,3.06,1.66,2.42,1
1035078,2023-09-16 14:00:00,2023,Regular Season - 5,39,Premier League,66,52,Aston Villa,Crystal Palace,3,1,1.91,3.7,4,1.86,1.92,1
1037998,2023-09-16 14:15:00,2023,Regular Season - 5,140,La Liga,532,530,Valencia,Atletico Madrid,3,0,4.04,3.35,2.13,2.23,1.77,1
1052288,2023-09-16 16:00:00,2023,Regular Season - 4,135,Serie A,505,489,Inter,AC Milan,5,1,2.13,3.5,3.36,1.86,1.92,1
1035082,2023-09-16 16:30:00,2023,Regular Season - 5,39,Premier League,34,55,Newcastle,Brentford,1,0,1.54,4.4,5.8,1.66,2.18,1
1048914,2023-09-16 16:30:00,2023,Regular Season - 4,78,Bundesliga,176,169,Vfl Bochum,Eintracht Frankfurt,1,1,2.89,3.6,2.34,1.71,2.11,1
1052286,2023-09-16 18:45:00,2023,Regular Season - 4,135,Serie A,495,492,Genoa,Napoli,2,2,5,3.95,1.67,1.78,2.01,1
1037993,2023-09-16 19:00:00,2023,Regular Season - 5,140,La Liga,529,543,Barcelona,Real Betis,5,0,1.38,5.2,7.6,1.56,2.39,1
1052283,2023-09-17 10:30:00,2023,Regular Season - 4,135,Serie A,490,494,Cagliari,Udinese,0,0,2.82,3.28,2.56,2.07,1.74,1
1035077,2023-09-17 13:00:00,2023,Regular Season - 5,39,Premier League,35,49,Bournemouth,Chelsea,0,0,4.2,4,1.79,1.6,2.31,1
1052285,2023-09-17 13:00:00,2023,Regular Season - 4,135,Serie A,512,488,Frosinone,Sassuolo,4,2,2.83,3.46,2.45,1.8,1.99,1
1052290,2023-09-17 13:00:00,2023,Regular Season - 4,135,Serie A,1579,867,Monza,Lecce,1,1,2.14,3.4,3.48,2.09,1.73,1
1048915,2023-09-17 13:30:00,2023,Regular Season - 4,78,Bundesliga,180,162,FC Heidenheim,Werder Bremen,4,2,2.35,3.85,2.75,1.61,2.28,1
1035079,2023-09-17 15:30:00,2023,Regular Season - 5,39,Premier League,45,42,Everton,Arsenal,0,1,6,4.6,1.51,1.64,2.23,1
1048916,2023-09-17 15:30:00,2023,Regular Season - 4,78,Bundesliga,181,163,SV Darmstadt 98,Borussia Monchengladbach,3,3,2.91,3.6,2.34,1.75,2.06,1
1052284,2023-09-17 16:00:00,2023,Regular Season - 4,135,Serie A,502,499,Fiorentina,Atalanta,3,2,2.48,3.5,2.76,1.76,2.03,1
1038000,2023-09-17 16:30:00,2023,Regular Season - 5,140,La Liga,536,534,Sevilla,Las Palmas,1,0,1.7,4.04,5.59,2.07,1.88,1
1052291,2023-09-17 18:45:00,2023,Regular Season - 4,135,Serie A,497,511,AS Roma,Empoli,7,0,1.44,4.6,7.5,1.88,1.9,1
1037996,2023-09-17 19:00:00,2023,Regular Season - 5,140,La Liga,541,548,Real Madrid,Real Sociedad,2,1,1.65,3.9,5,1.85,1.85,1
1052292,2023-09-18 16:30:00,2023,Regular Season - 4,135,Serie A,514,503,Salernitana,Torino,0,3,3.48,3.22,2.22,2.24,1.63,1
1035083,2023-09-18 18:45:00,2023,Regular Season - 5,39,Premier League,65,44,Nottingham Forest,Burnley,1,1,2.25,3.48,3.16,1.91,1.88,1
1052287,2023-09-18 18:45:00,2023,Regular Season - 4,135,Serie A,504,500,Verona,Bologna,0,0,3.1,3.32,2.35,2.06,1.75,1
1038006,2023-09-23 12:00:00,2023,Regular Season - 6,140,La Liga,547,798,Girona,Mallorca,5,3,1.91,3.4,4.33,2.3,1.57,1
1048919,2023-09-23 13:30:00,2023,Regular Season - 5,78,Bundesliga,182,167,Union Berlin,1899 Hoffenheim,0,2,2.16,3.79,3.46,1.84,2.12,1
1035092,2023-09-23 14:00:00,2023,Regular Season - 6,39,Premier League,52,36,Crystal Palace,Fulham,0,0,1.95,3.5,3.9,1.85,1.85,1
1035094,2023-09-23 14:00:00,2023,Regular Season - 6,39,Premier League,1359,39,Luton,Wolves,1,1,3.2,3.4,2.2,1.85,1.85,1
1035095,2023-09-23 14:00:00,2023,Regular Season - 6,39,Premier League,50,65,Manchester City,Nottingham Forest,2,0,1.12,8,21,1.36,3,1
1035088,2023-09-23 16:30:00,2023,Regular Season - 6,39,Premier League,55,45,Brentford,Everton,1,3,1.87,3.87,4.48,1.97,1.97,1
1038004,2023-09-23 16:30:00,2023,Regular Season - 6,140,La Liga,529,538,Barcelona,Celta Vigo,3,2,1.25,5.8,11,1.53,2.38,1
1048923,2023-09-23 16:30:00,2023,Regular Season - 5,78,Bundesliga,162,192,Werder Bremen,1.FC Köln,2,1,2.6,3.77,2.73,1.75,2.25,1
1035090,2023-09-23 19:00:00,2023,Regular Season - 6,39,Premier League,44,33,Burnley,Manchester United,0,1,4.45,4.25,1.8,1.66,2.42,1
1038002,2023-09-23 19:00:00,2023,Regular Season - 6,140,La Liga,723,532,Almeria,Valencia,2,2,3,3.5,2.25,1.85,1.85,1
1038010,2023-09-24 12:00:00,2023,Regular Season - 6,140,La Liga,548,546,Real Sociedad,Getafe,4,3,1.58,3.7,6.9,2.52,1.51,1
1035091,2023-09-24 13:00:00,2023,Regular Season - 6,39,Premier League,49,66,Chelsea,Aston Villa,0,1,1.88,3.9,3.85,1.62,2.27,1
1052293,2023-09-24 13:00:00,2023,Regular Season - 5,135,Serie A,499,490,Atalanta,Cagliari,2,0,1.4,5,7.5,1.66,2.19,1
1052302,2023-09-24 13:00:00,2023,Regular Season - 5,135,Serie A,494,502,Udinese,Fiorentina,0,2,3.12,3.44,2.28,1.91,1.88,1
1038008,2023-09-24 14:15:00,2023,Regular Season - 6,140,La Liga,728,533,Rayo Vallecano,Villarreal,1,1,2.54,3.55,2.67,1.74,2.08,1
1035096,2023-09-24 15:30:00,2023,Regular Season - 6,39,Premier League,62,34,Sheffield Utd,Newcastle,0,8,6.7,4.7,1.46,1.69,2.13,1
1048921,2023-09-24 15:30:00,2023,Regular Season - 5,78,Bundesliga,169,160,Eintracht Frankfurt,SC Freiburg,0,0,2.17,3.6,3.22,1.81,1.98,1
1038011,2023-09-24 16:30:00,2023,Regular Season - 6,140,La Liga,534,715,Las Palmas,Granada CF,1,0,2.03,3.46,3.75,2.01,1.78,1
1052301,2023-09-24 18:45:00,2023,Regular Season - 5,135,Serie A,503,497,Torino,AS Roma,1,1,3.08,2.99,2.55,2.51,1.51,1
1038003,2023-09-24 19:00:00,2023,Regular Season - 6,140,La Liga,530,541,Atletico Madrid,Real Madrid,3,1,2.74,3.4,2.56,1.97,1.83,1
1052307,2023-09-27 16:30:00,2023,Regular Season - 6,135,Serie A,504,499,Verona,Atalanta,0,1,4.55,3.73,1.85,2,1.89,1
1038018,2023-09-27 17:00:00,2023,Regular Season - 7,140,La Liga,533,547,Villarreal,Girona,1,2,2.3,3.68,3.23,1.66,2.42,1
1052305,2023-09-28 16:30:00,2023,Regular Season - 6,135,Serie A,512,502,Frosinone,Fiorentina,1,1,3.75,3.65,1.97,1.8,1.99,1
1052311,2023-09-28 16:30:00,2023,Regular Season - 6,135,Serie A,1579,500,Monza,Bologna,0,0,2.5,3.34,3.05,2.04,1.85,1
1038017,2023-09-28 17:00:00,2023,Regular Season - 7,140,La Liga,715,543,Granada CF,Real Betis,1,1,2.92,3.42,2.42,1.91,1.88,1
1052306,2023-09-28 18:45:00,2023,Regular Season - 6,135,Serie A,495,497,Genoa,AS Roma,4,1,3.8,3.2,2.11,2.34,1.58,1
1048931,2023-09-29 18:30:00,2023,Regular Season - 6,78,Bundesliga,167,165,1899 Hoffenheim,Borussia Dortmund,1,3,3,3.8,2.15,1.36,2.8,1
1048928,2023-09-30 13:30:00,2023,Regular Season - 6,78,Bundesliga,161,169,VfL Wolfsburg,Eintracht Frankfurt,2,0,2.1,3.4,3.5,1.83,1.8,1
1048929,2023-09-30 13:30:00,2023,Regular Season - 6,78,Bundesliga,164,168,FSV Mainz 05,Bayer Leverkusen,0,3,5.8,4.33,1.53,1.5,2.35,1
1048930,2023-09-30 13:30:00,2023,Regular Season - 6,78,Bundesliga,192,172,1.FC Köln,VfB Stuttgart,0,2,2.8,3.5,2.4,1.6,2.1,1
1048932,2023-09-30 13:30:00,2023,Regular Season - 6,78,Bundesliga,176,163,Vfl Bochum,Borussia Monchengladbach,1,3,2.3,3.6,2.87,1.5,2.3,1
1048933,2023-09-30 13:30:00,2023,Regular Season - 6,78,Bundesliga,180,182,FC Heidenheim,Union Berlin,1,0,3.1,3.5,2.25,1.67,2,1
1035099,2023-09-30 14:00:00,2023,Regular Season - 7,39,Premier League,45,1359,Everton,Luton,1,2,1.6,3.95,6,2,1.79,1
1035105,2023-09-30 14:00:00,2023,Regular Season - 7,39,Premier League,48,62,West Ham,Sheffield Utd,2,0,1.46,4.7,6.6,1.64,2.22,1
1048926,2023-09-30 16:30:00,2023,Regular Season - 6,78,Bundesliga,173,157,RB Leipzig,Bayern Munich,2,2,3.6,3.9,1.91,1.4,2.62,1
1052314,2023-10-01 10:30:00,2023,Regular Season - 7,135,Serie A,500,511,Bologna,Empoli,3,0,1.65,4.12,5.51,1.93,1.96,1
1052322,2023-10-01 13:00:00,2023,Regular Season - 7,135,Serie A,494,495,Udinese,Genoa,2,2,2.37,3.1,3.2,2.3,1.57,1
1048934,2023-10-01 13:30:00,2023,Regular Season - 6,78,Bundesliga,181,162,SV Darmstadt 98,Werder Bremen,4,2,2.77,3.7,2.38,1.67,2.17,1
1052313,2023-10-01 16:00:00,2023,Regular Season - 7,135,Serie A,499,496,Atalanta,Juventus,0,0,2.66,3.51,2.73,1.97,1.92,1
1038025,2023-10-01 19:00:00,2023,Regular Season - 8,140,La Liga,543,532,Real Betis,Valencia,3,0,2.29,3.26,3.26,2.15,1.69,1
1035100,2023-10-02 19:00:00,2023,Regular Season - 7,39,Premier League,36,49,Fulham,Chelsea,0,2,3.98,3.48,2.04,2.02,1.87,1
1038030,2023-10-02 19:00:00,2023,Regular Season - 8,140,La Liga,534,538,Las Palmas,Celta Vigo,2,1,2.61,3.16,2.85,2.25,1.62,1
1035051,2023-10-03 18:30:00,2023,Regular Season - 2,39,Premier League,1359,44,Luton,Burnley,1,2,2.8,3.3,2.5,2.05,1.7,1
1048940,2023-10-06 18:30:00,2023,Regular Season - 7,78,Bundesliga,163,164,Borussia Monchengladbach,FSV Mainz 05,2,2,2.1,3.6,3.25,1.57,2.15,1
1048936,2023-10-07 13:30:00,2023,Regular Season - 7,78,Bundesliga,165,182,Borussia Dortmund,Union Berlin,4,2,1.63,4.39,5.77,1.69,2.36,1
1048942,2023-10-07 13:30:00,2023,Regular Season - 7,78,Bundesliga,170,181,FC Augsburg,SV Darmstadt 98,1,2,1.89,3.8,3.9,1.68,2.16,1
1035109,2023-10-07 14:00:00,2023,Regular Season - 8,39,Premier League,44,49,Burnley,Chelsea,1,4,4.78,4.05,1.79,1.87,2.08,1
1035111,2023-10-07 14:00:00,2023,Regular Season - 8,39,Premier League,45,35,Everton,Bournemouth,3,0,2.02,3.85,3.83,1.86,2.1,1
1035112,2023-10-07 14:00:00,2023,Regular Season - 8,39,Premier League,36,62,Fulham,Sheffield Utd,3,1,1.68,4.16,5.6,1.99,1.95,1
1035114,2023-10-07 14:00:00,2023,Regular Season - 8,39,Premier League,33,55,Manchester United,Brentford,2,1,1.73,4.32,4.88,1.72,2.3,1
1035110,2023-10-07 16:30:00,2023,Regular Season - 8,39,Premier League,52,65,Crystal Palace,Nottingham Forest,0,0,2.27,3.44,3.52,2.33,1.71,1
1052326,2023-10-07 18:45:00,2023,Regular Season - 8,135,Serie A,495,489,Genoa,AC Milan,0,1,4,3.5,1.91,1.85,1.85,1
1038041,2023-10-08 12:00:00,2023,Regular Season - 9,140,La Liga,533,534,Villarreal,Las Palmas,1,2,1.63,4.1,5.3,1.74,2.06,1
1035115,2023-10-08 13:00:00,2023,Regular Season - 8,39,Premier League,48,34,West Ham,Newcastle,2,2,3.56,3.91,2.09,1.74,2.28,1
1035116,2023-10-08 13:00:00,2023,Regular Season - 8,39,Premier League,39,66,Wolves,Aston Villa,1,1,3.48,3.87,2.13,1.75,2.25,1
1038032,2023-10-08 14:15:00,2023,Regular Season - 9,140,La Liga,530,548,Atletico Madrid,Real Sociedad,2,1,1.91,3.48,4.2,2.09,1.73,1
1052323,2023-10-08 16:00:00,2023,Regular Season - 8,135,Serie A,490,497,Cagliari,AS Roma,1,4,4.6,3.5,1.8,2.2,1.62,1
1038034,2023-10-08 16:30:00,2023,Regular Season - 9,140,La Liga,538,546,Celta Vigo,Getafe,2,2,2.06,3.18,4,2.51,1.52,1
1048939,2023-10-08 17:30:00,2023,Regular Season - 7,78,Bundesliga,169,180,Eintracht Frankfurt,FC Heidenheim,2,0,1.81,3.9,4.2,1.69,2.13,1
1048944,2023-10-20 18:30:00,2023,Regular Season - 8,78,Bundesliga,165,162,Borussia Dortmund,Werder Bremen,1,0,1.29,6,8.5,1.33,3.25,1
1048945,2023-10-21 13:30:00,2023,Regular Season - 8,78,Bundesliga,182,172,Union Berlin,VfB Stuttgart,0,3,2.49,3.5,2.75,1.78,2.02,1
1048946,2023-10-21 13:30:00,2023,Regular Season - 8,78,Bundesliga,160,176,SC Freiburg,Vfl Bochum,2,1,1.73,3.9,4.7,1.7,2.12,1
1048950,2023-10-21 13:30:00,2023,Regular Season - 8,78,Bundesliga,167,169,1899 Hoffenheim,Eintracht Frankfurt,1,3,2.14,3.88,3.44,1.74,2.28,1
1035117,2023-10-21 14:00:00,2023,Regular Season - 9,39,Premier League,35,39,Bournemouth,Wolves,1,2,2.45,3.49,3,1.86,2.03,1
1035119,2023-10-21 14:00:00,2023,Regular Season - 9,39,Premier League,55,44,Brentford,Burnley,3,0,1.8,3.6,4.4,1.85,1.87,1
1035123,2023-10-21 14:00:00,2023,Regular Season - 9,39,Premier League,34,52,Newcastle,Crystal Palace,4,0,1.46,4.64,7.69,1.85,2.04,1
1035124,2023-10-21 14:00:00,2023,Regular Season - 9,39,Premier League,65,1359,Nottingham Forest,Luton,2,2,1.64,3.9,5.4,2.02,1.77,1
1035125,2023-10-21 19:00:00,2023,Regular Season - 9,39,Premier League,62,33,Sheffield Utd,Manchester United,1,2,7.5,4.75,1.4,1.5,2.4,1
1038045,2023-10-21 19:00:00,2023,Regular Season - 10,140,La Liga,538,530,Celta Vigo,Atletico Madrid,0,3,3.65,3.53,2.12,2.01,1.88,1
1052338,2023-10-22 10:30:00,2023,Regular Season - 9,135,Serie A,497,1579,AS Roma,Monza,1,0,1.72,3.89,5.15,1.93,1.96,1
1038042,2023-10-22 12:00:00,2023,Regular Season - 10,140,La Liga,534,728,Las Palmas,Rayo Vallecano,0,1,2.69,3.31,2.93,2.42,1.66,1
1048949,2023-10-22 13:30:00,2023,Regular Season - 8,78,Bundesliga,192,163,1.FC Köln,Borussia Monchengladbach,3,1,2.4,3.92,2.91,1.63,2.48,1
1048951,2023-10-22 15:30:00,2023,Regular Season - 8,78,Bundesliga,180,170,FC Heidenheim,FC Augsburg,2,5,2.36,3.6,2.88,1.69,2.14,1
1052345,2023-10-27 18:45:00,2023,Regular Season - 10,135,Serie A,495,514,Genoa,Salernitana,1,0,1.85,3.42,4.6,2.15,1.69,1
1035132,2023-10-27 19:00:00,2023,Regular Season - 10,39,Premier League,52,47,Crystal Palace,Tottenham,1,2,4.4,3.75,1.8,1.7,2.05,1
1038059,2023-10-27 19:00:00,2023,Regular Season - 11,140,La Liga,547,538,Girona,Celta Vigo,1,0,1.8,3.95,4.2,1.67,2.2,1
1035131,2023-10-28 11:30:00,2023,Regular Season - 10,39,Premier League,49,55,Chelsea,Brentford,0,2,1.67,3.9,5.25,1.75,1.95,1
1038052,2023-10-28 12:00:00,2023,Regular Season - 11,140,La Liga,723,534,Almeria,Las Palmas,1,2,2.29,3.46,3.08,1.94,1.88,1
1035127,2023-10-28 14:00:00,2023,Regular Season - 10,39,Premier League,35,44,Bournemouth,Burnley,2,1,2.1,3.5,3.3,1.73,2,1
1035128,2023-10-28 14:00:00,2023,Regular Season - 10,39,Premier League,42,62,Arsenal,Sheffield Utd,5,0,1.12,9,21,1.36,3,1
1035136,2023-10-28 16:30:00,2023,Regular Season - 10,39,Premier League,39,34,Wolves,Newcastle,2,2,4.33,3.7,1.8,1.7,2.05,1
1038060,2023-10-28 16:30:00,2023,Regular Season - 11,140,La Liga,798,546,Mallorca,Getafe,0,0,2.25,3,3.5,2.62,1.44,1
1052343,2023-10-29 11:30:00,2023,Regular Season - 10,135,Serie A,490,512,Cagliari,Frosinone,4,3,2.35,3.6,3.21,2,1.94,1
1035135,2023-10-29 13:00:00,2023,Regular Season - 10,39,Premier League,48,45,West Ham,Everton,0,1,2.1,3.6,3.3,1.67,2.15,1
1035129,2023-10-29 14:00:00,2023,Regular Season - 10,39,Premier League,66,1359,Aston Villa,Luton,3,1,1.25,6,13,1.44,2.6,1
1035130,2023-10-29 14:00:00,2023,Regular Season - 10,39,Premier League,51,36,Brighton,Fulham,1,1,1.53,4.33,5.75,1.5,2.45,1
1048956,2023-10-29 14:30:00,2023,Regular Season - 9,78,Bundesliga,169,165,Eintracht Frankfurt,Borussia Dortmund,3,3,3.37,3.9,2.16,1.71,2.33,1
1038057,2023-10-29 15:15:00,2023,Regular Season - 11,140,La Liga,728,548,Rayo Vallecano,Real Sociedad,2,2,3.38,3.38,2.37,2.41,1.66,1
1035134,2023-10-29 15:30:00,2023,Regular Season - 10,39,Premier League,33,50,Manchester United,Manchester City,0,3,5.2,3.9,1.67,1.7,2.05,1
1038061,2023-10-29 20:00:00,2023,Regular Season - 11,140,La Liga,530,542,Atletico Madrid,Alaves,2,1,1.35,4.75,9,1.7,2.05,1
1038058,2023-10-30 20:00:00,2023,Regular Season - 11,140,La Liga,715,533,Granada CF,Villarreal,2,3,2.99,3.55,2.31,1.71,2.2,1
1048970,2023-11-03 19:30:00,2023,Regular Season - 10,78,Bundesliga,181,176,SV Darmstadt 98,Vfl Bochum,1,2,2.37,3.65,2.8,1.69,2.25,1
1038066,2023-11-03 20:00:00,2023,Regular Season - 12,140,La Liga,534,530,Las Palmas,Atletico Madrid,2,1,5.35,3.95,1.74,2.1,1.86,1
1035140,2023-11-04 12:30:00,2023,Regular Season - 11,39,Premier League,36,33,Fulham,Manchester United,0,1,3.18,3.6,2.17,1.77,2.1,1
1048963,2023-11-04 14:30:00,2023,Regular Season - 10,78,Bundesliga,182,169,Union Berlin,Eintracht Frankfurt,0,3,2.6,3.24,2.81,2.05,1.8,1
1048964,2023-11-04 14:30:00,2023,Regular Season - 10,78,Bundesliga,160,163,SC Freiburg,Borussia Monchengladbach,3,3,2.13,3.95,3.42,1.65,2.44,1
1048966,2023-11-04 14:30:00,2023,Regular Season - 10,78,Bundesliga,164,173,FSV Mainz 05,RB Leipzig,2,0,5.2,4.3,1.6,1.59,2.4,1
1048967,2023-11-04 14:30:00,2023,Regular Season - 10,78,Bundesliga,192,170,1.FC Köln,FC Augsburg,1,1,2.39,3.7,2.78,1.62,2.35,1
1035137,2023-11-04 15:00:00,2023,Regular Season - 11,39,Premier League,55,48,Brentford,West Ham,3,2,2.09,3.6,3.4,1.74,2.15,1
1035138,2023-11-04 15:00:00,2023,Regular Season - 11,39,Premier League,44,52,Burnley,Crystal Palace,0,2,2.81,3.22,2.61,2.25,1.69,1
1035139,2023-11-04 15:00:00,2023,Regular Season - 11,39,Premier League,45,51,Everton,Brighton,1,1,3.08,3.75,2.19,1.59,2.4,1
1035145,2023-11-04 15:00:00,2023,Regular Season - 11,39,Premier League,62,39,Sheffield Utd,Wolves,2,1,3.75,3.6,1.97,1.87,1.95,1
1052353,2023-11-04 17:00:00,2023,Regular Season - 11,135,Serie A,499,505,Atalanta,Inter,1,2,3.46,3.47,2.19,1.85,2.04,1
1035143,2023-11-04 17:30:00,2023,Regular Season - 11,39,Premier League,34,42,Newcastle,Arsenal,1,0,2.79,3.36,2.54,1.91,1.91,1
1038063,2023-11-04 17:30:00,2023,Regular Season - 12,140,La Liga,538,536,Celta Vigo,Sevilla,1,1,2.59,3.49,2.77,1.95,1.93,1
1052359,2023-11-04 19:45:00,2023,Regular Season - 11,135,Serie A,489,494,AC Milan,Udinese,0,1,1.47,4.6,6.7,1.77,2.1,1
1038067,2023-11-04 20:00:00,2023,Regular Season - 12,140,La Liga,548,529,Real Sociedad,Barcelona,0,1,3.35,3.55,2.21,1.93,1.95,1
1052358,2023-11-05 11:30:00,2023,Regular Season - 11,135,Serie A,504,1579,Verona,Monza,1,3,3.52,3.37,2.3,2.14,1.83,1
1035144,2023-11-05 14:00:00,2023,Regular Season - 11,39,Premier League,65,66,Nottingham Forest,Aston Villa,2,0,3.95,3.8,1.88,1.77,2.1,1
1052355,2023-11-05 14:00:00,2023,Regular Season - 11,135,Serie A,490,495,Cagliari,Genoa,2,1,2.62,3.2,2.6,2,1.73,1
1052356,2023-11-05 19:45:00,2023,Regular Season - 11,135,Serie A,502,496,Fiorentina,Juventus,0,1,2.94,3.3,2.56,2.08,1.83,1
1052357,2023-11-06 17:30:00,2023,Regular Season - 11,135,Serie A,512,511,Frosinone,Empoli,2,1,2.05,3.5,3.3,1.8,1.91,1
1052362,2023-11-06 19:45:00,2023,Regular Season - 11,135,Serie A,503,488,Torino,Sassuolo,2,1,2.19,3.34,3.6,2,1.89,1
1035146,2023-11-06 20:00:00,2023,Regular Season - 11,39,Premier League,47,49,Tottenham,Chelsea,1,4,2.1,3.85,3.2,1.67,2.3,1
1052371,2023-11-10 17:30:00,2023,Regular Season - 12,135,Serie A,488,514,Sassuolo,Salernitana,2,2,1.75,4.32,4.72,1.68,2.37,1
1052364,2023-11-10 19:45:00,2023,Regular Season - 12,135,Serie A,495,504,Genoa,Verona,1,0,2.04,3.43,4.26,2.53,1.61,1
1035156,2023-11-11 12:30:00,2023,Regular Season - 12,39,Premier League,39,47,Wolves,Tottenham,2,1,3.08,3.65,2.2,1.67,2.3,1
1038079,2023-11-11 13:00:00,2023,Regular Season - 13,140,La Liga,728,547,Rayo Vallecano,Girona,1,2,2.92,3.48,2.48,1.84,2.06,1
1052368,2023-11-11 14:00:00,2023,Regular Season - 12,135,Serie A,867,489,Lecce,AC Milan,2,2,5.5,3.75,1.66,2.15,1.74,1
1048979,2023-11-11 14:30:00,2023,Regular Season - 11,78,Bundesliga,181,164,SV Darmstadt 98,FSV Mainz 05,0,0,3.21,3.62,2.34,1.79,2.2,1
1035152,2023-11-11 15:00:00,2023,Regular Season - 12,39,Premier League,52,45,Crystal Palace,Everton,2,3,2.46,3.18,3.04,2.3,1.67,1
1038072,2023-11-11 15:15:00,2023,Regular Season - 13,140,La Liga,723,548,Almeria,Real Sociedad,1,3,4.88,4.04,1.77,1.88,2.07,1
1052366,2023-11-11 17:00:00,2023,Regular Season - 12,135,Serie A,496,490,Juventus,Cagliari,2,1,1.43,4.99,8.6,1.86,2.1,1
1035147,2023-11-11 17:30:00,2023,Regular Season - 12,39,Premier League,35,34,Bournemouth,Newcastle,2,0,4.67,4.21,1.77,1.74,2.28,1
1048976,2023-11-11 17:30:00,2023,Regular Season - 11,78,Bundesliga,176,192,Vfl Bochum,1.FC Köln,1,1,2.55,3.8,2.78,1.75,2.26,1
1052369,2023-11-11 19:45:00,2023,Regular Season - 12,135,Serie A,1579,503,Monza,Torino,1,1,2.4,3.15,3.1,2.2,1.62,1
1038075,2023-11-11 20:00:00,2023,Regular Season - 13,140,La Liga,541,532,Real Madrid,Valencia,5,1,1.35,5.73,10.1,1.68,2.38,1
1035149,2023-11-12 14:00:00,2023,Regular Season - 12,39,Premier League,66,36,Aston Villa,Fulham,3,1,1.6,4.52,5.86,1.75,2.25,1
1035155,2023-11-12 14:00:00,2023,Regular Season - 12,39,Premier League,48,65,West Ham,Nottingham Forest,3,2,1.87,3.7,4,1.77,2.1,1
1052363,2023-11-12 14:00:00,2023,Regular Season - 12,135,Serie A,502,500,Fiorentina,Bologna,2,1,1.96,3.5,3.75,1.88,1.87,1
1052372,2023-11-12 14:00:00,2023,Regular Season - 12,135,Serie A,494,499,Udinese,Atalanta,1,1,3.95,3.5,1.93,1.85,1.89,1
1035151,2023-11-12 16:30:00,2023,Regular Season - 12,39,Premier League,49,50,Chelsea,Manchester City,4,4,5.62,3.87,1.73,1.97,1.98,1
1038076,2023-11-12 17:30:00,2023,Regular Season - 13,140,La Liga,536,543,Sevilla,Real Betis,1,1,2.23,3.66,3.4,1.96,1.98,1
1048972,2023-11-12 18:30:00,2023,Regular Season - 11,78,Bundesliga,173,160,RB Leipzig,SC Freiburg,3,1,1.4,4.8,6.5,1.5,2.5,1
1038086,2023-11-24 20:00:00,2023,Regular Season - 14,140,La Liga,542,715,Alaves,Granada CF,3,1,1.78,3.75,4.86,2.05,1.85,1
1038089,2023-11-25 13:00:00,2023,Regular Season - 14,140,La Liga,728,529,Rayo Vallecano,Barcelona,1,1,5.24,4.32,1.69,1.79,2.2,1
1052382,2023-11-25 14:00:00,2023,Regular Season - 13,135,Serie A,514,487,Salernitana,Lazio,2,1,4.78,3.85,1.83,2.07,1.88,1
1048980,2023-11-25 14:30:00,2023,Regular Season - 12,78,Bundesliga,165,163,Borussia Dortmund,Borussia Monchengladbach,4,2,1.44,5,5.8,1.3,3.4,1
1048981,2023-11-25 14:30:00,2023,Regular Season - 12,78,Bundesliga,182,170,Union Berlin,FC Augsburg,1,1,2,3.69,3.78,1.93,1.95,1
1048982,2023-11-25 14:30:00,2023,Regular Season - 12,78,Bundesliga,160,181,SC Freiburg,SV Darmstadt 98,1,1,1.64,4.46,5.55,1.72,2.3,1
1048984,2023-11-25 14:30:00,2023,Regular Season - 12,78,Bundesliga,161,173,VfL Wolfsburg,RB Leipzig,2,1,3.65,3.85,1.91,1.62,2.35,1
1035298,2023-11-25 15:00:00,2023,Regular Season - 13,39,Premier League,1359,52,Luton,Crystal Palace,2,1,3.65,3.2,2.15,2.15,1.74,1
1035300,2023-11-25 15:00:00,2023,Regular Season - 13,39,Premier League,34,49,Newcastle,Chelsea,4,1,2.71,3.66,2.69,1.9,2.04,1
1035301,2023-11-25 15:00:00,2023,Regular Season - 13,39,Premier League,65,51,Nottingham Forest,Brighton,2,3,3.31,3.8,2.22,1.79,2.2,1
1035302,2023-11-25 15:00:00,2023,Regular Season - 13,39,Premier League,62,35,Sheffield Utd,Bournemouth,1,3,3.4,3.72,2.21,1.88,2.06,1
1052373,2023-11-25 17:00:00,2023,Regular Season - 13,135,Serie A,499,492,Atalanta,Napoli,1,2,2.72,3.41,2.69,1.87,2.02,1
1035294,2023-11-25 17:30:00,2023,Regular Season - 13,39,Premier League,55,42,Brentford,Arsenal,0,1,4.83,4.01,1.79,1.94,2,1
1038087,2023-11-25 17:30:00,2023,Regular Season - 14,140,La Liga,546,723,Getafe,Almeria,2,1,1.68,3.86,5.46,2.07,1.83,1
1048983,2023-11-25 17:30:00,2023,Regular Season - 12,78,Bundesliga,169,172,Eintracht Frankfurt,VfB Stuttgart,1,2,2.55,3.6,2.6,1.74,2.15,1
1038082,2023-11-25 20:00:00,2023,Regular Season - 14,140,La Liga,530,798,Atletico Madrid,Mallorca,1,0,1.37,4.89,9.37,1.96,1.93,1
1052375,2023-11-26 11:30:00,2023,Regular Season - 13,135,Serie A,490,1579,Cagliari,Monza,1,1,2.96,3.58,2.52,2,1.94,1
1052376,2023-11-26 14:00:00,2023,Regular Season - 13,135,Serie A,511,488,Empoli,Sassuolo,3,4,2.75,3.6,2.45,1.67,2.3,1
1052377,2023-11-26 14:00:00,2023,Regular Season - 13,135,Serie A,512,495,Frosinone,Genoa,2,1,2.5,3.2,2.9,2.15,1.74,1
1035296,2023-11-26 16:30:00,2023,Regular Season - 13,39,Premier League,45,33,Everton,Manchester United,0,3,2.73,3.68,2.65,1.87,2.08,1
1048986,2023-11-26 16:30:00,2023,Regular Season - 12,78,Bundesliga,167,164,1899 Hoffenheim,FSV Mainz 05,1,1,1.89,4.12,4.09,1.65,2.44,1
1052381,2023-11-26 17:00:00,2023,Regular Season - 13,135,Serie A,497,494,AS Roma,Udinese,3,1,1.7,3.99,5.7,2.14,1.83,1
1052379,2023-11-26 19:45:00,2023,Regular Season - 13,135,Serie A,496,505,Juventus,Inter,1,1,3.49,3.31,2.34,2.21,1.78,1
1038083,2023-11-26 20:00:00,2023,Regular Season - 14,140,La Liga,543,534,Real Betis,Las Palmas,1,0,1.71,3.65,5,2.15,1.74,1
1052378,2023-11-27 17:30:00,2023,Regular Season - 13,135,Serie A,504,867,Verona,Lecce,2,2,2.66,3.23,3.03,2.64,1.57,1
1035297,2023-11-27 20:00:00,2023,Regular Season - 13,39,Premier League,36,39,Fulham,Wolves,3,2,2.51,3.48,3.04,2.15,1.81,1
1048997,2023-12-01 19:30:00,2023,Regular Season - 13,78,Bundesliga,181,192,SV Darmstadt 98,1.FC Köln,0,1,2.74,3.68,2.64,1.86,2.1,1
1052388,2023-12-01 19:45:00,2023,Regular Season - 14,135,Serie A,1579,496,Monza,Juventus,1,2,3.87,3.6,2.09,2.17,1.81,1
1038094,2023-12-02 13:00:00,2023,Regular Season - 15,140,La Liga,547,532,Girona,Valencia,2,1,1.73,4.17,5.09,1.86,2.1,1
1052384,2023-12-02 14:00:00,2023,Regular Season - 14,135,Serie A,495,511,Genoa,Empoli,1,1,2.02,3.52,4.26,2.2,1.79,1
1048994,2023-12-02 14:30:00,2023,Regular Season - 13,78,Bundesliga,176,161,Vfl Bochum,VfL Wolfsburg,3,1,2.68,3.83,2.62,1.71,2.32,1
1035305,2023-12-02 15:00:00,2023,Regular Season - 14,39,Premier League,42,39,Arsenal,Wolves,2,1,1.27,5.75,12,1.69,2.25,1
1035306,2023-12-02 15:00:00,2023,Regular Season - 14,39,Premier League,55,1359,Brentford,Luton,3,1,1.45,4.75,6.75,1.71,2.2,1
1035307,2023-12-02 15:00:00,2023,Regular Season - 14,39,Premier League,44,62,Burnley,Sheffield Utd,5,0,1.83,3.65,4.25,2,1.83,1
1052385,2023-12-02 17:00:00,2023,Regular Season - 14,135,Serie A,487,490,Lazio,Cagliari,1,0,1.68,4.11,5.7,2,1.94,1
1035312,2023-12-02 17:30:00,2023,Regular Season - 14,39,Premier League,65,45,Nottingham Forest,Everton,0,1,2.85,3.5,2.64,2.11,1.85,1
1052387,2023-12-02 19:45:00,2023,Regular Season - 14,135,Serie A,489,512,AC Milan,Frosinone,3,1,1.43,4.75,7.25,1.69,2.25,1
1038101,2023-12-03 13:00:00,2023,Regular Season - 15,140,La Liga,798,542,Mallorca,Alaves,0,0,2.4,3,3.1,2.62,1.44,1
1035313,2023-12-03 14:00:00,2023,Regular Season - 14,39,Premier League,48,52,West Ham,Crystal Palace,1,1,2.05,3.5,3.7,1.95,1.87,1
1052383,2023-12-03 14:00:00,2023,Regular Season - 14,135,Serie A,502,514,Fiorentina,Salernitana,3,0,1.43,5,7,1.67,2.3,1
1052392,2023-12-03 14:00:00,2023,Regular Season - 14,135,Serie A,494,504,Udinese,Verona,3,3,1.82,3.74,5.03,2.25,1.75,1
1048992,2023-12-03 14:30:00,2023,Regular Season - 13,78,Bundesliga,164,160,FSV Mainz 05,SC Freiburg,0,1,2.34,3.62,3.21,1.97,1.97,1
1038092,2023-12-03 15:15:00,2023,Regular Season - 15,140,La Liga,723,543,Almeria,Real Betis,0,0,3.58,3.75,2.13,1.79,2.2,1
1048991,2023-12-03 16:30:00,2023,Regular Season - 13,78,Bundesliga,168,165,Bayer Leverkusen,Borussia Dortmund,1,1,1.57,4.5,4.6,1.33,3.25,1
1052390,2023-12-03 17:00:00,2023,Regular Season - 14,135,Serie A,488,497,Sassuolo,AS Roma,1,2,3.79,3.85,2.04,1.84,2.12,1
1038096,2023-12-03 17:30:00,2023,Regular Season - 15,140,La Liga,536,533,Sevilla,Villarreal,1,1,2.05,3.7,3.2,1.6,2.25,1
1048995,2023-12-03 18:30:00,2023,Regular Season - 13,78,Bundesliga,170,169,FC Augsburg,Eintracht Frankfurt,2,1,2.74,3.6,2.68,1.85,2.11,1
1052389,2023-12-03 19:45:00,2023,Regular Season - 14,135,Serie A,492,505,Napoli,Inter,0,3,3.02,3.63,2.45,1.85,2.11,1
1038097,2023-12-03 20:00:00,2023,Regular Season - 15,140,La Liga,529,530,Barcelona,Atletico Madrid,1,0,1.95,3.6,3.5,1.7,2.05,1
1052391,2023-12-04 19:45:00,2023,Regular Season - 14,135,Serie A,503,499,Torino,Atalanta,3,0,3.12,3.39,2.5,2.3,1.72,1
1035321,2023-12-05 19:30:00,2023,Regular Season - 15,39,Premier League,39,44,Wolves,Burnley,1,0,1.85,3.64,4.55,2,1.88,1
1035317,2023-12-06 19:30:00,2023,Regular Season - 15,39,Premier League,36,65,Fulham,Nottingham Forest,5,0,2.04,3.52,3.86,2.07,1.83,1
1035322,2023-12-06 19:30:00,2023,Regular Season - 15,39,Premier League,52,35,Crystal Palace,Bournemouth,0,2,2.29,3.45,3.27,2.02,1.87,1
1035316,2023-12-07 19:30:00,2023,Regular Season - 15,39,Premier League,45,34,Everton,Newcastle,3,0,3.24,3.47,2.29,1.93,1.96,1
1049003,2023-12-08 19:30:00,2023,Regular Season - 14,78,Bundesliga,167,176,1899 Hoffenheim,Vfl Bochum,3,1,1.67,4,4.6,1.5,2.37,1
1052399,2023-12-08 19:45:00,2023,Regular Season - 15,135,Serie A,496,492,Juventus,Napoli,1,0,2.35,3.2,3.1,2.1,1.67,1
1035326,2023-12-09 12:30:00,2023,Regular Season - 16,39,Premier League,52,40,Crystal Palace,Liverpool,1,2,6.42,4.73,1.54,1.71,2.33,1
1052397,2023-12-09 14:00:00,2023,Regular Season - 15,135,Serie A,504,487,Verona,Lazio,1,1,4,3.25,2,2.15,1.61,1
1048999,2023-12-09 14:30:00,2023,Regular Season - 14,78,Bundesliga,182,163,Union Berlin,Borussia Monchengladbach,3,1,2.19,3.81,3.38,1.8,2.18,1
1049004,2023-12-09 14:30:00,2023,Regular Season - 14,78,Bundesliga,162,170,Werder Bremen,FC Augsburg,2,0,2.4,3.5,2.8,1.57,2.15,1
1049006,2023-12-09 14:30:00,2023,Regular Season - 14,78,Bundesliga,180,181,FC Heidenheim,SV Darmstadt 98,3,2,2.05,3.5,3.5,1.7,1.95,1
1035325,2023-12-09 15:00:00,2023,Regular Season - 16,39,Premier League,51,44,Brighton,Burnley,1,1,1.54,4.78,6.32,1.65,2.44,1
1035331,2023-12-09 15:00:00,2023,Regular Season - 16,39,Premier League,62,55,Sheffield Utd,Brentford,1,0,4.58,3.94,1.84,1.93,2.01,1
1035333,2023-12-09 15:00:00,2023,Regular Season - 16,39,Premier League,39,65,Wolves,Nottingham Forest,1,1,1.87,3.6,4.15,2,1.83,1
1038103,2023-12-09 15:15:00,2023,Regular Season - 16,140,La Liga,543,541,Real Betis,Real Madrid,1,1,4.37,4.03,1.86,1.81,2.17,1
1052393,2023-12-09 17:00:00,2023,Regular Season - 15,135,Serie A,499,489,Atalanta,AC Milan,3,2,2.5,3.25,2.87,2,1.75,1
1035324,2023-12-09 17:30:00,2023,Regular Season - 16,39,Premier League,66,42,Aston Villa,Arsenal,1,0,3.54,3.84,2.12,1.79,2.2,1
1038111,2023-12-09 17:30:00,2023,Regular Season - 16,140,La Liga,533,548,Villarreal,Real Sociedad,0,3,3.45,3.55,2.16,1.96,1.93,1
1048998,2023-12-09 17:30:00,2023,Regular Season - 14,78,Bundesliga,165,173,Borussia Dortmund,RB Leipzig,2,3,2.55,3.7,2.5,1.4,2.55,1
1052398,2023-12-09 19:45:00,2023,Regular Season - 15,135,Serie A,505,494,Inter,Udinese,4,0,1.28,5.5,12,1.57,2.3,1
1038106,2023-12-09 20:00:00,2023,Regular Season - 16,140,La Liga,798,536,Mallorca,Sevilla,1,0,2.6,3.2,2.62,2.25,1.6,1
1052396,2023-12-10 11:30:00,2023,Regular Season - 15,135,Serie A,512,503,Frosinone,Torino,0,0,3.56,3.4,2.27,2.2,1.79,1
1035327,2023-12-10 14:00:00,2023,Regular Season - 16,39,Premier League,45,49,Everton,Chelsea,2,0,3.08,3.77,2.36,1.8,2.18,1
1035328,2023-12-10 14:00:00,2023,Regular Season - 16,39,Premier League,36,48,Fulham,West Ham,5,0,2.43,3.66,3.02,1.91,2.03,1
1052400,2023-12-10 14:00:00,2023,Regular Season - 15,135,Serie A,1579,495,Monza,Genoa,1,0,2.1,3.1,3.75,2.3,1.57,1
1052402,2023-12-10 17:00:00,2023,Regular Season - 15,135,Serie A,514,500,Salernitana,Bologna,1,2,4.03,3.5,2.08,2.18,1.8,1
1052401,2023-12-10 19:45:00,2023,Regular Season - 15,135,Serie A,497,502,AS Roma,Fiorentina,1,1,2.05,3.2,3.8,2.15,1.7,1
1052395,2023-12-11 17:30:00,2023,Regular Season - 15,135,Serie A,511,867,Empoli,Lecce,1,1,2.5,3.1,2.9,2.15,1.61,1
1038110,2023-12-11 20:00:00,2023,Regular Season - 16,140,La Liga,728,538,Rayo Vallecano,Celta Vigo,0,0,2.46,3.35,3.04,2.06,1.84,1
1052406,2023-12-15 19:45:00,2023,Regular Season - 16,135,Serie A,495,496,Genoa,Juventus,1,1,4.88,3.48,1.91,2.61,1.58,1
1035342,2023-12-15 20:00:00,2023,Regular Season - 17,39,Premier League,65,47,Nottingham Forest,Tottenham,0,2,4.63,4.27,1.77,1.7,2.35,1
1052408,2023-12-16 14:00:00,2023,Regular Season - 16,135,Serie A,867,512,Lecce,Frosinone,2,1,2.18,3.39,3.56,2.03,1.87,1
1049015,2023-12-16 14:30:00,2023,Regular Season - 15,78,Bundesliga,181,161,SV Darmstadt 98,VfL Wolfsburg,0,1,3.29,3.8,2.23,1.8,2.18,1
1052410,2023-12-16 17:00:00,2023,Regular Season - 16,135,Serie A,492,490,Napoli,Cagliari,2,1,1.29,5.5,9.5,1.57,2.3,1
1052411,2023-12-16 19:45:00,2023,Regular Season - 16,135,Serie A,503,511,Torino,Empoli,1,0,1.61,3.96,6.07,2.05,1.85,1
1038117,2023-12-16 20:00:00,2023,Regular Season - 17,140,La Liga,532,529,Valencia,Barcelona,1,1,5.29,4.16,1.71,1.9,2.04,1
1052409,2023-12-17 11:30:00,2023,Regular Season - 16,135,Serie A,489,1579,AC Milan,Monza,3,0,1.55,4,5.5,1.73,2,1
1038112,2023-12-17 13:00:00,2023,Regular Season - 17,140,La Liga,723,798,Almeria,Mallorca,0,0,2.69,3.41,2.85,2.25,1.75,1
1035335,2023-12-17 14:00:00,2023,Regular Season - 17,39,Premier League,42,51,Arsenal,Brighton,2,0,1.5,4.94,6.79,1.64,2.46,1
1035336,2023-12-17 14:00:00,2023,Regular Season - 17,39,Premier League,55,66,Brentford,Aston Villa,1,2,3.21,3.79,2.27,1.79,2.2,1
1052405,2023-12-17 14:00:00,2023,Regular Season - 16,135,Serie A,502,504,Fiorentina,Verona,1,0,1.35,4.6,8.5,1.73,2,1
1052412,2023-12-17 14:00:00,2023,Regular Season - 16,135,Serie A,494,488,Udinese,Sassuolo,2,2,2.26,3.81,3.21,1.77,2.23,1
1052404,2023-12-17 17:00:00,2023,Regular Season - 16,135,Serie A,500,497,Bologna,AS Roma,2,0,2.52,3.08,3.4,2.64,1.57,1
1052407,2023-12-17 19:45:00,2023,Regular Season - 16,135,Serie A,487,505,Lazio,Inter,0,2,5.18,3.8,1.79,2.05,1.9,1
1052403,2023-12-18 19:45:00,2023,Regular Season - 16,135,Serie A,499,514,Atalanta,Salernitana,4,1,1.33,5.96,10.4,1.65,2.44,1
1038123,2023-12-19 20:30:00,2023,Regular Season - 18,140,La Liga,530,546,Atletico Madrid,Getafe,3,3,1.43,4.79,9.25,2,1.94,1
1038128,2023-12-19 20:30:00,2023,Regular Season - 18,140,La Liga,715,536,Granada CF,Sevilla,0,3,2.8,3.38,2.64,1.98,1.91,1
1049017,2023-12-20 17:30:00,2023,Regular Season - 16,78,Bundesliga,182,192,Union Berlin,1.FC Köln,2,0,1.96,3.73,4.21,2.06,1.89,1
1049019,2023-12-20 19:30:00,2023,Regular Season - 16,78,Bundesliga,169,163,Eintracht Frankfurt,Borussia Monchengladbach,2,1,1.88,4.09,4.16,1.66,2.41,1
1038131,2023-12-20 20:30:00,2023,Regular Season - 18,140,La Liga,533,538,Villarreal,Celta Vigo,3,2,2.5,3.51,2.87,1.89,1.99,1
1038129,2023-12-21 20:30:00,2023,Regular Season - 18,140,La Liga,542,541,Alaves,Real Madrid,0,1,5.95,4.24,1.58,1.88,2.01,1
1052421,2023-12-22 17:30:00,2023,Regular Season - 17,135,Serie A,488,495,Sassuolo,Genoa,1,2,2.27,3.44,3.32,2.01,1.88,1
1052418,2023-12-22 19:45:00,2023,Regular Season - 17,135,Serie A,1579,502,Monza,Fiorentina,0,1,3.01,3.43,2.55,2.06,1.89,1
1052415,2023-12-23 11:30:00,2023,Regular Season - 17,135,Serie A,512,496,Frosinone,Juventus,1,2,5.81,4.11,1.67,2.03,1.91,1
1035352,2023-12-23 12:30:00,2023,Regular Season - 18,39,Premier League,48,33,West Ham,Manchester United,2,0,2.67,3.81,2.64,1.75,2.26,1
1052422,2023-12-23 14:00:00,2023,Regular Season - 17,135,Serie A,503,494,Torino,Udinese,1,1,1.8,3.64,5.4,2.32,1.71,1
1052416,2023-12-23 17:00:00,2023,Regular Season - 17,135,Serie A,504,490,Verona,Cagliari,2,0,2.44,3.42,3.19,2.15,1.81,1
1052417,2023-12-23 17:00:00,2023,Regular Season - 17,135,Serie A,505,867,Inter,Lecce,2,0,1.25,6.71,14.6,1.74,2.28,1
1052419,2023-12-23 19:45:00,2023,Regular Season - 17,135,Serie A,497,492,AS Roma,Napoli,2,0,3.11,3.23,2.6,2.19,1.79,1
1035353,2023-12-24 13:00:00,2023,Regular Season - 18,39,Premier League,39,49,Wolves,Chelsea,2,1,3.85,3.85,2.02,1.84,2.12,1
1035362,2023-12-26 12:30:00,2023,Regular Season - 19,39,Premier League,34,65,Newcastle,Nottingham Forest,1,3,1.55,4.53,6.63,1.85,2.11,1
1035363,2023-12-26 15:00:00,2023,Regular Season - 19,39,Premier League,62,1359,Sheffield Utd,Luton,2,3,2.5,3.41,3.1,2.18,1.8,1
1035356,2023-12-27 19:30:00,2023,Regular Season - 19,39,Premier League,55,39,Brentford,Wolves,1,4,1.97,3.72,4.17,1.98,1.96,1
1035360,2023-12-27 20:15:00,2023,Regular Season - 19,39,Premier League,45,50,Everton,Manchester City,1,3,5.71,4.37,1.64,1.8,2.17,1
1052425,2023-12-29 17:30:00,2023,Regular Season - 18,135,Serie A,502,503,Fiorentina,Torino,1,0,2.25,3.43,3.58,2.37,1.68,1
1052431,2023-12-29 17:30:00,2023,Regular Season - 18,135,Serie A,492,1579,Napoli,Monza,0,0,1.66,3.99,5.41,1.88,2.01,1
1052423,2023-12-30 11:30:00,2023,Regular Season - 18,135,Serie A,499,867,Atalanta,Lecce,1,0,1.48,4.67,7.9,1.95,1.99,1
1052424,2023-12-30 14:00:00,2023,Regular Season - 18,135,Serie A,490,511,Cagliari,Empoli,0,0,2.09,3.49,3.72,2.02,1.88,1
1052432,2023-12-30 14:00:00,2023,Regular Season - 18,135,Serie A,494,500,Udinese,Bologna,3,0,3.58,3.29,2.31,2.42,1.66,1
1052427,2023-12-30 17:00:00,2023,Regular Season - 18,135,Serie A,504,514,Verona,Salernitana,0,1,1.97,3.68,4.21,2.14,1.83,1
1052428,2023-12-30 19:45:00,2023,Regular Season - 18,135,Serie A,496,497,Juventus,AS Roma,1,0,2.13,3.16,4.34,2.84,1.51,1
1035372,2024-01-02 19:30:00,2023,Regular Season - 20,39,Premier League,48,51,West Ham,Brighton,0,0,2.41,3.9,2.91,1.66,2.42,1
1038133,2024-01-02 20:30:00,2023,Regular Season - 19,140,La Liga,532,533,Valencia,Villarreal,3,1,2.29,3.4,3.31,2.01,1.88,1
1038138,2024-01-03 18:15:00,2023,Regular Season - 19,140,La Liga,538,543,Celta Vigo,Real Betis,2,1,2.47,3.54,3.04,2.06,1.89,1
1052435,2024-01-06 14:00:00,2023,Regular Season - 19,135,Serie A,512,1579,Frosinone,Monza,2,3,2.71,3.36,2.73,1.91,1.98,1
1052439,2024-01-07 17:00:00,2023,Regular Season - 19,135,Serie A,514,496,Salernitana,Juventus,1,2,8.48,4.72,1.41,1.92,1.97,1
1049025,2024-01-12 19:30:00,2023,Regular Season - 17,78,Bundesliga,157,167,Bayern Munich,1899 Hoffenheim,3,0,1.14,8.5,13,1.2,4.33,1
1035378,2024-01-12 19:45:00,2023,Regular Season - 21,39,Premier League,44,1359,Burnley,Luton,1,1,2.03,3.63,3.93,1.93,1.93,1
1038149,2024-01-13 13:00:00,2023,Regular Season - 20,140,La Liga,534,533,Las Palmas,Villarreal,3,0,2.51,3.4,2.93,1.99,1.9,1
1052452,2024-01-13 14:00:00,2023,Regular Season - 20,135,Serie A,492,514,Napoli,Salernitana,2,1,1.29,5.5,9,1.5,2.5,1
1049027,2024-01-13 14:30:00,2023,Regular Season - 17,78,Bundesliga,160,182,SC Freiburg,Union Berlin,0,0,2.1,3.62,3.54,2.02,1.87,1
1049028,2024-01-13 14:30:00,2023,Regular Season - 17,78,Bundesliga,164,161,FSV Mainz 05,VfL Wolfsburg,1,1,2.1,3.5,3.2,1.85,1.85,1
1049030,2024-01-13 14:30:00,2023,Regular Season - 17,78,Bundesliga,192,180,1.FC Köln,FC Heidenheim,1,1,2.11,3.85,3.56,1.8,2.18,1
1052447,2024-01-13 17:00:00,2023,Regular Season - 20,135,Serie A,504,511,Verona,Empoli,2,1,2.21,3.49,3.62,2.18,1.8,1
1049033,2024-01-13 17:30:00,2023,Regular Season - 17,78,Bundesliga,181,165,SV Darmstadt 98,Borussia Dortmund,0,3,5,4.5,1.53,1.4,2.75,1
1052451,2024-01-13 19:45:00,2023,Regular Season - 20,135,Serie A,1579,505,Monza,Inter,1,5,6.63,4.53,1.55,1.9,2.04,1
1038146,2024-01-13 20:00:00,2023,Regular Season - 20,140,La Liga,543,715,Real Betis,Granada CF,1,0,1.62,4.09,5.64,1.89,1.99,1
1052449,2024-01-14 11:30:00,2023,Regular Season - 20,135,Serie A,487,867,Lazio,Lecce,1,0,1.71,3.9,5.75,2.25,1.75,1
1052450,2024-01-14 19:45:00,2023,Regular Season - 20,135,Serie A,489,497,AC Milan,AS Roma,3,1,2.2,3.33,3.83,2.29,1.73,1
1052443,2024-01-15 19:45:00,2023,Regular Season - 20,135,Serie A,499,512,Atalanta,Frosinone,5,0,1.46,5.08,7.5,1.67,2.39,1
1052448,2024-01-16 19:45:00,2023,Regular Season - 20,135,Serie A,496,488,Juventus,Sassuolo,3,0,1.42,5.14,8.6,1.77,2.23,1
1035375,2024-01-20 12:30:00,2023,Regular Season - 21,39,Premier League,42,52,Arsenal,Crystal Palace,5,0,1.31,5.98,11.9,1.76,2.23,1
1049036,2024-01-20 14:30:00,2023,Regular Season - 18,78,Bundesliga,160,167,SC Freiburg,1899 Hoffenheim,3,2,2.07,3.94,3.6,1.7,2.34,1
1049040,2024-01-20 14:30:00,2023,Regular Season - 18,78,Bundesliga,176,172,Vfl Bochum,VfB Stuttgart,1,0,3.6,3.9,1.85,1.6,2.25,1
1049041,2024-01-20 14:30:00,2023,Regular Season - 18,78,Bundesliga,180,161,FC Heidenheim,VfL Wolfsburg,1,1,2.8,3.72,2.57,1.84,2.12,1
1049042,2024-01-20 14:30:00,2023,Regular Season - 18,78,Bundesliga,181,169,SV Darmstadt 98,Eintracht Frankfurt,2,2,3.98,3.84,1.98,1.91,2.04,1
1038160,2024-01-20 15:15:00,2023,Regular Season - 21,140,La Liga,533,798,Villarreal,Mallorca,1,1,2.05,3.4,3.6,2.02,1.75,1
1035376,2024-01-20 17:30:00,2023,Regular Season - 21,39,Premier League,55,65,Brentford,Nottingham Forest,3,2,1.96,3.85,4.06,1.93,2.01,1
1049035,2024-01-20 17:30:00,2023,Regular Season - 18,78,Bundesliga,173,168,RB Leipzig,Bayer Leverkusen,2,3,2.5,3.85,2.81,1.65,2.45,1
1052462,2024-01-20 19:45:00,2023,Regular Season - 21,135,Serie A,494,489,Udinese,AC Milan,2,3,4.23,3.71,1.88,1.91,1.98,1
1052455,2024-01-21 11:30:00,2023,Regular Season - 21,135,Serie A,512,490,Frosinone,Cagliari,3,1,2.4,3.44,3.07,1.98,1.91,1
1052454,2024-01-21 14:00:00,2023,Regular Season - 21,135,Serie A,511,1579,Empoli,Monza,3,0,2.79,3.38,2.64,2.04,1.86,1
1049038,2024-01-21 16:30:00,2023,Regular Season - 18,78,Bundesliga,163,170,Borussia Monchengladbach,FC Augsburg,1,2,1.95,3.75,3.6,1.5,2.3,1
1038170,2024-01-27 13:00:00,2023,Regular Season - 22,140,La Liga,548,728,Real Sociedad,Rayo Vallecano,0,0,1.71,3.87,5.86,2.32,1.71,1
1038168,2024-01-27 20:00:00,2023,Regular Season - 22,140,La Liga,798,543,Mallorca,Real Betis,0,1,2.36,3.31,3.45,2.54,1.61,1
1038164,2024-01-28 13:00:00,2023,Regular Season - 22,140,La Liga,538,547,Celta Vigo,Girona,0,1,3.08,3.51,2.46,1.82,2.14,1
1052467,2024-01-28 14:00:00,2023,Regular Season - 22,135,Serie A,504,512,Verona,Frosinone,1,1,2.48,3.56,3.02,2.02,1.92,1
1052469,2024-01-28 17:00:00,2023,Regular Season - 22,135,Serie A,487,492,Lazio,Napoli,0,0,2.37,3.2,3.56,2.43,1.66,1
1052465,2024-01-28 19:45:00,2023,Regular Season - 22,135,Serie A,502,505,Fiorentina,Inter,0,1,4.14,3.81,1.96,1.98,1.96,1
1038162,2024-01-28 20:00:00,2023,Regular Season - 22,140,La Liga,530,532,Atletico Madrid,Valencia,2,0,1.56,4.49,6.61,1.93,2.02,1
1052478,2024-02-02 19:45:00,2023,Regular Season - 23,135,Serie A,867,502,Lecce,Fiorentina,3,2,3.75,3.52,2.15,2.25,1.75,1
1035400,2024-02-03 12:30:00,2023,Regular Season - 23,39,Premier League,45,47,Everton,Tottenham,2,2,2.7,3.7,2.3,1.62,2.2,1
1052482,2024-02-03 14:00:00,2023,Regular Season - 23,135,Serie A,494,1579,Udinese,Monza,0,0,2.3,3.29,3.4,2.04,1.85,1
1049054,2024-02-03 14:30:00,2023,Regular Season - 20,78,Bundesliga,160,172,SC Freiburg,VfB Stuttgart,1,3,3.27,3.8,2.24,1.79,2.2,1
1049056,2024-02-03 14:30:00,2023,Regular Season - 20,78,Bundesliga,164,162,FSV Mainz 05,Werder Bremen,0,1,2.14,3.67,3.63,1.98,1.96,1
1049058,2024-02-03 14:30:00,2023,Regular Season - 20,78,Bundesliga,176,170,Vfl Bochum,FC Augsburg,1,1,2.31,3.49,3.37,1.79,2.18,1
1035397,2024-02-03 15:00:00,2023,Regular Season - 23,39,Premier League,51,52,Brighton,Crystal Palace,4,1,1.6,4,5,1.67,2.1,1
1035402,2024-02-03 15:00:00,2023,Regular Season - 23,39,Premier League,34,1359,Newcastle,Luton,4,4,1.4,4.8,6.5,1.5,2.5,1
1038176,2024-02-03 15:15:00,2023,Regular Season - 23,140,La Liga,715,534,Granada CF,Las Palmas,1,1,2.3,3.2,3.25,2.16,1.68,1
1035403,2024-02-03 17:30:00,2023,Regular Season - 23,39,Premier League,62,66,Sheffield Utd,Aston Villa,0,5,5,4.2,1.57,1.6,2.25,1
1049057,2024-02-03 17:30:00,2023,Regular Season - 20,78,Bundesliga,192,169,1.FC Köln,Eintracht Frankfurt,2,0,3.33,3.6,2.29,2.05,1.9,1
1052474,2024-02-03 19:45:00,2023,Regular Season - 23,135,Serie A,500,488,Bologna,Sassuolo,4,2,1.74,3.79,5.04,2.03,1.86,1
1038174,2024-02-03 20:00:00,2023,Regular Season - 23,140,La Liga,547,548,Girona,Real Sociedad,0,0,2.15,3.63,3.63,2.07,1.88,1
1035394,2024-02-04 14:00:00,2023,Regular Season - 23,39,Premier League,35,65,Bournemouth,Nottingham Forest,1,1,1.65,4,4.6,1.62,2.2,1
1035399,2024-02-04 14:00:00,2023,Regular Season - 23,39,Premier League,49,39,Chelsea,Wolves,2,4,1.55,4.2,5.5,1.67,2.1,1
1035401,2024-02-04 14:00:00,2023,Regular Season - 23,39,Premier League,33,48,Manchester United,West Ham,3,0,1.6,4.2,4.8,1.57,2.3,1
1052479,2024-02-04 14:00:00,2023,Regular Season - 23,135,Serie A,492,504,Napoli,Verona,2,1,1.4,4.8,8.46,1.86,2.04,1
1049055,2024-02-04 14:30:00,2023,Regular Season - 20,78,Bundesliga,161,167,VfL Wolfsburg,1899 Hoffenheim,2,2,2.19,3.92,3.29,1.66,2.43,1
1035395,2024-02-04 16:30:00,2023,Regular Season - 23,39,Premier League,42,40,Arsenal,Liverpool,3,1,2.25,3.6,2.8,1.62,2.2,1
1049053,2024-02-04 16:30:00,2023,Regular Season - 20,78,Bundesliga,173,182,RB Leipzig,Union Berlin,2,0,1.41,5.34,8.5,1.66,2.43,1
1052480,2024-02-05 19:45:00,2023,Regular Season - 23,135,Serie A,497,490,AS Roma,Cagliari,4,0,1.46,4.57,7.4,1.86,2.04,1
1049037,2024-02-07 17:30:00,2023,Regular Season - 18,78,Bundesliga,164,182,FSV Mainz 05,Union Berlin,1,1,2.24,3.44,3.6,2.34,1.7,1
1035406,2024-02-10 15:00:00,2023,Regular Season - 24,39,Premier League,36,35,Fulham,Bournemouth,3,1,2.25,3.6,2.8,1.67,2.1,1
1035407,2024-02-10 15:00:00,2023,Regular Season - 24,39,Premier League,40,44,Liverpool,Burnley,3,1,1.14,8,15,1.33,3.25,1
1035408,2024-02-10 15:00:00,2023,Regular Season - 24,39,Premier League,1359,62,Luton,Sheffield Utd,1,3,1.7,3.9,4.4,1.8,1.91,1
1035411,2024-02-10 15:00:00,2023,Regular Season - 24,39,Premier League,47,51,Tottenham,Brighton,2,1,1.8,4.2,3.6,1.4,2.75,1
1035413,2024-02-10 15:00:00,2023,Regular Season - 24,39,Premier League,39,55,Wolves,Brentford,0,2,2,3.6,3.4,1.73,2,1
1052485,2024-02-11 11:30:00,2023,Regular Season - 24,135,Serie A,502,512,Fiorentina,Frosinone,5,1,1.56,4.55,6.41,1.83,2.14,1
1038189,2024-02-11 13:00:00,2023,Regular Season - 24,140,La Liga,546,538,Getafe,Celta Vigo,3,2,2.35,3.21,3.59,2.62,1.58,1
1052489,2024-02-11 14:00:00,2023,Regular Season - 24,135,Serie A,1579,504,Monza,Verona,0,0,2.14,3.44,3.87,2.41,1.67,1
1052486,2024-02-11 17:00:00,2023,Regular Season - 24,135,Serie A,495,499,Genoa,Atalanta,1,4,3.98,3.33,2.15,2.33,1.71,1
1052501,2024-02-16 18:00:00,2023,Regular Season - 25,135,Serie A,503,867,Torino,Lecce,2,0,1.77,3.69,5.59,2.48,1.64,1
1049074,2024-02-16 19:30:00,2023,Regular Season - 22,78,Bundesliga,192,162,1.FC Köln,Werder Bremen,0,1,2.55,3.6,2.9,1.97,1.97,1
1038199,2024-02-16 20:00:00,2023,Regular Season - 25,140,La Liga,533,546,Villarreal,Getafe,1,1,2.14,3.67,3.63,1.98,1.96,1
1038193,2024-02-17 13:00:00,2023,Regular Season - 25,140,La Liga,530,534,Atletico Madrid,Las Palmas,5,0,1.4,4.6,7,1.7,2.05,1
1038197,2024-02-17 17:30:00,2023,Regular Season - 25,140,La Liga,538,529,Celta Vigo,Barcelona,1,2,3.7,3.8,1.83,1.62,2.2,1
1038200,2024-02-17 20:00:00,2023,Regular Season - 25,140,La Liga,532,536,Valencia,Sevilla,0,0,2.3,3.44,3.44,2.27,1.74,1
1052498,2024-02-18 11:30:00,2023,Regular Season - 25,135,Serie A,487,500,Lazio,Bologna,1,2,2.41,3.29,3.37,2.58,1.59,1
1038195,2024-02-18 13:00:00,2023,Regular Season - 25,140,La Liga,728,541,Rayo Vallecano,Real Madrid,1,1,5.75,4.21,1.66,1.9,2.05,1
1052502,2024-02-18 14:00:00,2023,Regular Season - 25,135,Serie A,494,490,Udinese,Cagliari,1,1,1.93,3.75,4.35,2.11,1.85,1
1038196,2024-02-18 15:15:00,2023,Regular Season - 25,140,La Liga,715,723,Granada CF,Almeria,1,1,2,3.5,3.4,1.8,1.91,1
1049082,2024-02-23 19:30:00,2023,Regular Season - 23,78,Bundesliga,168,164,Bayer Leverkusen,FSV Mainz 05,2,1,1.24,6.98,14.6,1.66,2.42,1
1038207,2024-02-23 20:00:00,2023,Regular Season - 26,140,La Liga,548,533,Real Sociedad,Villarreal,1,3,1.85,3.8,4.72,2.14,1.82,1
1052512,2024-02-24 14:00:00,2023,Regular Season - 26,135,Serie A,488,511,Sassuolo,Empoli,2,3,2.28,3.35,3.37,2.03,1.87,1
1049081,2024-02-24 14:30:00,2023,Regular Season - 23,78,Bundesliga,182,180,Union Berlin,FC Heidenheim,2,2,2.04,3.68,3.96,2.11,1.85,1
1049084,2024-02-24 14:30:00,2023,Regular Season - 23,78,Bundesliga,163,176,Borussia Monchengladbach,Vfl Bochum,5,2,2.04,4.04,3.6,1.69,2.36,1
1049085,2024-02-24 14:30:00,2023,Regular Season - 23,78,Bundesliga,162,181,Werder Bremen,SV Darmstadt 98,1,1,1.72,4.16,5.13,1.88,2.07,1
1038203,2024-02-24 15:15:00,2023,Regular Season - 26,140,La Liga,529,546,Barcelona,Getafe,4,0,1.47,5.03,7.39,1.68,2.38,1
1052511,2024-02-24 17:00:00,2023,Regular Season - 26,135,Serie A,514,1579,Salernitana,Monza,0,2,3.02,3.29,2.63,2.16,1.81,1
1038202,2024-02-24 20:00:00,2023,Regular Season - 26,140,La Liga,723,530,Almeria,Atletico Madrid,2,2,4.62,4.07,1.81,1.82,2.14,1
1052507,2024-02-25 11:30:00,2023,Regular Season - 26,135,Serie A,496,512,Juventus,Frosinone,3,2,1.31,6.03,11.3,1.72,2.31,1
1052504,2024-02-25 14:00:00,2023,Regular Season - 26,135,Serie A,490,492,Cagliari,Napoli,1,1,4.32,3.73,1.87,1.88,2.01,1
1052508,2024-02-25 17:00:00,2023,Regular Season - 26,135,Serie A,867,505,Lecce,Inter,0,4,7.85,4.92,1.46,1.8,2.18,1
1049086,2024-02-25 18:30:00,2023,Regular Season - 23,78,Bundesliga,170,160,FC Augsburg,SC Freiburg,2,1,2.25,3.75,3.29,1.84,2.12,1
1052509,2024-02-25 19:45:00,2023,Regular Season - 26,135,Serie A,489,499,AC Milan,Atalanta,1,1,2.43,3.77,2.96,1.81,2.16,1
1052510,2024-02-26 17:30:00,2023,Regular Season - 26,135,Serie A,497,503,AS Roma,Torino,3,2,1.99,3.48,4.45,2.48,1.64,1
1052460,2024-02-28 17:00:00,2023,Regular Season - 21,135,Serie A,488,492,Sassuolo,Napoli,1,6,4.39,4.08,1.84,1.76,2.24,1
1052456,2024-02-28 19:45:00,2023,Regular Season - 21,135,Serie A,505,499,Inter,Atalanta,4,0,1.69,4.25,5.33,1.87,2.08,1
1038215,2024-03-01 20:00:00,2023,Regular Season - 27,140,La Liga,538,723,Celta Vigo,Almeria,1,0,1.87,3.78,4.23,2.03,1.86,1
1052522,2024-03-02 14:00:00,2023,Regular Season - 27,135,Serie A,494,514,Udinese,Salernitana,1,1,1.68,3.83,5.56,2.04,1.85,1
1052519,2024-03-02 17:00:00,2023,Regular Season - 27,135,Serie A,1579,497,Monza,AS Roma,1,4,3.72,3.55,2.07,2,1.89,1
1038214,2024-03-02 17:30:00,2023,Regular Season - 27,140,La Liga,546,534,Getafe,Las Palmas,3,3,2.12,3.26,4.21,2.62,1.58,1
1038218,2024-03-02 20:00:00,2023,Regular Season - 27,140,La Liga,532,541,Valencia,Real Madrid,2,2,5.46,3.95,1.67,2.03,1.87,1
1052516,2024-03-03 11:30:00,2023,Regular Season - 27,135,Serie A,504,488,Verona,Sassuolo,1,0,2.3,3.44,3.25,2.02,1.87,1
1052514,2024-03-03 14:00:00,2023,Regular Season - 27,135,Serie A,511,490,Empoli,Cagliari,0,1,2.19,3.56,3.6,2.16,1.81,1
1052515,2024-03-03 14:00:00,2023,Regular Season - 27,135,Serie A,512,867,Frosinone,Lecce,1,1,2.36,3.26,3.31,1.97,1.92,1
1038223,2024-03-08 20:00:00,2023,Regular Season - 28,140,La Liga,529,798,Barcelona,Mallorca,1,0,1.47,4.68,6.87,1.84,2.06,1
1049101,2024-03-09 14:30:00,2023,Regular Season - 25,78,Bundesliga,163,192,Borussia Monchengladbach,1.FC Köln,3,3,1.88,4.01,4.26,1.82,2.14,1
1049103,2024-03-10 14:30:00,2023,Regular Season - 25,78,Bundesliga,176,160,Vfl Bochum,SC Freiburg,1,2,2.32,3.72,3.17,1.85,2.11,1
1049100,2024-03-10 16:30:00,2023,Regular Season - 25,78,Bundesliga,169,167,Eintracht Frankfurt,1899 Hoffenheim,3,1,2.1,3.98,3.48,1.63,2.49,1
1052525,2024-03-10 19:45:00,2023,Regular Season - 28,135,Serie A,502,497,Fiorentina,AS Roma,2,2,2.64,3.28,2.86,2.06,1.84,1
1038222,2024-03-11 20:00:00,2023,Regular Season - 28,140,La Liga,723,536,Almeria,Sevilla,2,2,3.26,3.36,2.33,1.96,1.93,1
1049111,2024-03-15 19:30:00,2023,Regular Season - 26,78,Bundesliga,192,173,1.FC Köln,RB Leipzig,1,5,6,4.62,1.58,1.68,2.38,1
1052539,2024-03-16 14:00:00,2023,Regular Season - 29,135,Serie A,1579,490,Monza,Cagliari,1,0,2.12,3.58,3.77,2,1.95,1
1049109,2024-03-16 14:30:00,2023,Regular Season - 26,78,Bundesliga,161,170,VfL Wolfsburg,FC Augsburg,1,3,2.14,3.78,3.54,1.84,2.12,1
1035456,2024-03-16 15:00:00,2023,Regular Season - 29,39,Premier League,44,55,Burnley,Brentford,2,1,3.2,3.6,2.15,1.77,2.1,1
1052541,2024-03-16 17:00:00,2023,Regular Season - 29,135,Serie A,514,867,Salernitana,Lecce,0,1,3.06,3.31,2.59,2.24,1.76,1
1038233,2024-03-16 17:30:00,2023,Regular Season - 29,140,La Liga,546,547,Getafe,Girona,1,0,3.2,3.55,2.28,1.85,2.05,1
1052535,2024-03-16 19:45:00,2023,Regular Season - 29,135,Serie A,512,487,Frosinone,Lazio,2,3,3.5,3.6,2.21,1.91,2.03,1
1052536,2024-03-17 14:00:00,2023,Regular Season - 29,135,Serie A,504,489,Verona,AC Milan,1,3,5.35,3.98,1.67,1.93,1.96,1
1049108,2024-03-17 14:30:00,2023,Regular Season - 26,78,Bundesliga,160,168,SC Freiburg,Bayer Leverkusen,2,3,5.8,4.42,1.62,1.77,2.22,1
1038235,2024-03-17 15:15:00,2023,Regular Season - 29,140,La Liga,534,723,Las Palmas,Almeria,0,1,1.94,3.58,4.13,2.05,1.85,1
1038239,2024-03-17 15:15:00,2023,Regular Season - 29,140,La Liga,533,532,Villarreal,Valencia,1,0,2.12,3.44,3.67,2.02,1.88,1
1052546,2024-03-30 14:00:00,2023,Regular Season - 30,135,Serie A,495,512,Genoa,Frosinone,1,1,1.95,3.56,4.14,2.07,1.83,1
1049116,2024-03-30 14:30:00,2023,Regular Season - 27,78,Bundesliga,173,164,RB Leipzig,FSV Mainz 05,0,0,1.36,5,7.5,1.5,2.5,1
1049118,2024-03-30 14:30:00,2023,Regular Season - 27,78,Bundesliga,169,182,Eintracht Frankfurt,Union Berlin,0,0,1.95,3.5,3.8,2.05,1.7,1
1049119,2024-03-30 14:30:00,2023,Regular Season - 27,78,Bundesliga,163,160,Borussia Monchengladbach,SC Freiburg,0,3,2.26,3.85,3.19,1.71,2.32,1
1049120,2024-03-30 14:30:00,2023,Regular Season - 27,78,Bundesliga,162,161,Werder Bremen,VfL Wolfsburg,0,2,2.89,3.72,2.5,1.82,2.14,1
1035464,2024-03-30 15:00:00,2023,Regular Season - 30,39,Premier League,35,45,Bournemouth,Everton,2,1,2.2,3.6,3.15,1.74,2.15,1
1035471,2024-03-30 15:00:00,2023,Regular Season - 30,39,Premier League,65,52,Nottingham Forest,Crystal Palace,1,1,2.25,3.4,3.2,2.05,1.8,1
1052545,2024-03-30 19:45:00,2023,Regular Season - 30,135,Serie A,502,489,Fiorentina,AC Milan,1,2,2.89,3.34,2.58,2.01,1.88,1
1049122,2024-03-31 13:30:00,2023,Regular Season - 27,78,Bundesliga,170,192,FC Augsburg,1.FC Köln,1,1,1.83,4.04,4.52,1.82,2.14,1
1035469,2024-03-31 15:30:00,2023,Regular Season - 30,39,Premier League,50,42,Manchester City,Arsenal,0,0,1.97,3.88,4,1.86,2.1,1
1052543,2024-04-01 10:30:00,2023,Regular Season - 30,135,Serie A,500,514,Bologna,Salernitana,3,0,1.3,6.04,12.6,1.82,2.15,1
1052561,2024-04-05 18:45:00,2023,Regular Season - 31,135,Serie A,514,488,Salernitana,Sassuolo,2,2,3.4,3.45,2.25,1.82,2,1
1052555,2024-04-07 10:30:00,2023,Regular Season - 31,135,Serie A,512,500,Frosinone,Bologna,0,0,4.49,3.91,1.86,1.95,2,1
1052559,2024-04-07 13:00:00,2023,Regular Season - 31,135,Serie A,1579,492,Monza,Napoli,2,4,4.34,3.98,1.87,1.86,2.1,1
1052553,2024-04-07 16:00:00,2023,Regular Season - 31,135,Serie A,490,499,Cagliari,Atalanta,2,1,5.07,4.19,1.73,1.82,2.15,1
1052556,2024-04-07 16:00:00,2023,Regular Season - 31,135,Serie A,504,495,Verona,Genoa,1,2,2.63,2.95,2.95,2.48,1.53,1
1052557,2024-04-07 18:45:00,2023,Regular Season - 31,135,Serie A,496,502,Juventus,Fiorentina,1,0,1.88,3.67,4.71,2.25,1.75,1
1052562,2024-04-08 18:45:00,2023,Regular Season - 31,135,Serie A,494,505,Udinese,Inter,1,2,7.85,4.92,1.46,1.8,2.18,1
1049139,2024-04-12 18:30:00,2023,Regular Season - 29,78,Bundesliga,170,182,FC Augsburg,Union Berlin,2,0,2.13,3.69,3.65,1.99,1.95,1
1052567,2024-04-12 18:45:00,2023,Regular Season - 32,135,Serie A,487,514,Lazio,Salernitana,4,1,1.25,4.5,9.5,1.67,2.15,1
1038254,2024-04-12 19:00:00,2023,Regular Season - 31,140,La Liga,543,538,Real Betis,Celta Vigo,2,1,1.91,2.88,3.4,1.9,1.87,1
1035501,2024-04-13 11:30:00,2023,Regular Season - 33,39,Premier League,34,47,Newcastle,Tottenham,4,0,2.5,3.1,2.2,1.33,3.1,1
1038253,2024-04-13 12:00:00,2023,Regular Season - 31,140,La Liga,530,547,Atletico Madrid,Girona,3,1,1.83,3.1,3.5,1.62,2.25,1
1052568,2024-04-13 13:00:00,2023,Regular Season - 32,135,Serie A,867,511,Lecce,Empoli,1,0,2,2.75,3.4,2.25,1.62,1
1049133,2024-04-13 13:30:00,2023,Regular Season - 29,78,Bundesliga,157,192,Bayern Munich,1.FC Köln,2,0,1.2,7,12,1.28,3.2,1
1049134,2024-04-13 13:30:00,2023,Regular Season - 29,78,Bundesliga,173,161,RB Leipzig,VfL Wolfsburg,3,0,1.3,4.5,7,1.47,2.63,1
1049136,2024-04-13 13:30:00,2023,Regular Season - 29,78,Bundesliga,164,167,FSV Mainz 05,1899 Hoffenheim,4,1,2.02,4.04,3.65,1.63,2.49,1
1049137,2024-04-13 13:30:00,2023,Regular Season - 29,78,Bundesliga,163,165,Borussia Monchengladbach,Borussia Dortmund,1,2,3,3.2,1.91,1.4,2.88,1
1049138,2024-04-13 13:30:00,2023,Regular Season - 29,78,Bundesliga,176,180,Vfl Bochum,FC Heidenheim,1,1,2,3,3.1,1.65,2.2,1
1035496,2024-04-13 14:00:00,2023,Regular Season - 33,39,Premier League,55,62,Brentford,Sheffield Utd,2,0,1.36,4,6,1.44,2.63,1
1035497,2024-04-13 14:00:00,2023,Regular Season - 33,39,Premier League,44,51,Burnley,Brighton,1,1,3.2,3,1.91,1.57,2.3,1
1035500,2024-04-13 14:00:00,2023,Regular Season - 33,39,Premier League,50,1359,Manchester City,Luton,5,1,1.07,8.5,19,1.22,4,1
1035502,2024-04-13 14:00:00,2023,Regular Season - 33,39,Premier League,65,39,Nottingham Forest,Wolves,2,2,2.1,3.6,3.25,1.8,1.91,1
1038260,2024-04-13 14:15:00,2023,Regular Season - 31,140,La Liga,728,546,Rayo Vallecano,Getafe,0,0,2.1,2.7,3.5,2.55,1.5,1
1052571,2024-04-13 16:00:00,2023,Regular Season - 32,135,Serie A,503,496,Torino,Juventus,0,0,3.6,2.63,2,2.55,1.5,1
1035494,2024-04-13 16:30:00,2023,Regular Season - 33,39,Premier League,35,33,Bournemouth,Manchester United,2,2,2.4,4,2.5,1.36,3,1
1038255,2024-04-13 16:30:00,2023,Regular Season - 31,140,La Liga,798,541,Mallorca,Real Madrid,0,1,5,3.5,1.74,2.08,1.73,1
1049140,2024-04-13 16:30:00,2023,Regular Season - 29,78,Bundesliga,172,169,VfB Stuttgart,Eintracht Frankfurt,3,0,1.44,3.6,5.5,1.57,2.38,1
1052564,2024-04-13 18:45:00,2023,Regular Season - 32,135,Serie A,500,1579,Bologna,Monza,0,0,1.54,4.13,6.8,2.04,1.85,1
1052569,2024-04-14 10:30:00,2023,Regular Season - 32,135,Serie A,492,512,Napoli,Frosinone,2,2,1.29,4.5,7.5,1.47,2.63,1
1038257,2024-04-14 12:00:00,2023,Regular Season - 31,140,La Liga,534,536,Las Palmas,Sevilla,0,2,2.5,2.75,2.63,2,1.64,1
1035499,2024-04-14 13:00:00,2023,Regular Season - 33,39,Premier League,40,52,Liverpool,Crystal Palace,0,1,1.18,7.5,13,1.36,3,1
1035503,2024-04-14 13:00:00,2023,Regular Season - 33,39,Premier League,48,36,West Ham,Fulham,0,2,2.2,2.88,2.63,1.6,2.25,1
1052570,2024-04-14 13:00:00,2023,Regular Season - 32,135,Serie A,488,489,Sassuolo,AC Milan,3,3,4.29,4.08,1.86,1.75,2.26,1
1049141,2024-04-14 13:30:00,2023,Regular Season - 29,78,Bundesliga,181,160,SV Darmstadt 98,SC Freiburg,0,1,4.05,4.03,1.92,1.7,2.34,1
1038261,2024-04-14 14:15:00,2023,Regular Season - 31,140,La Liga,715,542,Granada CF,Alaves,2,0,2.8,2.7,2.4,2.2,1.54,1
1035495,2024-04-14 15:30:00,2023,Regular Season - 33,39,Premier League,42,66,Arsenal,Aston Villa,0,2,1.22,4.5,8.5,1.4,2.8,1
1049135,2024-04-14 15:30:00,2023,Regular Season - 29,78,Bundesliga,168,162,Bayer Leverkusen,Werder Bremen,5,0,1.2,6.5,12,1.4,2.6,1
1052566,2024-04-14 18:45:00,2023,Regular Season - 32,135,Serie A,505,490,Inter,Cagliari,2,2,1.14,6,13,1.4,2.88,1
1038258,2024-04-14 19:00:00,2023,Regular Season - 31,140,La Liga,548,723,Real Sociedad,Almeria,2,2,1.25,4.5,9,1.64,2,1
1052565,2024-04-15 16:30:00,2023,Regular Season - 32,135,Serie A,502,495,Fiorentina,Genoa,1,1,1.83,2.88,4,2.15,1.67,1
1052563,2024-04-15 18:45:00,2023,Regular Season - 32,135,Serie A,499,504,Atalanta,Verona,2,2,1.4,3.75,6,1.67,2.15,1
1035498,2024-04-15 19:00:00,2023,Regular Season - 33,39,Premier League,49,45,Chelsea,Everton,6,0,1.62,3.4,4.2,1.53,2.38,1
1052575,2024-04-19 16:30:00,2023,Regular Season - 33,135,Serie A,495,487,Genoa,Lazio,0,1,2.8,2.6,2.5,2.45,1.53,1
1049145,2024-04-19 18:30:00,2023,Regular Season - 30,78,Bundesliga,169,170,Eintracht Frankfurt,FC Augsburg,3,1,2.12,3.92,3.45,1.71,2.32,1
1052573,2024-04-19 18:45:00,2023,Regular Season - 33,135,Serie A,490,496,Cagliari,Juventus,2,2,4.5,3,1.67,2.15,1.67,1
1038264,2024-04-20 12:00:00,2023,Regular Season - 32,140,La Liga,538,534,Celta Vigo,Las Palmas,4,1,1.67,3.1,4.5,2,1.8,1
1049146,2024-04-20 13:30:00,2023,Regular Season - 30,78,Bundesliga,161,176,VfL Wolfsburg,Vfl Bochum,1,0,1.84,4.16,4.32,1.73,2.29,1
1049147,2024-04-20 13:30:00,2023,Regular Season - 30,78,Bundesliga,192,181,1.FC Köln,SV Darmstadt 98,0,2,1.55,4.67,6.37,1.7,2.34,1
1049148,2024-04-20 13:30:00,2023,Regular Season - 30,78,Bundesliga,167,163,1899 Hoffenheim,Borussia Monchengladbach,4,3,1.91,3.1,3,1.4,2.88,1
1049150,2024-04-20 13:30:00,2023,Regular Season - 30,78,Bundesliga,180,173,FC Heidenheim,RB Leipzig,1,2,5.5,4,1.4,1.4,2.88,1
1035509,2024-04-20 14:00:00,2023,Regular Season - 34,39,Premier League,1359,55,Luton,Brentford,1,5,3,3,2,1.53,2.38,1
1035511,2024-04-20 14:00:00,2023,Regular Season - 34,39,Premier League,62,44,Sheffield Utd,Burnley,1,4,2.5,2.88,2.38,1.67,2.15,1
1052574,2024-04-20 16:00:00,2023,Regular Season - 33,135,Serie A,511,492,Empoli,Napoli,1,0,4.5,3.3,1.62,1.73,2.1,1
1038268,2024-04-20 16:30:00,2023,Regular Season - 32,140,La Liga,532,543,Valencia,Real Betis,1,2,2,2.7,3.5,2.25,1.62,1
1049143,2024-04-20 16:30:00,2023,Regular Season - 30,78,Bundesliga,182,157,Union Berlin,Bayern Munich,1,5,5.39,4.51,1.64,1.65,2.44,1
1035513,2024-04-20 18:30:00,2023,Regular Season - 34,39,Premier League,39,42,Wolves,Arsenal,0,2,8,4.5,1.29,1.6,2.25,1
1052576,2024-04-20 18:45:00,2023,Regular Season - 33,135,Serie A,504,494,Verona,Udinese,1,0,2.4,2.7,2.75,2.2,1.65,1
1052581,2024-04-21 10:30:00,2023,Regular Season - 33,135,Serie A,488,867,Sassuolo,Lecce,0,3,2.35,3.28,3.3,2.05,1.85,1
1038265,2024-04-21 12:00:00,2023,Regular Season - 32,140,La Liga,546,548,Getafe,Real Sociedad,1,1,3.6,2.63,2.1,2.7,1.44,1
1035507,2024-04-21 12:30:00,2023,Regular Season - 34,39,Premier League,45,65,Everton,Nottingham Forest,2,0,2,2.88,3.3,1.8,1.8,1
1052582,2024-04-21 13:00:00,2023,Regular Season - 33,135,Serie A,503,512,Torino,Frosinone,0,0,1.66,3.96,5.46,1.98,1.91,1
1049149,2024-04-21 13:30:00,2023,Regular Season - 30,78,Bundesliga,162,172,Werder Bremen,VfB Stuttgart,2,1,4.5,3.5,1.57,1.47,2.63,1
1035504,2024-04-21 14:00:00,2023,Regular Season - 34,39,Premier League,66,35,Aston Villa,Bournemouth,3,1,1.73,3.25,3.6,1.36,2.7,1
1035506,2024-04-21 14:00:00,2023,Regular Season - 34,39,Premier League,52,48,Crystal Palace,West Ham,5,2,2,3,3.1,1.64,2,1
1038262,2024-04-21 14:15:00,2023,Regular Season - 32,140,La Liga,723,533,Almeria,Villarreal,1,2,3.2,3.1,1.91,1.53,2.45,1
1035508,2024-04-21 15:30:00,2023,Regular Season - 34,39,Premier League,36,40,Fulham,Liverpool,1,3,4.5,3.75,1.44,1.34,2.8,1
1049142,2024-04-21 15:30:00,2023,Regular Season - 30,78,Bundesliga,165,168,Borussia Dortmund,Bayer Leverkusen,1,1,2.38,3,2.4,1.47,2.63,1
1052580,2024-04-21 16:00:00,2023,Regular Season - 33,135,Serie A,514,502,Salernitana,Fiorentina,0,2,4.5,3.3,1.62,1.8,2,1
1038266,2024-04-21 16:30:00,2023,Regular Season - 32,140,La Liga,542,530,Alaves,Atletico Madrid,2,0,4.2,2.88,1.8,2.2,1.65,1
1049144,2024-04-21 17:30:00,2023,Regular Season - 30,78,Bundesliga,160,164,SC Freiburg,FSV Mainz 05,1,1,2.69,3.73,2.66,1.81,2.16,1
1052578,2024-04-21 18:45:00,2023,Regular Season - 33,135,Serie A,1579,499,Monza,Atalanta,1,2,4.07,3.69,1.93,1.89,1.99,1
1038267,2024-04-21 19:00:00,2023,Regular Season - 32,140,La Liga,541,529,Real Madrid,Barcelona,3,2,1.73,3.3,3.75,1.53,2.45,1
1052579,2024-04-22 16:30:00,2023,Regular Season - 33,135,Serie A,497,500,AS Roma,Bologna,1,3,2.25,2.63,3.1,2.3,1.6,1
1052577,2024-04-22 18:45:00,2023,Regular Season - 33,135,Serie A,489,505,AC Milan,Inter,1,2,3.6,3.1,1.83,1.73,2.1,1
1038270,2024-04-22 19:00:00,2023,Regular Season - 32,140,La Liga,536,798,Sevilla,Mallorca,2,1,1.91,2.7,4.2,2.63,1.47,1
1035454,2024-04-23 19:00:00,2023,Regular Season - 29,39,Premier League,42,49,Arsenal,Chelsea,5,0,1.4,3.75,5.5,1.44,2.63,1
1035463,2024-04-24 18:45:00,2023,Regular Season - 29,39,Premier League,39,35,Wolves,Bournemouth,0,1,2.82,3.8,2.52,1.73,2.29,1
1035457,2024-04-24 19:00:00,2023,Regular Season - 29,39,Premier League,52,34,Crystal Palace,Newcastle,2,0,2.84,3.86,2.48,1.68,2.38,1
1035458,2024-04-24 19:00:00,2023,Regular Season - 29,39,Premier League,45,40,Everton,Liverpool,2,0,6.5,4,1.33,1.5,2.5,1
1035461,2024-04-24 19:00:00,2023,Regular Season - 29,39,Premier League,33,62,Manchester United,Sheffield Utd,4,2,1.25,4.5,7.5,1.33,3.1,1
1035455,2024-04-25 19:00:00,2023,Regular Season - 29,39,Premier League,51,50,Brighton,Manchester City,0,4,6,4,1.36,1.44,2.63,1
1049157,2024-04-26 18:30:00,2023,Regular Season - 31,78,Bundesliga,176,167,Vfl Bochum,1899 Hoffenheim,3,2,2.1,3,2.8,1.47,2.63,1
1052586,2024-04-26 18:45:00,2023,Regular Season - 34,135,Serie A,512,514,Frosinone,Salernitana,3,0,1.44,4.75,6.5,1.53,2.38,1
1038281,2024-04-26 19:00:00,2023,Regular Season - 33,140,La Liga,548,541,Real Sociedad,Real Madrid,0,1,2.5,2.75,2.5,2.05,1.75,1
1035522,2024-04-27 11:30:00,2023,Regular Season - 35,39,Premier League,48,40,West Ham,Liverpool,2,2,5,3.75,1.44,1.36,3,1
1038279,2024-04-27 12:00:00,2023,Regular Season - 33,140,La Liga,534,547,Las Palmas,Girona,0,2,4.2,4,1.75,1.62,2.2,1
1052591,2024-04-27 13:00:00,2023,Regular Season - 34,135,Serie A,867,1579,Lecce,Monza,1,1,2.03,3.24,3.9,2.2,1.65,1
1049151,2024-04-27 13:30:00,2023,Regular Season - 31,78,Bundesliga,157,169,Bayern Munich,Eintracht Frankfurt,2,1,1.33,4.2,6,1.36,3.1,1
1049152,2024-04-27 13:30:00,2023,Regular Season - 31,78,Bundesliga,173,165,RB Leipzig,Borussia Dortmund,4,1,1.57,3.6,4.2,1.36,3.1,1
1049153,2024-04-27 13:30:00,2023,Regular Season - 31,78,Bundesliga,160,161,SC Freiburg,VfL Wolfsburg,1,2,2.37,3.58,3.01,1.88,2.01,1
1049158,2024-04-27 13:30:00,2023,Regular Season - 31,78,Bundesliga,170,162,FC Augsburg,Werder Bremen,0,3,1.67,3.3,3.75,1.53,2.45,1
1035517,2024-04-27 14:00:00,2023,Regular Season - 35,39,Premier League,36,52,Fulham,Crystal Palace,1,1,1.91,3,3.2,1.67,2.15,1
1035518,2024-04-27 14:00:00,2023,Regular Season - 35,39,Premier League,33,44,Manchester United,Burnley,1,1,1.4,4,5,1.33,3.1,1
1035519,2024-04-27 14:00:00,2023,Regular Season - 35,39,Premier League,34,62,Newcastle,Sheffield Utd,5,1,1.17,5.5,10,1.3,3.3,1
1035523,2024-04-27 14:00:00,2023,Regular Season - 35,39,Premier League,39,1359,Wolves,Luton,2,1,1.83,3.1,3.5,1.6,2.25,1
1038272,2024-04-27 14:15:00,2023,Regular Season - 33,140,La Liga,723,546,Almeria,Getafe,1,3,2.5,2.75,2.63,2.1,1.73,1
1052589,2024-04-27 16:00:00,2023,Regular Season - 34,135,Serie A,496,489,Juventus,AC Milan,0,0,2,2.88,3.4,2,1.8,1
1035516,2024-04-27 16:30:00,2023,Regular Season - 35,39,Premier League,45,55,Everton,Brentford,1,0,2.25,2.8,2.75,1.8,1.95,1
1038277,2024-04-27 16:30:00,2023,Regular Season - 33,140,La Liga,542,538,Alaves,Celta Vigo,3,0,2.5,2.63,2.75,2.45,1.57,1
1049154,2024-04-27 16:30:00,2023,Regular Season - 31,78,Bundesliga,168,172,Bayer Leverkusen,VfB Stuttgart,2,2,1.67,3.3,4,1.5,2.55,1
1052590,2024-04-27 18:45:00,2023,Regular Season - 34,135,Serie A,487,504,Lazio,Verona,1,0,1.61,3.8,5.6,2.06,1.74,1
1035515,2024-04-27 19:00:00,2023,Regular Season - 35,39,Premier League,66,49,Aston Villa,Chelsea,2,2,2,3.1,2.88,1.4,2.8,1
1052588,2024-04-28 10:30:00,2023,Regular Season - 34,135,Serie A,505,503,Inter,Torino,2,0,1.5,4,7,1.91,1.8,1
1035514,2024-04-28 13:00:00,2023,Regular Season - 35,39,Premier League,35,51,Bournemouth,Brighton,3,0,2.1,3,2.75,1.5,2.5,1
1035521,2024-04-28 13:00:00,2023,Regular Season - 35,39,Premier League,47,42,Tottenham,Arsenal,2,3,3.75,3.3,1.67,1.44,2.63,1
1052584,2024-04-28 13:00:00,2023,Regular Season - 34,135,Serie A,500,494,Bologna,Udinese,1,1,1.6,3.8,5.8,2.07,1.73,1
1049156,2024-04-28 13:30:00,2023,Regular Season - 31,78,Bundesliga,163,182,Borussia Monchengladbach,Union Berlin,0,0,2.36,3.47,3.12,1.96,1.93,1
1035520,2024-04-28 15:30:00,2023,Regular Season - 35,39,Premier League,65,50,Nottingham Forest,Manchester City,0,2,8.5,4.5,1.25,1.57,2.3,1
1049155,2024-04-28 15:30:00,2023,Regular Season - 31,78,Bundesliga,164,192,FSV Mainz 05,1.FC Köln,1,1,1.44,3.6,5.5,1.67,2.15,1
1052583,2024-04-28 16:00:00,2023,Regular Season - 34,135,Serie A,499,511,Atalanta,Empoli,2,0,1.45,4.6,6.7,1.69,2.13,1
1052592,2024-04-28 16:00:00,2023,Regular Season - 34,135,Serie A,492,497,Napoli,AS Roma,2,2,1.96,3.85,4.08,1.91,2.03,1
1038280,2024-04-28 16:30:00,2023,Regular Season - 33,140,La Liga,533,728,Villarreal,Rayo Vallecano,3,0,1.83,4,4.57,1.88,2.07,1
1049159,2024-04-28 17:30:00,2023,Regular Season - 31,78,Bundesliga,181,180,SV Darmstadt 98,FC Heidenheim,0,1,3,3,2,1.62,2.25,1
1052585,2024-04-28 18:45:00,2023,Regular Season - 34,135,Serie A,502,488,Fiorentina,Sassuolo,5,1,1.69,3.85,4.8,1.71,2.1,1
1038274,2024-04-28 19:00:00,2023,Regular Season - 33,140,La Liga,543,536,Real Betis,Sevilla,1,1,1.91,2.8,3.6,2.1,1.73,1
1052587,2024-04-29 18:45:00,2023,Regular Season - 34,135,Serie A,495,490,Genoa,Cagliari,3,0,2.44,3.17,3.44,2.42,1.66,1
1038273,2024-04-29 19:00:00,2023,Regular Season - 33,140,La Liga,529,532,Barcelona,Valencia,4,2,1.37,5,7.7,1.62,2.26,1
1035428,2024-05-02 18:30:00,2023,Regular Season - 26,39,Premier League,49,47,Chelsea,Tottenham,2,0,2,3.2,2.63,1.29,3.4,1
1049165,2024-05-03 18:30:00,2023,Regular Season - 32,78,Bundesliga,167,173,1899 Hoffenheim,RB Leipzig,1,1,5,4.2,1.4,1.25,3.8,1
1052601,2024-05-03 18:45:00,2023,Regular Season - 35,135,Serie A,503,500,Torino,Bologna,0,0,2.6,2.6,2.75,2.63,1.47,1
1035531,2024-05-03 19:00:00,2023,Regular Season - 36,39,Premier League,1359,45,Luton,Everton,1,1,2.63,3.8,2.69,1.76,2.23,1
1035524,2024-05-04 11:30:00,2023,Regular Season - 36,39,Premier League,42,35,Arsenal,Bournemouth,3,0,1.14,6,12,1.3,3.3,1
1038290,2024-05-04 12:00:00,2023,Regular Season - 34,140,La Liga,548,534,Real Sociedad,Las Palmas,2,0,1.36,5.08,9.57,1.9,1.99,1
1049160,2024-05-04 13:30:00,2023,Regular Season - 32,78,Bundesliga,165,170,Borussia Dortmund,FC Augsburg,5,1,1.73,3.4,3.4,1.29,3.5,1
1049163,2024-05-04 13:30:00,2023,Regular Season - 32,78,Bundesliga,161,181,VfL Wolfsburg,SV Darmstadt 98,3,0,1.3,4.33,7.5,1.5,2.55,1
1049166,2024-05-04 13:30:00,2023,Regular Season - 32,78,Bundesliga,162,163,Werder Bremen,Borussia Monchengladbach,2,2,2.2,3,2.7,1.53,2.45,1
1049167,2024-05-04 13:30:00,2023,Regular Season - 32,78,Bundesliga,172,157,VfB Stuttgart,Bayern Munich,3,1,1.91,3.2,3,1.4,2.88,1
1035525,2024-05-04 14:00:00,2023,Regular Season - 36,39,Premier League,55,36,Brentford,Fulham,0,0,1.91,3,3.1,1.53,2.38,1
1035527,2024-05-04 14:00:00,2023,Regular Season - 36,39,Premier League,44,34,Burnley,Newcastle,1,4,3.2,3.1,1.83,1.44,2.63,1
1035533,2024-05-04 14:00:00,2023,Regular Season - 36,39,Premier League,62,65,Sheffield Utd,Nottingham Forest,1,3,4.33,3.3,1.62,1.57,2.3,1
1052597,2024-05-04 16:00:00,2023,Regular Season - 35,135,Serie A,1579,487,Monza,Lazio,2,2,4.2,3.55,1.86,1.99,1.8,1
1035532,2024-05-04 16:30:00,2023,Regular Season - 36,39,Premier League,50,39,Manchester City,Wolves,5,1,1.06,9.5,23,1.25,3.7,1
1038286,2024-05-04 16:30:00,2023,Regular Season - 34,140,La Liga,547,529,Girona,Barcelona,4,2,2.6,3.1,2.2,1.4,2.88,1
1049164,2024-05-04 16:30:00,2023,Regular Season - 32,78,Bundesliga,192,160,1.FC Köln,SC Freiburg,0,0,2.41,3.75,3,1.81,2.15,1
1052600,2024-05-04 18:45:00,2023,Regular Season - 35,135,Serie A,488,505,Sassuolo,Inter,1,0,5.5,3.75,1.4,1.53,2.45,1
1038285,2024-05-04 19:00:00,2023,Regular Season - 34,140,La Liga,798,530,Mallorca,Atletico Madrid,0,1,3.7,3.2,2.15,2.41,1.58,1
1052593,2024-05-05 10:30:00,2023,Regular Season - 35,135,Serie A,490,867,Cagliari,Lecce,1,1,2,2.75,3.4,2.2,1.65,1
1035526,2024-05-05 13:00:00,2023,Regular Season - 36,39,Premier League,51,66,Brighton,Aston Villa,1,0,2.5,3,2.25,1.44,2.63,1
1035528,2024-05-05 13:00:00,2023,Regular Season - 36,39,Premier League,49,48,Chelsea,West Ham,5,0,1.5,3.6,4.5,1.36,3,1
1052594,2024-05-05 13:00:00,2023,Regular Season - 35,135,Serie A,511,512,Empoli,Frosinone,0,0,2.38,3.25,3,1.73,2,1
1052595,2024-05-05 13:00:00,2023,Regular Season - 35,135,Serie A,504,502,Verona,Fiorentina,2,1,3.16,3.24,2.29,2.09,1.72,1
1049161,2024-05-05 13:30:00,2023,Regular Season - 32,78,Bundesliga,182,176,Union Berlin,Vfl Bochum,3,4,2.01,3.53,4.25,2.17,1.81,1
1038282,2024-05-05 14:15:00,2023,Regular Season - 34,140,La Liga,538,533,Celta Vigo,Villarreal,3,2,2.44,3.7,2.98,1.72,2.3,1
1035530,2024-05-05 15:30:00,2023,Regular Season - 36,39,Premier League,40,47,Liverpool,Tottenham,4,2,1.36,4.2,5,1.25,3.7,1
1049162,2024-05-05 15:30:00,2023,Regular Season - 32,78,Bundesliga,169,168,Eintracht Frankfurt,Bayer Leverkusen,1,5,3,2.88,2.1,1.67,2.15,1
1052596,2024-05-05 16:00:00,2023,Regular Season - 35,135,Serie A,489,495,AC Milan,Genoa,3,3,1.45,4.5,6.7,1.75,2.05,1
1038291,2024-05-05 16:30:00,2023,Regular Season - 34,140,La Liga,532,542,Valencia,Alaves,0,1,2.05,3,4,2.6,1.44,1
1049168,2024-05-05 17:30:00,2023,Regular Season - 32,78,Bundesliga,180,164,FC Heidenheim,FSV Mainz 05,1,1,3.12,3.63,2.38,1.75,2.25,1
1052598,2024-05-05 18:45:00,2023,Regular Season - 35,135,Serie A,497,496,AS Roma,Juventus,1,1,2.8,3.08,2.65,2.37,1.56,1
1038283,2024-05-05 19:00:00,2023,Regular Season - 34,140,La Liga,728,723,Rayo Vallecano,Almeria,0,1,1.58,4.1,5.6,1.81,1.97,1
1038289,2024-05-05 19:00:00,2023,Regular Season - 34,140,La Liga,536,715,Sevilla,Granada CF,3,0,1.67,4.09,5.2,1.84,2.06,1
1052599,2024-05-06 16:00:00,2023,Regular Season - 35,135,Serie A,514,499,Salernitana,Atalanta,1,2,7.5,4.33,1.3,1.53,2.45,1
1052602,2024-05-06 18:45:00,2023,Regular Season - 35,135,Serie A,494,492,Udinese,Napoli,1,1,3.59,3.69,2.06,1.87,2.02,1
1035529,2024-05-06 19:00:00,2023,Regular Season - 36,39,Premier League,52,33,Crystal Palace,Manchester United,4,0,2.1,3,2.8,1.5,2.5,1
1049176,2024-05-10 18:30:00,2023,Regular Season - 33,78,Bundesliga,170,172,FC Augsburg,VfB Stuttgart,0,1,3.5,3.3,1.73,1.4,2.88,1
1052605,2024-05-10 18:45:00,2023,Regular Season - 36,135,Serie A,512,505,Frosinone,Inter,0,5,4.9,4.3,1.6,1.57,2.37,1
1038297,2024-05-10 19:00:00,2023,Regular Season - 35,140,La Liga,542,547,Alaves,Girona,2,2,3.4,3,1.91,1.87,1.9,1
1035537,2024-05-11 11:30:00,2023,Regular Season - 37,39,Premier League,36,50,Fulham,Manchester City,0,4,11,5.5,1.17,1.3,3.3,1
1038301,2024-05-11 12:00:00,2023,Regular Season - 35,140,La Liga,798,534,Mallorca,Las Palmas,1,0,1.73,3.45,6.83,2.59,1.59,1
1049170,2024-05-11 13:30:00,2023,Regular Season - 33,78,Bundesliga,173,162,RB Leipzig,Werder Bremen,1,1,1.25,5,7.5,1.25,3.8,1
1049171,2024-05-11 13:30:00,2023,Regular Season - 33,78,Bundesliga,160,180,SC Freiburg,FC Heidenheim,1,1,1.62,3.3,4.5,1.6,2.3,1
1049173,2024-05-11 13:30:00,2023,Regular Season - 33,78,Bundesliga,163,169,Borussia Monchengladbach,Eintracht Frankfurt,1,1,2.3,3,2.5,1.53,2.45,1
1049174,2024-05-11 13:30:00,2023,Regular Season - 33,78,Bundesliga,192,182,1.FC Köln,Union Berlin,3,2,2.79,3.39,2.63,2.05,1.85,1
1035534,2024-05-11 14:00:00,2023,Regular Season - 37,39,Premier League,35,55,Bournemouth,Brentford,1,2,1.83,3.1,3.2,1.44,2.63,1
1035536,2024-05-11 14:00:00,2023,Regular Season - 37,39,Premier League,45,62,Everton,Sheffield Utd,1,0,1.3,4.33,7,1.5,2.5,1
1035539,2024-05-11 14:00:00,2023,Regular Season - 37,39,Premier League,34,51,Newcastle,Brighton,1,1,1.5,3.75,4.33,1.3,3.3,1
1035541,2024-05-11 14:00:00,2023,Regular Season - 37,39,Premier League,47,44,Tottenham,Burnley,2,1,1.29,4.5,6.5,1.2,4.2,1
1035542,2024-05-11 14:00:00,2023,Regular Season - 37,39,Premier League,48,1359,West Ham,Luton,3,1,1.73,3.25,3.5,1.4,2.8,1
1035543,2024-05-11 14:00:00,2023,Regular Season - 37,39,Premier League,39,52,Wolves,Crystal Palace,1,3,2.63,2.8,2.3,1.8,1.95,1
1038300,2024-05-11 14:15:00,2023,Regular Season - 35,140,La Liga,533,536,Villarreal,Sevilla,3,2,1.91,4.16,3.98,1.64,2.46,1
1052612,2024-05-11 16:00:00,2023,Regular Season - 36,135,Serie A,492,500,Napoli,Bologna,0,2,2.05,3.55,3.55,1.93,1.82,1
1035540,2024-05-11 16:30:00,2023,Regular Season - 37,39,Premier League,65,49,Nottingham Forest,Chelsea,2,3,3.25,3.1,1.83,1.44,2.63,1
1038296,2024-05-11 16:30:00,2023,Regular Season - 35,140,La Liga,715,541,Granada CF,Real Madrid,0,4,5,3.5,1.53,1.65,2.2,1
1049172,2024-05-11 16:30:00,2023,Regular Season - 33,78,Bundesliga,164,165,FSV Mainz 05,Borussia Dortmund,3,0,2.1,3,2.8,1.47,2.63,1
1052611,2024-05-11 18:45:00,2023,Regular Season - 36,135,Serie A,489,490,AC Milan,Cagliari,5,1,1.44,4.6,6.5,1.57,2.3,1
1052609,2024-05-12 10:30:00,2023,Regular Season - 36,135,Serie A,487,511,Lazio,Empoli,2,0,1.57,4,5.7,1.9,1.88,1
1052606,2024-05-12 13:00:00,2023,Regular Season - 36,135,Serie A,495,488,Genoa,Sassuolo,2,1,2.17,3.55,3.25,1.8,1.94,1
1052607,2024-05-12 13:00:00,2023,Regular Season - 36,135,Serie A,504,503,Verona,Torino,1,2,3.1,2.9,2.6,2.3,1.57,1
1049177,2024-05-12 13:30:00,2023,Regular Season - 33,78,Bundesliga,181,167,SV Darmstadt 98,1899 Hoffenheim,0,6,4.5,3.6,1.53,1.33,3.25,1
1038293,2024-05-12 14:15:00,2023,Regular Season - 35,140,La Liga,530,538,Atletico Madrid,Celta Vigo,1,0,1.36,4,6.5,1.57,2.38,1
1035538,2024-05-12 15:30:00,2023,Regular Season - 37,39,Premier League,33,42,Manchester United,Arsenal,0,1,7.5,5.8,1.36,1.33,3.25,1
1049169,2024-05-12 15:30:00,2023,Regular Season - 33,78,Bundesliga,157,161,Bayern Munich,VfL Wolfsburg,2,0,1.36,4.2,6,1.36,3.1,1
1052608,2024-05-12 16:00:00,2023,Regular Season - 36,135,Serie A,496,514,Juventus,Salernitana,1,1,1.11,9,19,1.44,2.62,1
1038299,2024-05-12 16:30:00,2023,Regular Season - 35,140,La Liga,532,728,Valencia,Rayo Vallecano,0,0,2.2,2.63,3.3,2.55,1.5,1
1049175,2024-05-12 17:30:00,2023,Regular Season - 33,78,Bundesliga,176,168,Vfl Bochum,Bayer Leverkusen,0,5,4.4,4.33,1.65,1.4,2.75,1
1052603,2024-05-12 18:45:00,2023,Regular Season - 36,135,Serie A,499,497,Atalanta,AS Roma,2,1,1.98,3.6,3.6,1.8,1.98,1
1038298,2024-05-12 19:00:00,2023,Regular Season - 35,140,La Liga,543,723,Real Betis,Almeria,3,2,1.3,4.5,7.5,1.47,2.63,1
1052610,2024-05-13 16:30:00,2023,Regular Season - 36,135,Serie A,867,494,Lecce,Udinese,0,2,3,3.15,2.48,2.23,1.61,1
1052604,2024-05-13 18:45:00,2023,Regular Season - 36,135,Serie A,502,1579,Fiorentina,Monza,2,1,1.55,4.3,5.6,1.64,2.16,1
1035535,2024-05-13 19:00:00,2023,Regular Season - 37,39,Premier League,66,40,Aston Villa,Liverpool,3,3,3.6,3.4,1.67,1.3,3.3,1
1038294,2024-05-13 19:00:00,2023,Regular Season - 35,140,La Liga,529,548,Barcelona,Real Sociedad,2,0,1.67,3.1,4.2,1.87,1.9,1
1035512,2024-05-14 19:00:00,2023,Regular Season - 34,39,Premier League,47,50,Tottenham,Manchester City,0,2,6.5,4.5,1.3,1.25,3.7,1
1038311,2024-05-14 19:30:00,2023,Regular Season - 36,140,La Liga,541,542,Real Madrid,Alaves,5,0,1.17,5.5,13,1.5,2.55,1
1038303,2024-05-14 20:00:00,2023,Regular Season - 36,140,La Liga,547,533,Girona,Villarreal,0,1,1.62,3.5,4,1.36,3.1,1
1038310,2024-05-15 17:30:00,2023,Regular Season - 36,140,La Liga,728,715,Rayo Vallecano,Granada CF,2,1,1.5,3.4,6,2.15,1.67,1
1035505,2024-05-15 18:45:00,2023,Regular Season - 34,39,Premier League,51,49,Brighton,Chelsea,1,2,2.88,3.1,1.91,1.4,2.8,1
1035510,2024-05-15 19:00:00,2023,Regular Season - 34,39,Premier League,33,34,Manchester United,Newcastle,3,2,2.4,3.1,2.2,1.29,3.4,1
1038306,2024-05-15 20:00:00,2023,Regular Season - 36,140,La Liga,546,530,Getafe,Atletico Madrid,0,3,4.5,3,1.73,2.1,1.73,1
1038307,2024-05-16 17:30:00,2023,Regular Season - 36,140,La Liga,534,543,Las Palmas,Real Betis,2,2,3.6,2.88,1.91,1.9,1.72,1
1038302,2024-05-16 19:30:00,2023,Regular Season - 36,140,La Liga,723,529,Almeria,Barcelona,0,2,6,4.2,1.33,1.29,3.05,1
1038304,2024-05-16 20:00:00,2023,Regular Season - 36,140,La Liga,548,532,Real Sociedad,Valencia,1,0,1.53,3.25,6,2.1,1.6,1
1052614,2024-05-17 18:45:00,2023,Regular Season - 37,135,Serie A,502,492,Fiorentina,Napoli,2,2,2.39,3.4,2.87,1.72,2.09,1
1049178,2024-05-18 13:30:00,2023,Regular Season - 34,78,Bundesliga,165,181,Borussia Dortmund,SV Darmstadt 98,4,0,1.13,7,12,1.2,4.5,1
1049179,2024-05-18 13:30:00,2023,Regular Season - 34,78,Bundesliga,182,160,Union Berlin,SC Freiburg,2,1,2.23,3.65,3.41,1.97,1.97,1
1049180,2024-05-18 13:30:00,2023,Regular Season - 34,78,Bundesliga,168,170,Bayer Leverkusen,FC Augsburg,2,1,1.22,5,8,1.22,4.2,1
1049181,2024-05-18 13:30:00,2023,Regular Season - 34,78,Bundesliga,169,173,Eintracht Frankfurt,RB Leipzig,2,2,2.5,3,2.25,1.44,2.7,1
1049182,2024-05-18 13:30:00,2023,Regular Season - 34,78,Bundesliga,161,164,VfL Wolfsburg,FSV Mainz 05,1,3,3.31,3.78,2.23,1.81,2.15,1
1049183,2024-05-18 13:30:00,2023,Regular Season - 34,78,Bundesliga,167,157,1899 Hoffenheim,Bayern Munich,4,2,2.63,3.3,2,1.2,4.33,1
1049184,2024-05-18 13:30:00,2023,Regular Season - 34,78,Bundesliga,162,176,Werder Bremen,Vfl Bochum,4,1,2.2,3,2.7,1.53,2.45,1
1049185,2024-05-18 13:30:00,2023,Regular Season - 34,78,Bundesliga,172,163,VfB Stuttgart,Borussia Monchengladbach,4,0,1.2,5.5,8.5,1.2,4.33,1
1049186,2024-05-18 13:30:00,2023,Regular Season - 34,78,Bundesliga,180,192,FC Heidenheim,1.FC Köln,4,1,2.1,3.1,2.7,1.47,2.63,1
1052616,2024-05-18 16:00:00,2023,Regular Season - 37,135,Serie A,867,499,Lecce,Atalanta,0,2,4.82,4.02,1.79,1.92,2.02,1
1052621,2024-05-18 18:45:00,2023,Regular Season - 37,135,Serie A,503,489,Torino,AC Milan,3,1,2.5,2.7,2.63,2.15,1.67,1
1038317,2024-05-18 19:00:00,2023,Regular Season - 37,140,La Liga,542,546,Alaves,Getafe,1,0,2.08,3.2,3.95,2.41,1.58,1
1052620,2024-05-19 10:30:00,2023,Regular Season - 37,135,Serie A,488,490,Sassuolo,Cagliari,0,2,2.1,2.88,2.88,1.8,2,1
1052617,2024-05-19 13:00:00,2023,Regular Season - 37,135,Serie A,1579,512,Monza,Frosinone,0,1,2.8,2.88,2.2,1.73,2.1,1
1052622,2024-05-19 13:00:00,2023,Regular Season - 37,135,Serie A,494,511,Udinese,Empoli,1,1,1.91,2.8,3.75,2.25,1.62,1
1035544,2024-05-19 15:00:00,2023,Regular Season - 38,39,Premier League,42,45,Arsenal,Everton,2,1,1.13,6.5,15,1.36,3,1
1035545,2024-05-19 15:00:00,2023,Regular Season - 38,39,Premier League,55,34,Brentford,Newcastle,2,4,2.63,3,2.1,1.36,3,1
1035546,2024-05-19 15:00:00,2023,Regular Season - 38,39,Premier League,51,33,Brighton,Manchester United,0,2,2,3.2,2.75,1.3,3.3,1
1035547,2024-05-19 15:00:00,2023,Regular Season - 38,39,Premier League,44,65,Burnley,Nottingham Forest,1,2,2.8,3.8,2.38,1.53,2.45,1
1035548,2024-05-19 15:00:00,2023,Regular Season - 38,39,Premier League,49,35,Chelsea,Bournemouth,2,1,1.36,4.2,5.5,1.22,4,1
1035549,2024-05-19 15:00:00,2023,Regular Season - 38,39,Premier League,52,66,Crystal Palace,Aston Villa,5,0,1.67,3.3,3.6,1.36,3,1
1035550,2024-05-19 15:00:00,2023,Regular Season - 38,39,Premier League,40,39,Liverpool,Wolves,2,0,1.13,7,13,1.18,4.5,1
1035551,2024-05-19 15:00:00,2023,Regular Season - 38,39,Premier League,1359,36,Luton,Fulham,2,4,2.7,3,2.1,1.4,2.8,1
1035552,2024-05-19 15:00:00,2023,Regular Season - 38,39,Premier League,50,48,Manchester City,West Ham,3,1,1.07,8.5,18,1.14,5,1
1035553,2024-05-19 15:00:00,2023,Regular Season - 38,39,Premier League,62,47,Sheffield Utd,Tottenham,0,3,6.5,4.5,1.29,1.2,4.2,1
1052615,2024-05-19 16:00:00,2023,Regular Season - 37,135,Serie A,505,487,Inter,Lazio,1,1,1.65,4.1,4.8,1.72,2.09,1
1038314,2024-05-19 17:00:00,2023,Regular Season - 37,140,La Liga,529,728,Barcelona,Rayo Vallecano,3,0,1.2,5,10,1.47,2.63,1
1038315,2024-05-19 17:00:00,2023,Regular Season - 37,140,La Liga,543,548,Real Betis,Real Sociedad,0,2,2.6,2.63,2.63,2.3,1.6,1
1038318,2024-05-19 17:00:00,2023,Regular Season - 37,140,La Liga,798,723,Mallorca,Almeria,2,2,1.36,3.75,7.5,2,1.8,1
1038319,2024-05-19 17:00:00,2023,Regular Season - 37,140,La Liga,715,538,Granada CF,Celta Vigo,1,2,3.6,3,1.83,1.8,2,1
1038320,2024-05-19 17:00:00,2023,Regular Season - 37,140,La Liga,532,547,Valencia,Girona,1,3,2.8,2.88,2.2,1.67,2.15,1
1038321,2024-05-19 17:00:00,2023,Regular Season - 37,140,La Liga,533,541,Villarreal,Real Madrid,4,4,2.88,3.1,2,1.4,2.88,1
1052618,2024-05-19 18:45:00,2023,Regular Season - 37,135,Serie A,497,495,AS Roma,Genoa,1,0,1.45,4.5,6.8,1.79,1.99,1
1052619,2024-05-20 16:30:00,2023,Regular Season - 37,135,Serie A,514,504,Salernitana,Verona,1,2,5.38,3.96,1.67,1.91,1.98,1
1052613,2024-05-20 18:45:00,2023,Regular Season - 37,135,Serie A,500,496,Bologna,Juventus,3,3,2.58,3.08,2.87,2.29,1.61,1
1200849,2024-05-23 18:30:00,2023,Relegation Round,78,Bundesliga,176,158,Vfl Bochum,Fortuna Dusseldorf,0,3,2.24,3.57,3.25,1.85,2.04,1
1052624,2024-05-23 18:45:00,2023,Regular Season - 38,135,Serie A,490,502,Cagliari,Fiorentina,2,3,4.5,3.3,1.62,1.67,2.15,1
1052627,2024-05-24 18:45:00,2023,Regular Season - 38,135,Serie A,495,500,Genoa,Bologna,2,0,3.2,2.7,2.1,2.2,1.65,1
1038325,2024-05-24 19:00:00,2023,Regular Season - 38,140,La Liga,547,715,Girona,Granada CF,7,0,1.17,6,11,1.29,3.5,1
1038328,2024-05-25 14:15:00,2023,Regular Season - 38,140,La Liga,548,530,Real Sociedad,Atletico Madrid,0,2,2.4,3.45,3,1.98,1.89,1
1052629,2024-05-25 16:00:00,2023,Regular Season - 38,135,Serie A,496,1579,Juventus,Monza,2,0,1.29,4.5,8.5,1.6,2.3,1
1052631,2024-05-25 18:45:00,2023,Regular Season - 38,135,Serie A,489,514,AC Milan,Salernitana,3,3,1.13,7,14,1.22,4.1,1
1038330,2024-05-25 19:00:00,2023,Regular Season - 38,140,La Liga,541,543,Real Madrid,Real Betis,0,0,1.25,5,8,1.33,3.25,1
1038324,2024-05-26 12:00:00,2023,Regular Season - 38,140,La Liga,546,798,Getafe,Mallorca,1,2,2.2,2.8,3,2,1.64,1
1038323,2024-05-26 14:15:00,2023,Regular Season - 38,140,La Liga,538,532,Celta Vigo,Valencia,2,2,1.89,3.55,4,1.88,1.89,1
1038331,2024-05-26 14:15:00,2023,Regular Season - 38,140,La Liga,534,542,Las Palmas,Alaves,1,1,2.3,2.75,2.88,2,1.64,1
1052623,2024-05-26 16:00:00,2023,Regular Season - 38,135,Serie A,499,503,Atalanta,Torino,3,0,3.55,3.52,2.06,1.88,1.95,1
1052632,2024-05-26 16:00:00,2023,Regular Season - 38,135,Serie A,492,867,Napoli,Lecce,0,0,1.4,5.1,7,1.51,2.35,1
1052625,2024-05-26 18:45:00,2023,Regular Season - 38,135,Serie A,511,497,Empoli,AS Roma,2,1,2.08,3.81,3.67,1.87,2.08,1
1052626,2024-05-26 18:45:00,2023,Regular Season - 38,135,Serie A,512,494,Frosinone,Udinese,0,1,2.53,3.08,3.19,2,1.89,1
1052628,2024-05-26 18:45:00,2023,Regular Season - 38,135,Serie A,504,505,Verona,Inter,2,2,5.69,4.61,1.61,1.65,2.44,1
1052630,2024-05-26 18:45:00,2023,Regular Season - 38,135,Serie A,487,488,Lazio,Sassuolo,1,1,1.3,5.5,9,1.5,2.5,1
1038329,2024-05-26 19:00:00,2023,Regular Season - 38,140,La Liga,536,529,Sevilla,Barcelona,1,2,3.5,3.25,1.73,1.4,2.55,1
1200850,2024-05-27 18:30:00,2023,Relegation Round,78,Bundesliga,158,176,Fortuna Dusseldorf,Vfl Bochum,0,3,2.19,3.42,3.22,1.75,2.05,1
1052533,2024-06-02 16:00:00,2023,Regular Season - 29,135,Serie A,499,502,Atalanta,Fiorentina,2,3,1.36,3.75,6,1.53,2.45,1
1208495,2024-08-15 19:30:00,2024,Regular Season - 1,140,La Liga,543,547,Real Betis,Girona,1,1,2.4,3.39,3.11,1.89,2,1
1208501,2024-08-16 17:00:00,2024,Regular Season - 1,140,La Liga,538,542,Celta Vigo,Alaves,2,1,2,3.3,4,2.1,1.67,1
1208021,2024-08-16 19:00:00,2024,Regular Season - 1,39,Premier League,33,36,Manchester United,Fulham,1,0,1.6,4.4,5,1.5,2.5,1
1208497,2024-08-16 19:30:00,2024,Regular Season - 1,140,La Liga,534,536,Las Palmas,Sevilla,2,2,3,3.2,2.45,2.2,1.62,1
1208022,2024-08-17 11:30:00,2024,Regular Season - 1,39,Premier League,57,40,Ipswich,Liverpool,0,2,8.5,5.5,1.33,1.4,2.75,1
1208023,2024-08-17 14:00:00,2024,Regular Season - 1,39,Premier League,42,39,Arsenal,Wolves,2,0,1.18,7,17,1.5,2.5,1
1208024,2024-08-17 14:00:00,2024,Regular Season - 1,39,Premier League,45,51,Everton,Brighton,0,3,2.65,3.4,2.55,1.73,1.93,1
1208025,2024-08-17 14:00:00,2024,Regular Season - 1,39,Premier League,34,41,Newcastle,Southampton,1,0,1.35,5.5,8,1.4,2.75,1
1208026,2024-08-17 14:00:00,2024,Regular Season - 1,39,Premier League,65,35,Nottingham Forest,Bournemouth,1,1,2.38,3.45,2.88,1.67,2.02,1
1208027,2024-08-17 16:30:00,2024,Regular Season - 1,39,Premier League,48,66,West Ham,Aston Villa,1,2,2.38,3.65,2.75,1.49,2.35,1
1223598,2024-08-17 16:30:00,2024,Regular Season - 1,135,Serie A,495,505,Genoa,Inter,2,2,6.52,4.4,1.57,1.92,2.02,1
1223604,2024-08-17 16:30:00,2024,Regular Season - 1,135,Serie A,523,502,Parma,Fiorentina,1,1,3.46,3.46,2.29,1.94,2.01,1
1223597,2024-08-17 18:45:00,2024,Regular Season - 1,135,Serie A,511,1579,Empoli,Monza,0,0,2.6,3.19,3.15,2.21,1.78,1
1223603,2024-08-17 18:45:00,2024,Regular Season - 1,135,Serie A,489,503,AC Milan,Torino,2,2,1.69,4.12,5.54,1.96,1.98,1
1208499,2024-08-17 19:30:00,2024,Regular Season - 1,140,La Liga,532,529,Valencia,Barcelona,1,2,4.87,4,1.78,1.88,2.07,1
1208028,2024-08-18 13:00:00,2024,Regular Season - 1,39,Premier League,55,52,Brentford,Crystal Palace,2,1,2.43,3.4,2.85,1.76,1.89,1
1208029,2024-08-18 15:30:00,2024,Regular Season - 1,39,Premier League,49,50,Chelsea,Manchester City,0,2,3.675,3.75,1.9049999999999998,1.5150000000000001,2.34,2
1223595,2024-08-18 16:30:00,2024,Regular Season - 1,135,Serie A,500,494,Bologna,Udinese,1,1,1.99,3.48,4.45,2.39,1.68,1
1223599,2024-08-18 16:30:00,2024,Regular Season - 1,135,Serie A,504,492,Verona,Napoli,3,0,4.6,3.65,1.75,1.87,1.9,1
1208500,2024-08-18 17:00:00,2024,Regular Season - 1,140,La Liga,548,728,Real Sociedad,Rayo Vallecano,1,2,1.6,3.7,6.4,2.42,1.58,1
1223596,2024-08-18 18:45:00,2024,Regular Season - 1,135,Serie A,490,497,Cagliari,AS Roma,0,0,4.06,3.65,2.02,2.01,1.94,1
1223601,2024-08-18 18:45:00,2024,Regular Season - 1,135,Serie A,487,517,Lazio,Venezia,3,1,1.45,4.4,7.1,1.86,1.91,1
1208496,2024-08-18 19:30:00,2024,Regular Season - 1,140,La Liga,798,541,Mallorca,Real Madrid,1,1,8.17,4.37,1.46,1.93,1.95,1
1223602,2024-08-19 16:30:00,2024,Regular Season - 1,135,Serie A,867,499,Lecce,Atalanta,0,4,4.14,3.81,1.96,1.99,1.96,1
1223600,2024-08-19 18:45:00,2024,Regular Season - 1,135,Serie A,496,895,Juventus,Como,3,0,1.37,5.31,10,1.9,2.04,1
1208030,2024-08-19 19:00:00,2024,Regular Season - 1,39,Premier League,46,47,Leicester,Tottenham,1,1,5.5,4.33,1.57,1.5,2.5,1
1208498,2024-08-19 19:30:00,2024,Regular Season - 1,140,La Liga,533,530,Villarreal,Atletico Madrid,2,2,3.4,3.6,2.1,1.7,2.05,1
1208504,2024-08-23 17:00:00,2024,Regular Season - 2,140,La Liga,538,532,Celta Vigo,Valencia,3,1,2.23,3.49,3.57,2.28,1.74,1
1223975,2024-08-23 18:30:00,2024,Regular Season - 1,78,Bundesliga,163,168,Borussia Mönchengladbach,Bayer Leverkusen,2,3,5.5,4.33,1.57,1.53,2.38,1
1208507,2024-08-23 19:30:00,2024,Regular Season - 2,140,La Liga,536,533,Sevilla,Villarreal,1,2,2.47,3.68,2.96,1.88,2.07,1
1208033,2024-08-24 11:30:00,2024,Regular Season - 2,39,Premier League,51,33,Brighton,Manchester United,2,1,2.465,3.725,2.6399999999999997,1.56,2.3049999999999997,2
1223976,2024-08-24 13:30:00,2024,Regular Season - 1,78,Bundesliga,173,176,RB Leipzig,VfL Bochum,1,0,1.25,6,11,1.36,3,1
1223978,2024-08-24 13:30:00,2024,Regular Season - 1,78,Bundesliga,167,191,1899 Hoffenheim,Holstein Kiel,3,2,1.65,4.2,4.75,1.53,2.38,1
1223979,2024-08-24 13:30:00,2024,Regular Season - 1,78,Bundesliga,160,172,SC Freiburg,VfB Stuttgart,3,1,3.58,3.87,2.1,1.75,2.25,1
1223980,2024-08-24 13:30:00,2024,Regular Season - 1,78,Bundesliga,170,162,FC Augsburg,Werder Bremen,2,2,2.31,3.8,3.12,1.77,2.22,1
1223982,2024-08-24 13:30:00,2024,Regular Season - 1,78,Bundesliga,164,182,FSV Mainz 05,Union Berlin,1,1,2.1,3.37,4.11,2.3,1.72,1
1208034,2024-08-24 14:00:00,2024,Regular Season - 2,39,Premier League,52,48,Crystal Palace,West Ham,0,2,2.175,3.5,3.25,1.7349999999999999,2,2
1208035,2024-08-24 14:00:00,2024,Regular Season - 2,39,Premier League,36,46,Fulham,Leicester,2,1,1.83,3.7,4.33,1.73,2,1
1208037,2024-08-24 14:00:00,2024,Regular Season - 2,39,Premier League,50,57,Manchester City,Ipswich,4,1,1.08,11,29,1.3,3.4,1
1208038,2024-08-24 14:00:00,2024,Regular Season - 2,39,Premier League,41,65,Southampton,Nottingham Forest,0,1,2.525,3.375,2.825,1.9049999999999998,1.84,2
1208039,2024-08-24 14:00:00,2024,Regular Season - 2,39,Premier League,47,45,Tottenham,Everton,4,0,1.44,4.8,7,1.44,2.62,1
1208032,2024-08-24 16:30:00,2024,Regular Season - 2,39,Premier League,66,42,Aston Villa,Arsenal,0,2,4.375,3.8,1.7850000000000001,1.6949999999999998,2.0949999999999998,2
1223611,2024-08-24 16:30:00,2024,Regular Season - 2,135,Serie A,523,489,Parma,AC Milan,2,1,4.8,4,1.7,1.73,2,1
1223614,2024-08-24 16:30:00,2024,Regular Season - 2,135,Serie A,494,487,Udinese,Lazio,2,1,3.39,3.23,2.43,2.46,1.64,1
1223977,2024-08-24 16:30:00,2024,Regular Season - 1,78,Bundesliga,165,169,Borussia Dortmund,Eintracht Frankfurt,2,0,1.7,4.2,4.33,1.5,2.5,1
1223608,2024-08-24 18:45:00,2024,Regular Season - 2,135,Serie A,505,867,Inter,Lecce,2,0,1.21,7.75,17,1.64,2.48,1
1223609,2024-08-24 18:45:00,2024,Regular Season - 2,135,Serie A,1579,495,Monza,Genoa,0,1,2.7,3.23,2.98,2.39,1.68,1
1208505,2024-08-24 19:30:00,2024,Regular Season - 2,140,La Liga,546,728,Getafe,Rayo Vallecano,0,0,2.5,2.88,3.3,2.62,1.44,1
1208031,2024-08-25 13:00:00,2024,Regular Season - 2,39,Premier League,35,34,Bournemouth,Newcastle,1,1,2.95,3.825,2.215,1.53,2.375,2
1208040,2024-08-25 13:00:00,2024,Regular Season - 2,39,Premier League,39,49,Wolves,Chelsea,2,6,4.2,4,1.7650000000000001,1.58,2.3,2
1223981,2024-08-25 13:30:00,2024,Regular Season - 1,78,Bundesliga,161,157,VfL Wolfsburg,Bayern München,2,3,6.5,4.75,1.44,1.4,2.75,1
1208506,2024-08-25 15:00:00,2024,Regular Season - 2,140,La Liga,541,720,Real Madrid,Valladolid,3,0,1.17,7.5,17,1.36,3,1
1208036,2024-08-25 15:30:00,2024,Regular Season - 2,39,Premier League,40,55,Liverpool,Brentford,2,0,1.25,6.5,11,1.36,3,1
1223983,2024-08-25 15:30:00,2024,Regular Season - 1,78,Bundesliga,186,180,FC St. Pauli,1. FC Heidenheim,0,2,2.11,3.69,3.69,1.87,2.08,1
1223606,2024-08-25 16:30:00,2024,Regular Season - 2,135,Serie A,502,517,Fiorentina,Venezia,0,0,1.44,4.4,8,1.8,1.91,1
1223613,2024-08-25 16:30:00,2024,Regular Season - 2,135,Serie A,503,499,Torino,Atalanta,2,1,3.27,3.39,2.41,2.15,1.82,1
1208509,2024-08-25 17:00:00,2024,Regular Season - 2,140,La Liga,537,534,Leganes,Las Palmas,2,1,2.25,2.9,3.7,2.65,1.45,1
1208508,2024-08-25 17:15:00,2024,Regular Season - 2,140,La Liga,542,543,Alaves,Real Betis,0,0,2.4,3.1,3.1,2.35,1.57,1
1223610,2024-08-25 18:45:00,2024,Regular Season - 2,135,Serie A,492,500,Napoli,Bologna,3,0,1.94,3.61,4.12,2.01,1.88,1
1223612,2024-08-25 18:45:00,2024,Regular Season - 2,135,Serie A,497,511,AS Roma,Empoli,1,2,1.47,4.55,7.38,1.88,2.01,1
1208503,2024-08-25 19:30:00,2024,Regular Season - 2,140,La Liga,530,547,Atletico Madrid,Girona,3,0,1.61,4.57,5.65,1.67,2.4,1
1223605,2024-08-26 16:30:00,2024,Regular Season - 2,135,Serie A,490,895,Cagliari,Como,1,1,2.19,3.6,3.56,2.06,1.89,1
1223607,2024-08-26 18:45:00,2024,Regular Season - 2,135,Serie A,504,496,Verona,Juventus,0,3,4.8,3.74,1.85,2.19,1.79,1
1208518,2024-08-26 19:30:00,2024,Regular Season - 3,140,La Liga,533,538,Villarreal,Celta Vigo,4,3,1.98,3.82,4,1.85,2.1,1
1208515,2024-08-27 17:00:00,2024,Regular Season - 3,140,La Liga,798,536,Mallorca,Sevilla,0,0,2.39,3.29,3.41,2.59,1.59,1
1208517,2024-08-27 19:30:00,2024,Regular Season - 3,140,La Liga,728,529,Rayo Vallecano,Barcelona,1,2,4.88,4.16,1.75,1.81,2.15,1
1208520,2024-08-28 17:00:00,2024,Regular Season - 3,140,La Liga,720,537,Valladolid,Leganes,0,0,2.25,2.95,3.6,2.6,1.47,1
1208519,2024-08-28 19:30:00,2024,Regular Season - 3,140,La Liga,548,542,Real Sociedad,Alaves,1,2,1.62,3.6,6,2.4,1.55,1
1208516,2024-08-29 19:30:00,2024,Regular Season - 3,140,La Liga,534,541,Las Palmas,Real Madrid,1,1,8,5,1.4,1.57,2.3,1
1223624,2024-08-30 16:30:00,2024,Regular Season - 3,135,Serie A,517,503,Venezia,Torino,0,1,3.7,3.3,2.05,2.05,1.75,1
1223990,2024-08-30 18:30:00,2024,Regular Season - 2,78,Bundesliga,182,186,Union Berlin,FC St. Pauli,1,0,2.06,3.74,3.82,1.97,1.97,1
1223618,2024-08-30 18:45:00,2024,Regular Season - 3,135,Serie A,505,499,Inter,Atalanta,4,0,1.7,4.35,5.07,1.72,2.31,1
1208041,2024-08-31 11:30:00,2024,Regular Season - 3,39,Premier League,42,51,Arsenal,Brighton,1,1,1.33,5.5,8.5,1.53,2.38,1
1223985,2024-08-31 13:30:00,2024,Regular Season - 2,78,Bundesliga,172,164,VfB Stuttgart,FSV Mainz 05,3,3,1.7,4.37,5.08,1.68,2.38,1
1223987,2024-08-31 13:30:00,2024,Regular Season - 2,78,Bundesliga,169,167,Eintracht Frankfurt,1899 Hoffenheim,3,1,1.83,4,3.9,1.5,2.5,1
1223989,2024-08-31 13:30:00,2024,Regular Season - 2,78,Bundesliga,162,165,Werder Bremen,Borussia Dortmund,0,0,3.9,4,1.83,1.44,2.62,1
1223991,2024-08-31 13:30:00,2024,Regular Season - 2,78,Bundesliga,176,163,VfL Bochum,Borussia Mönchengladbach,0,2,2.69,3.88,2.59,1.65,2.44,1
1223992,2024-08-31 13:30:00,2024,Regular Season - 2,78,Bundesliga,191,161,Holstein Kiel,VfL Wolfsburg,0,2,3.33,3.86,2.19,1.74,2.27,1
1208042,2024-08-31 14:00:00,2024,Regular Season - 3,39,Premier League,55,41,Brentford,Southampton,3,1,1.79,4.12,4.47,1.76,2.19,1
1208044,2024-08-31 14:00:00,2024,Regular Season - 3,39,Premier League,45,35,Everton,Bournemouth,2,3,2.8,3.43,2.6,1.88,2.02,1
1208045,2024-08-31 14:00:00,2024,Regular Season - 3,39,Premier League,57,36,Ipswich,Fulham,1,1,3.0949999999999998,3.5650000000000004,2.35,1.8650000000000002,2.04,2
1208046,2024-08-31 14:00:00,2024,Regular Season - 3,39,Premier League,46,66,Leicester,Aston Villa,1,2,4.4,3.9,1.8,1.67,2.1,1
1208049,2024-08-31 14:00:00,2024,Regular Season - 3,39,Premier League,65,39,Nottingham Forest,Wolves,1,1,2.0300000000000002,3.76,3.6950000000000003,1.835,2.075,2
1208522,2024-08-31 15:00:00,2024,Regular Season - 4,140,La Liga,529,720,Barcelona,Valladolid,7,0,1.25,6,12,1.44,2.62,1
1208050,2024-08-31 16:30:00,2024,Regular Season - 3,39,Premier League,48,50,West Ham,Manchester City,1,3,8,5,1.4,1.44,2.62,1
1223615,2024-08-31 16:30:00,2024,Regular Season - 3,135,Serie A,500,511,Bologna,Empoli,1,1,1.7,3.94,5.8,2.21,1.78,1
1223621,2024-08-31 16:30:00,2024,Regular Season - 3,135,Serie A,867,490,Lecce,Cagliari,1,0,2.29,3.4,3.52,2.41,1.67,1
1223984,2024-08-31 16:30:00,2024,Regular Season - 2,78,Bundesliga,168,173,Bayer Leverkusen,RB Leipzig,2,3,1.8,4,4,1.5,2.5,1
1223620,2024-08-31 18:45:00,2024,Regular Season - 3,135,Serie A,487,489,Lazio,AC Milan,2,2,3.03,3.67,2.42,1.92,2.02,1
1223622,2024-08-31 18:45:00,2024,Regular Season - 3,135,Serie A,492,523,Napoli,Parma,2,1,1.53,4.66,6.73,1.77,2.22,1
1208524,2024-08-31 19:30:00,2024,Regular Season - 4,140,La Liga,532,533,Valencia,Villarreal,1,1,2.81,3.41,2.61,1.88,2.02,1
1208526,2024-08-31 19:30:00,2024,Regular Season - 4,140,La Liga,537,798,Leganes,Mallorca,0,1,2.6,2.75,3.3,2.62,1.44,1
1208043,2024-09-01 12:30:00,2024,Regular Season - 3,39,Premier League,49,52,Chelsea,Crystal Palace,1,1,1.65,4.33,5,1.53,2.38,1
1208048,2024-09-01 12:30:00,2024,Regular Season - 3,39,Premier League,34,47,Newcastle,Tottenham,2,1,2.5,4,2.5,1.36,3,1
1223988,2024-09-01 13:30:00,2024,Regular Season - 2,78,Bundesliga,180,170,1. FC Heidenheim,FC Augsburg,4,0,2.4,3.4,2.9,1.75,2.05,1
1208047,2024-09-01 15:00:00,2024,Regular Season - 3,39,Premier League,33,40,Manchester United,Liverpool,0,3,3.8,4.2,1.85,1.44,2.62,1
1208525,2024-09-01 15:00:00,2024,Regular Season - 4,140,La Liga,542,534,Alaves,Las Palmas,2,0,1.8,3.5,4.6,2.3,1.6,1
1223986,2024-09-01 15:30:00,2024,Regular Season - 2,78,Bundesliga,157,160,Bayern München,SC Freiburg,2,0,1.22,7,11,1.22,4,1
1223616,2024-09-01 16:30:00,2024,Regular Season - 3,135,Serie A,502,1579,Fiorentina,Monza,2,2,1.75,3.93,5.27,2.11,1.85,1
1223617,2024-09-01 16:30:00,2024,Regular Season - 3,135,Serie A,495,504,Genoa,Verona,0,2,2.09,3.33,4.24,2.5,1.62,1
1208529,2024-09-01 17:00:00,2024,Regular Season - 4,140,La Liga,536,547,Sevilla,Girona,0,2,2.46,3.82,2.89,1.73,2.29,1
1208523,2024-09-01 17:15:00,2024,Regular Season - 4,140,La Liga,546,548,Getafe,Real Sociedad,0,0,3.6,2.8,2.4,3,1.36,1
1223619,2024-09-01 18:45:00,2024,Regular Season - 3,135,Serie A,496,497,Juventus,AS Roma,0,0,1.82,3.83,4.87,2.11,1.85,1
1223623,2024-09-01 18:45:00,2024,Regular Season - 3,135,Serie A,494,895,Udinese,Como,1,0,2,3.3,3.9,2.15,1.67,1
1208527,2024-09-01 19:30:00,2024,Regular Season - 4,140,La Liga,541,543,Real Madrid,Real Betis,2,0,1.29,5.8,11,1.5,2.5,1
1223994,2024-09-13 18:30:00,2024,Regular Season - 3,78,Bundesliga,165,180,Borussia Dortmund,1. FC Heidenheim,4,2,1.36,5,8,1.53,2.38,1
1208531,2024-09-13 19:00:00,2024,Regular Season - 5,140,La Liga,543,537,Real Betis,Leganes,2,0,1.76,3.71,5.65,2.44,1.65,1
1208058,2024-09-14 11:30:00,2024,Regular Season - 4,39,Premier League,41,33,Southampton,Manchester United,0,3,4.83,3.85,1.79,1.63,2.42,1
1208533,2024-09-14 12:00:00,2024,Regular Season - 5,140,La Liga,798,533,Mallorca,Villarreal,1,2,2.48,3.25,2.9,2.08,1.73,1
1223627,2024-09-14 13:00:00,2024,Regular Season - 4,135,Serie A,895,500,Como,Bologna,2,2,3,3.2,2.45,2.2,1.62,1
1223993,2024-09-14 13:30:00,2024,Regular Season - 3,78,Bundesliga,173,182,RB Leipzig,Union Berlin,0,0,1.51,4.83,6.83,1.73,2.29,1
1223995,2024-09-14 13:30:00,2024,Regular Season - 3,78,Bundesliga,167,168,1899 Hoffenheim,Bayer Leverkusen,1,4,5.5,4.75,1.5,1.33,3.25,1
1223996,2024-09-14 13:30:00,2024,Regular Season - 3,78,Bundesliga,160,176,SC Freiburg,VfL Bochum,2,1,1.75,4.25,4.82,1.7,2.34,1
1223998,2024-09-14 13:30:00,2024,Regular Season - 3,78,Bundesliga,161,169,VfL Wolfsburg,Eintracht Frankfurt,1,2,2.75,3.71,2.61,1.82,2.14,1
1224000,2024-09-14 13:30:00,2024,Regular Season - 3,78,Bundesliga,163,172,Borussia Mönchengladbach,VfB Stuttgart,1,3,2.88,3.8,2.25,1.44,2.62,1
1208053,2024-09-14 14:00:00,2024,Regular Season - 4,39,Premier League,51,57,Brighton,Ipswich,0,0,1.38,5.1,7.5,1.57,2.35,1
1208054,2024-09-14 14:00:00,2024,Regular Season - 4,39,Premier League,52,46,Crystal Palace,Leicester,2,2,1.66,4.26,5.33,1.8,2.13,1
1208055,2024-09-14 14:00:00,2024,Regular Season - 4,39,Premier League,36,48,Fulham,West Ham,1,1,2.51,3.4,3,1.75,2.19,1
1208056,2024-09-14 14:00:00,2024,Regular Season - 4,39,Premier League,40,65,Liverpool,Nottingham Forest,0,1,1.22,6.5,13,1.4,2.75,1
1208057,2024-09-14 14:00:00,2024,Regular Season - 4,39,Premier League,50,55,Manchester City,Brentford,2,1,1.18,7.5,15,1.33,3.25,1
1223628,2024-09-14 16:00:00,2024,Regular Season - 4,135,Serie A,511,496,Empoli,Juventus,0,0,5,3.6,1.73,2,1.73,1
1208052,2024-09-14 16:30:00,2024,Regular Season - 4,39,Premier League,66,45,Aston Villa,Everton,3,2,1.54,4.62,6.3,1.71,2.26,1
1208536,2024-09-14 16:30:00,2024,Regular Season - 5,140,La Liga,536,546,Sevilla,Getafe,1,0,2.15,3,3.8,2.6,1.47,1
1224001,2024-09-14 16:30:00,2024,Regular Season - 3,78,Bundesliga,191,157,Holstein Kiel,Bayern München,1,6,11,6.5,1.25,1.29,3.5,1
1223631,2024-09-14 18:45:00,2024,Regular Season - 4,135,Serie A,489,517,AC Milan,Venezia,4,0,1.29,5.8,10,1.53,2.38,1
1208051,2024-09-14 19:00:00,2024,Regular Season - 4,39,Premier League,35,49,Bournemouth,Chelsea,0,1,3.4,3.9,2.05,1.5,2.5,1
1208538,2024-09-14 19:00:00,2024,Regular Season - 5,140,La Liga,548,541,Real Sociedad,Real Madrid,0,2,4.75,3.85,1.68,1.89,1.83,1
1223629,2024-09-15 10:30:00,2024,Regular Season - 4,135,Serie A,495,497,Genoa,AS Roma,1,1,3.2,3.24,2.23,2.14,1.66,1
1208532,2024-09-15 12:00:00,2024,Regular Season - 5,140,La Liga,538,720,Celta Vigo,Valladolid,3,1,1.71,4.16,5.24,1.88,2.07,1
1208059,2024-09-15 13:00:00,2024,Regular Season - 4,39,Premier League,47,42,Tottenham,Arsenal,0,1,3.1,3.46,2.42,1.65,2.39,1
1223625,2024-09-15 13:00:00,2024,Regular Season - 4,135,Serie A,499,502,Atalanta,Fiorentina,3,2,1.89,3.97,4.24,1.8,2.18,1
1223634,2024-09-15 13:00:00,2024,Regular Season - 4,135,Serie A,503,867,Torino,Lecce,0,0,1.91,3.56,4.76,2.46,1.64,1
1223997,2024-09-15 13:30:00,2024,Regular Season - 3,78,Bundesliga,170,186,FC Augsburg,FC St. Pauli,3,1,2.15,3.82,3.47,1.81,2.16,1
1208535,2024-09-15 14:15:00,2024,Regular Season - 5,140,La Liga,547,529,Girona,Barcelona,1,4,3.9,4,1.83,1.5,2.5,1
1208060,2024-09-15 15:30:00,2024,Regular Season - 4,39,Premier League,39,34,Wolves,Newcastle,1,2,3.52,3.58,2.17,1.64,2.41,1
1223999,2024-09-15 15:30:00,2024,Regular Season - 3,78,Bundesliga,164,162,FSV Mainz 05,Werder Bremen,1,2,2.08,3.84,3.63,1.8,2.17,1
1223626,2024-09-15 16:00:00,2024,Regular Season - 4,135,Serie A,490,492,Cagliari,Napoli,0,4,4.39,3.94,1.87,1.87,2.08,1
1223632,2024-09-15 18:45:00,2024,Regular Season - 4,135,Serie A,1579,505,Monza,Inter,1,1,7.75,4.96,1.46,1.73,2.29,1
1208530,2024-09-15 19:00:00,2024,Regular Season - 5,140,La Liga,530,532,Atletico Madrid,Valencia,3,0,1.39,5.15,10,1.95,1.99,1
1223633,2024-09-16 16:30:00,2024,Regular Season - 4,135,Serie A,523,494,Parma,Udinese,2,3,2.3,3.38,3.3,2.01,1.88,1
1223630,2024-09-16 18:45:00,2024,Regular Season - 4,135,Serie A,487,504,Lazio,Verona,2,1,1.65,3.93,5.73,2.04,1.85,1
1208550,2024-09-17 17:00:00,2024,Regular Season - 7,140,La Liga,798,548,Mallorca,Real Sociedad,1,0,2.88,2.8,2.88,2.75,1.4,1
1208513,2024-09-18 17:00:00,2024,Regular Season - 3,140,La Liga,543,546,Real Betis,Getafe,2,1,2,3,4.75,2.75,1.4,1
1223636,2024-09-20 16:30:00,2024,Regular Season - 5,135,Serie A,490,511,Cagliari,Empoli,0,2,2.29,3.36,3.56,2.31,1.72,1
1224007,2024-09-20 18:30:00,2024,Regular Season - 4,78,Bundesliga,170,164,FC Augsburg,FSV Mainz 05,2,3,2.51,3.77,2.85,1.76,2.23,1
1223638,2024-09-20 18:45:00,2024,Regular Season - 5,135,Serie A,504,503,Verona,Torino,2,3,2.96,3.25,2.7,2.37,1.69,1
1208542,2024-09-20 19:00:00,2024,Regular Season - 6,140,La Liga,542,536,Alaves,Sevilla,2,1,2.1,3.2,3.7,2.2,1.65,1
1208070,2024-09-21 11:30:00,2024,Regular Season - 5,39,Premier League,48,49,West Ham,Chelsea,0,3,3.5,3.6,2,1.52,2.45,1
1208546,2024-09-21 12:00:00,2024,Regular Season - 6,140,La Liga,720,548,Valladolid,Real Sociedad,0,0,3.82,3.33,2.21,2.59,1.59,1
1223644,2024-09-21 13:00:00,2024,Regular Season - 5,135,Serie A,517,495,Venezia,Genoa,2,0,3.12,3.14,2.31,2.15,1.65,1
1224005,2024-09-21 13:30:00,2024,Regular Season - 4,78,Bundesliga,180,160,1. FC Heidenheim,SC Freiburg,0,3,2.82,3.52,2.66,1.79,2.2,1
1224006,2024-09-21 13:30:00,2024,Regular Season - 4,78,Bundesliga,162,157,Werder Bremen,Bayern München,0,5,8.5,5.8,1.3,1.4,2.75,1
1224008,2024-09-21 13:30:00,2024,Regular Season - 4,78,Bundesliga,182,167,Union Berlin,1899 Hoffenheim,2,1,2.06,3.87,3.7,1.79,2.2,1
1224009,2024-09-21 13:30:00,2024,Regular Season - 4,78,Bundesliga,176,191,VfL Bochum,Holstein Kiel,2,2,2.02,3.92,3.75,1.65,2.44,1
1208061,2024-09-21 14:00:00,2024,Regular Season - 5,39,Premier League,66,39,Aston Villa,Wolves,3,1,1.56,4.3,5.1,1.56,2.33,1
1208064,2024-09-21 14:00:00,2024,Regular Season - 5,39,Premier League,36,34,Fulham,Newcastle,3,1,2.79,3.38,2.4,1.64,2.17,1
1208065,2024-09-21 14:00:00,2024,Regular Season - 5,39,Premier League,46,45,Leicester,Everton,1,1,2.53,3.6,2.83,1.9,2.01,1
1208066,2024-09-21 14:00:00,2024,Regular Season - 5,39,Premier League,40,35,Liverpool,Bournemouth,3,0,1.3,6.5,8.5,1.4,2.75,1
1208068,2024-09-21 14:00:00,2024,Regular Season - 5,39,Premier League,41,57,Southampton,Ipswich,1,1,2.26,3.7,3.19,1.82,2.1,1
1208069,2024-09-21 14:00:00,2024,Regular Season - 5,39,Premier League,47,55,Tottenham,Brentford,3,1,1.57,4.5,5.5,1.44,2.62,1
1223640,2024-09-21 16:00:00,2024,Regular Season - 5,135,Serie A,496,492,Juventus,Napoli,0,0,2.26,3.48,3.52,2.25,1.75,1
1208063,2024-09-21 16:30:00,2024,Regular Season - 5,39,Premier League,52,33,Crystal Palace,Manchester United,0,0,2.92,3.88,2.35,1.63,2.42,1
1208545,2024-09-21 16:30:00,2024,Regular Season - 6,140,La Liga,532,547,Valencia,Girona,2,0,2.98,3.52,2.53,2.08,1.87,1
1224004,2024-09-21 16:30:00,2024,Regular Season - 4,78,Bundesliga,169,163,Eintracht Frankfurt,Borussia Mönchengladbach,2,0,1.8,4,4,1.5,2.5,1
1223641,2024-09-21 18:45:00,2024,Regular Season - 5,135,Serie A,867,523,Lecce,Parma,2,2,2.24,3.69,3.37,1.94,2.01,1
1223637,2024-09-22 10:30:00,2024,Regular Season - 5,135,Serie A,502,487,Fiorentina,Lazio,2,1,2.28,3.26,3.08,2.05,1.72,1
1208541,2024-09-22 12:00:00,2024,Regular Season - 6,140,La Liga,546,537,Getafe,Leganes,1,1,2.05,2.8,4.8,3,1.36,1
1208062,2024-09-22 13:00:00,2024,Regular Season - 5,39,Premier League,51,65,Brighton,Nottingham Forest,2,2,1.76,3.65,4.3,1.84,1.9,1
1223642,2024-09-22 13:00:00,2024,Regular Season - 5,135,Serie A,1579,500,Monza,Bologna,1,2,3.16,3.06,2.34,2.25,1.6,1
1224002,2024-09-22 13:30:00,2024,Regular Season - 4,78,Bundesliga,168,161,Bayer Leverkusen,VfL Wolfsburg,4,3,1.29,5.5,10,1.44,2.62,1
1208067,2024-09-22 15:30:00,2024,Regular Season - 5,39,Premier League,50,42,Manchester City,Arsenal,2,2,1.77,3.55,4.5,1.99,1.76,1
1224003,2024-09-22 15:30:00,2024,Regular Season - 4,78,Bundesliga,172,165,VfB Stuttgart,Borussia Dortmund,5,1,2.25,3.9,2.8,1.4,2.75,1
1223643,2024-09-22 16:00:00,2024,Regular Season - 5,135,Serie A,497,494,AS Roma,Udinese,3,0,1.61,3.95,5.2,1.97,1.78,1
1208544,2024-09-22 16:30:00,2024,Regular Season - 6,140,La Liga,533,529,Villarreal,Barcelona,1,5,3.8,4.2,1.83,1.4,2.75,1
1224010,2024-09-22 17:30:00,2024,Regular Season - 4,78,Bundesliga,186,173,FC St. Pauli,RB Leipzig,0,0,5.44,4.42,1.65,1.72,2.3,1
1223639,2024-09-22 18:45:00,2024,Regular Season - 5,135,Serie A,505,489,Inter,AC Milan,1,2,1.75,4.12,4.97,1.71,2.33,1
1208543,2024-09-22 19:00:00,2024,Regular Season - 6,140,La Liga,728,530,Rayo Vallecano,Atletico Madrid,1,1,4.67,3.67,1.89,2.28,1.74,1
1208540,2024-09-23 19:00:00,2024,Regular Season - 6,140,La Liga,543,798,Real Betis,Mallorca,1,2,1.85,3.2,4.8,2.65,1.45,1
1208551,2024-09-24 17:00:00,2024,Regular Season - 7,140,La Liga,536,720,Sevilla,Valladolid,2,1,1.72,3.79,5.24,2.05,1.85,1
1223635,2024-09-24 18:45:00,2024,Regular Season - 5,135,Serie A,499,895,Atalanta,Como,2,3,1.5,4.82,7.04,1.74,2.27,1
1208556,2024-09-24 19:00:00,2024,Regular Season - 7,140,La Liga,541,542,Real Madrid,Alaves,3,2,1.18,7,17,1.5,2.5,1
1208549,2024-09-25 17:00:00,2024,Regular Season - 7,140,La Liga,547,728,Girona,Rayo Vallecano,0,0,1.75,3.92,4.79,1.97,1.91,1
1208548,2024-09-25 19:00:00,2024,Regular Season - 7,140,La Liga,529,546,Barcelona,Getafe,1,0,1.22,6.5,13,1.53,2.38,1
1208554,2024-09-26 17:00:00,2024,Regular Season - 7,140,La Liga,534,543,Las Palmas,Real Betis,1,1,3.33,3.48,2.34,2.19,1.79,1
1208553,2024-09-26 19:00:00,2024,Regular Season - 7,140,La Liga,538,530,Celta Vigo,Atletico Madrid,0,1,3.85,3.92,2,1.77,2.22,1
1224013,2024-09-27 18:30:00,2024,Regular Season - 5,78,Bundesliga,165,176,Borussia Dortmund,VfL Bochum,4,2,1.25,6,11,1.33,3.25,1
1223649,2024-09-27 18:45:00,2024,Regular Season - 6,135,Serie A,489,867,AC Milan,Lecce,3,0,1.42,5.3,8.3,1.64,2.46,1
1208562,2024-09-27 19:00:00,2024,Regular Season - 8,140,La Liga,720,798,Valladolid,Mallorca,1,2,3.1,2.9,2.62,2.5,1.5,1
1208078,2024-09-28 11:30:00,2024,Regular Season - 6,39,Premier League,34,50,Newcastle,Manchester City,1,1,5,4.33,1.62,1.5,2.5,1
1208564,2024-09-28 12:00:00,2024,Regular Season - 8,140,La Liga,546,542,Getafe,Alaves,2,0,2.6,2.8,3.25,3,1.36,1
1223654,2024-09-28 13:00:00,2024,Regular Season - 6,135,Serie A,494,505,Udinese,Inter,2,3,6.73,4.66,1.53,1.82,2.15,1
1224012,2024-09-28 13:30:00,2024,Regular Season - 5,78,Bundesliga,173,170,RB Leipzig,FC Augsburg,4,0,1.44,5,6,1.44,2.62,1
1224015,2024-09-28 13:30:00,2024,Regular Season - 5,78,Bundesliga,160,186,SC Freiburg,FC St. Pauli,0,3,1.66,4.27,5.56,1.86,2.09,1
1224016,2024-09-28 13:30:00,2024,Regular Season - 5,78,Bundesliga,161,172,VfL Wolfsburg,VfB Stuttgart,2,2,3.1,3.8,2.15,1.53,2.38,1
1224017,2024-09-28 13:30:00,2024,Regular Season - 5,78,Bundesliga,164,180,FSV Mainz 05,1. FC Heidenheim,0,2,1.89,4.01,4.21,1.79,2.19,1
1224018,2024-09-28 13:30:00,2024,Regular Season - 5,78,Bundesliga,163,182,Borussia Mönchengladbach,Union Berlin,1,0,2.08,3.46,3.34,1.77,1.98,1
1208072,2024-09-28 14:00:00,2024,Regular Season - 6,39,Premier League,42,46,Arsenal,Leicester,4,2,1.2,7,15,1.44,2.62,1
1208073,2024-09-28 14:00:00,2024,Regular Season - 6,39,Premier League,55,48,Brentford,West Ham,1,1,2.17,3.5,3.1,1.63,2.18,1
1208074,2024-09-28 14:00:00,2024,Regular Season - 6,39,Premier League,49,51,Chelsea,Brighton,4,2,1.75,4.2,4.33,1.53,2.38,1
1208075,2024-09-28 14:00:00,2024,Regular Season - 6,39,Premier League,45,52,Everton,Crystal Palace,2,1,2.74,3.6,2.61,1.92,1.99,1
1208079,2024-09-28 14:00:00,2024,Regular Season - 6,39,Premier League,65,36,Nottingham Forest,Fulham,0,1,2.35,3.26,2.96,1.96,1.79,1
1208565,2024-09-28 14:15:00,2024,Regular Season - 8,140,La Liga,728,537,Rayo Vallecano,Leganes,1,1,1.95,3.1,4.6,2.62,1.44,1
1223648,2024-09-28 16:00:00,2024,Regular Season - 6,135,Serie A,495,496,Genoa,Juventus,0,3,5.43,3.71,1.78,2.42,1.66,1
1208080,2024-09-28 16:30:00,2024,Regular Season - 6,39,Premier League,39,40,Wolves,Liverpool,1,2,8,5.5,1.35,1.44,2.62,1
1208560,2024-09-28 16:30:00,2024,Regular Season - 8,140,La Liga,548,532,Real Sociedad,Valencia,3,0,1.85,3.2,4.8,2.6,1.47,1
1224011,2024-09-28 16:30:00,2024,Regular Season - 5,78,Bundesliga,157,168,Bayern München,Bayer Leverkusen,1,1,1.7,4.33,4.2,1.33,3.25,1
1223645,2024-09-28 18:45:00,2024,Regular Season - 6,135,Serie A,500,499,Bologna,Atalanta,1,1,2.85,3.26,2.42,1.94,1.81,1
1223653,2024-09-29 10:30:00,2024,Regular Season - 6,135,Serie A,503,487,Torino,Lazio,2,3,2.98,3.4,2.6,2.29,1.73,1
1208559,2024-09-29 12:00:00,2024,Regular Season - 8,140,La Liga,538,547,Celta Vigo,Girona,1,1,2.25,3.75,3.29,1.7,2.34,1
1208076,2024-09-29 13:00:00,2024,Regular Season - 6,39,Premier League,57,66,Ipswich,Aston Villa,2,2,3.65,3.65,1.91,1.7,2.08,1
1223646,2024-09-29 13:00:00,2024,Regular Season - 6,135,Serie A,895,504,Como,Verona,3,2,2.14,3.56,3.73,2.19,1.79,1
1223652,2024-09-29 13:00:00,2024,Regular Season - 6,135,Serie A,497,517,AS Roma,Venezia,2,1,1.4,4.6,7.2,1.7,2.08,1
1224019,2024-09-29 13:30:00,2024,Regular Season - 5,78,Bundesliga,191,169,Holstein Kiel,Eintracht Frankfurt,2,4,4.2,4,1.75,1.5,2.5,1
1208077,2024-09-29 15:30:00,2024,Regular Season - 6,39,Premier League,33,47,Manchester United,Tottenham,0,3,2.38,3.9,2.75,1.4,2.75,1
1224014,2024-09-29 15:30:00,2024,Regular Season - 5,78,Bundesliga,167,162,1899 Hoffenheim,Werder Bremen,3,4,2.45,3.8,2.62,1.44,2.62,1
1223647,2024-09-29 16:00:00,2024,Regular Season - 6,135,Serie A,511,502,Empoli,Fiorentina,0,0,3.52,3.46,2.26,2.27,1.74,1
1223650,2024-09-29 18:45:00,2024,Regular Season - 6,135,Serie A,492,1579,Napoli,Monza,2,0,1.37,5.4,9.75,1.8,2.18,1
1208558,2024-09-29 19:00:00,2024,Regular Season - 8,140,La Liga,530,541,Atletico Madrid,Real Madrid,1,1,2.94,3.52,2.55,1.86,2.09,1
1223651,2024-09-30 18:45:00,2024,Regular Season - 6,135,Serie A,523,490,Parma,Cagliari,2,3,2.08,3.83,3.65,1.82,2.15,1
1208071,2024-09-30 19:00:00,2024,Regular Season - 6,39,Premier League,35,41,Bournemouth,Southampton,3,1,1.62,4.4,5,1.5,2.5,1
1208563,2024-09-30 19:00:00,2024,Regular Season - 8,140,La Liga,533,534,Villarreal,Las Palmas,3,1,1.44,4.8,7,1.53,2.38,1
1223663,2024-10-04 16:30:00,2024,Regular Season - 7,135,Serie A,492,895,Napoli,Como,3,1,1.47,4.97,7.45,1.74,2.27,1
1224025,2024-10-04 18:30:00,2024,Regular Season - 6,78,Bundesliga,170,163,FC Augsburg,Borussia Mönchengladbach,2,1,2.45,3.7,2.62,1.57,2.3,1
1223658,2024-10-04 18:45:00,2024,Regular Season - 7,135,Serie A,504,517,Verona,Venezia,2,1,2.1,3.3,3.6,2.05,1.72,1
1208569,2024-10-04 19:00:00,2024,Regular Season - 9,140,La Liga,537,532,Leganes,Valencia,0,0,2.88,2.88,2.8,2.75,1.4,1
1208086,2024-10-05 11:30:00,2024,Regular Season - 7,39,Premier League,52,40,Crystal Palace,Liverpool,0,1,6,4.7,1.47,1.55,2.4,1
1223664,2024-10-05 13:00:00,2024,Regular Season - 7,135,Serie A,494,867,Udinese,Lecce,1,0,2.3,3.46,3.44,2.22,1.77,1
1224020,2024-10-05 13:30:00,2024,Regular Season - 6,78,Bundesliga,168,191,Bayer Leverkusen,Holstein Kiel,2,2,1.08,11,26,1.22,4,1
1224024,2024-10-05 13:30:00,2024,Regular Season - 6,78,Bundesliga,162,160,Werder Bremen,SC Freiburg,0,1,2.69,3.81,2.63,1.72,2.31,1
1224026,2024-10-05 13:30:00,2024,Regular Season - 6,78,Bundesliga,182,165,Union Berlin,Borussia Dortmund,2,1,3.44,3.79,2.17,1.84,2.11,1
1224027,2024-10-05 13:30:00,2024,Regular Season - 6,78,Bundesliga,176,161,VfL Bochum,VfL Wolfsburg,1,3,3.14,3.91,2.27,1.67,2.41,1
1208081,2024-10-05 14:00:00,2024,Regular Season - 7,39,Premier League,42,41,Arsenal,Southampton,3,1,1.14,8.5,19,1.36,3,1
1208083,2024-10-05 14:00:00,2024,Regular Season - 7,39,Premier League,55,39,Brentford,Wolves,5,3,2.07,3.79,3.58,1.81,2.11,1
1208088,2024-10-05 14:00:00,2024,Regular Season - 7,39,Premier League,46,35,Leicester,Bournemouth,1,0,3.28,3.77,2.19,1.74,2.21,1
1208089,2024-10-05 14:00:00,2024,Regular Season - 7,39,Premier League,50,36,Manchester City,Fulham,3,2,1.25,6,12,1.44,2.62,1
1208090,2024-10-05 14:00:00,2024,Regular Season - 7,39,Premier League,48,57,West Ham,Ipswich,4,1,1.82,4.07,4.33,1.73,2.23,1
1223655,2024-10-05 16:00:00,2024,Regular Season - 7,135,Serie A,499,495,Atalanta,Genoa,5,1,1.51,4.66,7.19,1.85,2.11,1
1208087,2024-10-05 16:30:00,2024,Regular Season - 7,39,Premier League,45,34,Everton,Newcastle,0,0,3.16,3.82,2.23,1.68,2.32,1
1208573,2024-10-05 16:30:00,2024,Regular Season - 9,140,La Liga,534,538,Las Palmas,Celta Vigo,0,1,3.21,3.75,2.29,1.81,2.15,1
1208574,2024-10-05 16:30:00,2024,Regular Season - 9,140,La Liga,720,728,Valladolid,Rayo Vallecano,1,2,3,3,2.48,2.49,1.5,1
1224028,2024-10-05 16:30:00,2024,Regular Season - 6,78,Bundesliga,186,164,FC St. Pauli,FSV Mainz 05,0,3,2.46,3.42,2.99,1.89,2,1
1223659,2024-10-05 18:45:00,2024,Regular Season - 7,135,Serie A,505,503,Inter,Torino,3,2,1.34,5.77,10.3,1.74,2.27,1
1208567,2024-10-05 19:00:00,2024,Regular Season - 9,140,La Liga,541,533,Real Madrid,Villarreal,2,0,1.29,6,10,1.3,3.4,1
1223660,2024-10-06 10:30:00,2024,Regular Season - 7,135,Serie A,496,490,Juventus,Cagliari,1,1,1.35,5.09,9.69,1.95,1.93,1
1208082,2024-10-06 13:00:00,2024,Regular Season - 7,39,Premier League,66,33,Aston Villa,Manchester United,0,0,2.2,3.7,3.1,1.53,2.38,1
1208085,2024-10-06 13:00:00,2024,Regular Season - 7,39,Premier League,49,65,Chelsea,Nottingham Forest,1,1,1.5,4.5,6.5,1.57,2.3,1
1223656,2024-10-06 13:00:00,2024,Regular Season - 7,135,Serie A,500,523,Bologna,Parma,0,0,1.87,3.79,4.23,1.87,2.02,1
1223661,2024-10-06 13:00:00,2024,Regular Season - 7,135,Serie A,487,511,Lazio,Empoli,2,1,1.59,3.97,6.39,2.03,1.86,1
1224023,2024-10-06 13:30:00,2024,Regular Season - 6,78,Bundesliga,180,173,1. FC Heidenheim,RB Leipzig,0,1,4.6,4.2,1.67,1.55,2.4,1
1208568,2024-10-06 14:15:00,2024,Regular Season - 9,140,La Liga,542,529,Alaves,Barcelona,0,3,5.7,4.4,1.52,1.57,2.35,1
1208084,2024-10-06 15:30:00,2024,Regular Season - 7,39,Premier League,51,47,Brighton,Tottenham,3,2,2.9,4,2.2,1.36,3,1
1224022,2024-10-06 15:30:00,2024,Regular Season - 6,78,Bundesliga,169,157,Eintracht Frankfurt,Bayern München,3,3,5.5,4.75,1.5,1.36,3,1
1223662,2024-10-06 16:00:00,2024,Regular Season - 7,135,Serie A,1579,497,Monza,AS Roma,1,1,3.9,3.36,1.93,2.13,1.67,1
1208572,2024-10-06 16:30:00,2024,Regular Season - 9,140,La Liga,536,543,Sevilla,Real Betis,1,0,2.55,3.42,3.02,2.23,1.76,1
1224021,2024-10-06 17:30:00,2024,Regular Season - 6,78,Bundesliga,172,167,VfB Stuttgart,1899 Hoffenheim,1,1,1.3,6,8.5,1.25,3.75,1
1223657,2024-10-06 18:45:00,2024,Regular Season - 7,135,Serie A,502,489,Fiorentina,AC Milan,2,1,3.08,3.5,2.17,1.7,2.07,1
1208571,2024-10-06 19:00:00,2024,Regular Season - 9,140,La Liga,548,530,Real Sociedad,Atletico Madrid,1,1,3.19,3.33,2.49,2.41,1.66,1
1224031,2024-10-18 18:30:00,2024,Regular Season - 7,78,Bundesliga,165,186,Borussia Dortmund,FC St. Pauli,2,1,1.29,5.8,10,1.4,2.75,1
1208580,2024-10-18 19:00:00,2024,Regular Season - 10,140,La Liga,542,720,Alaves,Valladolid,2,3,1.65,3.7,5.5,2.2,1.65,1
1208099,2024-10-19 11:30:00,2024,Regular Season - 8,39,Premier League,47,48,Tottenham,West Ham,4,1,1.53,4.75,5.5,1.36,3,1
1223666,2024-10-19 13:00:00,2024,Regular Season - 8,135,Serie A,895,523,Como,Parma,1,1,2.04,3.85,3.77,1.71,2.33,1
1223668,2024-10-19 13:00:00,2024,Regular Season - 8,135,Serie A,495,500,Genoa,Bologna,2,2,3.73,3.31,2.25,2.39,1.68,1
1224029,2024-10-19 13:30:00,2024,Regular Season - 7,78,Bundesliga,168,169,Bayer Leverkusen,Eintracht Frankfurt,2,1,1.44,4.8,6.5,1.36,3,1
1224032,2024-10-19 13:30:00,2024,Regular Season - 7,78,Bundesliga,167,176,1899 Hoffenheim,VfL Bochum,3,1,1.7,4.2,4.33,1.4,2.75,1
1224033,2024-10-19 13:30:00,2024,Regular Season - 7,78,Bundesliga,160,170,SC Freiburg,FC Augsburg,3,1,1.76,4.17,4.83,1.75,2.25,1
1224035,2024-10-19 13:30:00,2024,Regular Season - 7,78,Bundesliga,164,173,FSV Mainz 05,RB Leipzig,0,2,4.17,4.09,1.88,1.72,2.31,1
1224036,2024-10-19 13:30:00,2024,Regular Season - 7,78,Bundesliga,163,180,Borussia Mönchengladbach,1. FC Heidenheim,3,2,1.92,3.83,4.27,1.72,2.31,1
1208092,2024-10-19 14:00:00,2024,Regular Season - 8,39,Premier League,36,66,Fulham,Aston Villa,1,3,2.435,3.58,2.8,1.73,2.13,2
1208093,2024-10-19 14:00:00,2024,Regular Season - 8,39,Premier League,57,45,Ipswich,Everton,0,2,2.42,3.48,3.08,1.87,2.04,1
1208095,2024-10-19 14:00:00,2024,Regular Season - 8,39,Premier League,33,55,Manchester United,Brentford,2,1,1.7,4.2,4.5,1.53,2.38,1
1208096,2024-10-19 14:00:00,2024,Regular Season - 8,39,Premier League,34,51,Newcastle,Brighton,0,1,2,3.8,3.5,1.53,2.38,1
1208098,2024-10-19 14:00:00,2024,Regular Season - 8,39,Premier League,41,46,Southampton,Leicester,2,3,2.36,3.6,3.08,1.8,2.13,1
1223672,2024-10-19 16:00:00,2024,Regular Season - 8,135,Serie A,489,494,AC Milan,Udinese,1,0,1.43,5.25,8.1,1.64,2.46,1
1208091,2024-10-19 16:30:00,2024,Regular Season - 8,39,Premier League,35,42,Bournemouth,Arsenal,2,0,4.99,4.22,1.7,1.75,2.19,1
1208578,2024-10-19 16:30:00,2024,Regular Season - 10,140,La Liga,547,548,Girona,Real Sociedad,0,1,2.63,3.4,2.93,2.29,1.73,1
1224030,2024-10-19 16:30:00,2024,Regular Season - 7,78,Bundesliga,157,172,Bayern München,VfB Stuttgart,4,0,1.35,5.5,7.5,1.33,3.25,1
1223670,2024-10-19 18:45:00,2024,Regular Season - 8,135,Serie A,496,487,Juventus,Lazio,1,0,2.1,3.44,4.01,2.29,1.73,1
1208577,2024-10-19 19:00:00,2024,Regular Season - 10,140,La Liga,538,541,Celta Vigo,Real Madrid,1,2,5.71,4.37,1.64,1.67,2.41,1
1223667,2024-10-20 10:30:00,2024,Regular Season - 8,135,Serie A,511,492,Empoli,Napoli,0,1,5.59,3.98,1.71,2.11,1.85,1
1208579,2024-10-20 12:00:00,2024,Regular Season - 10,140,La Liga,798,728,Mallorca,Rayo Vallecano,1,0,2.05,3.1,4,2.65,1.45,1
1208100,2024-10-20 13:00:00,2024,Regular Season - 8,39,Premier League,39,50,Wolves,Manchester City,1,2,9,5.5,1.33,1.44,2.62,1
1223671,2024-10-20 13:00:00,2024,Regular Season - 8,135,Serie A,867,502,Lecce,Fiorentina,0,6,3.29,3.44,2.38,2.08,1.87,1
1223674,2024-10-20 13:00:00,2024,Regular Season - 8,135,Serie A,517,499,Venezia,Atalanta,0,2,5.4,4.1,1.56,1.7,2.07,1
1224037,2024-10-20 13:30:00,2024,Regular Season - 7,78,Bundesliga,191,182,Holstein Kiel,Union Berlin,0,2,3.6,3.6,2.17,2.05,1.9,1
1208575,2024-10-20 14:15:00,2024,Regular Season - 10,140,La Liga,530,537,Atletico Madrid,Leganes,3,1,1.35,5.25,11.7,2.05,1.9,1
1208094,2024-10-20 15:30:00,2024,Regular Season - 8,39,Premier League,40,49,Liverpool,Chelsea,2,1,1.6,4.5,5,1.4,2.75,1
1224034,2024-10-20 15:30:00,2024,Regular Season - 7,78,Bundesliga,161,162,VfL Wolfsburg,Werder Bremen,2,4,2.03,3.6,3.36,1.63,2.19,1
1223665,2024-10-20 16:00:00,2024,Regular Season - 8,135,Serie A,490,503,Cagliari,Torino,3,2,2.88,3.29,2.75,2.27,1.74,1
1208582,2024-10-20 16:30:00,2024,Regular Season - 10,140,La Liga,533,546,Villarreal,Getafe,1,1,1.72,3.6,4.7,2.04,1.72,1
1223673,2024-10-20 18:45:00,2024,Regular Season - 8,135,Serie A,497,505,AS Roma,Inter,0,1,4.34,3.88,1.9,1.8,2.18,1
1208576,2024-10-20 19:00:00,2024,Regular Season - 10,140,La Liga,529,536,Barcelona,Sevilla,5,1,1.3,5.8,9,1.36,3,1
1223669,2024-10-21 18:45:00,2024,Regular Season - 8,135,Serie A,504,1579,Verona,Monza,0,3,2.47,3.08,3.5,2.29,1.73,1
1208097,2024-10-21 19:00:00,2024,Regular Season - 8,39,Premier League,65,52,Nottingham Forest,Crystal Palace,1,0,2.48,3.42,3.04,2.18,1.76,1
1208583,2024-10-21 19:00:00,2024,Regular Season - 10,140,La Liga,532,534,Valencia,Las Palmas,2,3,1.69,3.55,5.1,2.26,1.59,1
1223684,2024-10-25 16:30:00,2024,Regular Season - 9,135,Serie A,494,490,Udinese,Cagliari,2,0,2.24,3.5,3.54,2.06,1.88,1
1224043,2024-10-25 18:30:00,2024,Regular Season - 8,78,Bundesliga,164,163,FSV Mainz 05,Borussia Mönchengladbach,1,1,2.36,3.92,2.98,1.64,2.47,1
1223683,2024-10-25 18:45:00,2024,Regular Season - 9,135,Serie A,503,895,Torino,Como,1,0,2.55,3.35,3.08,2.12,1.84,1
1208110,2024-10-25 19:00:00,2024,Regular Season - 9,39,Premier League,46,65,Leicester,Nottingham Forest,1,3,3.02,3.5,2.45,2.04,1.87,1
1208591,2024-10-26 12:00:00,2024,Regular Season - 11,140,La Liga,720,533,Valladolid,Villarreal,1,2,3.91,3.86,2,1.74,2.27,1
1223681,2024-10-26 13:00:00,2024,Regular Season - 9,135,Serie A,492,867,Napoli,Lecce,1,0,1.31,5.9,11.8,1.8,2.18,1
1224038,2024-10-26 13:30:00,2024,Regular Season - 8,78,Bundesliga,172,191,VfB Stuttgart,Holstein Kiel,2,1,1.22,7,10,1.3,3.4,1
1224039,2024-10-26 13:30:00,2024,Regular Season - 8,78,Bundesliga,173,160,RB Leipzig,SC Freiburg,3,1,1.77,4.27,4.63,1.71,2.32,1
1224042,2024-10-26 13:30:00,2024,Regular Season - 8,78,Bundesliga,170,165,FC Augsburg,Borussia Dortmund,2,1,3.6,3.9,1.91,1.53,2.38,1
1224046,2024-10-26 13:30:00,2024,Regular Season - 8,78,Bundesliga,186,161,FC St. Pauli,VfL Wolfsburg,0,0,2.74,3.48,2.76,1.89,2.06,1
1208104,2024-10-26 14:00:00,2024,Regular Season - 9,39,Premier League,66,35,Aston Villa,Bournemouth,1,1,1.92,3.95,3.99,1.64,2.4,1
1208105,2024-10-26 14:00:00,2024,Regular Season - 9,39,Premier League,55,57,Brentford,Ipswich,4,3,1.7,4.48,4.68,1.66,2.36,1
1208106,2024-10-26 14:00:00,2024,Regular Season - 9,39,Premier League,51,39,Brighton,Wolves,2,2,1.62,4.2,4.6,1.56,2.34,1
1208111,2024-10-26 14:00:00,2024,Regular Season - 9,39,Premier League,50,41,Manchester City,Southampton,1,0,1.12,9.5,21,1.29,3.5,1
1208592,2024-10-26 14:15:00,2024,Regular Season - 11,140,La Liga,728,542,Rayo Vallecano,Alaves,1,0,2.2,3.1,3.5,2.5,1.52,1
1208109,2024-10-26 16:30:00,2024,Regular Season - 9,39,Premier League,45,36,Everton,Fulham,1,1,2.83,3.44,2.62,1.93,1.98,1
1208589,2024-10-26 16:30:00,2024,Regular Season - 11,140,La Liga,534,547,Las Palmas,Girona,1,0,3.02,3.5,2.5,2.01,1.93,1
1224041,2024-10-26 16:30:00,2024,Regular Season - 8,78,Bundesliga,162,168,Werder Bremen,Bayer Leverkusen,2,2,5.8,4.6,1.5,1.4,2.75,1
1223675,2024-10-26 18:45:00,2024,Regular Season - 9,135,Serie A,499,504,Atalanta,Verona,6,1,1.4,5,7.5,1.5,2.5,1
1208587,2024-10-26 19:00:00,2024,Regular Season - 11,140,La Liga,541,529,Real Madrid,Barcelona,0,4,2.1,3.9,3.2,1.4,2.75,1
1223682,2024-10-27 10:30:00,2024,Regular Season - 9,135,Serie A,523,511,Parma,Empoli,1,1,2.25,3.52,3.5,2.02,1.92,1
1208588,2024-10-27 12:00:00,2024,Regular Season - 11,140,La Liga,537,538,Leganes,Celta Vigo,3,0,3.4,3.23,2.43,2.41,1.67,1
1208107,2024-10-27 13:00:00,2024,Regular Season - 9,39,Premier League,49,34,Chelsea,Newcastle,2,1,1.75,4.2,4.2,1.44,2.62,1
1208108,2024-10-27 13:00:00,2024,Regular Season - 9,39,Premier League,52,47,Crystal Palace,Tottenham,1,0,3.8,3.9,1.82,1.56,2.34,1
1208112,2024-10-27 13:00:00,2024,Regular Season - 9,39,Premier League,48,33,West Ham,Manchester United,2,1,2.95,3.6,2.25,1.52,2.5,1
1223679,2024-10-27 13:00:00,2024,Regular Season - 9,135,Serie A,487,495,Lazio,Genoa,3,0,1.46,4.4,6.4,1.79,1.96,1
1223680,2024-10-27 13:00:00,2024,Regular Season - 9,135,Serie A,1579,517,Monza,Venezia,2,2,2.06,3.22,3.65,2.19,1.63,1
1208584,2024-10-27 14:15:00,2024,Regular Season - 11,140,La Liga,546,532,Getafe,Valencia,1,1,2.2,2.88,4,3,1.36,1
1224045,2024-10-27 14:30:00,2024,Regular Season - 8,78,Bundesliga,176,157,VfL Bochum,Bayern München,0,5,17,9,1.12,1.22,4,1
1208103,2024-10-27 15:30:00,2024,Regular Season - 9,39,Premier League,42,40,Arsenal,Liverpool,2,2,2.48,3.24,2.79,1.85,1.88,1
1223678,2024-10-27 16:00:00,2024,Regular Season - 9,135,Serie A,505,496,Inter,Juventus,4,4,1.81,3.62,5.33,2.31,1.72,1
1208586,2024-10-27 16:30:00,2024,Regular Season - 11,140,La Liga,543,530,Real Betis,Atletico Madrid,1,0,3.38,3.31,2.4,2.31,1.72,1
1224044,2024-10-27 16:30:00,2024,Regular Season - 8,78,Bundesliga,182,169,Union Berlin,Eintracht Frankfurt,1,1,2.76,3.42,2.78,1.98,1.96,1
1224040,2024-10-27 18:30:00,2024,Regular Season - 8,78,Bundesliga,180,167,1. FC Heidenheim,1899 Hoffenheim,0,0,2.3,3.5,3,1.53,2.38,1
1223677,2024-10-27 19:45:00,2024,Regular Season - 9,135,Serie A,502,497,Fiorentina,AS Roma,5,1,2.48,3.28,2.77,1.98,1.77,1
1223686,2024-10-29 17:30:00,2024,Regular Season - 10,135,Serie A,490,500,Cagliari,Bologna,0,2,3.08,3.4,2.52,2.27,1.74,1
1223691,2024-10-29 17:30:00,2024,Regular Season - 10,135,Serie A,867,504,Lecce,Verona,1,0,2.17,3.58,3.65,2.15,1.82,1
1223692,2024-10-29 19:45:00,2024,Regular Season - 10,135,Serie A,489,492,AC Milan,Napoli,0,2,2.43,3.67,3.01,1.9,2.04,1
1223688,2024-10-30 17:30:00,2024,Regular Season - 10,135,Serie A,511,505,Empoli,Inter,0,3,7.55,4.71,1.49,1.87,2.08,1
1223694,2024-10-30 17:30:00,2024,Regular Season - 10,135,Serie A,517,494,Venezia,Udinese,3,2,2.85,3,2.65,2.15,1.67,1
1223685,2024-10-30 19:45:00,2024,Regular Season - 10,135,Serie A,499,1579,Atalanta,Monza,2,0,1.31,6.24,11,1.62,2.5,1
1223690,2024-10-30 19:45:00,2024,Regular Season - 10,135,Serie A,496,523,Juventus,Parma,2,2,1.46,4.92,7.85,1.79,2.19,1
1223689,2024-10-31 17:30:00,2024,Regular Season - 10,135,Serie A,495,502,Genoa,Fiorentina,0,1,4.61,3.87,1.85,2.02,1.92,1
1223687,2024-10-31 19:45:00,2024,Regular Season - 10,135,Serie A,895,487,Como,Lazio,1,5,3.02,3.58,2.46,2,1.95,1
1223693,2024-10-31 19:45:00,2024,Regular Season - 10,135,Serie A,497,503,AS Roma,Torino,1,0,1.75,4.01,5.12,1.99,1.96,1
1224047,2024-11-01 19:30:00,2024,Regular Season - 9,78,Bundesliga,168,172,Bayer Leverkusen,VfB Stuttgart,0,0,1.57,4.6,5,1.4,2.75,1
1208598,2024-11-01 20:00:00,2024,Regular Season - 12,140,La Liga,542,798,Alaves,Mallorca,1,0,2.5,3,3.2,2.62,1.44,1
1208118,2024-11-02 12:30:00,2024,Regular Season - 10,39,Premier League,34,42,Newcastle,Arsenal,1,0,3.7,3.6,1.92,1.78,1.97,1
1223695,2024-11-02 14:00:00,2024,Regular Season - 11,135,Serie A,500,867,Bologna,Lecce,1,0,1.7,3.89,5.9,2.27,1.74,1
1224048,2024-11-02 14:30:00,2024,Regular Season - 9,78,Bundesliga,157,182,Bayern München,Union Berlin,3,0,1.17,7.5,15,1.4,2.75,1
1224050,2024-11-02 14:30:00,2024,Regular Season - 9,78,Bundesliga,169,176,Eintracht Frankfurt,VfL Bochum,7,2,1.33,5.5,8,1.36,3,1
1224051,2024-11-02 14:30:00,2024,Regular Season - 9,78,Bundesliga,167,186,1899 Hoffenheim,FC St. Pauli,0,2,1.93,4.07,4,1.67,2.39,1
1224053,2024-11-02 14:30:00,2024,Regular Season - 9,78,Bundesliga,161,170,VfL Wolfsburg,FC Augsburg,1,1,2.05,3.98,3.62,1.69,2.36,1
1224055,2024-11-02 14:30:00,2024,Regular Season - 9,78,Bundesliga,191,180,Holstein Kiel,1. FC Heidenheim,1,0,2.84,3.6,2.59,1.82,2.14,1
1208113,2024-11-02 15:00:00,2024,Regular Season - 10,39,Premier League,35,50,Bournemouth,Manchester City,2,1,5.1,4.3,1.56,1.56,2.34,1
1208115,2024-11-02 15:00:00,2024,Regular Season - 10,39,Premier League,57,46,Ipswich,Leicester,1,1,2.22,3.48,3,1.69,2.09,1
1208116,2024-11-02 15:00:00,2024,Regular Season - 10,39,Premier League,40,51,Liverpool,Brighton,2,1,1.4,5,7.5,1.4,2.75,1
1208119,2024-11-02 15:00:00,2024,Regular Season - 10,39,Premier League,65,48,Nottingham Forest,West Ham,3,0,2.11,3.42,3.3,1.85,1.89,1
1208120,2024-11-02 15:00:00,2024,Regular Season - 10,39,Premier League,41,45,Southampton,Everton,1,0,2.57,3.38,2.59,1.78,1.97,1
1208596,2024-11-02 15:15:00,2024,Regular Season - 12,140,La Liga,547,537,Girona,Leganes,4,3,1.77,3.77,5.4,2.31,1.72,1
1223704,2024-11-02 17:00:00,2024,Regular Season - 11,135,Serie A,494,496,Udinese,Juventus,0,2,4.2,3.2,2,2.3,1.57,1
1208122,2024-11-02 17:30:00,2024,Regular Season - 10,39,Premier League,39,52,Wolves,Crystal Palace,2,2,2.4400000000000004,3.4699999999999998,2.86,1.885,1.935,2
1224049,2024-11-02 17:30:00,2024,Regular Season - 9,78,Bundesliga,165,173,Borussia Dortmund,RB Leipzig,2,1,2.25,3.7,3,1.5,2.5,1
1223700,2024-11-02 19:45:00,2024,Regular Season - 11,135,Serie A,1579,489,Monza,AC Milan,0,1,5.18,4.09,1.73,1.92,2.02,1
1223701,2024-11-03 11:30:00,2024,Regular Season - 11,135,Serie A,492,499,Napoli,Atalanta,0,3,2.18,3.48,3.71,1.97,1.97,1
1208594,2024-11-03 13:00:00,2024,Regular Season - 12,140,La Liga,530,534,Atletico Madrid,Las Palmas,2,0,1.25,5.7,10.5,1.6,2.25,1
1208121,2024-11-03 14:00:00,2024,Regular Season - 10,39,Premier League,47,66,Tottenham,Aston Villa,4,1,1.91,4.2,3.5,1.44,2.62,1
1223703,2024-11-03 14:00:00,2024,Regular Season - 11,135,Serie A,503,502,Torino,Fiorentina,0,1,3.39,3.41,2.34,2.15,1.82,1
1224052,2024-11-03 14:30:00,2024,Regular Season - 9,78,Bundesliga,160,164,SC Freiburg,FSV Mainz 05,0,0,1.74,4.21,4.93,1.77,2.22,1
1208117,2024-11-03 16:30:00,2024,Regular Season - 10,39,Premier League,33,49,Manchester United,Chelsea,1,1,2.62,3.7,2.5,1.44,2.62,1
1224054,2024-11-03 16:30:00,2024,Regular Season - 9,78,Bundesliga,163,162,Borussia Mönchengladbach,Werder Bremen,4,1,2.1,3.7,3.2,1.5,2.5,1
1223697,2024-11-03 17:00:00,2024,Regular Season - 11,135,Serie A,504,497,Verona,AS Roma,3,2,4.82,3.77,1.84,2.02,1.92,1
1208601,2024-11-03 17:30:00,2024,Regular Season - 12,140,La Liga,536,548,Sevilla,Real Sociedad,0,2,3.1,3.23,2.6,2.6,1.59,1
1223698,2024-11-03 19:45:00,2024,Regular Season - 11,135,Serie A,505,517,Inter,Venezia,1,0,1.17,7.5,17,1.4,2.75,1
1223696,2024-11-04 17:30:00,2024,Regular Season - 11,135,Serie A,511,895,Empoli,Como,1,0,2.82,3.37,2.75,2.31,1.71,1
1223702,2024-11-04 17:30:00,2024,Regular Season - 11,135,Serie A,523,495,Parma,Genoa,0,1,1.93,3.67,4.46,1.91,2.03,1
1223699,2024-11-04 19:45:00,2024,Regular Season - 11,135,Serie A,487,490,Lazio,Cagliari,2,1,1.54,4.61,6.67,1.83,2.14,1
1208114,2024-11-04 20:00:00,2024,Regular Season - 10,39,Premier League,36,55,Fulham,Brentford,2,1,2.05,3.6,3.28,1.61,2.24,1
1208595,2024-11-04 20:00:00,2024,Regular Season - 12,140,La Liga,538,546,Celta Vigo,Getafe,1,0,1.99,3.46,4.48,2.54,1.61,1
1223708,2024-11-07 19:45:00,2024,Regular Season - 12,135,Serie A,495,895,Genoa,Como,1,1,3.12,3.21,2.61,2.29,1.73,1
1224062,2024-11-08 19:30:00,2024,Regular Season - 10,78,Bundesliga,182,160,Union Berlin,SC Freiburg,0,0,2.49,3.4,3.13,2.29,1.73,1
1223711,2024-11-08 19:45:00,2024,Regular Season - 12,135,Serie A,867,511,Lecce,Empoli,1,1,2.41,3.08,3.62,2.63,1.57,1
1208609,2024-11-08 20:00:00,2024,Regular Season - 13,140,La Liga,728,534,Rayo Vallecano,Las Palmas,1,3,1.83,3.75,4.94,2.27,1.74,1
1223714,2024-11-09 14:00:00,2024,Regular Season - 12,135,Serie A,517,523,Venezia,Parma,1,2,2.48,3.4,2.63,1.6,2.16,1
1224059,2024-11-09 14:30:00,2024,Regular Season - 10,78,Bundesliga,162,191,Werder Bremen,Holstein Kiel,2,1,1.65,4.2,4.8,1.57,2.3,1
1224061,2024-11-09 14:30:00,2024,Regular Season - 10,78,Bundesliga,164,165,FSV Mainz 05,Borussia Dortmund,3,1,3.62,4.01,2.04,1.65,2.44,1
1224063,2024-11-09 14:30:00,2024,Regular Season - 10,78,Bundesliga,176,168,VfL Bochum,Bayer Leverkusen,1,1,9,6.5,1.29,1.29,3.5,1
1224064,2024-11-09 14:30:00,2024,Regular Season - 10,78,Bundesliga,186,157,FC St. Pauli,Bayern München,0,1,12,6.5,1.22,1.4,2.75,1
1208123,2024-11-09 15:00:00,2024,Regular Season - 11,39,Premier League,55,35,Brentford,Bournemouth,3,2,2.53,3.67,2.79,1.64,2.4,1
1208126,2024-11-09 15:00:00,2024,Regular Season - 11,39,Premier League,52,36,Crystal Palace,Fulham,0,2,2.8,3.54,2.59,1.98,1.93,1
1208131,2024-11-09 15:00:00,2024,Regular Season - 11,39,Premier League,48,45,West Ham,Everton,0,0,2.18,3.71,3.36,1.83,2.09,1
1208132,2024-11-09 15:00:00,2024,Regular Season - 11,39,Premier League,39,41,Wolves,Southampton,2,0,1.99,3.94,3.72,1.69,2.3,1
1208610,2024-11-09 15:15:00,2024,Regular Season - 13,140,La Liga,533,542,Villarreal,Alaves,3,0,1.6,4.1,5.2,1.7,2.1,1
1223706,2024-11-09 17:00:00,2024,Regular Season - 12,135,Serie A,490,489,Cagliari,AC Milan,3,3,5.38,4.35,1.67,1.75,2.26,1
1208124,2024-11-09 17:30:00,2024,Regular Season - 11,39,Premier League,51,50,Brighton,Manchester City,2,1,4.4,4,1.75,1.53,2.38,1
1224057,2024-11-09 17:30:00,2024,Regular Season - 10,78,Bundesliga,173,163,RB Leipzig,Borussia Mönchengladbach,0,0,1.57,4.5,5,1.4,2.75,1
1223710,2024-11-09 19:45:00,2024,Regular Season - 12,135,Serie A,496,503,Juventus,Torino,2,0,1.61,4.04,6.73,2.29,1.73,1
1208127,2024-11-09 20:00:00,2024,Regular Season - 11,39,Premier League,40,66,Liverpool,Aston Villa,2,0,1.44,5,6.5,1.44,2.62,1
1208604,2024-11-09 20:00:00,2024,Regular Season - 13,140,La Liga,537,536,Leganes,Sevilla,1,0,3,3.21,2.7,2.63,1.58,1
1223705,2024-11-10 11:30:00,2024,Regular Season - 12,135,Serie A,499,494,Atalanta,Udinese,2,1,1.44,5.15,8,1.7,2.35,1
1208602,2024-11-10 13:00:00,2024,Regular Season - 13,140,La Liga,543,538,Real Betis,Celta Vigo,2,2,2.05,3.6,4,1.91,2.04,1
1208128,2024-11-10 14:00:00,2024,Regular Season - 11,39,Premier League,33,46,Manchester United,Leicester,3,0,1.36,5.5,8,1.44,2.62,1
1208129,2024-11-10 14:00:00,2024,Regular Season - 11,39,Premier League,65,34,Nottingham Forest,Newcastle,1,3,2.58,3.26,2.66,1.88,1.85,1
1208130,2024-11-10 14:00:00,2024,Regular Season - 11,39,Premier League,47,57,Tottenham,Ipswich,1,2,1.25,6.5,11,1.29,3.5,1
1223707,2024-11-10 14:00:00,2024,Regular Season - 12,135,Serie A,502,504,Fiorentina,Verona,3,1,1.52,4.61,7.04,1.86,2.1,1
1223713,2024-11-10 14:00:00,2024,Regular Season - 12,135,Serie A,497,500,AS Roma,Bologna,2,3,2.08,3.56,3.94,2.24,1.76,1
1224060,2024-11-10 14:30:00,2024,Regular Season - 10,78,Bundesliga,170,167,FC Augsburg,1899 Hoffenheim,0,0,2.05,3.8,3.3,1.52,2.45,1
1208606,2024-11-10 15:15:00,2024,Regular Season - 13,140,La Liga,798,530,Mallorca,Atletico Madrid,0,1,3.5,2.95,2.3,2.6,1.47,1
1208125,2024-11-10 16:30:00,2024,Regular Season - 11,39,Premier League,49,42,Chelsea,Arsenal,1,1,2.68,3.38,2.49,1.7,2.07,1
1224056,2024-11-10 16:30:00,2024,Regular Season - 10,78,Bundesliga,172,169,VfB Stuttgart,Eintracht Frankfurt,2,3,1.95,3.9,3.5,1.44,2.62,1
1223712,2024-11-10 17:00:00,2024,Regular Season - 12,135,Serie A,1579,487,Monza,Lazio,0,1,4.55,3.66,1.91,2.21,1.78,1
1208603,2024-11-10 17:30:00,2024,Regular Season - 13,140,La Liga,546,547,Getafe,Girona,0,1,2.35,3.1,3.2,2.6,1.47,1
1224058,2024-11-10 18:30:00,2024,Regular Season - 10,78,Bundesliga,180,161,1. FC Heidenheim,VfL Wolfsburg,1,3,2.99,3.26,2.55,1.97,1.92,1
1223709,2024-11-10 19:45:00,2024,Regular Season - 12,135,Serie A,505,492,Inter,Napoli,1,1,1.88,3.72,4.25,1.88,2.02,1
1208607,2024-11-10 20:00:00,2024,Regular Season - 13,140,La Liga,548,529,Real Sociedad,Barcelona,1,0,4.78,4.26,1.75,1.69,2.36,1
1224067,2024-11-22 19:30:00,2024,Regular Season - 11,78,Bundesliga,157,170,Bayern München,FC Augsburg,3,0,1.1,9.5,23,1.25,3.75,1
1208612,2024-11-22 20:00:00,2024,Regular Season - 14,140,La Liga,546,720,Getafe,Valladolid,2,0,1.73,3.3,5.5,2.62,1.44,1
1208139,2024-11-23 12:30:00,2024,Regular Season - 12,39,Premier League,46,49,Leicester,Chelsea,1,2,6.5,4.6,1.5,1.5,2.5,1
1208617,2024-11-23 13:00:00,2024,Regular Season - 14,140,La Liga,532,543,Valencia,Real Betis,4,2,3.04,3.19,2.69,2.49,1.63,1
1223718,2024-11-23 14:00:00,2024,Regular Season - 13,135,Serie A,504,505,Verona,Inter,0,5,8.65,5.44,1.4,1.66,2.42,1
1224065,2024-11-23 14:30:00,2024,Regular Season - 11,78,Bundesliga,168,180,Bayer Leverkusen,1. FC Heidenheim,5,2,1.18,7,13,1.4,2.75,1
1224066,2024-11-23 14:30:00,2024,Regular Season - 11,78,Bundesliga,172,176,VfB Stuttgart,VfL Bochum,2,0,1.29,5.8,9,1.33,3.25,1
1224068,2024-11-23 14:30:00,2024,Regular Season - 11,78,Bundesliga,165,160,Borussia Dortmund,SC Freiburg,4,0,1.72,4.42,4.83,1.64,2.46,1
1224070,2024-11-23 14:30:00,2024,Regular Season - 11,78,Bundesliga,167,173,1899 Hoffenheim,RB Leipzig,4,3,3.3,3.6,2.05,1.57,2.3,1
1224071,2024-11-23 14:30:00,2024,Regular Season - 11,78,Bundesliga,161,182,VfL Wolfsburg,Union Berlin,1,0,2.25,3.24,3.16,2.07,1.7,1
1208133,2024-11-23 15:00:00,2024,Regular Season - 12,39,Premier League,35,51,Bournemouth,Brighton,1,2,2.335,3.525,2.84,1.5550000000000002,2.36,2
1208134,2024-11-23 15:00:00,2024,Regular Season - 12,39,Premier League,42,65,Arsenal,Nottingham Forest,3,0,1.3900000000000001,4.845000000000001,8.325,1.8050000000000002,2.025,2
1208135,2024-11-23 15:00:00,2024,Regular Season - 12,39,Premier League,66,52,Aston Villa,Crystal Palace,2,2,1.625,4.140000000000001,5.225,1.73,2.125,2
1208136,2024-11-23 15:00:00,2024,Regular Season - 12,39,Premier League,45,55,Everton,Brentford,0,0,2.385,3.48,2.935,1.8399999999999999,1.9849999999999999,2
1208137,2024-11-23 15:00:00,2024,Regular Season - 12,39,Premier League,36,39,Fulham,Wolves,1,4,1.65,4.115,5.045,1.685,2.1950000000000003,2
1208619,2024-11-23 15:15:00,2024,Regular Season - 14,140,La Liga,530,542,Atletico Madrid,Alaves,2,1,1.36,4.92,10.26,2.02,1.87,1
1223720,2024-11-23 17:00:00,2024,Regular Season - 13,135,Serie A,489,496,AC Milan,Juventus,0,0,2.25,3.42,3.6,2.22,1.77,1
1208140,2024-11-23 17:30:00,2024,Regular Season - 12,39,Premier League,50,47,Manchester City,Tottenham,0,4,1.5,4.8,5.8,1.33,3.25,1
1208614,2024-11-23 17:30:00,2024,Regular Season - 14,140,La Liga,534,798,Las Palmas,Mallorca,2,3,3.1,3.06,2.73,2.62,1.58,1
1224069,2024-11-23 17:30:00,2024,Regular Season - 11,78,Bundesliga,169,162,Eintracht Frankfurt,Werder Bremen,1,0,1.67,4.2,4.4,1.5,2.5,1
1223722,2024-11-23 19:45:00,2024,Regular Season - 13,135,Serie A,523,499,Parma,Atalanta,1,3,4.75,4.2,1.62,1.53,2.38,1
1208616,2024-11-23 20:00:00,2024,Regular Season - 14,140,La Liga,538,529,Celta Vigo,Barcelona,2,2,4.5,4.2,1.67,1.5,2.5,1
1223717,2024-11-24 11:30:00,2024,Regular Season - 13,135,Serie A,495,490,Genoa,Cagliari,2,2,2.75,3.29,2.87,2.29,1.73,1
1208142,2024-11-24 14:00:00,2024,Regular Season - 12,39,Premier League,41,40,Southampton,Liverpool,2,3,10,5.8,1.29,1.4,2.75,1
1223715,2024-11-24 14:00:00,2024,Regular Season - 13,135,Serie A,895,502,Como,Fiorentina,0,2,3.46,3.42,2.31,2.21,1.78,1
1223723,2024-11-24 14:00:00,2024,Regular Season - 13,135,Serie A,503,1579,Torino,Monza,1,1,2,3,4.4,2.6,1.47,1
1224073,2024-11-24 14:30:00,2024,Regular Season - 11,78,Bundesliga,191,164,Holstein Kiel,FSV Mainz 05,0,3,3.21,3.75,2.29,1.8,2.17,1
1208618,2024-11-24 15:15:00,2024,Regular Season - 14,140,La Liga,536,728,Sevilla,Rayo Vallecano,1,0,2.31,3.27,3.6,2.49,1.63,1
1208138,2024-11-24 16:30:00,2024,Regular Season - 12,39,Premier League,57,33,Ipswich,Manchester United,1,1,5.5,4.33,1.6,1.53,2.38,1
1224072,2024-11-24 16:30:00,2024,Regular Season - 11,78,Bundesliga,163,186,Borussia Mönchengladbach,FC St. Pauli,2,0,1.82,4.03,4.58,1.84,2.11,1
1223721,2024-11-24 17:00:00,2024,Regular Season - 13,135,Serie A,492,497,Napoli,AS Roma,1,0,1.81,3.83,4.96,2.13,1.83,1
1208615,2024-11-24 17:30:00,2024,Regular Season - 14,140,La Liga,537,541,Leganes,Real Madrid,0,3,8.71,4.64,1.41,1.89,2,1
1223719,2024-11-24 19:45:00,2024,Regular Season - 13,135,Serie A,487,500,Lazio,Bologna,3,0,1.93,3.69,4.45,2.19,1.79,1
1223716,2024-11-25 17:30:00,2024,Regular Season - 13,135,Serie A,511,494,Empoli,Udinese,1,1,2.88,2.8,2.8,2.5,1.5,1
1223724,2024-11-25 19:45:00,2024,Regular Season - 13,135,Serie A,517,867,Venezia,Lecce,0,1,2.25,3.2,3.3,2.05,1.72,1
1208141,2024-11-25 20:00:00,2024,Regular Season - 12,39,Premier League,34,48,Newcastle,West Ham,0,2,1.53,4.4,6,1.53,2.38,1
1224082,2024-11-29 19:30:00,2024,Regular Season - 12,78,Bundesliga,186,191,FC St. Pauli,Holstein Kiel,3,1,1.87,3.91,4.42,1.95,2,1
1223726,2024-11-29 19:45:00,2024,Regular Season - 14,135,Serie A,490,504,Cagliari,Verona,1,0,2.02,3.56,4.19,1.99,1.96,1
1208144,2024-11-29 20:00:00,2024,Regular Season - 13,39,Premier League,51,41,Brighton,Southampton,1,1,1.44,5,7,1.4,2.75,1
1208621,2024-11-29 20:00:00,2024,Regular Season - 15,140,La Liga,798,532,Mallorca,Valencia,2,1,2.15,2.88,4,2.75,1.4,1
1208620,2024-11-30 13:00:00,2024,Regular Season - 15,140,La Liga,529,534,Barcelona,Las Palmas,1,2,1.14,8.5,15,1.25,3.75,1
1223727,2024-11-30 14:00:00,2024,Regular Season - 14,135,Serie A,895,1579,Como,Monza,1,1,2.13,3.42,3.94,2.25,1.75,1
1224074,2024-11-30 14:30:00,2024,Regular Season - 12,78,Bundesliga,173,161,RB Leipzig,VfL Wolfsburg,1,5,1.73,4.38,4.79,1.65,2.44,1
1224077,2024-11-30 14:30:00,2024,Regular Season - 12,78,Bundesliga,162,172,Werder Bremen,VfB Stuttgart,2,2,2.9,3.75,2.2,1.5,2.5,1
1224078,2024-11-30 14:30:00,2024,Regular Season - 12,78,Bundesliga,160,163,SC Freiburg,Borussia Mönchengladbach,3,1,2.07,3.91,3.62,1.74,2.27,1
1224079,2024-11-30 14:30:00,2024,Regular Season - 12,78,Bundesliga,170,176,FC Augsburg,VfL Bochum,1,0,1.75,4.22,4.83,1.77,2.22,1
1224081,2024-11-30 14:30:00,2024,Regular Season - 12,78,Bundesliga,182,168,Union Berlin,Bayer Leverkusen,1,2,4.74,3.96,1.81,1.93,2.02,1
1208143,2024-11-30 15:00:00,2024,Regular Season - 13,39,Premier League,55,46,Brentford,Leicester,4,1,1.61,4.2,4.7,1.56,2.34,1
1208146,2024-11-30 15:00:00,2024,Regular Season - 13,39,Premier League,52,34,Crystal Palace,Newcastle,1,1,2.88,3.6,2.26,1.72,2.05,1
1208149,2024-11-30 15:00:00,2024,Regular Season - 13,39,Premier League,65,57,Nottingham Forest,Ipswich,1,0,1.72,3.8,4.5,1.85,1.89,1
1208152,2024-11-30 15:00:00,2024,Regular Season - 13,39,Premier League,39,35,Wolves,Bournemouth,2,4,2.84,3.83,2.42,1.67,2.35,1
1208622,2024-11-30 15:15:00,2024,Regular Season - 15,140,La Liga,542,537,Alaves,Leganes,1,1,1.77,3.2,5.5,2.65,1.45,1
1223730,2024-11-30 17:00:00,2024,Regular Season - 14,135,Serie A,489,511,AC Milan,Empoli,3,0,1.4,5.29,9.1,1.82,2.15,1
1208151,2024-11-30 17:30:00,2024,Regular Season - 13,39,Premier League,48,42,West Ham,Arsenal,2,5,6.9,4.6,1.41,1.65,2.15,1
1224075,2024-11-30 17:30:00,2024,Regular Season - 12,78,Bundesliga,165,157,Borussia Dortmund,Bayern München,1,1,4.4,4.2,1.67,1.4,2.75,1
1223725,2024-11-30 19:45:00,2024,Regular Season - 14,135,Serie A,500,517,Bologna,Venezia,3,0,1.62,3.9,5.3,1.9,1.85,1
1208624,2024-11-30 20:00:00,2024,Regular Season - 15,140,La Liga,720,530,Valladolid,Atletico Madrid,0,5,6.59,4.22,1.6,2.09,1.86,1
1223734,2024-12-01 11:30:00,2024,Regular Season - 14,135,Serie A,494,495,Udinese,Genoa,0,2,2.04,3.54,4.12,2.29,1.73,1
1208627,2024-12-01 13:00:00,2024,Regular Season - 15,140,La Liga,533,547,Villarreal,Girona,2,2,1.93,4.05,4.01,1.7,2.34,1
1208145,2024-12-01 13:30:00,2024,Regular Season - 13,39,Premier League,49,66,Chelsea,Aston Villa,3,0,1.7,4.2,4.5,1.5,2.5,1
1208148,2024-12-01 13:30:00,2024,Regular Season - 13,39,Premier League,33,45,Manchester United,Everton,4,0,1.56,4.1,5.4,1.7,2.07,1
1208150,2024-12-01 13:30:00,2024,Regular Season - 13,39,Premier League,47,36,Tottenham,Fulham,1,1,1.73,4.2,4.33,1.4,2.75,1
1223731,2024-12-01 14:00:00,2024,Regular Season - 14,135,Serie A,523,487,Parma,Lazio,3,1,4.19,4.12,1.87,1.71,2.33,1
1223733,2024-12-01 14:00:00,2024,Regular Season - 14,135,Serie A,503,492,Torino,Napoli,0,1,5.06,3.64,1.84,2.43,1.66,1
1224080,2024-12-01 14:30:00,2024,Regular Season - 12,78,Bundesliga,164,167,FSV Mainz 05,1899 Hoffenheim,2,0,2.11,3.73,3.65,1.73,2.29,1
1208626,2024-12-01 15:15:00,2024,Regular Season - 15,140,La Liga,541,546,Real Madrid,Getafe,2,0,1.36,5.09,11.7,2.04,1.91,1
1208147,2024-12-01 16:00:00,2024,Regular Season - 13,39,Premier League,40,50,Liverpool,Manchester City,2,0,2.1,3.7,3.3,1.57,2.3,1
1224076,2024-12-01 16:30:00,2024,Regular Season - 12,78,Bundesliga,180,169,1. FC Heidenheim,Eintracht Frankfurt,0,4,4,3.94,1.96,1.81,2.15,1
1223729,2024-12-01 19:45:00,2024,Regular Season - 14,135,Serie A,867,496,Lecce,Juventus,1,1,5.23,3.67,1.81,2.42,1.66,1
1208625,2024-12-01 20:00:00,2024,Regular Season - 15,140,La Liga,548,543,Real Sociedad,Real Betis,2,0,1.77,3.81,5.3,2.25,1.75,1
1223732,2024-12-02 19:45:00,2024,Regular Season - 14,135,Serie A,497,499,AS Roma,Atalanta,0,2,3.29,3.67,2.28,1.9,2.04,1
1208661,2024-12-03 18:00:00,2024,Regular Season - 19,140,La Liga,798,529,Mallorca,Barcelona,1,5,6.07,4.46,1.6,1.82,2.14,1
1208158,2024-12-03 19:30:00,2024,Regular Season - 14,39,Premier League,57,52,Ipswich,Crystal Palace,0,1,2.96,3.54,2.47,1.98,1.93,1
1208159,2024-12-03 20:15:00,2024,Regular Season - 14,39,Premier League,46,48,Leicester,West Ham,3,1,2.86,3.71,2.46,1.76,2.18,1
1208156,2024-12-04 19:30:00,2024,Regular Season - 14,39,Premier League,45,39,Everton,Wolves,4,0,2.2,3.56,3.44,2.04,1.87,1
1208160,2024-12-04 19:30:00,2024,Regular Season - 14,39,Premier League,50,65,Manchester City,Nottingham Forest,3,0,1.41,5.2,8.15,1.67,2.35,1
1208161,2024-12-04 19:30:00,2024,Regular Season - 14,39,Premier League,34,40,Newcastle,Liverpool,3,3,4.33,4.17,1.8,1.67,2.35,1
1208162,2024-12-04 19:30:00,2024,Regular Season - 14,39,Premier League,41,49,Southampton,Chelsea,1,5,8.5,5.5,1.33,1.36,3,1
1208154,2024-12-04 20:15:00,2024,Regular Season - 14,39,Premier League,42,33,Arsenal,Manchester United,2,0,1.46,4.99,7.22,1.63,2.42,1
1208155,2024-12-04 20:15:00,2024,Regular Season - 14,39,Premier League,66,55,Aston Villa,Brentford,3,1,1.78,3.8,4.1,1.56,2.32,1
1208157,2024-12-05 19:30:00,2024,Regular Season - 14,39,Premier League,36,51,Fulham,Brighton,3,1,2.42,3.62,2.97,1.67,2.34,1
1208153,2024-12-05 20:15:00,2024,Regular Season - 14,39,Premier League,35,47,Bournemouth,Tottenham,1,0,2.7,3.7,2.45,1.44,2.62,1
1223739,2024-12-06 17:30:00,2024,Regular Season - 15,135,Serie A,505,523,Inter,Parma,3,1,1.18,7,13,1.33,3.25,1
1224084,2024-12-06 19:30:00,2024,Regular Season - 13,78,Bundesliga,172,182,VfB Stuttgart,Union Berlin,3,2,1.79,3.96,4.88,1.96,1.98,1
1223735,2024-12-06 19:45:00,2024,Regular Season - 15,135,Serie A,499,489,Atalanta,AC Milan,2,1,1.9,3.8,3.7,1.65,2.2,1
1208631,2024-12-06 20:00:00,2024,Regular Season - 16,140,La Liga,538,798,Celta Vigo,Mallorca,2,0,1.93,3.46,4.78,2.52,1.62,1
1208633,2024-12-07 13:00:00,2024,Regular Season - 16,140,La Liga,534,720,Las Palmas,Valladolid,2,1,1.81,3.66,4.74,2.07,1.83,1
1223737,2024-12-07 14:00:00,2024,Regular Season - 15,135,Serie A,495,503,Genoa,Torino,0,0,2.4,3.1,3.1,2.4,1.55,1
1224083,2024-12-07 14:30:00,2024,Regular Season - 13,78,Bundesliga,168,186,Bayer Leverkusen,FC St. Pauli,2,1,1.22,6,12,1.5,2.5,1
1224085,2024-12-07 14:30:00,2024,Regular Season - 13,78,Bundesliga,157,180,Bayern München,1. FC Heidenheim,4,2,1.07,11,26,1.29,3.5,1
1224086,2024-12-07 14:30:00,2024,Regular Season - 13,78,Bundesliga,169,170,Eintracht Frankfurt,FC Augsburg,2,2,1.6,4.63,5.76,1.69,2.37,1
1224090,2024-12-07 14:30:00,2024,Regular Season - 13,78,Bundesliga,176,162,VfL Bochum,Werder Bremen,0,1,3.19,3.93,2.23,1.65,2.44,1
1224091,2024-12-07 14:30:00,2024,Regular Season - 13,78,Bundesliga,191,173,Holstein Kiel,RB Leipzig,0,2,5,4.33,1.57,1.5,2.5,1
1208163,2024-12-07 15:00:00,2024,Regular Season - 15,39,Premier League,66,41,Aston Villa,Southampton,1,0,1.36,5,8,1.44,2.62,1
1208164,2024-12-07 15:00:00,2024,Regular Season - 15,39,Premier League,55,34,Brentford,Newcastle,4,2,2.875,3.73,2.3200000000000003,1.585,2.4050000000000002,2
1208165,2024-12-07 15:00:00,2024,Regular Season - 15,39,Premier League,52,50,Crystal Palace,Manchester City,2,2,5.3,4.2,1.55,1.64,2.17,1
1208635,2024-12-07 15:15:00,2024,Regular Season - 16,140,La Liga,543,529,Real Betis,Barcelona,2,2,5,4.4,1.57,1.5,2.5,1
1223740,2024-12-07 17:00:00,2024,Regular Season - 15,135,Serie A,496,500,Juventus,Bologna,2,2,1.62,3.7,5.8,2.3,1.6,1
1208170,2024-12-07 17:30:00,2024,Regular Season - 15,39,Premier League,33,65,Manchester United,Nottingham Forest,2,3,1.67,4.035,5.02,1.79,2.04,2
1208636,2024-12-07 17:30:00,2024,Regular Season - 16,140,La Liga,532,728,Valencia,Rayo Vallecano,0,1,2.25,2.88,3.75,2.5,1.5,1
1224089,2024-12-07 17:30:00,2024,Regular Season - 13,78,Bundesliga,163,165,Borussia Mönchengladbach,Borussia Dortmund,1,1,3.2,3.9,2,1.44,2.62,1
1223743,2024-12-07 19:45:00,2024,Regular Season - 15,135,Serie A,497,867,AS Roma,Lecce,4,1,1.52,4,6.5,2.05,1.75,1
1208632,2024-12-07 20:00:00,2024,Regular Season - 16,140,La Liga,547,541,Girona,Real Madrid,0,3,4.6,4.1,1.67,1.6,2.3,1
1223736,2024-12-08 11:30:00,2024,Regular Season - 15,135,Serie A,502,490,Fiorentina,Cagliari,1,0,1.47,4.6,6.2,1.65,2.2,1
1208634,2024-12-08 13:00:00,2024,Regular Season - 16,140,La Liga,537,548,Leganes,Real Sociedad,0,3,4.6,3.1,1.91,2.62,1.44,1
1208167,2024-12-08 14:00:00,2024,Regular Season - 15,39,Premier League,36,42,Fulham,Arsenal,1,1,5.1,4.2,1.57,1.67,2.13,1
1208168,2024-12-08 14:00:00,2024,Regular Season - 15,39,Premier League,57,35,Ipswich,Bournemouth,1,2,3.65,3.87,2.03,1.74,2.23,1
1208169,2024-12-08 14:00:00,2024,Regular Season - 15,39,Premier League,46,51,Leicester,Brighton,2,2,4.58,4.22,1.75,1.65,2.39,1
1223738,2024-12-08 14:00:00,2024,Regular Season - 15,135,Serie A,504,511,Verona,Empoli,1,4,2.68,2.91,3.35,2.55,1.6,1
1224088,2024-12-08 14:30:00,2024,Regular Season - 13,78,Bundesliga,161,164,VfL Wolfsburg,FSV Mainz 05,4,3,2.1,3.5,3.7,1.85,1.96,1
1208171,2024-12-08 16:30:00,2024,Regular Season - 15,39,Premier League,47,49,Tottenham,Chelsea,3,4,3.2,3.8,2.1,1.36,3,1
1224087,2024-12-08 16:30:00,2024,Regular Season - 13,78,Bundesliga,167,160,1899 Hoffenheim,SC Freiburg,1,1,2.81,3.67,2.58,1.76,2.24,1
1223744,2024-12-08 17:00:00,2024,Regular Season - 15,135,Serie A,517,895,Venezia,Como,2,2,2.75,3.2,2.6,1.95,1.8,1
1223742,2024-12-08 19:45:00,2024,Regular Season - 15,135,Serie A,492,487,Napoli,Lazio,0,1,1.8,3.5,4.6,2.1,1.7,1
1208630,2024-12-08 20:00:00,2024,Regular Season - 16,140,La Liga,530,536,Atletico Madrid,Sevilla,4,3,1.42,5.05,8.85,1.86,2.09,1
1223741,2024-12-09 19:45:00,2024,Regular Season - 15,135,Serie A,1579,494,Monza,Udinese,1,2,2.55,3,3,2.4,1.55,1
1208172,2024-12-09 20:00:00,2024,Regular Season - 15,39,Premier League,48,39,West Ham,Wolves,2,1,2,3.98,3.65,1.65,2.39,1
1224095,2024-12-13 19:30:00,2024,Regular Season - 14,78,Bundesliga,160,161,SC Freiburg,VfL Wolfsburg,3,2,2.15,3.48,3.5,1.83,2.02,1
1223748,2024-12-13 19:45:00,2024,Regular Season - 16,135,Serie A,511,503,Empoli,Torino,0,1,2.6,2.88,3.1,2.75,1.4,1
1208645,2024-12-13 20:00:00,2024,Regular Season - 17,140,La Liga,720,532,Valladolid,Valencia,1,0,3.31,3.17,2.51,2.63,1.58,1
1223746,2024-12-14 14:00:00,2024,Regular Season - 16,135,Serie A,490,499,Cagliari,Atalanta,0,1,5.64,4.55,1.62,1.68,2.39,1
1224096,2024-12-14 14:30:00,2024,Regular Season - 14,78,Bundesliga,170,168,FC Augsburg,Bayer Leverkusen,0,2,5.51,4.48,1.64,1.71,2.33,1
1224097,2024-12-14 14:30:00,2024,Regular Season - 14,78,Bundesliga,164,157,FSV Mainz 05,Bayern München,2,1,6.5,4.5,1.44,1.53,2.38,1
1224098,2024-12-14 14:30:00,2024,Regular Season - 14,78,Bundesliga,163,191,Borussia Mönchengladbach,Holstein Kiel,4,1,1.44,4.6,6.5,1.44,2.62,1
1224099,2024-12-14 14:30:00,2024,Regular Season - 14,78,Bundesliga,182,176,Union Berlin,VfL Bochum,1,1,1.6,4,6.25,2,1.82,1
1208174,2024-12-14 15:00:00,2024,Regular Season - 16,39,Premier League,42,45,Arsenal,Everton,0,0,1.26,6.36,12.9,1.71,2.26,1
1208177,2024-12-14 15:00:00,2024,Regular Season - 16,39,Premier League,40,36,Liverpool,Fulham,2,2,1.33,5.5,8.5,1.5,2.7,1
1208179,2024-12-14 15:00:00,2024,Regular Season - 16,39,Premier League,34,46,Newcastle,Leicester,4,0,1.3,5.8,9,1.4,3,1
1208182,2024-12-14 15:00:00,2024,Regular Season - 16,39,Premier League,39,57,Wolves,Ipswich,1,2,2,3.85,3.77,1.78,2.15,1
1208644,2024-12-14 15:15:00,2024,Regular Season - 17,140,La Liga,798,547,Mallorca,Girona,2,1,2.43,3.15,3.5,2.52,1.62,1
1223754,2024-12-14 17:00:00,2024,Regular Season - 16,135,Serie A,494,492,Udinese,Napoli,1,3,5.01,3.75,1.82,2.25,1.75,1
1208180,2024-12-14 17:30:00,2024,Regular Season - 16,39,Premier League,65,66,Nottingham Forest,Aston Villa,2,1,2.67,3.38,2.76,1.88,2,1
1208643,2024-12-14 17:30:00,2024,Regular Season - 17,140,La Liga,536,538,Sevilla,Celta Vigo,1,0,2.27,3.34,3.4,2.04,1.86,1
1224100,2024-12-14 17:30:00,2024,Regular Season - 14,78,Bundesliga,186,162,FC St. Pauli,Werder Bremen,0,2,2.65,3.5,2.7,1.88,1.96,1
1223749,2024-12-14 19:45:00,2024,Regular Season - 16,135,Serie A,496,517,Juventus,Venezia,2,2,1.33,5.34,10.19,1.84,2.06,1
1208640,2024-12-14 20:00:00,2024,Regular Season - 17,140,La Liga,728,541,Rayo Vallecano,Real Madrid,3,3,6.06,4.02,1.6,1.85,2.05,1
1223751,2024-12-15 11:30:00,2024,Regular Season - 16,135,Serie A,867,1579,Lecce,Monza,2,1,2.58,3.27,3.1,2.53,1.61,1
1208638,2024-12-15 13:00:00,2024,Regular Season - 17,140,La Liga,530,546,Atletico Madrid,Getafe,1,0,1.45,4.48,9.65,2.36,1.69,1
1208175,2024-12-15 14:00:00,2024,Regular Season - 16,39,Premier League,51,52,Brighton,Crystal Palace,1,3,1.94,3.91,3.91,1.76,2.18,1
1223745,2024-12-15 14:00:00,2024,Regular Season - 16,135,Serie A,500,502,Bologna,Fiorentina,1,0,2.83,3.26,2.82,2.22,1.77,1
1223753,2024-12-15 14:00:00,2024,Regular Season - 16,135,Serie A,523,504,Parma,Verona,2,3,1.94,3.62,4.49,1.77,2.22,1
1224094,2024-12-15 14:30:00,2024,Regular Season - 14,78,Bundesliga,180,172,1. FC Heidenheim,VfB Stuttgart,1,3,4.38,4.09,1.84,1.77,2.22,1
1208178,2024-12-15 16:30:00,2024,Regular Season - 16,39,Premier League,50,33,Manchester City,Manchester United,1,2,1.62,4.4,4.8,1.44,2.75,1
1224093,2024-12-15 16:30:00,2024,Regular Season - 14,78,Bundesliga,165,167,Borussia Dortmund,1899 Hoffenheim,1,1,1.44,4.8,6.5,1.4,2.75,1
1223747,2024-12-15 17:00:00,2024,Regular Season - 16,135,Serie A,895,497,Como,AS Roma,2,0,3.65,3.3,2.19,2.01,1.88,1
1208642,2024-12-15 17:30:00,2024,Regular Season - 17,140,La Liga,533,543,Villarreal,Real Betis,1,2,1.83,4.17,4.37,1.7,2.34,1
1208646,2024-12-15 17:30:00,2024,Regular Season - 17,140,La Liga,548,534,Real Sociedad,Las Palmas,0,0,1.47,4.53,8.65,2.21,1.78,1
1224092,2024-12-15 18:30:00,2024,Regular Season - 14,78,Bundesliga,173,169,RB Leipzig,Eintracht Frankfurt,2,1,2.15,3.75,3,1.53,2.38,1
1208176,2024-12-15 19:00:00,2024,Regular Season - 16,39,Premier League,49,55,Chelsea,Brentford,2,1,1.36,5.5,7.5,1.36,3.3,1
1208181,2024-12-15 19:00:00,2024,Regular Season - 16,39,Premier League,41,47,Southampton,Tottenham,0,5,4.2,4.5,1.67,1.33,3.5,1
1223752,2024-12-15 19:45:00,2024,Regular Season - 16,135,Serie A,489,495,AC Milan,Genoa,0,0,1.44,5.04,8.3,1.78,2.2,1
1208639,2024-12-15 20:00:00,2024,Regular Season - 17,140,La Liga,529,537,Barcelona,Leganes,0,1,1.12,8.5,19,1.33,3.25,1
1223750,2024-12-16 19:45:00,2024,Regular Season - 16,135,Serie A,487,505,Lazio,Inter,0,6,3.72,3.39,2.13,1.94,1.94,1
1208173,2024-12-16 20:00:00,2024,Regular Season - 16,39,Premier League,35,48,Bournemouth,West Ham,1,1,1.73,4.2,4.2,1.53,2.6,1
1208599,2024-12-18 20:30:00,2024,Regular Season - 12,140,La Liga,533,728,Villarreal,Rayo Vallecano,1,1,1.86,3.61,4.51,1.92,1.97,1
1224103,2024-12-20 19:30:00,2024,Regular Season - 15,78,Bundesliga,157,173,Bayern München,RB Leipzig,5,1,1.3,6,9,1.35,3.3,1
1223758,2024-12-20 19:45:00,2024,Regular Season - 17,135,Serie A,504,489,Verona,AC Milan,0,1,4.7,3.95,1.7,1.75,2.1,1
1208650,2024-12-20 20:00:00,2024,Regular Season - 18,140,La Liga,547,720,Girona,Valladolid,3,0,1.46,4.88,7.9,1.84,2.11,1
1208183,2024-12-21 12:30:00,2024,Regular Season - 17,39,Premier League,66,50,Aston Villa,Manchester City,2,1,3.24,3.65,2.05,1.57,2.31,1
1208649,2024-12-21 13:00:00,2024,Regular Season - 18,140,La Liga,546,798,Getafe,Mallorca,0,1,2.25,2.8,3.9,3.4,1.35,1
1223763,2024-12-21 14:00:00,2024,Regular Season - 17,135,Serie A,503,500,Torino,Bologna,0,2,3.25,2.9,2.5,2.62,1.5,1
1224102,2024-12-21 14:30:00,2024,Regular Season - 15,78,Bundesliga,172,186,VfB Stuttgart,FC St. Pauli,0,1,1.51,4.79,6.85,1.71,2.32,1
1224104,2024-12-21 14:30:00,2024,Regular Season - 15,78,Bundesliga,169,164,Eintracht Frankfurt,FSV Mainz 05,1,3,1.91,4.05,4.09,1.73,2.3,1
1224105,2024-12-21 14:30:00,2024,Regular Season - 15,78,Bundesliga,167,163,1899 Hoffenheim,Borussia Mönchengladbach,1,2,2.41,3.93,2.89,1.64,2.47,1
1224106,2024-12-21 14:30:00,2024,Regular Season - 15,78,Bundesliga,162,182,Werder Bremen,Union Berlin,4,1,2.15,3.45,3.61,2,1.85,1
1224109,2024-12-21 14:30:00,2024,Regular Season - 15,78,Bundesliga,191,170,Holstein Kiel,FC Augsburg,5,1,3.1,3.25,2.38,2,1.85,1
1208184,2024-12-21 15:00:00,2024,Regular Season - 17,39,Premier League,55,65,Brentford,Nottingham Forest,0,2,2.3,3.48,2.87,1.7,2.08,1
1208188,2024-12-21 15:00:00,2024,Regular Season - 17,39,Premier League,57,34,Ipswich,Newcastle,0,4,4.5,3.8,1.71,1.59,2.26,1
1208192,2024-12-21 15:00:00,2024,Regular Season - 17,39,Premier League,48,51,West Ham,Brighton,1,1,2.8,3.6,2.38,1.57,2.45,1
1208648,2024-12-21 15:15:00,2024,Regular Season - 18,140,La Liga,538,548,Celta Vigo,Real Sociedad,2,0,3.02,3.23,2.67,2.42,1.66,1
1223757,2024-12-21 17:00:00,2024,Regular Season - 17,135,Serie A,495,492,Genoa,Napoli,1,2,4.95,3.75,1.72,2.2,1.68,1
1208185,2024-12-21 17:30:00,2024,Regular Season - 17,39,Premier League,52,42,Crystal Palace,Arsenal,1,5,5.6,4,1.56,1.78,1.97,1
1224101,2024-12-21 17:30:00,2024,Regular Season - 15,78,Bundesliga,168,160,Bayer Leverkusen,SC Freiburg,5,1,1.43,5.2,8,1.67,2.4,1
1223760,2024-12-21 19:45:00,2024,Regular Season - 17,135,Serie A,867,487,Lecce,Lazio,1,2,5.07,3.75,1.81,2.11,1.85,1
1208654,2024-12-21 20:00:00,2024,Regular Season - 18,140,La Liga,529,530,Barcelona,Atletico Madrid,1,2,1.92,4,4.12,1.67,2.41,1
1223762,2024-12-22 11:30:00,2024,Regular Season - 17,135,Serie A,497,523,AS Roma,Parma,5,0,1.55,4.4,5.5,1.62,2.4,1
1208655,2024-12-22 13:00:00,2024,Regular Season - 18,140,La Liga,532,542,Valencia,Alaves,2,2,2.2,3.1,3.5,2.6,1.47,1
1208186,2024-12-22 14:00:00,2024,Regular Season - 17,39,Premier League,45,49,Everton,Chelsea,0,0,4.9,4.1,1.61,1.65,2.15,1
1208187,2024-12-22 14:00:00,2024,Regular Season - 17,39,Premier League,36,41,Fulham,Southampton,0,0,1.45,4.94,7.5,1.62,2.44,1
1208189,2024-12-22 14:00:00,2024,Regular Season - 17,39,Premier League,46,39,Leicester,Wolves,0,3,2.51,3.42,2.65,1.64,2.17,1
1208190,2024-12-22 14:00:00,2024,Regular Season - 17,39,Premier League,33,35,Manchester United,Bournemouth,0,3,1.88,4.08,4.04,1.63,2.42,1
1223764,2024-12-22 14:00:00,2024,Regular Season - 17,135,Serie A,517,490,Venezia,Cagliari,2,1,2.5,3.25,2.9,1.85,2,1
1224108,2024-12-22 14:30:00,2024,Regular Season - 15,78,Bundesliga,176,180,VfL Bochum,1. FC Heidenheim,2,0,2.25,3.75,3.1,1.75,2.13,1
1208651,2024-12-22 15:15:00,2024,Regular Season - 18,140,La Liga,541,536,Real Madrid,Sevilla,4,2,1.3,5.5,8.5,1.5,2.62,1
1208191,2024-12-22 16:30:00,2024,Regular Season - 17,39,Premier League,47,40,Tottenham,Liverpool,3,6,4,4.4,1.73,1.3,3.6,1
1224107,2024-12-22 16:30:00,2024,Regular Season - 15,78,Bundesliga,161,165,VfL Wolfsburg,Borussia Dortmund,1,3,3.13,3.9,2.28,1.68,2.38,1
1223755,2024-12-22 17:00:00,2024,Regular Season - 17,135,Serie A,499,511,Atalanta,Empoli,3,2,1.29,5.5,11,1.65,2.3,1
1208652,2024-12-22 17:30:00,2024,Regular Season - 18,140,La Liga,537,533,Leganes,Villarreal,2,5,4.26,3.64,1.98,2.05,1.9,1
1223761,2024-12-22 19:45:00,2024,Regular Season - 17,135,Serie A,1579,496,Monza,Juventus,1,2,5.85,3.77,1.73,2.42,1.66,1
1208647,2024-12-22 20:00:00,2024,Regular Season - 18,140,La Liga,543,728,Real Betis,Rayo Vallecano,1,1,1.8,3.75,5.14,2.25,1.75,1
1223756,2024-12-23 17:30:00,2024,Regular Season - 17,135,Serie A,502,494,Fiorentina,Udinese,1,2,1.62,4,5.5,1.85,2,1
1223759,2024-12-23 19:45:00,2024,Regular Season - 17,135,Serie A,505,895,Inter,Como,2,0,1.22,6.5,13,1.53,2.6,1
1208198,2024-12-26 12:30:00,2024,Regular Season - 18,39,Premier League,50,45,Manchester City,Everton,1,1,1.35,5,8.5,1.57,2.45,1
1208193,2024-12-26 15:00:00,2024,Regular Season - 18,39,Premier League,35,52,Bournemouth,Crystal Palace,0,0,1.9,3.7,3.65,1.66,2.14,1
1208196,2024-12-26 15:00:00,2024,Regular Season - 18,39,Premier League,49,36,Chelsea,Fulham,1,2,1.5,4.6,6,1.44,2.75,1
1208199,2024-12-26 15:00:00,2024,Regular Season - 18,39,Premier League,34,66,Newcastle,Aston Villa,3,0,2.01,3.98,3.62,1.65,2.39,1
1208200,2024-12-26 15:00:00,2024,Regular Season - 18,39,Premier League,65,47,Nottingham Forest,Tottenham,1,0,2.38,3.6,2.8,1.53,2.6,1
1208201,2024-12-26 15:00:00,2024,Regular Season - 18,39,Premier League,41,48,Southampton,West Ham,0,1,3.12,3.48,2.17,1.64,2.18,1
1208202,2024-12-26 17:30:00,2024,Regular Season - 18,39,Premier League,39,33,Wolves,Manchester United,2,0,3.7,3.65,1.89,1.64,2.18,1
1208197,2024-12-26 20:00:00,2024,Regular Season - 18,39,Premier League,40,46,Liverpool,Leicester,3,1,1.08,13,26,1.22,4.75,1
1208195,2024-12-27 19:30:00,2024,Regular Season - 18,39,Premier League,51,55,Brighton,Brentford,0,0,1.67,4.2,4.6,1.5,2.7,1
1208194,2024-12-27 20:15:00,2024,Regular Season - 18,39,Premier League,42,57,Arsenal,Ipswich,1,0,1.12,9,19,1.4,3.1,1
1223768,2024-12-28 14:00:00,2024,Regular Season - 18,135,Serie A,511,495,Empoli,Genoa,1,2,2.45,2.85,3.3,2.6,1.47,1
1223773,2024-12-28 14:00:00,2024,Regular Season - 18,135,Serie A,523,1579,Parma,Monza,2,1,2.39,3.56,3.15,1.8,2.18,1
1223766,2024-12-28 17:00:00,2024,Regular Season - 18,135,Serie A,490,505,Cagliari,Inter,0,3,7.04,4.92,1.49,1.71,2.33,1
1223770,2024-12-28 19:45:00,2024,Regular Season - 18,135,Serie A,487,499,Lazio,Atalanta,1,1,2.99,3.4,2.47,1.85,2.04,1
1223774,2024-12-29 11:30:00,2024,Regular Season - 18,135,Serie A,494,503,Udinese,Torino,2,2,2.37,3.06,3.75,2.6,1.58,1
1223772,2024-12-29 14:00:00,2024,Regular Season - 18,135,Serie A,492,517,Napoli,Venezia,1,0,1.26,6,12,1.65,2.25,1
1208209,2024-12-29 14:30:00,2024,Regular Season - 19,39,Premier League,46,50,Leicester,Manchester City,0,2,8,5.5,1.33,1.4,3.1,1
1208205,2024-12-29 15:00:00,2024,Regular Season - 19,39,Premier League,52,41,Crystal Palace,Southampton,2,1,1.66,4.22,5.34,1.8,2.13,1
1208206,2024-12-29 15:00:00,2024,Regular Season - 19,39,Premier League,45,65,Everton,Nottingham Forest,0,2,2.72,3.24,2.86,2.32,1.68,1
1208207,2024-12-29 15:00:00,2024,Regular Season - 19,39,Premier League,36,35,Fulham,Bournemouth,2,2,2.35,3.77,2.98,1.72,2.24,1
1208211,2024-12-29 15:00:00,2024,Regular Season - 19,39,Premier League,47,39,Tottenham,Wolves,2,2,1.67,4.6,4.33,1.35,3.4,1
1223769,2024-12-29 17:00:00,2024,Regular Season - 18,135,Serie A,496,502,Juventus,Fiorentina,2,2,2.02,3.39,4.45,2.19,1.79,1
1208212,2024-12-29 17:15:00,2024,Regular Season - 19,39,Premier League,48,40,West Ham,Liverpool,0,5,7,5,1.4,1.4,3,1
1223771,2024-12-29 19:45:00,2024,Regular Season - 18,135,Serie A,489,497,AC Milan,AS Roma,1,1,2.24,3.52,3.31,1.92,1.97,1
1223767,2024-12-30 17:30:00,2024,Regular Season - 18,135,Serie A,895,867,Como,Lecce,2,0,1.73,3.6,4.8,2.1,1.75,1
1208203,2024-12-30 19:45:00,2024,Regular Season - 19,39,Premier League,66,51,Aston Villa,Brighton,2,2,1.98,3.95,3.75,1.67,2.34,1
1208208,2024-12-30 19:45:00,2024,Regular Season - 19,39,Premier League,57,49,Ipswich,Chelsea,2,0,7,5,1.4,1.44,2.8,1
1223765,2024-12-30 19:45:00,2024,Regular Season - 18,135,Serie A,500,504,Bologna,Verona,2,3,1.5,4,6.5,2,1.83,1
1208210,2024-12-30 20:00:00,2024,Regular Season - 19,39,Premier League,33,34,Manchester United,Newcastle,0,2,2.74,3.83,2.5,1.65,2.39,1
1208204,2025-01-01 17:30:00,2024,Regular Season - 19,39,Premier League,55,42,Brentford,Arsenal,1,3,6.5,4.8,1.4,1.57,2.45,1
1208600,2025-01-03 20:00:00,2024,Regular Season - 12,140,La Liga,532,541,Valencia,Real Madrid,1,2,8.3,5.09,1.43,1.77,2.22,1
1208221,2025-01-04 12:30:00,2024,Regular Season - 20,39,Premier League,47,34,Tottenham,Newcastle,1,2,2.8,3.9,2.25,1.36,3.1,1
1223784,2025-01-04 14:00:00,2024,Regular Season - 19,135,Serie A,517,511,Venezia,Empoli,1,1,2.39,3.26,3.44,2.33,1.71,1
1208213,2025-01-04 15:00:00,2024,Regular Season - 20,39,Premier League,35,45,Bournemouth,Everton,1,0,1.73,3.7,4.5,1.84,1.9,1
1208214,2025-01-04 15:00:00,2024,Regular Season - 20,39,Premier League,66,46,Aston Villa,Leicester,2,1,1.3,5.5,9,1.5,2.7,1
1208216,2025-01-04 15:00:00,2024,Regular Season - 20,39,Premier League,52,49,Crystal Palace,Chelsea,1,1,3.6,3.6,1.94,1.56,2.32,1
1208219,2025-01-04 15:00:00,2024,Regular Season - 20,39,Premier League,50,48,Manchester City,West Ham,4,1,1.33,5.5,8,1.36,3.3,1
1208220,2025-01-04 15:00:00,2024,Regular Season - 20,39,Premier League,41,55,Southampton,Brentford,0,5,2.81,3.42,2.37,1.64,2.18,1
1223777,2025-01-04 17:00:00,2024,Regular Season - 19,135,Serie A,502,492,Fiorentina,Napoli,0,3,3.04,3.27,2.62,2.18,1.8,1
1208215,2025-01-04 17:30:00,2024,Regular Season - 20,39,Premier League,51,42,Brighton,Arsenal,1,1,4.2,3.7,1.78,1.72,2.05,1
1223778,2025-01-04 19:45:00,2024,Regular Season - 19,135,Serie A,504,494,Verona,Udinese,0,0,3.25,3.08,2.61,2.15,1.82,1
1223781,2025-01-05 11:30:00,2024,Regular Season - 19,135,Serie A,1579,490,Monza,Cagliari,1,2,2.49,3.26,3.08,2.02,1.88,1
1208217,2025-01-05 14:00:00,2024,Regular Season - 20,39,Premier League,36,57,Fulham,Ipswich,2,2,1.54,4.4,5.5,1.67,2.1,1
1223780,2025-01-05 14:00:00,2024,Regular Season - 19,135,Serie A,867,495,Lecce,Genoa,0,0,2.79,3.1,3,2.5,1.62,1
1208218,2025-01-05 16:30:00,2024,Regular Season - 20,39,Premier League,40,33,Liverpool,Manchester United,2,2,1.3,5.8,9,1.4,3,1
1223783,2025-01-05 17:00:00,2024,Regular Season - 19,135,Serie A,503,523,Torino,Parma,0,0,1.88,3.58,4.42,2,1.89,1
1223782,2025-01-05 19:45:00,2024,Regular Season - 19,135,Serie A,497,487,AS Roma,Lazio,2,0,2.53,3.21,3.06,2.05,1.85,1
1208222,2025-01-06 20:00:00,2024,Regular Season - 20,39,Premier League,39,65,Wolves,Nottingham Forest,0,3,3.28,3.16,2.23,2.05,1.72,1
1223788,2025-01-10 19:45:00,2024,Regular Season - 20,135,Serie A,487,895,Lazio,Como,1,1,1.84,3.77,4.81,2.15,1.82,1
1224111,2025-01-10 19:45:00,2024,Regular Season - 16,78,Bundesliga,165,168,Borussia Dortmund,Bayer Leverkusen,2,3,2.92,3.65,2.5,1.66,2.42,1
1208663,2025-01-10 20:00:00,2024,Regular Season - 19,140,La Liga,728,538,Rayo Vallecano,Celta Vigo,2,1,2.73,3.15,3.02,2.34,1.7,1
1208660,2025-01-11 13:00:00,2024,Regular Season - 19,140,La Liga,542,547,Alaves,Girona,0,1,2.85,3,2.65,2.2,1.65,1
1223786,2025-01-11 14:00:00,2024,Regular Season - 20,135,Serie A,511,867,Empoli,Lecce,1,3,2.07,3.23,4.49,2.55,1.6,1
1223793,2025-01-11 14:00:00,2024,Regular Season - 20,135,Serie A,494,499,Udinese,Atalanta,0,0,5.48,4.29,1.67,1.85,2.11,1
1224112,2025-01-11 14:30:00,2024,Regular Season - 16,78,Bundesliga,167,161,1899 Hoffenheim,VfL Wolfsburg,0,1,2.4,3.4,2.9,1.6,2.3,1
1224113,2025-01-11 14:30:00,2024,Regular Season - 16,78,Bundesliga,180,182,1. FC Heidenheim,Union Berlin,2,0,3.2,3.2,2.35,2,1.77,1
1224114,2025-01-11 14:30:00,2024,Regular Season - 16,78,Bundesliga,160,191,SC Freiburg,Holstein Kiel,3,2,1.43,5.25,7.9,1.64,2.47,1
1224116,2025-01-11 14:30:00,2024,Regular Season - 16,78,Bundesliga,164,176,FSV Mainz 05,VfL Bochum,2,0,1.63,4.38,5.81,1.85,2.1,1
1224118,2025-01-11 14:30:00,2024,Regular Season - 16,78,Bundesliga,186,169,FC St. Pauli,Eintracht Frankfurt,0,1,3.83,3.39,2.09,1.88,2.01,1
1208662,2025-01-11 15:15:00,2024,Regular Season - 19,140,La Liga,720,543,Valladolid,Real Betis,1,0,4.58,3.71,1.9,2.21,1.78,1
1223792,2025-01-11 17:00:00,2024,Regular Season - 20,135,Serie A,503,496,Torino,Juventus,1,1,5.2,3.2,1.8,2.55,1.5,1
1224117,2025-01-11 17:30:00,2024,Regular Season - 16,78,Bundesliga,163,157,Borussia Mönchengladbach,Bayern München,0,1,6.5,5,1.4,1.35,3.3,1
1223789,2025-01-11 19:45:00,2024,Regular Season - 20,135,Serie A,489,490,AC Milan,Cagliari,1,1,1.39,5.49,8.95,1.67,2.41,1
1208659,2025-01-11 20:00:00,2024,Regular Season - 19,140,La Liga,536,532,Sevilla,Valencia,1,1,2.02,3.54,4.21,2.32,1.71,1
1223787,2025-01-12 11:30:00,2024,Regular Season - 20,135,Serie A,495,523,Genoa,Parma,1,0,1.99,3.69,4.14,1.95,2,1
1208664,2025-01-12 13:00:00,2024,Regular Season - 19,140,La Liga,534,546,Las Palmas,Getafe,1,2,2.5,2.9,3.3,2.62,1.44,1
1223794,2025-01-12 14:00:00,2024,Regular Season - 20,135,Serie A,517,505,Venezia,Inter,0,1,10.9,6.03,1.32,1.65,2.45,1
1224110,2025-01-12 14:30:00,2024,Regular Season - 16,78,Bundesliga,173,162,RB Leipzig,Werder Bremen,4,2,1.75,4,4,1.53,2.5,1
1224115,2025-01-12 16:30:00,2024,Regular Season - 16,78,Bundesliga,170,172,FC Augsburg,VfB Stuttgart,0,1,3.7,3.7,1.95,1.67,2.15,1
1223785,2025-01-12 17:00:00,2024,Regular Season - 20,135,Serie A,500,497,Bologna,AS Roma,2,2,2.83,3.33,2.77,2.22,1.77,1
1223791,2025-01-12 19:45:00,2024,Regular Season - 20,135,Serie A,492,504,Napoli,Verona,2,0,1.27,6.54,12.8,1.69,2.37,1
1223790,2025-01-13 19:45:00,2024,Regular Season - 20,135,Serie A,1579,502,Monza,Fiorentina,2,1,4.18,3.74,1.96,2.07,1.88,1
1208658,2025-01-13 20:00:00,2024,Regular Season - 19,140,La Liga,548,533,Real Sociedad,Villarreal,1,0,1.99,3.56,3.98,1.97,1.92,1
1223776,2025-01-14 17:30:00,2024,Regular Season - 19,135,Serie A,895,489,Como,AC Milan,1,2,3.85,3.83,2.02,1.88,2.07,1
1224127,2025-01-14 17:30:00,2024,Regular Season - 17,78,Bundesliga,191,165,Holstein Kiel,Borussia Dortmund,4,2,5.5,4.6,1.53,1.44,2.75,1
1208224,2025-01-14 19:30:00,2024,Regular Season - 21,39,Premier League,55,50,Brentford,Manchester City,2,2,4.5,4.4,1.67,1.4,3.1,1
1208229,2025-01-14 19:30:00,2024,Regular Season - 21,39,Premier League,48,36,West Ham,Fulham,3,2,2.94,3.62,2.44,1.74,2.21,1
1208230,2025-01-14 19:30:00,2024,Regular Season - 21,39,Premier League,49,35,Chelsea,Bournemouth,2,2,1.55,4.33,4.8,1.44,2.8,1
1224119,2025-01-14 19:30:00,2024,Regular Season - 17,78,Bundesliga,168,164,Bayer Leverkusen,FSV Mainz 05,1,0,1.4,5,7,1.55,2.5,1
1224122,2025-01-14 19:30:00,2024,Regular Season - 17,78,Bundesliga,169,160,Eintracht Frankfurt,SC Freiburg,4,1,1.86,4.16,4.21,1.67,2.41,1
1224124,2025-01-14 19:30:00,2024,Regular Season - 17,78,Bundesliga,161,163,VfL Wolfsburg,Borussia Mönchengladbach,5,1,2.08,3.99,3.52,1.66,2.42,1
1223775,2025-01-14 19:45:00,2024,Regular Season - 19,135,Serie A,499,496,Atalanta,Juventus,1,1,2.15,3.46,3.81,2.18,1.8,1
1208228,2025-01-14 20:00:00,2024,Regular Season - 21,39,Premier League,65,40,Nottingham Forest,Liverpool,1,1,5.09,4.33,1.67,1.67,2.33,1
1224126,2025-01-15 17:30:00,2024,Regular Season - 17,78,Bundesliga,176,186,VfL Bochum,FC St. Pauli,1,0,2.69,3.4,2.86,2.27,1.74,1
1208225,2025-01-15 19:30:00,2024,Regular Season - 21,39,Premier League,45,66,Everton,Aston Villa,0,1,3.38,3.34,2.32,2.12,1.8,1
1208227,2025-01-15 19:30:00,2024,Regular Season - 21,39,Premier League,46,52,Leicester,Crystal Palace,0,2,3.99,3.99,1.91,1.74,2.21,1
1208231,2025-01-15 19:30:00,2024,Regular Season - 21,39,Premier League,34,39,Newcastle,Wolves,3,0,1.36,5,7.5,1.44,2.9,1
1224120,2025-01-15 19:30:00,2024,Regular Season - 17,78,Bundesliga,172,173,VfB Stuttgart,RB Leipzig,2,1,2.05,3.8,3.3,1.44,2.7,1
1224121,2025-01-15 19:30:00,2024,Regular Season - 17,78,Bundesliga,157,167,Bayern München,1899 Hoffenheim,5,0,1.12,10,19,1.25,4,1
1224123,2025-01-15 19:30:00,2024,Regular Season - 17,78,Bundesliga,162,180,Werder Bremen,1. FC Heidenheim,3,3,1.68,4.46,5.14,1.64,2.47,1
1224125,2025-01-15 19:30:00,2024,Regular Season - 17,78,Bundesliga,182,170,Union Berlin,FC Augsburg,0,2,1.9,3.71,4.58,2.22,1.77,1
1223779,2025-01-15 19:45:00,2024,Regular Season - 19,135,Serie A,505,500,Inter,Bologna,2,2,1.52,4.61,7.04,1.88,2.07,1
1208223,2025-01-15 20:00:00,2024,Regular Season - 21,39,Premier League,42,47,Arsenal,Tottenham,2,1,1.44,4.8,6.5,1.44,2.75,1
1208226,2025-01-16 19:30:00,2024,Regular Season - 21,39,Premier League,57,51,Ipswich,Brighton,0,2,4.12,3.87,1.91,1.74,2.23,1
1208232,2025-01-16 20:00:00,2024,Regular Season - 21,39,Premier League,33,41,Manchester United,Southampton,3,1,1.3,5.5,9.5,1.5,2.7,1
1224131,2025-01-17 19:30:00,2024,Regular Season - 18,78,Bundesliga,169,165,Eintracht Frankfurt,Borussia Dortmund,2,0,2.3,3.75,2.8,1.53,2.5,1
1223804,2025-01-17 19:45:00,2024,Regular Season - 21,135,Serie A,497,495,AS Roma,Genoa,3,1,1.58,4.35,6.47,1.96,1.98,1
1208240,2025-01-18 12:30:00,2024,Regular Season - 22,39,Premier League,34,35,Newcastle,Bournemouth,1,4,1.56,4.2,5.1,1.51,2.35,1
1208665,2025-01-18 13:00:00,2024,Regular Season - 20,140,La Liga,547,536,Girona,Sevilla,1,2,1.97,3.64,3.96,1.98,1.91,1
1223796,2025-01-18 14:00:00,2024,Regular Season - 21,135,Serie A,500,1579,Bologna,Monza,3,1,1.65,4.12,6.05,2.08,1.87,1
1224129,2025-01-18 14:30:00,2024,Regular Season - 18,78,Bundesliga,172,160,VfB Stuttgart,SC Freiburg,4,0,1.67,4.2,4.75,1.57,2.4,1
1224130,2025-01-18 14:30:00,2024,Regular Season - 18,78,Bundesliga,157,161,Bayern München,VfL Wolfsburg,3,2,1.17,8.5,15,1.3,3.6,1
1224132,2025-01-18 14:30:00,2024,Regular Season - 18,78,Bundesliga,180,186,1. FC Heidenheim,FC St. Pauli,0,2,2.45,3.51,2.76,1.88,1.9,1
1224135,2025-01-18 14:30:00,2024,Regular Season - 18,78,Bundesliga,176,173,VfL Bochum,RB Leipzig,3,3,3.6,3.7,2,1.75,2.1,1
1224136,2025-01-18 14:30:00,2024,Regular Season - 18,78,Bundesliga,191,167,Holstein Kiel,1899 Hoffenheim,1,3,2.84,3.64,2.27,1.63,2.24,1
1208234,2025-01-18 15:00:00,2024,Regular Season - 22,39,Premier League,55,40,Brentford,Liverpool,0,2,5.8,5,1.44,1.36,3.25,1
1208238,2025-01-18 15:00:00,2024,Regular Season - 22,39,Premier League,46,36,Leicester,Fulham,0,2,3.85,3.6,1.88,1.7,2.07,1
1208242,2025-01-18 15:00:00,2024,Regular Season - 22,39,Premier League,48,52,West Ham,Crystal Palace,0,2,2.61,3.24,2.64,1.78,1.97,1
1208668,2025-01-18 15:15:00,2024,Regular Season - 20,140,La Liga,537,530,Leganes,Atletico Madrid,1,0,7.31,4.33,1.54,2.15,1.81,1
1223802,2025-01-18 17:00:00,2024,Regular Season - 21,135,Serie A,496,489,Juventus,AC Milan,2,0,2.27,3.4,3.57,2.22,1.77,1
1208233,2025-01-18 17:30:00,2024,Regular Season - 22,39,Premier League,42,66,Arsenal,Aston Villa,2,2,1.49,4.3,6.1,1.78,1.97,1
1208673,2025-01-18 17:30:00,2024,Regular Season - 20,140,La Liga,543,542,Real Betis,Alaves,1,3,1.78,3.75,4.75,2.15,1.72,1
1224128,2025-01-18 17:30:00,2024,Regular Season - 18,78,Bundesliga,168,163,Bayer Leverkusen,Borussia Mönchengladbach,3,1,1.29,6,10,1.36,3.1,1
1223795,2025-01-18 19:45:00,2024,Regular Season - 21,135,Serie A,499,492,Atalanta,Napoli,2,3,2.39,3.39,3.31,2.18,1.8,1
1208669,2025-01-18 20:00:00,2024,Regular Season - 20,140,La Liga,546,529,Getafe,Barcelona,1,1,7.05,4.42,1.54,1.86,2.09,1
1223799,2025-01-19 11:30:00,2024,Regular Season - 21,135,Serie A,502,503,Fiorentina,Torino,1,1,1.79,3.57,5.69,2.33,1.71,1
1208236,2025-01-19 14:00:00,2024,Regular Season - 22,39,Premier League,45,47,Everton,Tottenham,3,2,2.77,3.44,2.39,1.65,2.16,1
1208239,2025-01-19 14:00:00,2024,Regular Season - 22,39,Premier League,33,51,Manchester United,Brighton,1,3,2.07,3.55,3.26,1.65,2.16,1
1208241,2025-01-19 14:00:00,2024,Regular Season - 22,39,Premier League,65,41,Nottingham Forest,Southampton,3,2,1.36,4.8,7.6,1.72,2.05,1
1223797,2025-01-19 14:00:00,2024,Regular Season - 21,135,Serie A,490,867,Cagliari,Lecce,4,1,2.01,3.56,4.24,2.08,1.87,1
1223803,2025-01-19 14:00:00,2024,Regular Season - 21,135,Serie A,523,517,Parma,Venezia,1,1,2.32,3.62,3.25,1.8,2.18,1
1224134,2025-01-19 14:30:00,2024,Regular Season - 18,78,Bundesliga,182,164,Union Berlin,FSV Mainz 05,2,1,2.7,3.1,2.75,2.05,1.8,1
1208672,2025-01-19 15:15:00,2024,Regular Season - 20,140,La Liga,541,534,Real Madrid,Las Palmas,4,1,1.15,8.5,15,1.3,3.5,1
1208237,2025-01-19 16:30:00,2024,Regular Season - 22,39,Premier League,57,50,Ipswich,Manchester City,0,6,7.5,5,1.36,1.44,2.88,1
1224133,2025-01-19 16:30:00,2024,Regular Season - 18,78,Bundesliga,162,170,Werder Bremen,FC Augsburg,0,2,1.85,3.7,4,1.83,2,1
1223800,2025-01-19 17:00:00,2024,Regular Season - 21,135,Serie A,504,487,Verona,Lazio,0,3,4.87,3.87,1.81,2.06,1.89,1
1223801,2025-01-19 19:45:00,2024,Regular Season - 21,135,Serie A,505,511,Inter,Empoli,3,1,1.24,7.12,14.3,1.64,2.46,1
1208671,2025-01-19 20:00:00,2024,Regular Season - 20,140,La Liga,532,548,Valencia,Real Sociedad,1,0,3.2,3,2.45,2.75,1.44,1
1223798,2025-01-20 19:45:00,2024,Regular Season - 21,135,Serie A,895,494,Como,Udinese,4,1,2.24,3.35,3.71,2.16,1.81,1
1208235,2025-01-20 20:00:00,2024,Regular Season - 22,39,Premier League,49,39,Chelsea,Wolves,3,1,1.4,5,6.5,1.4,3,1
1208670,2025-01-20 20:00:00,2024,Regular Season - 20,140,La Liga,533,798,Villarreal,Mallorca,4,0,1.81,3.72,4.7,2.04,1.85,1
1224142,2025-01-24 19:30:00,2024,Regular Season - 19,78,Bundesliga,161,191,VfL Wolfsburg,Holstein Kiel,2,2,1.4,4.8,7,1.5,2.5,1
1223812,2025-01-24 19:45:00,2024,Regular Season - 22,135,Serie A,503,490,Torino,Cagliari,2,0,2.2,3.31,3.87,2.33,1.71,1
1208679,2025-01-25 13:00:00,2024,Regular Season - 21,140,La Liga,798,543,Mallorca,Real Betis,0,1,2.34,3.13,3.73,2.62,1.58,1
1223805,2025-01-25 14:00:00,2024,Regular Season - 22,135,Serie A,895,499,Como,Atalanta,1,2,4.4,3.6,1.8,1.75,2.05,1
1224137,2025-01-25 14:30:00,2024,Regular Season - 19,78,Bundesliga,173,168,RB Leipzig,Bayer Leverkusen,2,2,3.6,3.9,1.91,1.55,2.5,1
1224138,2025-01-25 14:30:00,2024,Regular Season - 19,78,Bundesliga,165,162,Borussia Dortmund,Werder Bremen,2,2,1.65,4.33,4.75,1.5,2.62,1
1224140,2025-01-25 14:30:00,2024,Regular Season - 19,78,Bundesliga,160,157,SC Freiburg,Bayern München,1,2,8,5,1.35,1.44,2.8,1
1224141,2025-01-25 14:30:00,2024,Regular Season - 19,78,Bundesliga,170,180,FC Augsburg,1. FC Heidenheim,2,1,1.91,3.65,4.22,1.93,1.96,1
1224143,2025-01-25 14:30:00,2024,Regular Season - 19,78,Bundesliga,164,172,FSV Mainz 05,VfB Stuttgart,2,0,2.94,3.65,2.49,1.79,2.19,1
1208243,2025-01-25 15:00:00,2024,Regular Season - 23,39,Premier League,35,65,Bournemouth,Nottingham Forest,5,0,2.12,3.61,3.51,1.89,2,1
1208245,2025-01-25 15:00:00,2024,Regular Season - 23,39,Premier League,51,45,Brighton,Everton,0,1,1.68,3.85,5.48,1.93,1.95,1
1208248,2025-01-25 15:00:00,2024,Regular Season - 23,39,Premier League,40,57,Liverpool,Ipswich,4,1,1.12,9.5,21,1.25,4,1
1208250,2025-01-25 15:00:00,2024,Regular Season - 23,39,Premier League,41,34,Southampton,Newcastle,1,3,6.5,4.8,1.4,1.44,2.88,1
1208252,2025-01-25 15:00:00,2024,Regular Season - 23,39,Premier League,39,42,Wolves,Arsenal,0,1,6.5649999999999995,4.545,1.475,1.73,2.1500000000000004,2
1208675,2025-01-25 15:15:00,2024,Regular Season - 21,140,La Liga,530,533,Atletico Madrid,Villarreal,1,1,1.74,4.32,4.79,1.69,2.36,1
1223811,2025-01-25 17:00:00,2024,Regular Season - 22,135,Serie A,492,496,Napoli,Juventus,2,1,2.21,3.21,3.98,2.58,1.59,1
1208249,2025-01-25 17:30:00,2024,Regular Season - 23,39,Premier League,50,49,Manchester City,Chelsea,3,1,2,4,3.25,1.4,3,1
1224144,2025-01-25 17:30:00,2024,Regular Season - 19,78,Bundesliga,163,176,Borussia Mönchengladbach,VfL Bochum,3,0,1.77,4.32,4.58,1.66,2.41,1
1223806,2025-01-25 19:45:00,2024,Regular Season - 22,135,Serie A,511,500,Empoli,Bologna,1,1,4.08,3.31,2.13,2.39,1.68,1
1208682,2025-01-25 20:00:00,2024,Regular Season - 21,140,La Liga,720,541,Valladolid,Real Madrid,0,3,11,6,1.25,1.44,2.8,1
1223810,2025-01-26 11:30:00,2024,Regular Season - 22,135,Serie A,489,523,AC Milan,Parma,3,2,1.29,5.8,9,1.44,2.8,1
1208681,2025-01-26 13:00:00,2024,Regular Season - 21,140,La Liga,728,547,Rayo Vallecano,Girona,2,1,2.83,3.1,2.94,2.29,1.73,1
1208246,2025-01-26 14:00:00,2024,Regular Season - 23,39,Premier League,52,55,Crystal Palace,Brentford,1,2,2.07,3.645,3.41,1.775,2.085,2
1208251,2025-01-26 14:00:00,2024,Regular Season - 23,39,Premier League,47,46,Tottenham,Leicester,1,2,1.44,4.8,5.5,1.33,3.5,1
1223813,2025-01-26 14:00:00,2024,Regular Season - 22,135,Serie A,494,497,Udinese,AS Roma,1,2,3.3,3.3,2.2,2.05,1.72,1
1224139,2025-01-26 14:30:00,2024,Regular Season - 19,78,Bundesliga,167,169,1899 Hoffenheim,Eintracht Frankfurt,2,2,3.25,3.91,2.21,1.7,2.34,1
1208680,2025-01-26 15:15:00,2024,Regular Season - 21,140,La Liga,548,546,Real Sociedad,Getafe,0,3,1.75,3.2,5.5,3.1,1.36,1
1208244,2025-01-26 16:30:00,2024,Regular Season - 23,39,Premier League,66,48,Aston Villa,West Ham,1,1,1.545,4.415,5.605,1.645,2.29,2
1224145,2025-01-26 16:30:00,2024,Regular Season - 19,78,Bundesliga,186,182,FC St. Pauli,Union Berlin,3,0,2.68,3.14,3.09,2.38,1.68,1
1223809,2025-01-26 17:00:00,2024,Regular Season - 22,135,Serie A,867,505,Lecce,Inter,0,4,9,5.5,1.3,1.65,2.2,1
1208247,2025-01-26 19:00:00,2024,Regular Season - 23,39,Premier League,36,33,Fulham,Manchester United,0,1,2.165,3.5300000000000002,3.2800000000000002,1.815,2.035,2
1223808,2025-01-26 19:45:00,2024,Regular Season - 22,135,Serie A,487,502,Lazio,Fiorentina,1,2,2.02,3.44,4.01,2.02,1.87,1
1208676,2025-01-26 20:00:00,2024,Regular Season - 21,140,La Liga,529,532,Barcelona,Valencia,7,1,1.2,7,12,1.35,3.3,1
1223814,2025-01-27 17:30:00,2024,Regular Season - 22,135,Serie A,517,504,Venezia,Verona,1,1,2.2,3.3,3.3,2.05,1.75,1
1223807,2025-01-27 19:45:00,2024,Regular Season - 22,135,Serie A,495,1579,Genoa,Monza,2,0,2.15,3,3.8,2.4,1.55,1
1208678,2025-01-27 20:00:00,2024,Regular Season - 21,140,La Liga,542,538,Alaves,Celta Vigo,1,1,2.55,3,3,2.1,1.7,1
1224151,2025-01-31 19:30:00,2024,Regular Season - 20,78,Bundesliga,162,164,Werder Bremen,FSV Mainz 05,1,0,2.4,3.3,3,1.75,2.05,1
1223822,2025-01-31 19:45:00,2024,Regular Season - 23,135,Serie A,523,867,Parma,Lecce,1,3,2.24,3.5,3.54,1.93,2.01,1
1208688,2025-01-31 20:00:00,2024,Regular Season - 22,140,La Liga,537,728,Leganes,Rayo Vallecano,0,1,3,3,2.55,2.55,1.5,1
1208261,2025-02-01 12:30:00,2024,Regular Season - 24,39,Premier League,65,51,Nottingham Forest,Brighton,7,0,2.48,3.56,2.93,1.95,1.95,1
1208684,2025-02-01 13:00:00,2024,Regular Season - 22,140,La Liga,546,536,Getafe,Sevilla,0,0,2.5,2.9,3.3,2.75,1.44,1
1223821,2025-02-01 14:00:00,2024,Regular Season - 23,135,Serie A,1579,504,Monza,Verona,0,1,2.39,3.23,3.46,2.29,1.73,1
1223824,2025-02-01 14:00:00,2024,Regular Season - 23,135,Serie A,494,517,Udinese,Venezia,3,2,1.9,3.77,4.49,2.07,1.88,1
1224147,2025-02-01 14:30:00,2024,Regular Season - 20,78,Bundesliga,172,163,VfB Stuttgart,Borussia Mönchengladbach,1,2,1.57,4.5,5,1.4,2.88,1
1224148,2025-02-01 14:30:00,2024,Regular Season - 20,78,Bundesliga,157,191,Bayern München,Holstein Kiel,4,3,1.05,19,36,1.15,5.8,1
1224150,2025-02-01 14:30:00,2024,Regular Season - 20,78,Bundesliga,180,165,1. FC Heidenheim,Borussia Dortmund,1,2,4.4,4,1.75,1.55,2.4,1
1224153,2025-02-01 14:30:00,2024,Regular Season - 20,78,Bundesliga,176,160,VfL Bochum,SC Freiburg,0,1,2.9,3.3,2.45,1.77,2,1
1224154,2025-02-01 14:30:00,2024,Regular Season - 20,78,Bundesliga,186,170,FC St. Pauli,FC Augsburg,1,1,2.3,3.2,3.3,2.2,1.65,1
1208253,2025-02-01 15:00:00,2024,Regular Season - 24,39,Premier League,35,40,Bournemouth,Liverpool,0,2,4.5,4.2,1.67,1.44,2.6,1
1208257,2025-02-01 15:00:00,2024,Regular Season - 24,39,Premier League,45,46,Everton,Leicester,4,0,1.72,3.7,4.8,1.95,1.83,1
1208258,2025-02-01 15:00:00,2024,Regular Season - 24,39,Premier League,57,41,Ipswich,Southampton,1,2,2.02,3.77,3.77,1.86,2.05,1
1208260,2025-02-01 15:00:00,2024,Regular Season - 24,39,Premier League,34,36,Newcastle,Fulham,1,2,1.65,4.1,4.8,1.6,2.3,1
1208687,2025-02-01 15:15:00,2024,Regular Season - 22,140,La Liga,533,720,Villarreal,Valladolid,5,1,1.22,6.5,12,1.5,2.62,1
1223815,2025-02-01 17:00:00,2024,Regular Season - 23,135,Serie A,499,503,Atalanta,Torino,1,1,1.47,4.71,8.15,1.96,1.98,1
1208262,2025-02-01 17:30:00,2024,Regular Season - 24,39,Premier League,39,66,Wolves,Aston Villa,2,0,3.42,3.81,2.12,1.75,2.19,1
1208683,2025-02-01 17:30:00,2024,Regular Season - 22,140,La Liga,530,798,Atletico Madrid,Mallorca,2,0,1.46,4.47,9.25,2.31,1.72,1
1224152,2025-02-01 17:30:00,2024,Regular Season - 20,78,Bundesliga,182,173,Union Berlin,RB Leipzig,0,0,3.2,3.4,2.25,1.7,2.1,1
1223816,2025-02-01 19:45:00,2024,Regular Season - 23,135,Serie A,500,895,Bologna,Como,2,0,1.94,3.77,4.29,2.06,1.89,1
1223819,2025-02-02 11:30:00,2024,Regular Season - 23,135,Serie A,496,511,Juventus,Empoli,4,1,1.38,4.92,9.1,1.95,1.93,1
1208691,2025-02-02 13:00:00,2024,Regular Season - 22,140,La Liga,529,542,Barcelona,Alaves,1,0,1.18,7.5,13,1.4,3,1
1208255,2025-02-02 14:00:00,2024,Regular Season - 24,39,Premier League,55,47,Brentford,Tottenham,0,2,2.05,4,3.1,1.33,3.1,1
1208259,2025-02-02 14:00:00,2024,Regular Season - 24,39,Premier League,33,52,Manchester United,Crystal Palace,0,2,1.99,3.56,4.12,1.96,1.94,1
1223818,2025-02-02 14:00:00,2024,Regular Season - 23,135,Serie A,502,495,Fiorentina,Genoa,2,1,1.72,3.96,5.53,2.12,1.84,1
1224149,2025-02-02 14:30:00,2024,Regular Season - 20,78,Bundesliga,169,161,Eintracht Frankfurt,VfL Wolfsburg,1,1,2,3.75,3.5,1.5,2.5,1
1208690,2025-02-02 15:15:00,2024,Regular Season - 22,140,La Liga,532,538,Valencia,Celta Vigo,2,1,2.39,3.38,3.33,2.36,1.69,1
1208254,2025-02-02 16:30:00,2024,Regular Season - 24,39,Premier League,42,50,Arsenal,Manchester City,5,1,2.01,3.65,3.94,1.77,2.16,1
1224146,2025-02-02 16:30:00,2024,Regular Season - 20,78,Bundesliga,168,167,Bayer Leverkusen,1899 Hoffenheim,3,1,1.22,6.5,11,1.36,3.2,1
1223820,2025-02-02 17:00:00,2024,Regular Season - 23,135,Serie A,489,505,AC Milan,Inter,1,1,4.18,3.74,1.96,1.86,2.1,1
1223823,2025-02-02 19:45:00,2024,Regular Season - 23,135,Serie A,497,492,AS Roma,Napoli,1,1,3.26,3.31,2.46,2.17,1.81,1
1223817,2025-02-03 19:45:00,2024,Regular Season - 23,135,Serie A,490,487,Cagliari,Lazio,1,2,3.74,3.74,2.08,1.95,1.99,1
1208256,2025-02-03 20:00:00,2024,Regular Season - 24,39,Premier League,49,48,Chelsea,West Ham,2,1,1.36,5,7.5,1.4,2.8,1
1208685,2025-02-03 20:00:00,2024,Regular Season - 22,140,La Liga,547,534,Girona,Las Palmas,2,1,1.65,4.27,5.76,1.88,2.07,1
1224155,2025-02-07 19:30:00,2024,Regular Season - 21,78,Bundesliga,157,162,Bayern München,Werder Bremen,3,0,1.1,12,23,1.2,4.2,1
1223826,2025-02-07 19:45:00,2024,Regular Season - 24,135,Serie A,895,496,Como,Juventus,1,2,4,3.5,2,2.05,1.78,1
1208694,2025-02-07 20:00:00,2024,Regular Season - 23,140,La Liga,728,720,Rayo Vallecano,Valladolid,1,0,1.51,4.42,7.8,2.11,1.84,1
1208699,2025-02-08 13:00:00,2024,Regular Season - 23,140,La Liga,538,543,Celta Vigo,Real Betis,3,2,2.39,3.45,3.25,2.15,1.81,1
1223828,2025-02-08 14:00:00,2024,Regular Season - 24,135,Serie A,504,499,Verona,Atalanta,0,5,6,4.3,1.55,1.75,2.1,1
1224157,2025-02-08 14:30:00,2024,Regular Season - 21,78,Bundesliga,165,172,Borussia Dortmund,VfB Stuttgart,1,2,1.85,3.9,3.75,1.5,2.45,1
1224158,2025-02-08 14:30:00,2024,Regular Season - 21,78,Bundesliga,167,182,1899 Hoffenheim,Union Berlin,0,4,2.27,3.73,3.27,1.86,2.09,1
1224159,2025-02-08 14:30:00,2024,Regular Season - 21,78,Bundesliga,160,180,SC Freiburg,1. FC Heidenheim,1,0,1.76,4.17,4.83,1.81,2.15,1
1224160,2025-02-08 14:30:00,2024,Regular Season - 21,78,Bundesliga,161,168,VfL Wolfsburg,Bayer Leverkusen,0,0,4.2,3.9,1.8,1.62,2.25,1
1224161,2025-02-08 14:30:00,2024,Regular Season - 21,78,Bundesliga,164,170,FSV Mainz 05,FC Augsburg,0,0,1.81,3.86,4.89,2.09,1.86,1
1223827,2025-02-08 17:00:00,2024,Regular Season - 24,135,Serie A,511,489,Empoli,AC Milan,0,2,5.5,3.75,1.7,1.9,1.9,1
1208695,2025-02-08 17:30:00,2024,Regular Season - 23,140,La Liga,534,533,Las Palmas,Villarreal,1,2,4.63,4.27,1.77,1.7,2.34,1
1224162,2025-02-08 17:30:00,2024,Regular Season - 21,78,Bundesliga,163,169,Borussia Mönchengladbach,Eintracht Frankfurt,1,1,2.6,3.6,2.5,1.5,2.45,1
1223833,2025-02-08 19:45:00,2024,Regular Season - 24,135,Serie A,503,495,Torino,Genoa,1,1,2.22,3.05,3.7,2.61,1.51,1
1208697,2025-02-08 20:00:00,2024,Regular Season - 23,140,La Liga,541,530,Real Madrid,Atletico Madrid,1,1,1.91,3.87,4.27,1.84,2.11,1
1223834,2025-02-09 11:30:00,2024,Regular Season - 24,135,Serie A,517,497,Venezia,AS Roma,0,1,4.97,4.12,1.75,1.85,2.11,1
1208696,2025-02-09 13:00:00,2024,Regular Season - 23,140,La Liga,542,546,Alaves,Getafe,0,1,2.3,2.9,3.6,2.9,1.36,1
1223825,2025-02-09 14:00:00,2024,Regular Season - 24,135,Serie A,490,523,Cagliari,Parma,2,1,1.91,4.04,4.12,1.76,2.24,1
1223830,2025-02-09 14:00:00,2024,Regular Season - 24,135,Serie A,487,1579,Lazio,Monza,5,1,1.39,5.34,9.4,1.81,2.17,1
1224163,2025-02-09 14:30:00,2024,Regular Season - 21,78,Bundesliga,191,176,Holstein Kiel,VfL Bochum,2,2,2.29,3.91,3.08,1.67,2.4,1
1208700,2025-02-09 15:15:00,2024,Regular Season - 23,140,La Liga,532,537,Valencia,Leganes,2,0,1.76,3.67,5.71,2.57,1.6,1
1224156,2025-02-09 16:30:00,2024,Regular Season - 21,78,Bundesliga,173,186,RB Leipzig,FC St. Pauli,2,0,1.62,4.46,5.76,1.77,2.22,1
1223831,2025-02-09 17:00:00,2024,Regular Season - 24,135,Serie A,867,500,Lecce,Bologna,0,0,4.66,3.67,1.9,2.3,1.72,1
1223832,2025-02-09 19:45:00,2024,Regular Season - 24,135,Serie A,492,494,Napoli,Udinese,1,1,1.48,4.66,7.95,2,1.94,1
1208698,2025-02-09 20:00:00,2024,Regular Season - 23,140,La Liga,536,529,Sevilla,Barcelona,1,4,6,4.75,1.44,1.44,2.5,1
1223829,2025-02-10 19:45:00,2024,Regular Season - 24,135,Serie A,505,502,Inter,Fiorentina,2,1,1.44,4.4,6,1.67,2.15,1
1208166,2025-02-12 19:30:00,2024,Regular Season - 15,39,Premier League,45,40,Everton,Liverpool,2,2,7.5,4.7,1.4,1.67,2.15,1
1224169,2025-02-14 19:30:00,2024,Regular Season - 22,78,Bundesliga,170,173,FC Augsburg,RB Leipzig,0,0,3.4,3.5,2.1,1.8,1.95,1
1223836,2025-02-14 19:45:00,2024,Regular Season - 25,135,Serie A,500,503,Bologna,Torino,3,2,1.85,3.52,5.22,2.44,1.65,1
1208264,2025-02-14 20:00:00,2024,Regular Season - 25,39,Premier League,51,49,Brighton,Chelsea,3,0,2.9,3.75,2.25,1.5,2.45,1
1208705,2025-02-14 20:00:00,2024,Regular Season - 24,140,La Liga,547,546,Girona,Getafe,1,2,1.93,3.2,4.4,2.45,1.52,1
1208267,2025-02-15 12:30:00,2024,Regular Season - 25,39,Premier League,46,42,Leicester,Arsenal,0,2,10,5.4,1.34,1.74,2.15,1
1208709,2025-02-15 13:00:00,2024,Regular Season - 24,140,La Liga,537,542,Leganes,Alaves,3,3,3,3,2.5,2.62,1.44,1
1223835,2025-02-15 14:00:00,2024,Regular Season - 25,135,Serie A,499,490,Atalanta,Cagliari,0,0,1.47,5.02,7.35,1.66,2.42,1
1224165,2025-02-15 14:30:00,2024,Regular Season - 22,78,Bundesliga,172,161,VfB Stuttgart,VfL Wolfsburg,1,2,1.7,4.33,4.2,1.5,2.45,1
1224170,2025-02-15 14:30:00,2024,Regular Season - 22,78,Bundesliga,182,163,Union Berlin,Borussia Mönchengladbach,1,2,2.29,3.79,3.17,1.82,2.14,1
1224171,2025-02-15 14:30:00,2024,Regular Season - 22,78,Bundesliga,176,165,VfL Bochum,Borussia Dortmund,2,0,4.89,4.42,1.71,1.63,2.49,1
1224172,2025-02-15 14:30:00,2024,Regular Season - 22,78,Bundesliga,186,160,FC St. Pauli,SC Freiburg,0,1,2.5,3.2,2.9,2.2,1.65,1
1208263,2025-02-15 15:00:00,2024,Regular Season - 25,39,Premier League,66,57,Aston Villa,Ipswich,1,1,1.43,5,7.6,1.62,2.37,1
1208266,2025-02-15 15:00:00,2024,Regular Season - 25,39,Premier League,36,65,Fulham,Nottingham Forest,2,1,2.23,3.48,3.44,2.13,1.8,1
1208269,2025-02-15 15:00:00,2024,Regular Season - 25,39,Premier League,50,34,Manchester City,Newcastle,4,0,1.95,4,3.4,1.4,2.7,1
1208270,2025-02-15 15:00:00,2024,Regular Season - 25,39,Premier League,41,35,Southampton,Bournemouth,1,3,5.5,4.5,1.55,1.5,2.5,1
1208272,2025-02-15 15:00:00,2024,Regular Season - 25,39,Premier League,48,55,West Ham,Brentford,0,1,2.5,3.6,2.87,1.65,2.38,1
1223840,2025-02-15 17:00:00,2024,Regular Season - 25,135,Serie A,487,492,Lazio,Napoli,2,2,2.71,3.44,2.81,2.2,1.78,1
1208265,2025-02-15 17:30:00,2024,Regular Season - 25,39,Premier League,52,45,Crystal Palace,Everton,1,2,1.92,3.46,4.63,2.3,1.69,1
1208701,2025-02-15 17:30:00,2024,Regular Season - 24,140,La Liga,530,538,Atletico Madrid,Celta Vigo,1,1,1.46,4.83,8,1.86,2.09,1
1224164,2025-02-15 17:30:00,2024,Regular Season - 22,78,Bundesliga,168,157,Bayer Leverkusen,Bayern München,0,0,3.1,3.5,2.25,1.65,2.2,1
1223841,2025-02-15 19:45:00,2024,Regular Season - 25,135,Serie A,489,504,AC Milan,Verona,1,0,1.35,5.75,9.8,1.65,2.44,1
1208707,2025-02-15 20:00:00,2024,Regular Season - 24,140,La Liga,533,532,Villarreal,Valencia,1,1,1.47,4.6,6.2,1.67,2.15,1
1223837,2025-02-16 11:30:00,2024,Regular Season - 25,135,Serie A,502,895,Fiorentina,Como,0,2,2.06,3.75,3.79,1.98,1.96,1
1208268,2025-02-16 14:00:00,2024,Regular Season - 25,39,Premier League,40,39,Liverpool,Wolves,2,1,1.2,7,13,1.33,3.1,1
1223842,2025-02-16 14:00:00,2024,Regular Season - 25,135,Serie A,1579,867,Monza,Lecce,0,0,2.75,3.33,2.84,2.4,1.67,1
1223844,2025-02-16 14:00:00,2024,Regular Season - 25,135,Serie A,494,511,Udinese,Empoli,3,0,1.86,3.73,4.76,2.23,1.76,1
1224168,2025-02-16 14:30:00,2024,Regular Season - 22,78,Bundesliga,162,167,Werder Bremen,1899 Hoffenheim,1,3,1.85,4,3.75,1.53,2.4,1
1208706,2025-02-16 15:15:00,2024,Regular Season - 24,140,La Liga,720,536,Valladolid,Sevilla,0,4,4.2,3.3,1.93,2.2,1.65,1
1208271,2025-02-16 16:30:00,2024,Regular Season - 25,39,Premier League,47,33,Tottenham,Manchester United,1,0,2.45,3.7,2.62,1.44,2.6,1
1224166,2025-02-16 16:30:00,2024,Regular Season - 22,78,Bundesliga,169,191,Eintracht Frankfurt,Holstein Kiel,3,1,1.33,5.5,8,1.36,2.9,1
1223843,2025-02-16 17:00:00,2024,Regular Season - 25,135,Serie A,523,497,Parma,AS Roma,0,1,3.67,3.67,2.12,1.81,2.17,1
1208708,2025-02-16 17:30:00,2024,Regular Season - 24,140,La Liga,798,534,Mallorca,Las Palmas,3,1,1.78,3.62,5.66,2.59,1.59,1
1224167,2025-02-16 18:30:00,2024,Regular Season - 22,78,Bundesliga,180,164,1. FC Heidenheim,FSV Mainz 05,0,2,3.6,3.5,2.05,1.8,1.95,1
1223839,2025-02-16 19:45:00,2024,Regular Season - 25,135,Serie A,496,505,Juventus,Inter,1,0,3.52,3.44,2.27,2.17,1.81,1
1208703,2025-02-16 20:00:00,2024,Regular Season - 24,140,La Liga,543,548,Real Betis,Real Sociedad,3,0,2.44,3.31,3.29,2.44,1.65,1
1223838,2025-02-17 19:45:00,2024,Regular Season - 25,135,Serie A,495,517,Genoa,Venezia,2,0,1.91,3.74,4.44,2.14,1.83,1
1208702,2025-02-17 20:00:00,2024,Regular Season - 24,140,La Liga,529,728,Barcelona,Rayo Vallecano,1,0,1.18,8,15,1.3,3.4,1
1208305,2025-02-19 19:30:00,2024,Regular Season - 29,39,Premier League,66,40,Aston Villa,Liverpool,2,2,3.8,3.9,1.85,1.5,2.45,1
1224177,2025-02-21 19:30:00,2024,Regular Season - 23,78,Bundesliga,160,162,SC Freiburg,Werder Bremen,5,0,2.14,3.81,3.5,1.83,2.13,1
1223850,2025-02-21 19:45:00,2024,Regular Season - 26,135,Serie A,867,494,Lecce,Udinese,0,1,3.1,3.15,2.67,2.38,1.68,1
1208279,2025-02-21 20:00:00,2024,Regular Season - 26,39,Premier League,46,55,Leicester,Brentford,0,4,3.73,4.01,1.97,1.64,2.4,1
1208276,2025-02-22 12:30:00,2024,Regular Season - 26,39,Premier League,45,33,Everton,Manchester United,2,2,2.62,3.25,2.97,2.29,1.7,1
1223851,2025-02-22 14:00:00,2024,Regular Season - 26,135,Serie A,523,500,Parma,Bologna,2,0,4.34,3.7,1.94,1.93,2.01,1
1223854,2025-02-22 14:00:00,2024,Regular Season - 26,135,Serie A,517,487,Venezia,Lazio,0,0,5.22,4.19,1.71,1.84,2.12,1
1224178,2025-02-22 14:30:00,2024,Regular Season - 23,78,Bundesliga,161,176,VfL Wolfsburg,VfL Bochum,1,1,1.6,4.63,5.76,1.68,2.38,1
1224179,2025-02-22 14:30:00,2024,Regular Season - 23,78,Bundesliga,164,186,FSV Mainz 05,FC St. Pauli,2,0,1.84,3.74,4.88,2.22,1.77,1
1224180,2025-02-22 14:30:00,2024,Regular Season - 23,78,Bundesliga,163,170,Borussia Mönchengladbach,FC Augsburg,0,3,1.88,4.04,4.22,1.77,2.22,1
1224181,2025-02-22 14:30:00,2024,Regular Season - 23,78,Bundesliga,191,168,Holstein Kiel,Bayer Leverkusen,0,2,10,6.5,1.25,1.4,2.8,1
1208273,2025-02-22 15:00:00,2024,Regular Season - 26,39,Premier League,35,39,Bournemouth,Wolves,0,1,1.62,4.54,5.3,1.63,2.42,1
1208274,2025-02-22 15:00:00,2024,Regular Season - 26,39,Premier League,42,48,Arsenal,West Ham,0,1,1.27,6.11,12.9,1.72,2.25,1
1208277,2025-02-22 15:00:00,2024,Regular Season - 26,39,Premier League,36,52,Fulham,Crystal Palace,0,2,2,3.4,3.8,1.9,1.85,1
1208278,2025-02-22 15:00:00,2024,Regular Season - 26,39,Premier League,57,47,Ipswich,Tottenham,1,4,3.75,3.8,1.91,1.53,2.45,1
1208282,2025-02-22 15:00:00,2024,Regular Season - 26,39,Premier League,41,51,Southampton,Brighton,0,4,5.1,4.2,1.56,1.57,2.31,1
1208712,2025-02-22 15:15:00,2024,Regular Season - 25,140,La Liga,728,533,Rayo Vallecano,Villarreal,0,1,3.06,3.71,2.39,1.85,2.1,1
1223853,2025-02-22 17:00:00,2024,Regular Season - 26,135,Serie A,503,489,Torino,AC Milan,2,1,3.98,3.62,2.05,2.17,1.81,1
1208275,2025-02-22 17:30:00,2024,Regular Season - 26,39,Premier League,66,49,Aston Villa,Chelsea,2,1,2.62,3.6,2.5,1.55,2.38,1
1208713,2025-02-22 17:30:00,2024,Regular Season - 25,140,La Liga,532,530,Valencia,Atletico Madrid,0,3,4.42,3.62,1.95,2.29,1.73,1
1224175,2025-02-22 17:30:00,2024,Regular Season - 23,78,Bundesliga,165,182,Borussia Dortmund,Union Berlin,6,0,1.58,4.68,5.92,1.66,2.42,1
1223849,2025-02-22 19:45:00,2024,Regular Season - 26,135,Serie A,505,495,Inter,Genoa,1,0,1.29,6.34,12.4,1.72,2.3,1
1208714,2025-02-22 20:00:00,2024,Regular Season - 25,140,La Liga,534,529,Las Palmas,Barcelona,0,2,10,6.5,1.25,1.3,3.3,1
1223846,2025-02-23 11:30:00,2024,Regular Season - 26,135,Serie A,895,492,Como,Napoli,2,1,3.4,3.1,2.2,2.15,1.65,1
1208281,2025-02-23 14:00:00,2024,Regular Season - 26,39,Premier League,34,65,Newcastle,Nottingham Forest,4,3,1.83,4,3.8,1.6,2.3,1
1223848,2025-02-23 14:00:00,2024,Regular Season - 26,135,Serie A,504,502,Verona,Fiorentina,1,0,4.09,3.73,1.99,2.06,1.89,1
1224174,2025-02-23 14:30:00,2024,Regular Season - 23,78,Bundesliga,173,180,RB Leipzig,1. FC Heidenheim,2,2,1.35,5,8,1.44,2.62,1
1208716,2025-02-23 15:15:00,2024,Regular Season - 25,140,La Liga,541,547,Real Madrid,Girona,2,0,1.3,6,9,1.36,3,1
1208280,2025-02-23 16:30:00,2024,Regular Season - 26,39,Premier League,50,40,Manchester City,Liverpool,0,2,2.9,3.75,2.25,1.4,2.8,1
1224173,2025-02-23 16:30:00,2024,Regular Season - 23,78,Bundesliga,157,169,Bayern München,Eintracht Frankfurt,4,0,1.3,6,8,1.3,3.3,1
1223847,2025-02-23 17:00:00,2024,Regular Season - 26,135,Serie A,511,499,Empoli,Atalanta,0,5,6.26,4.45,1.58,1.85,2.11,1
1208715,2025-02-23 17:30:00,2024,Regular Season - 25,140,La Liga,546,543,Getafe,Real Betis,1,2,2.62,3,2.9,2.45,1.5,1
1224176,2025-02-23 18:30:00,2024,Regular Season - 23,78,Bundesliga,167,172,1899 Hoffenheim,VfB Stuttgart,1,1,3.5,4,1.91,1.44,2.62,1
1223845,2025-02-23 19:45:00,2024,Regular Season - 26,135,Serie A,490,496,Cagliari,Juventus,0,1,4.35,3.79,1.92,2.06,1.89,1
1208718,2025-02-23 20:00:00,2024,Regular Season - 25,140,La Liga,548,537,Real Sociedad,Leganes,3,0,1.58,4.01,7.4,2.49,1.63,1
1223852,2025-02-24 19:45:00,2024,Regular Season - 26,135,Serie A,497,1579,AS Roma,Monza,4,0,1.3,5,9,1.65,2.15,1
1208717,2025-02-24 20:00:00,2024,Regular Season - 25,140,La Liga,536,798,Sevilla,Mallorca,1,1,2.12,3.29,4.17,2.65,1.57,1
1208284,2025-02-25 19:30:00,2024,Regular Season - 27,39,Premier League,51,35,Brighton,Bournemouth,2,1,2.1,3.65,3.12,1.58,2.29,1
1208288,2025-02-25 19:30:00,2024,Regular Season - 27,39,Premier League,39,36,Wolves,Fulham,1,2,2.72,3.28,2.51,1.89,1.85,1
1208289,2025-02-25 19:30:00,2024,Regular Season - 27,39,Premier League,52,66,Crystal Palace,Aston Villa,4,1,2.45,3.32,2.77,1.85,1.89,1
1208290,2025-02-25 20:15:00,2024,Regular Season - 27,39,Premier League,49,41,Chelsea,Southampton,4,0,1.18,8,15,1.29,3.5,1
1208283,2025-02-26 19:30:00,2024,Regular Season - 27,39,Premier League,55,45,Brentford,Everton,1,1,2.01,3.5,3.46,1.79,1.96,1
1208285,2025-02-26 19:30:00,2024,Regular Season - 27,39,Premier League,65,42,Nottingham Forest,Arsenal,0,0,3.8,3.34,1.97,2.08,1.7,1
1208286,2025-02-26 19:30:00,2024,Regular Season - 27,39,Premier League,47,50,Tottenham,Manchester City,0,1,3.2,4,2,1.33,3.1,1
1208292,2025-02-26 19:30:00,2024,Regular Season - 27,39,Premier League,33,57,Manchester United,Ipswich,3,2,1.5,4.3,5.9,1.66,2.13,1
1208291,2025-02-26 20:15:00,2024,Regular Season - 27,39,Premier League,40,34,Liverpool,Newcastle,2,0,1.5,4.6,5.5,1.44,2.62,1
1223676,2025-02-27 19:45:00,2024,Regular Season - 9,135,Serie A,500,489,Bologna,AC Milan,2,1,2.8,3.2,2.5,1.95,1.8,1
1208287,2025-02-27 20:00:00,2024,Regular Season - 27,39,Premier League,48,46,West Ham,Leicester,2,0,1.62,4,4.9,1.65,2.15,1
1224182,2025-02-28 19:30:00,2024,Regular Season - 24,78,Bundesliga,172,157,VfB Stuttgart,Bayern München,1,3,4.5,4.2,1.67,1.44,2.62,1
1223857,2025-02-28 19:45:00,2024,Regular Season - 27,135,Serie A,502,867,Fiorentina,Lecce,1,0,1.78,3.6,5,2.15,1.7,1
1208726,2025-02-28 20:00:00,2024,Regular Season - 26,140,La Liga,720,534,Valladolid,Las Palmas,1,1,3.09,3.29,2.58,2.29,1.73,1
1208724,2025-03-01 13:00:00,2024,Regular Season - 26,140,La Liga,547,538,Girona,Celta Vigo,2,2,2.19,3.56,3.38,1.88,2.02,1
1223855,2025-03-01 14:00:00,2024,Regular Season - 27,135,Serie A,499,517,Atalanta,Venezia,0,0,1.2,6.5,13,1.5,2.45,1
1224183,2025-03-01 14:30:00,2024,Regular Season - 24,78,Bundesliga,173,164,RB Leipzig,FSV Mainz 05,1,2,2.04,3.81,3.81,1.86,2.09,1
1224185,2025-03-01 14:30:00,2024,Regular Season - 24,78,Bundesliga,180,163,1. FC Heidenheim,Borussia Mönchengladbach,0,3,3.1,3.85,2.31,1.7,2.34,1
1224186,2025-03-01 14:30:00,2024,Regular Season - 24,78,Bundesliga,162,161,Werder Bremen,VfL Wolfsburg,1,2,2.72,3.79,2.61,1.75,2.25,1
1224189,2025-03-01 14:30:00,2024,Regular Season - 24,78,Bundesliga,176,167,VfL Bochum,1899 Hoffenheim,0,1,2.45,3.85,2.87,1.7,2.34,1
1224190,2025-03-01 14:30:00,2024,Regular Season - 24,78,Bundesliga,186,165,FC St. Pauli,Borussia Dortmund,0,2,4.32,3.94,1.89,1.89,2.06,1
1208722,2025-03-01 15:15:00,2024,Regular Season - 26,140,La Liga,728,536,Rayo Vallecano,Sevilla,1,1,2.34,3.42,3.4,2.31,1.72,1
1223862,2025-03-01 17:00:00,2024,Regular Season - 27,135,Serie A,492,505,Napoli,Inter,1,1,3.1,3.1,2.4,2.1,1.67,1
1208720,2025-03-01 17:30:00,2024,Regular Season - 26,140,La Liga,543,541,Real Betis,Real Madrid,2,1,4.4,4,1.75,1.52,2.45,1
1224184,2025-03-01 17:30:00,2024,Regular Season - 24,78,Bundesliga,169,168,Eintracht Frankfurt,Bayer Leverkusen,1,4,4.74,4.05,1.79,1.74,2.28,1
1223864,2025-03-01 19:45:00,2024,Regular Season - 27,135,Serie A,494,523,Udinese,Parma,1,0,1.81,3.62,4.81,1.92,1.97,1
1223861,2025-03-02 11:30:00,2024,Regular Season - 27,135,Serie A,1579,503,Monza,Torino,0,2,3.9,3.45,1.98,2.3,1.62,1
1208725,2025-03-02 13:00:00,2024,Regular Season - 26,140,La Liga,537,546,Leganes,Getafe,1,0,3.25,2.62,2.7,2.9,1.35,1
1223856,2025-03-02 14:00:00,2024,Regular Season - 27,135,Serie A,500,490,Bologna,Cagliari,2,1,1.55,3.95,6.4,2.05,1.78,1
1223858,2025-03-02 14:00:00,2024,Regular Season - 27,135,Serie A,495,511,Genoa,Empoli,1,1,1.95,3.25,4.25,2.35,1.6,1
1224188,2025-03-02 14:30:00,2024,Regular Season - 24,78,Bundesliga,182,191,Union Berlin,Holstein Kiel,0,1,1.64,4.42,5.61,1.76,2.23,1
1208719,2025-03-02 15:15:00,2024,Regular Season - 26,140,La Liga,529,548,Barcelona,Real Sociedad,4,0,1.27,6.2,10,1.57,2.35,1
1224187,2025-03-02 16:30:00,2024,Regular Season - 24,78,Bundesliga,170,160,FC Augsburg,SC Freiburg,0,0,2.76,3.38,2.8,2.32,1.71,1
1223863,2025-03-02 17:00:00,2024,Regular Season - 27,135,Serie A,497,895,AS Roma,Como,2,1,1.9,3.72,4.15,2.01,1.88,1
1208727,2025-03-02 17:30:00,2024,Regular Season - 26,140,La Liga,798,542,Mallorca,Alaves,1,1,2.25,3,3.6,2.62,1.44,1
1223860,2025-03-02 19:45:00,2024,Regular Season - 27,135,Serie A,489,487,AC Milan,Lazio,1,2,2.12,3.62,3.51,1.85,2.05,1
1223859,2025-03-03 19:45:00,2024,Regular Season - 27,135,Serie A,496,504,Juventus,Verona,2,0,1.31,5.46,10.6,1.84,2.06,1
1224198,2025-03-07 19:30:00,2024,Regular Season - 25,78,Bundesliga,163,164,Borussia Mönchengladbach,FSV Mainz 05,1,3,2.71,3.48,2.79,1.85,2.1,1
1223865,2025-03-07 19:45:00,2024,Regular Season - 28,135,Serie A,490,495,Cagliari,Genoa,1,1,2.35,3.1,3.2,2.4,1.55,1
1208299,2025-03-08 12:30:00,2024,Regular Season - 28,39,Premier League,65,50,Nottingham Forest,Manchester City,1,0,3.8,3.9,1.85,1.6,2.3,1
1208731,2025-03-08 13:00:00,2024,Regular Season - 27,140,La Liga,538,537,Celta Vigo,Leganes,2,1,1.6,4.22,6.59,2.1,1.85,1
1223866,2025-03-08 14:00:00,2024,Regular Season - 28,135,Serie A,895,517,Como,Venezia,1,1,1.52,4,6.5,1.93,1.83,1
1223874,2025-03-08 14:00:00,2024,Regular Season - 28,135,Serie A,523,503,Parma,Torino,2,2,3.19,3.33,2.49,2.18,1.8,1
1224191,2025-03-08 14:30:00,2024,Regular Season - 25,78,Bundesliga,168,162,Bayer Leverkusen,Werder Bremen,0,2,1.25,6,11,1.5,2.45,1
1224192,2025-03-08 14:30:00,2024,Regular Season - 25,78,Bundesliga,157,176,Bayern München,VfL Bochum,2,3,1.12,10,19,1.25,3.6,1
1224193,2025-03-08 14:30:00,2024,Regular Season - 25,78,Bundesliga,165,170,Borussia Dortmund,FC Augsburg,0,1,1.57,4.58,6.17,1.77,2.22,1
1224197,2025-03-08 14:30:00,2024,Regular Season - 25,78,Bundesliga,161,186,VfL Wolfsburg,FC St. Pauli,1,1,1.79,4,4.83,1.98,1.96,1
1224199,2025-03-08 14:30:00,2024,Regular Season - 25,78,Bundesliga,191,172,Holstein Kiel,VfB Stuttgart,2,2,5.5,4.6,1.53,1.5,2.5,1
1208294,2025-03-08 15:00:00,2024,Regular Season - 28,39,Premier League,51,36,Brighton,Fulham,2,1,2.02,3.71,3.83,1.78,2.15,1
1208296,2025-03-08 15:00:00,2024,Regular Season - 28,39,Premier League,52,57,Crystal Palace,Ipswich,1,0,1.47,4.4,6.5,1.72,2.05,1
1208297,2025-03-08 15:00:00,2024,Regular Season - 28,39,Premier League,40,41,Liverpool,Southampton,3,1,1.13,10,22,1.25,4.15,1
1208734,2025-03-08 15:15:00,2024,Regular Season - 27,140,La Liga,542,533,Alaves,Villarreal,1,0,3,3.25,2.4,2,1.75,1
1223872,2025-03-08 17:00:00,2024,Regular Season - 28,135,Serie A,867,489,Lecce,AC Milan,2,3,4.6,3.6,1.77,1.83,1.93,1
1208293,2025-03-08 17:30:00,2024,Regular Season - 28,39,Premier League,55,66,Brentford,Aston Villa,0,1,2.25,3.8,2.9,1.5,2.45,1
1208733,2025-03-08 17:30:00,2024,Regular Season - 27,140,La Liga,532,720,Valencia,Valladolid,2,1,1.41,4.69,10.8,2.15,1.81,1
1224196,2025-03-08 17:30:00,2024,Regular Season - 25,78,Bundesliga,160,173,SC Freiburg,RB Leipzig,0,0,2.7,3.42,2.84,1.86,2.09,1
1223869,2025-03-08 19:45:00,2024,Regular Season - 28,135,Serie A,505,1579,Inter,Monza,3,2,1.14,8.5,17,1.44,2.5,1
1208302,2025-03-08 20:00:00,2024,Regular Season - 28,39,Premier League,39,45,Wolves,Everton,1,1,2.6,3,2.9,2.2,1.65,1
1223868,2025-03-09 11:30:00,2024,Regular Season - 28,135,Serie A,504,500,Verona,Bologna,1,2,5.2,3.4,1.75,2.2,1.65,1
1208735,2025-03-09 13:00:00,2024,Regular Season - 27,140,La Liga,546,530,Getafe,Atletico Madrid,2,1,4.75,3.1,1.91,2.62,1.44,1
1208295,2025-03-09 14:00:00,2024,Regular Season - 28,39,Premier League,49,46,Chelsea,Leicester,1,0,1.2,7,13,1.33,3.1,1
1208300,2025-03-09 14:00:00,2024,Regular Season - 28,39,Premier League,47,35,Tottenham,Bournemouth,2,2,2.75,3.7,2.4,1.4,2.8,1
1223873,2025-03-09 14:00:00,2024,Regular Season - 28,135,Serie A,492,502,Napoli,Fiorentina,2,1,1.5,4.1,6.7,2.05,1.75,1
1224194,2025-03-09 14:30:00,2024,Regular Season - 25,78,Bundesliga,169,182,Eintracht Frankfurt,Union Berlin,1,2,1.8,4.17,4.53,1.74,2.28,1
1208736,2025-03-09 15:15:00,2024,Regular Season - 27,140,La Liga,541,728,Real Madrid,Rayo Vallecano,2,1,1.3,5.5,10,1.53,2.4,1
1208298,2025-03-09 16:30:00,2024,Regular Season - 28,39,Premier League,33,42,Manchester United,Arsenal,1,1,5.5,3.6,1.67,2.15,1.67,1
1224195,2025-03-09 16:30:00,2024,Regular Season - 25,78,Bundesliga,167,180,1899 Hoffenheim,1. FC Heidenheim,1,1,1.81,4.21,4.42,1.7,2.34,1
1223867,2025-03-09 17:00:00,2024,Regular Season - 28,135,Serie A,511,497,Empoli,AS Roma,0,1,4,3.5,1.9,2,1.77,1
1208730,2025-03-09 17:30:00,2024,Regular Season - 27,140,La Liga,543,534,Real Betis,Las Palmas,1,0,1.48,4.83,7.5,1.78,2.21,1
1223870,2025-03-09 19:45:00,2024,Regular Season - 28,135,Serie A,496,499,Juventus,Atalanta,0,4,2.64,3.33,2.98,2.06,1.89,1
1208732,2025-03-09 20:00:00,2024,Regular Season - 27,140,La Liga,548,536,Real Sociedad,Sevilla,0,1,2.27,3.27,3.71,2.49,1.63,1
1223871,2025-03-10 19:45:00,2024,Regular Season - 28,135,Serie A,487,494,Lazio,Udinese,1,1,1.7,3.7,5,1.85,1.9,1
1208301,2025-03-10 20:00:00,2024,Regular Season - 28,39,Premier League,48,34,West Ham,Newcastle,0,1,3.2,3.4,2.2,1.77,2,1
1224208,2025-03-14 19:30:00,2024,Regular Season - 26,78,Bundesliga,186,167,FC St. Pauli,1899 Hoffenheim,1,0,2.32,3.44,3.42,2.15,1.81,1
1223878,2025-03-14 19:45:00,2024,Regular Season - 29,135,Serie A,495,867,Genoa,Lecce,2,1,2.05,3,4,2.5,1.5,1
1208745,2025-03-14 20:00:00,2024,Regular Season - 28,140,La Liga,534,542,Las Palmas,Alaves,2,2,3,3,2.55,2.5,1.5,1
1208742,2025-03-15 13:00:00,2024,Regular Season - 28,140,La Liga,720,538,Valladolid,Celta Vigo,0,1,5.28,3.94,1.68,1.96,1.93,1
1223880,2025-03-15 14:00:00,2024,Regular Season - 29,135,Serie A,1579,523,Monza,Parma,1,1,3.19,3.15,2.6,2.17,1.81,1
1223883,2025-03-15 14:00:00,2024,Regular Season - 29,135,Serie A,494,504,Udinese,Verona,0,1,1.8,3.69,5.28,2.18,1.8,1
1224203,2025-03-15 14:30:00,2024,Regular Season - 26,78,Bundesliga,162,163,Werder Bremen,Borussia Mönchengladbach,2,4,2.46,3.79,2.9,1.66,2.42,1
1224204,2025-03-15 14:30:00,2024,Regular Season - 26,78,Bundesliga,170,161,FC Augsburg,VfL Wolfsburg,1,0,2.69,3.4,2.87,2.11,1.84,1
1224205,2025-03-15 14:30:00,2024,Regular Season - 26,78,Bundesliga,164,160,FSV Mainz 05,SC Freiburg,2,2,2.07,3.5,4.05,2.17,1.8,1
1224206,2025-03-15 14:30:00,2024,Regular Season - 26,78,Bundesliga,182,157,Union Berlin,Bayern München,1,1,8,5,1.35,1.55,2.38,1
1208306,2025-03-15 15:00:00,2024,Regular Season - 29,39,Premier League,45,48,Everton,West Ham,1,1,2.15,3.37,3.79,2.29,1.7,1
1208308,2025-03-15 15:00:00,2024,Regular Season - 29,39,Premier League,57,65,Ipswich,Nottingham Forest,2,4,4.04,3.67,1.98,1.87,2.04,1
1208310,2025-03-15 15:00:00,2024,Regular Season - 29,39,Premier League,50,51,Manchester City,Brighton,2,2,1.65,4.33,4.6,1.44,2.62,1
1208312,2025-03-15 15:00:00,2024,Regular Season - 29,39,Premier League,41,39,Southampton,Wolves,1,2,3.87,3.58,2.05,1.83,2.08,1
1223879,2025-03-15 17:00:00,2024,Regular Season - 29,135,Serie A,489,895,AC Milan,Como,2,1,1.82,3.85,4.82,1.8,2.18,1
1208303,2025-03-15 17:30:00,2024,Regular Season - 29,39,Premier League,35,55,Bournemouth,Brentford,1,2,1.75,4,4.2,1.44,2.5,1
1208744,2025-03-15 17:30:00,2024,Regular Season - 28,140,La Liga,533,541,Villarreal,Real Madrid,1,2,3,3.8,2.15,1.44,2.5,1
1224201,2025-03-15 17:30:00,2024,Regular Season - 26,78,Bundesliga,173,165,RB Leipzig,Borussia Dortmund,2,0,2.53,3.79,2.81,1.64,2.47,1
1223882,2025-03-15 19:45:00,2024,Regular Season - 29,135,Serie A,503,511,Torino,Empoli,1,0,1.88,3.44,5.21,2.37,1.69,1
1208738,2025-03-15 20:00:00,2024,Regular Season - 28,140,La Liga,547,532,Girona,Valencia,1,1,2.04,3.65,4,2.13,1.83,1
1223884,2025-03-16 11:30:00,2024,Regular Season - 29,135,Serie A,517,492,Venezia,Napoli,0,0,6.83,4.2,1.58,2.17,1.81,1
1208741,2025-03-16 13:00:00,2024,Regular Season - 28,140,La Liga,537,543,Leganes,Real Betis,2,3,3.85,3.5,2.13,2.31,1.72,1
1208304,2025-03-16 13:30:00,2024,Regular Season - 29,39,Premier League,42,49,Arsenal,Chelsea,1,0,1.84,3.87,4.43,1.93,1.98,1
1208307,2025-03-16 13:30:00,2024,Regular Season - 29,39,Premier League,36,47,Fulham,Tottenham,2,0,1.96,3.75,3.4,1.56,2.34,1
1223876,2025-03-16 14:00:00,2024,Regular Season - 29,135,Serie A,500,487,Bologna,Lazio,5,0,2.46,3.25,3.31,2.26,1.75,1
1223881,2025-03-16 15:00:00,2024,Regular Season - 29,135,Serie A,497,490,AS Roma,Cagliari,1,0,1.53,4.49,7.14,1.98,1.96,1
1224207,2025-03-16 15:20:00,2024,Regular Season - 26,78,Bundesliga,176,169,VfL Bochum,Eintracht Frankfurt,1,3,3.13,3.89,2.27,1.72,2.31,1
1224202,2025-03-16 16:30:00,2024,Regular Season - 26,78,Bundesliga,180,191,1. FC Heidenheim,Holstein Kiel,3,1,2.01,3.77,3.96,1.85,2.1,1
1223877,2025-03-16 17:00:00,2024,Regular Season - 29,135,Serie A,502,496,Fiorentina,Juventus,3,0,3.75,3.29,2.25,2.35,1.69,1
1208739,2025-03-16 17:30:00,2024,Regular Season - 28,140,La Liga,728,548,Rayo Vallecano,Real Sociedad,2,2,2.4,3.1,3.1,2.6,1.47,1
1224200,2025-03-16 18:30:00,2024,Regular Season - 26,78,Bundesliga,172,168,VfB Stuttgart,Bayer Leverkusen,3,4,3.09,3.71,2.37,1.74,2.27,1
1208309,2025-03-16 19:00:00,2024,Regular Season - 29,39,Premier League,46,33,Leicester,Manchester United,0,3,4,3.65,1.83,1.76,1.99,1
1223875,2025-03-16 19:45:00,2024,Regular Season - 29,135,Serie A,499,505,Atalanta,Inter,0,2,2.69,3.52,2.78,1.97,1.97,1
1208737,2025-03-16 20:00:00,2024,Regular Season - 28,140,La Liga,530,529,Atletico Madrid,Barcelona,2,4,3.2,3.7,2.15,1.57,2.35,1
1224209,2025-03-28 19:30:00,2024,Regular Season - 27,78,Bundesliga,168,176,Bayer Leverkusen,VfL Bochum,3,1,1.22,6,12,1.4,2.75,1
1208751,2025-03-29 13:00:00,2024,Regular Season - 29,140,La Liga,548,720,Real Sociedad,Valladolid,2,1,1.34,5.13,13.3,2.1,1.86,1
1223886,2025-03-29 14:00:00,2024,Regular Season - 30,135,Serie A,895,511,Como,Empoli,1,1,1.82,3.42,5.72,2.21,1.78,1
1223894,2025-03-29 14:00:00,2024,Regular Season - 30,135,Serie A,517,500,Venezia,Bologna,0,1,5,3.79,1.81,2.21,1.78,1
1224210,2025-03-29 14:30:00,2024,Regular Season - 27,78,Bundesliga,157,186,Bayern München,FC St. Pauli,3,2,1.15,8.5,17,1.44,2.7,1
1224213,2025-03-29 14:30:00,2024,Regular Season - 27,78,Bundesliga,167,170,1899 Hoffenheim,FC Augsburg,1,1,2.45,3.48,3.13,2.15,1.82,1
1224215,2025-03-29 14:30:00,2024,Regular Season - 27,78,Bundesliga,161,180,VfL Wolfsburg,1. FC Heidenheim,0,1,1.71,4.21,5.19,1.76,2.24,1
1224216,2025-03-29 14:30:00,2024,Regular Season - 27,78,Bundesliga,163,173,Borussia Mönchengladbach,RB Leipzig,1,0,2.9,3.55,2.28,1.48,2.55,1
1224217,2025-03-29 14:30:00,2024,Regular Season - 27,78,Bundesliga,191,162,Holstein Kiel,Werder Bremen,0,3,3.44,3.98,2.11,1.67,2.4,1
1223890,2025-03-29 17:00:00,2024,Regular Season - 30,135,Serie A,496,495,Juventus,Genoa,1,0,1.58,4.22,6.9,2.21,1.78,1
1208752,2025-03-29 17:30:00,2024,Regular Season - 29,140,La Liga,542,728,Alaves,Rayo Vallecano,0,2,2.25,2.9,3.6,2.62,1.44,1
1224212,2025-03-29 17:30:00,2024,Regular Season - 27,78,Bundesliga,169,172,Eintracht Frankfurt,VfB Stuttgart,1,0,2.5,3.5,2.7,1.5,2.45,1
1223892,2025-03-29 19:45:00,2024,Regular Season - 30,135,Serie A,867,497,Lecce,AS Roma,0,1,5.15,3.62,1.83,2.21,1.78,1
1208754,2025-03-29 20:00:00,2024,Regular Season - 29,140,La Liga,541,537,Real Madrid,Leganes,3,2,1.15,8.5,17,1.36,3,1
1223885,2025-03-30 10:30:00,2024,Regular Season - 30,135,Serie A,490,1579,Cagliari,Monza,3,0,1.69,3.77,6.29,2.14,1.83,1
1208750,2025-03-30 12:00:00,2024,Regular Season - 29,140,La Liga,546,533,Getafe,Villarreal,1,2,3.45,3.21,2.41,2.46,1.64,1
1223887,2025-03-30 13:00:00,2024,Regular Season - 30,135,Serie A,502,499,Fiorentina,Atalanta,1,0,3.75,3.54,2.14,2.01,1.93,1
1224214,2025-03-30 13:30:00,2024,Regular Season - 27,78,Bundesliga,160,182,SC Freiburg,Union Berlin,1,2,2.05,3.54,4.08,2.17,1.81,1
1208747,2025-03-30 14:15:00,2024,Regular Season - 29,140,La Liga,529,547,Barcelona,Girona,4,1,1.25,6.5,10,1.3,3.3,1
1224211,2025-03-30 15:30:00,2024,Regular Season - 27,78,Bundesliga,165,164,Borussia Dortmund,FSV Mainz 05,3,1,1.72,4.32,4.94,1.75,2.26,1
1223889,2025-03-30 16:00:00,2024,Regular Season - 30,135,Serie A,505,494,Inter,Udinese,2,1,1.43,4.9,8.85,1.94,2,1
1208753,2025-03-30 16:30:00,2024,Regular Season - 29,140,La Liga,532,798,Valencia,Mallorca,1,0,2.16,3.29,4.01,2.64,1.57,1
1223893,2025-03-30 18:45:00,2024,Regular Season - 30,135,Serie A,492,489,Napoli,AC Milan,2,1,2.03,3.71,3.96,2.04,1.9,1
1208748,2025-03-30 19:00:00,2024,Regular Season - 29,140,La Liga,543,536,Real Betis,Sevilla,2,1,1.94,3.54,4.58,2.1,1.86,1
1223888,2025-03-31 16:30:00,2024,Regular Season - 30,135,Serie A,504,523,Verona,Parma,0,0,2.6,3.04,3.31,2.21,1.78,1
1223891,2025-03-31 18:45:00,2024,Regular Season - 30,135,Serie A,487,503,Lazio,Torino,1,1,1.85,3.65,4.95,2.12,1.84,1
1208749,2025-03-31 19:00:00,2024,Regular Season - 29,140,La Liga,538,534,Celta Vigo,Las Palmas,1,1,1.64,4.27,5.86,1.9,2.04,1
1208314,2025-04-01 18:45:00,2024,Regular Season - 30,39,Premier League,42,36,Arsenal,Fulham,2,1,1.41,4.3,7.8,1.99,1.76,1
1208317,2025-04-01 18:45:00,2024,Regular Season - 30,39,Premier League,39,48,Wolves,West Ham,1,0,2.46,3.14,2.9,2.07,1.7,1
1208316,2025-04-01 19:00:00,2024,Regular Season - 30,39,Premier League,65,33,Nottingham Forest,Manchester United,1,0,2.38,3.32,2.86,1.93,1.82,1
1208313,2025-04-02 18:45:00,2024,Regular Season - 30,39,Premier League,35,57,Bournemouth,Ipswich,1,2,1.36,5,8,1.44,2.5,1
1208315,2025-04-02 18:45:00,2024,Regular Season - 30,39,Premier League,51,66,Brighton,Aston Villa,0,3,2.08,3.7,3.16,1.56,2.33,1
1208319,2025-04-02 18:45:00,2024,Regular Season - 30,39,Premier League,50,46,Manchester City,Leicester,2,0,1.2,7,13,1.36,3,1
1208320,2025-04-02 18:45:00,2024,Regular Season - 30,39,Premier League,34,55,Newcastle,Brentford,2,1,1.73,4.2,4.2,1.44,2.6,1
1208321,2025-04-02 18:45:00,2024,Regular Season - 30,39,Premier League,41,52,Southampton,Crystal Palace,1,1,5.4,4.1,1.56,1.72,2.05,1
1208322,2025-04-02 19:00:00,2024,Regular Season - 30,39,Premier League,40,45,Liverpool,Everton,1,0,1.37,4.7,7.9,1.79,1.95,1
1208318,2025-04-03 19:00:00,2024,Regular Season - 30,39,Premier League,49,47,Chelsea,Tottenham,1,0,1.65,4.4,4.5,1.4,2.88,1
1224222,2025-04-04 18:30:00,2024,Regular Season - 28,78,Bundesliga,170,157,FC Augsburg,Bayern München,1,3,7.2,4.8,1.42,1.65,2.2,1
1223898,2025-04-04 18:45:00,2024,Regular Season - 31,135,Serie A,495,494,Genoa,Udinese,1,0,2.58,3.08,3.29,2.67,1.56,1
1208326,2025-04-05 11:30:00,2024,Regular Season - 31,39,Premier League,45,42,Everton,Arsenal,1,1,5,3.38,1.75,2.31,1.57,1
1208763,2025-04-05 12:00:00,2024,Regular Season - 30,140,La Liga,547,542,Girona,Alaves,0,1,2.05,3.3,3.7,2.15,1.67,1
1223901,2025-04-05 13:00:00,2024,Regular Season - 31,135,Serie A,1579,895,Monza,Como,1,3,5.25,4,1.74,2.03,1.91,1
1224218,2025-04-05 13:30:00,2024,Regular Season - 28,78,Bundesliga,173,167,RB Leipzig,1899 Hoffenheim,3,1,1.49,4.6,5.75,1.51,2.48,1
1224219,2025-04-05 13:30:00,2024,Regular Season - 28,78,Bundesliga,180,168,1. FC Heidenheim,Bayer Leverkusen,0,1,7,4.9,1.42,1.6,2.25,1
1224221,2025-04-05 13:30:00,2024,Regular Season - 28,78,Bundesliga,160,165,SC Freiburg,Borussia Dortmund,1,4,3.2,3.5,2.2,1.75,2.05,1
1224223,2025-04-05 13:30:00,2024,Regular Season - 28,78,Bundesliga,164,191,FSV Mainz 05,Holstein Kiel,1,1,1.47,4.99,7.4,1.69,2.35,1
1224225,2025-04-05 13:30:00,2024,Regular Season - 28,78,Bundesliga,176,172,VfL Bochum,VfB Stuttgart,0,4,3.1,3.6,2.2,1.6,2.25,1
1208325,2025-04-05 14:00:00,2024,Regular Season - 31,39,Premier League,52,51,Crystal Palace,Brighton,2,1,2.4,3.42,2.78,1.74,2.02,1
1208328,2025-04-05 14:00:00,2024,Regular Season - 31,39,Premier League,57,39,Ipswich,Wolves,1,2,2.71,3.22,2.57,2.04,1.72,1
1208332,2025-04-05 14:00:00,2024,Regular Season - 31,39,Premier League,48,35,West Ham,Bournemouth,2,2,2.93,3.4,2.3,1.76,1.99,1
1208756,2025-04-05 14:15:00,2024,Regular Season - 30,140,La Liga,541,532,Real Madrid,Valencia,1,2,1.3,5.5,9,1.5,2.5,1
1223902,2025-04-05 16:00:00,2024,Regular Season - 31,135,Serie A,523,505,Parma,Inter,2,2,7.14,4.67,1.51,1.75,2.26,1
1208323,2025-04-05 16:30:00,2024,Regular Season - 31,39,Premier League,66,65,Aston Villa,Nottingham Forest,2,1,2.03,3.75,3.75,1.83,2.09,1
1208761,2025-04-05 16:30:00,2024,Regular Season - 30,140,La Liga,798,538,Mallorca,Celta Vigo,1,2,2.78,3.17,2.94,2.44,1.65,1
1224220,2025-04-05 16:30:00,2024,Regular Season - 28,78,Bundesliga,162,169,Werder Bremen,Eintracht Frankfurt,2,0,2.62,3.75,2.45,1.53,2.45,1
1223900,2025-04-05 18:45:00,2024,Regular Season - 31,135,Serie A,489,502,AC Milan,Fiorentina,2,2,1.96,3.79,4.17,1.8,2.18,1
1208755,2025-04-05 19:00:00,2024,Regular Season - 30,140,La Liga,529,543,Barcelona,Real Betis,1,1,1.36,5,7.5,1.33,3.1,1
1223899,2025-04-06 10:30:00,2024,Regular Season - 31,135,Serie A,867,517,Lecce,Venezia,1,1,2.41,3.14,3.54,2.42,1.66,1
1208757,2025-04-06 12:00:00,2024,Regular Season - 30,140,La Liga,534,548,Las Palmas,Real Sociedad,1,3,3.27,3.27,2.47,2.46,1.64,1
1208324,2025-04-06 13:00:00,2024,Regular Season - 31,39,Premier League,55,49,Brentford,Chelsea,0,0,3.1,3.7,2.15,1.5,2.45,1
1208327,2025-04-06 13:00:00,2024,Regular Season - 31,39,Premier League,36,40,Fulham,Liverpool,3,2,4.2,3.65,1.79,1.78,1.98,1
1208331,2025-04-06 13:00:00,2024,Regular Season - 31,39,Premier League,47,41,Tottenham,Southampton,3,1,1.4,5,7,1.36,2.9,1
1223897,2025-04-06 13:00:00,2024,Regular Season - 31,135,Serie A,511,490,Empoli,Cagliari,0,0,2.64,3.19,3.09,2.24,1.76,1
1223904,2025-04-06 13:00:00,2024,Regular Season - 31,135,Serie A,503,504,Torino,Verona,1,1,1.82,3.46,5.61,2.44,1.65,1
1224226,2025-04-06 13:30:00,2024,Regular Season - 28,78,Bundesliga,186,163,FC St. Pauli,Borussia Mönchengladbach,1,1,2.6,3.2,2.8,1.8,1.95,1
1208760,2025-04-06 14:15:00,2024,Regular Season - 30,140,La Liga,536,530,Sevilla,Atletico Madrid,1,2,3.58,3.42,2.25,2.3,1.72,1
1208330,2025-04-06 15:30:00,2024,Regular Season - 31,39,Premier League,33,50,Manchester United,Manchester City,0,0,3.52,3.71,2.12,1.73,2.24,1
1224224,2025-04-06 15:30:00,2024,Regular Season - 28,78,Bundesliga,182,161,Union Berlin,VfL Wolfsburg,1,0,2.4,3.3,3,1.97,1.8,1
1223895,2025-04-06 16:00:00,2024,Regular Season - 31,135,Serie A,499,487,Atalanta,Lazio,0,1,1.74,4.17,4.95,1.87,2.08,1
1208762,2025-04-06 16:30:00,2024,Regular Season - 30,140,La Liga,720,546,Valladolid,Getafe,0,4,4.6,3.2,1.91,2.62,1.44,1
1223903,2025-04-06 18:45:00,2024,Regular Season - 31,135,Serie A,497,496,AS Roma,Juventus,1,1,2.59,3.23,3.13,2.29,1.73,1
1223896,2025-04-07 18:45:00,2024,Regular Season - 31,135,Serie A,500,492,Bologna,Napoli,1,1,3.06,3.13,2.71,2.56,1.6,1
1208329,2025-04-07 19:00:00,2024,Regular Season - 31,39,Premier League,46,34,Leicester,Newcastle,0,3,6.83,4.43,1.53,1.75,2.2,1
1224232,2025-04-11 18:30:00,2024,Regular Season - 29,78,Bundesliga,161,173,VfL Wolfsburg,RB Leipzig,2,3,2.85,3.6,2.35,1.67,2.15,1
1223913,2025-04-11 18:45:00,2024,Regular Season - 32,135,Serie A,494,489,Udinese,AC Milan,0,4,4,3.63,2.04,1.92,2.02,1
1208772,2025-04-11 19:00:00,2024,Regular Season - 31,140,La Liga,532,536,Valencia,Sevilla,1,0,2.37,3.15,3.62,2.42,1.66,1
1208338,2025-04-12 11:30:00,2024,Regular Season - 32,39,Premier League,50,52,Manchester City,Crystal Palace,5,2,1.475,4.65,5.775,1.55,2.4,2
1208771,2025-04-12 12:00:00,2024,Regular Season - 31,140,La Liga,548,798,Real Sociedad,Mallorca,0,2,1.82,3.44,5.66,2.59,1.59,1
1223914,2025-04-12 13:00:00,2024,Regular Season - 32,135,Serie A,517,1579,Venezia,Monza,1,0,1.81,3.75,5.05,2.12,1.84,1
1224227,2025-04-12 13:30:00,2024,Regular Season - 29,78,Bundesliga,168,182,Bayer Leverkusen,Union Berlin,0,0,1.32,5.7,8.5,1.6,2.25,1
1224231,2025-04-12 13:30:00,2024,Regular Season - 29,78,Bundesliga,167,164,1899 Hoffenheim,FSV Mainz 05,2,0,2.7,3.5,2.5,1.72,2.1,1
1224233,2025-04-12 13:30:00,2024,Regular Season - 29,78,Bundesliga,163,160,Borussia Mönchengladbach,SC Freiburg,1,2,2.15,3.6,3.2,1.62,2.25,1
1224234,2025-04-12 13:30:00,2024,Regular Season - 29,78,Bundesliga,176,170,VfL Bochum,FC Augsburg,1,2,2.45,3.2,3,1.97,1.8,1
1224235,2025-04-12 13:30:00,2024,Regular Season - 29,78,Bundesliga,191,186,Holstein Kiel,FC St. Pauli,1,2,3.3,3.4,2.2,1.9,1.85,1
1208335,2025-04-12 14:00:00,2024,Regular Season - 32,39,Premier League,51,46,Brighton,Leicester,2,2,1.26,5.625,9.8,1.585,2.31,2
1208340,2025-04-12 14:00:00,2024,Regular Season - 32,39,Premier League,65,45,Nottingham Forest,Everton,0,1,2.09,3.2,3.55,2.215,1.63,2
1208341,2025-04-12 14:00:00,2024,Regular Season - 32,39,Premier League,41,66,Southampton,Aston Villa,0,3,5.275,4.324999999999999,1.5350000000000001,1.585,2.3049999999999997,2
1208767,2025-04-12 14:15:00,2024,Regular Season - 31,140,La Liga,546,534,Getafe,Las Palmas,1,3,1.82,3.54,5.45,2.59,1.59,1
1223909,2025-04-12 16:00:00,2024,Regular Season - 32,135,Serie A,505,490,Inter,Cagliari,3,1,1.36,5.49,10,1.8,2.18,1
1208334,2025-04-12 16:30:00,2024,Regular Season - 32,39,Premier League,42,55,Arsenal,Brentford,1,1,1.605,3.9749999999999996,5.1,1.775,1.9849999999999999,2
1224229,2025-04-12 16:30:00,2024,Regular Season - 29,78,Bundesliga,157,165,Bayern München,Borussia Dortmund,2,2,1.4,4.8,6,1.36,3,1
1223910,2025-04-12 18:45:00,2024,Regular Season - 32,135,Serie A,496,867,Juventus,Lecce,2,1,1.35,5.35,11.2,1.97,1.97,1
1208769,2025-04-12 19:00:00,2024,Regular Season - 31,140,La Liga,537,529,Leganes,Barcelona,0,1,8.5,5.8,1.3,1.44,2.62,1
1223905,2025-04-13 10:30:00,2024,Regular Season - 32,135,Serie A,499,500,Atalanta,Bologna,2,0,2.07,3.56,3.97,2.1,1.86,1
1208336,2025-04-13 13:00:00,2024,Regular Season - 32,39,Premier League,49,57,Chelsea,Ipswich,2,2,1.25,6.5,10,1.4,2.75,1
1208337,2025-04-13 13:00:00,2024,Regular Season - 32,39,Premier League,40,48,Liverpool,West Ham,2,1,1.3,5.5,9.5,1.5,2.5,1
1208342,2025-04-13 13:00:00,2024,Regular Season - 32,39,Premier League,39,47,Wolves,Tottenham,4,2,2.1950000000000003,3.49,3.0300000000000002,1.6549999999999998,2.165,2
1223907,2025-04-13 13:00:00,2024,Regular Season - 32,135,Serie A,502,523,Fiorentina,Parma,0,0,1.75,3.9,5.31,1.98,1.96,1
1223908,2025-04-13 13:00:00,2024,Regular Season - 32,135,Serie A,504,495,Verona,Genoa,0,0,2.88,2.9,2.62,2.5,1.44,1
1224228,2025-04-13 13:30:00,2024,Regular Season - 29,78,Bundesliga,172,162,VfB Stuttgart,Werder Bremen,1,2,1.62,4.33,4.5,1.44,2.62,1
1208768,2025-04-13 14:15:00,2024,Regular Season - 31,140,La Liga,542,541,Alaves,Real Madrid,0,1,5.2,4.1,1.6,1.67,2.15,1
1208339,2025-04-13 15:30:00,2024,Regular Season - 32,39,Premier League,34,33,Newcastle,Manchester United,4,1,1.615,4.1,4.775,1.62,2.2350000000000003,2
1224230,2025-04-13 15:30:00,2024,Regular Season - 29,78,Bundesliga,169,180,Eintracht Frankfurt,1. FC Heidenheim,3,0,1.7,4.2,4.5,1.65,2.2,1
1223906,2025-04-13 16:00:00,2024,Regular Season - 32,135,Serie A,895,503,Como,Torino,1,0,1.95,3.69,4.33,2.2,1.78,1
1208766,2025-04-13 16:30:00,2024,Regular Season - 31,140,La Liga,543,533,Real Betis,Villarreal,1,2,2.38,3.65,3.11,1.76,2.23,1
1223911,2025-04-13 18:45:00,2024,Regular Season - 32,135,Serie A,487,497,Lazio,AS Roma,1,1,3,3.29,2.64,2.28,1.73,1
1223912,2025-04-14 18:45:00,2024,Regular Season - 32,135,Serie A,492,511,Napoli,Empoli,3,0,1.34,5.52,11.3,1.95,1.99,1
1208333,2025-04-14 19:00:00,2024,Regular Season - 32,39,Premier League,35,36,Bournemouth,Fulham,1,0,2.13,3.645,3.27,1.74,2.135,2
1208765,2025-04-14 19:00:00,2024,Regular Season - 31,140,La Liga,530,720,Atletico Madrid,Valladolid,4,2,1.12,9,21,1.4,2.75,1
1208311,2025-04-16 18:30:00,2024,Regular Season - 29,39,Premier League,34,52,Newcastle,Crystal Palace,5,0,1.73,4,5.04,1.74,2.22,1
1208774,2025-04-19 12:00:00,2024,Regular Season - 32,140,La Liga,728,532,Rayo Vallecano,Valencia,1,1,2.35,3.31,3.48,2.42,1.66,1
1223919,2025-04-19 13:00:00,2024,Regular Season - 33,135,Serie A,867,895,Lecce,Como,0,3,3.81,3.6,2.1,2.17,1.81,1
1224236,2025-04-19 13:30:00,2024,Regular Season - 30,78,Bundesliga,173,191,RB Leipzig,Holstein Kiel,1,1,1.3,5.5,8,1.4,2.8,1
1224238,2025-04-19 13:30:00,2024,Regular Season - 30,78,Bundesliga,180,157,1. FC Heidenheim,Bayern München,0,4,8.5,5.8,1.3,1.4,2.88,1
1224239,2025-04-19 13:30:00,2024,Regular Season - 30,78,Bundesliga,162,176,Werder Bremen,VfL Bochum,1,0,1.76,4.27,4.68,1.62,2.51,1
1224240,2025-04-19 13:30:00,2024,Regular Season - 30,78,Bundesliga,160,167,SC Freiburg,1899 Hoffenheim,3,2,1.96,3.96,3.94,1.8,2.18,1
1224242,2025-04-19 13:30:00,2024,Regular Season - 30,78,Bundesliga,164,161,FSV Mainz 05,VfL Wolfsburg,2,2,2.07,3.81,3.71,1.86,2.1,1
1208344,2025-04-19 14:00:00,2024,Regular Season - 33,39,Premier League,55,51,Brentford,Brighton,4,2,2.45,3.5,2.66,1.57,2.3,1
1208345,2025-04-19 14:00:00,2024,Regular Season - 33,39,Premier League,52,35,Crystal Palace,Bournemouth,0,0,2.62,3.44,2.51,1.7,2.07,1
1208346,2025-04-19 14:00:00,2024,Regular Season - 33,39,Premier League,45,50,Everton,Manchester City,0,2,4.03,3.75,1.96,1.85,2.06,1
1208352,2025-04-19 14:00:00,2024,Regular Season - 33,39,Premier League,48,41,West Ham,Southampton,1,1,1.5,4.69,6.88,1.72,2.26,1
1208773,2025-04-19 14:15:00,2024,Regular Season - 32,140,La Liga,529,538,Barcelona,Celta Vigo,4,3,1.3,5.8,8.5,1.3,3.25,1
1223921,2025-04-19 16:00:00,2024,Regular Season - 33,135,Serie A,1579,492,Monza,Napoli,0,1,17.5,6.49,1.24,1.87,2.08,1
1208343,2025-04-19 16:30:00,2024,Regular Season - 33,39,Premier League,66,34,Aston Villa,Newcastle,4,1,2.35,3.55,2.75,1.6,2.25,1
1208781,2025-04-19 16:30:00,2024,Regular Season - 32,140,La Liga,798,537,Mallorca,Leganes,0,0,1.91,3.27,5.34,2.64,1.57,1
1224243,2025-04-19 16:30:00,2024,Regular Season - 30,78,Bundesliga,182,172,Union Berlin,VfB Stuttgart,4,4,2.93,3.54,2.55,1.84,2.12,1
1223923,2025-04-19 18:45:00,2024,Regular Season - 33,135,Serie A,497,504,AS Roma,Verona,1,0,1.45,4.63,8.95,2.11,1.85,1
1208776,2025-04-19 19:00:00,2024,Regular Season - 32,140,La Liga,534,530,Las Palmas,Atletico Madrid,1,0,6.12,4.42,1.6,1.84,2.12,1
1208347,2025-04-20 13:00:00,2024,Regular Season - 33,39,Premier League,36,49,Fulham,Chelsea,1,2,2.7,3.44,2.44,1.76,2,1
1208348,2025-04-20 13:00:00,2024,Regular Season - 33,39,Premier League,57,42,Ipswich,Arsenal,0,4,7.4,4.7,1.38,1.7,2.07,1
1208350,2025-04-20 13:00:00,2024,Regular Season - 33,39,Premier League,33,39,Manchester United,Wolves,0,1,2.36,3.26,2.94,1.95,1.79,1
1223917,2025-04-20 13:00:00,2024,Regular Season - 33,135,Serie A,511,517,Empoli,Venezia,2,2,2.35,3.13,3.69,2.44,1.65,1
1224241,2025-04-20 13:30:00,2024,Regular Season - 30,78,Bundesliga,170,169,FC Augsburg,Eintracht Frankfurt,0,0,2.58,3.45,2.82,1.9,1.99,1
1208779,2025-04-20 14:15:00,2024,Regular Season - 32,140,La Liga,533,548,Villarreal,Real Sociedad,2,2,1.72,3.94,4.92,1.95,1.93,1
1208349,2025-04-20 15:30:00,2024,Regular Season - 33,39,Premier League,46,40,Leicester,Liverpool,0,1,13,6.5,1.2,1.4,2.8,1
1224237,2025-04-20 15:30:00,2024,Regular Season - 30,78,Bundesliga,165,163,Borussia Dortmund,Borussia Mönchengladbach,3,2,1.4,5,6,1.36,3,1
1223915,2025-04-20 16:00:00,2024,Regular Season - 33,135,Serie A,500,505,Bologna,Inter,1,0,3.38,3.23,2.43,2.24,1.76,1
1208780,2025-04-20 16:30:00,2024,Regular Season - 32,140,La Liga,536,542,Sevilla,Alaves,1,1,1.95,3.1,4.5,2.6,1.47,1
1224244,2025-04-20 17:30:00,2024,Regular Season - 30,78,Bundesliga,186,168,FC St. Pauli,Bayer Leverkusen,1,1,5.25,3.89,1.69,2.05,1.85,1
1223920,2025-04-20 18:45:00,2024,Regular Season - 33,135,Serie A,489,499,AC Milan,Atalanta,0,1,2.74,3.56,2.7,1.73,2.28,1
1208351,2025-04-21 19:00:00,2024,Regular Season - 33,39,Premier League,47,65,Tottenham,Nottingham Forest,1,2,2.64,3.73,2.64,1.65,2.38,1
1208777,2025-04-21 19:00:00,2024,Regular Season - 32,140,La Liga,547,543,Girona,Real Betis,1,3,2.9,3.5,2.49,2.01,1.88,1
1208358,2025-04-22 19:00:00,2024,Regular Season - 34,39,Premier League,50,66,Manchester City,Aston Villa,2,1,1.89,4.1,4,1.53,2.5,1
1208784,2025-04-22 19:30:00,2024,Regular Season - 33,140,La Liga,529,798,Barcelona,Mallorca,1,0,1.22,6,11,1.44,2.6,1
1223916,2025-04-23 16:30:00,2024,Regular Season - 33,135,Serie A,490,502,Cagliari,Fiorentina,1,2,3,3.25,2.38,2.08,1.73,1
1223918,2025-04-23 16:30:00,2024,Regular Season - 33,135,Serie A,495,487,Genoa,Lazio,0,2,3.4,3.15,2.23,2.33,1.56,1
1223922,2025-04-23 16:30:00,2024,Regular Season - 33,135,Serie A,523,496,Parma,Juventus,1,0,4.8,3.7,1.72,1.95,1.8,1
1223924,2025-04-23 16:30:00,2024,Regular Season - 33,135,Serie A,503,494,Torino,Udinese,2,0,2.35,3,3.3,2.4,1.55,1
1208786,2025-04-23 17:00:00,2024,Regular Season - 33,140,La Liga,538,533,Celta Vigo,Villarreal,3,0,2.62,3.55,2.84,1.76,2.23,1
1208354,2025-04-23 19:00:00,2024,Regular Season - 34,39,Premier League,42,52,Arsenal,Crystal Palace,2,2,1.38,4.6,7.8,1.83,1.92,1
1208787,2025-04-23 19:30:00,2024,Regular Season - 33,140,La Liga,546,541,Getafe,Real Madrid,0,1,4.86,3.7,1.79,2.07,1.83,1
1208789,2025-04-23 19:30:00,2024,Regular Season - 33,140,La Liga,542,548,Alaves,Real Sociedad,1,0,2.4,3.1,3.1,2.55,1.5,1
1208790,2025-04-24 17:00:00,2024,Regular Season - 33,140,La Liga,537,547,Leganes,Girona,1,1,2.97,3.1,2.8,2.31,1.72,1
1208783,2025-04-24 19:30:00,2024,Regular Season - 33,140,La Liga,530,728,Atletico Madrid,Rayo Vallecano,3,0,1.53,4.23,6.71,2.04,1.85,1
1208785,2025-04-24 19:30:00,2024,Regular Season - 33,140,La Liga,543,720,Real Betis,Valladolid,5,1,1.18,7,13,1.44,2.5,1
1224246,2025-04-25 18:30:00,2024,Regular Season - 31,78,Bundesliga,172,180,VfB Stuttgart,1. FC Heidenheim,0,1,1.44,4.6,6,1.44,2.6,1
1208356,2025-04-26 11:30:00,2024,Regular Season - 34,39,Premier League,49,45,Chelsea,Everton,1,0,1.56,4,5.6,1.84,1.9,1
1224245,2025-04-26 13:30:00,2024,Regular Season - 31,78,Bundesliga,168,170,Bayer Leverkusen,FC Augsburg,2,0,1.4,5.28,9.1,1.82,2.15,1
1224247,2025-04-26 13:30:00,2024,Regular Season - 31,78,Bundesliga,157,164,Bayern München,FSV Mainz 05,3,0,1.22,6.5,10,1.33,3.1,1
1224249,2025-04-26 13:30:00,2024,Regular Season - 31,78,Bundesliga,167,165,1899 Hoffenheim,Borussia Dortmund,2,3,4,4,1.73,1.44,2.7,1
1224251,2025-04-26 13:30:00,2024,Regular Season - 31,78,Bundesliga,161,160,VfL Wolfsburg,SC Freiburg,0,1,2.47,3.67,2.96,1.78,2.2,1
1224253,2025-04-26 13:30:00,2024,Regular Season - 31,78,Bundesliga,191,163,Holstein Kiel,Borussia Mönchengladbach,4,3,3,3.7,2.15,1.5,2.5,1
1208355,2025-04-26 14:00:00,2024,Regular Season - 34,39,Premier League,51,48,Brighton,West Ham,3,2,1.65,4,4.6,1.66,2.15,1
1208359,2025-04-26 14:00:00,2024,Regular Season - 34,39,Premier League,34,57,Newcastle,Ipswich,3,0,1.18,7,15,1.33,3.1,1
1208361,2025-04-26 14:00:00,2024,Regular Season - 34,39,Premier League,41,36,Southampton,Fulham,1,2,4.9,4,1.62,1.68,2.11,1
1208362,2025-04-26 14:00:00,2024,Regular Season - 34,39,Premier League,39,46,Wolves,Leicester,3,0,1.54,4.54,6.42,1.8,2.13,1
1224248,2025-04-26 16:30:00,2024,Regular Season - 31,78,Bundesliga,169,173,Eintracht Frankfurt,RB Leipzig,4,0,2.15,3.75,2.9,1.5,2.5,1
1223926,2025-04-27 10:30:00,2024,Regular Season - 34,135,Serie A,895,495,Como,Genoa,1,0,1.88,3.79,4.58,2.1,1.86,1
1223934,2025-04-27 10:30:00,2024,Regular Season - 34,135,Serie A,517,489,Venezia,AC Milan,0,2,4.89,4.22,1.74,1.8,2.18,1
1208353,2025-04-27 13:00:00,2024,Regular Season - 34,39,Premier League,35,33,Bournemouth,Manchester United,1,1,1.71,4.22,4.88,1.73,2.24,1
1223927,2025-04-27 13:00:00,2024,Regular Season - 34,135,Serie A,502,511,Fiorentina,Empoli,2,1,1.88,3.6,4.89,2.26,1.75,1
1223929,2025-04-27 13:00:00,2024,Regular Season - 34,135,Serie A,505,497,Inter,AS Roma,0,1,1.78,3.78,4.82,2.03,1.86,1
1224252,2025-04-27 13:30:00,2024,Regular Season - 31,78,Bundesliga,176,182,VfL Bochum,Union Berlin,1,1,2.38,3.5,3.06,1.85,2.05,1
1208357,2025-04-27 15:30:00,2024,Regular Season - 34,39,Premier League,40,47,Liverpool,Tottenham,5,1,1.25,6,10,1.3,3.3,1
1224250,2025-04-27 15:30:00,2024,Regular Season - 31,78,Bundesliga,162,186,Werder Bremen,FC St. Pauli,0,0,1.93,3.71,4.06,1.9,1.98,1
1223930,2025-04-27 16:00:00,2024,Regular Season - 34,135,Serie A,496,1579,Juventus,Monza,2,0,1.21,7.7,17.5,1.63,2.49,1
1223925,2025-04-27 18:45:00,2024,Regular Season - 34,135,Serie A,499,867,Atalanta,Lecce,1,1,1.22,6,12,1.5,2.45,1
1223932,2025-04-27 18:45:00,2024,Regular Season - 34,135,Serie A,492,503,Napoli,Torino,2,0,1.43,4.53,8.38,2.06,1.83,1
1223933,2025-04-28 16:30:00,2024,Regular Season - 34,135,Serie A,494,500,Udinese,Bologna,0,0,4.2,3.3,1.85,2.2,1.62,1
1223928,2025-04-28 18:45:00,2024,Regular Season - 34,135,Serie A,504,490,Verona,Cagliari,0,2,2.7,2.6,3.3,2.5,1.44,1
1223931,2025-04-28 18:45:00,2024,Regular Season - 34,135,Serie A,487,523,Lazio,Parma,2,2,1.42,4.7,7,1.7,2.1,1
1208360,2025-05-01 18:30:00,2024,Regular Season - 34,39,Premier League,65,55,Nottingham Forest,Brentford,0,2,2.11,3.5,3.22,1.75,2.01,1
1224256,2025-05-02 18:30:00,2024,Regular Season - 32,78,Bundesliga,180,176,1. FC Heidenheim,VfL Bochum,0,0,2.46,3.58,3.02,1.83,2.14,1
1223944,2025-05-02 18:45:00,2024,Regular Season - 35,135,Serie A,503,517,Torino,Venezia,1,1,2.39,3.07,3.69,2.49,1.63,1
1208371,2025-05-02 19:00:00,2024,Regular Season - 35,39,Premier League,50,39,Manchester City,Wolves,1,0,1.36,5.5,7.5,1.54,2.5,1
1208797,2025-05-02 19:00:00,2024,Regular Season - 34,140,La Liga,728,546,Rayo Vallecano,Getafe,1,0,2.4,2.9,3.25,2.75,1.4,1
1208364,2025-05-03 11:30:00,2024,Regular Season - 35,39,Premier League,66,36,Aston Villa,Fulham,1,0,1.81,3.95,4.53,1.76,2.19,1
1208793,2025-05-03 12:00:00,2024,Regular Season - 34,140,La Liga,542,530,Alaves,Atletico Madrid,0,0,3.8,3.1,2.1,2.45,1.52,1
1223936,2025-05-03 13:00:00,2024,Regular Season - 35,135,Serie A,490,494,Cagliari,Udinese,1,2,2.28,3.29,3.66,2.42,1.66,1
1223942,2025-05-03 13:00:00,2024,Regular Season - 35,135,Serie A,523,895,Parma,Como,0,1,3.2,3.41,2.34,1.91,1.98,1
1224254,2025-05-03 13:30:00,2024,Regular Season - 32,78,Bundesliga,173,157,RB Leipzig,Bayern München,3,3,4.4,4.33,1.65,1.33,3.1,1
1224260,2025-05-03 13:30:00,2024,Regular Season - 32,78,Bundesliga,163,167,Borussia Mönchengladbach,1899 Hoffenheim,4,4,2.1,3.8,3,1.44,2.6,1
1224261,2025-05-03 13:30:00,2024,Regular Season - 32,78,Bundesliga,182,162,Union Berlin,Werder Bremen,2,2,2.78,3.45,2.61,1.9,1.99,1
1224262,2025-05-03 13:30:00,2024,Regular Season - 32,78,Bundesliga,186,172,FC St. Pauli,VfB Stuttgart,0,1,2.73,3.52,2.61,1.85,2.04,1
1208369,2025-05-03 14:00:00,2024,Regular Season - 35,39,Premier League,45,57,Everton,Ipswich,2,2,1.51,4.39,6.73,1.93,1.95,1
1208370,2025-05-03 14:00:00,2024,Regular Season - 35,39,Premier League,46,41,Leicester,Southampton,2,0,2.33,3.75,3.02,1.79,2.15,1
1223940,2025-05-03 16:00:00,2024,Regular Season - 35,135,Serie A,867,492,Lecce,Napoli,0,1,6.54,4.22,1.6,2.11,1.85,1
1208363,2025-05-03 16:30:00,2024,Regular Season - 35,39,Premier League,42,35,Arsenal,Bournemouth,1,2,2.07,3.63,3.64,1.86,2.03,1
1208792,2025-05-03 16:30:00,2024,Regular Season - 34,140,La Liga,534,532,Las Palmas,Valencia,2,3,2.53,3.48,3,2.08,1.87,1
1224255,2025-05-03 16:30:00,2024,Regular Season - 32,78,Bundesliga,165,161,Borussia Dortmund,VfL Wolfsburg,4,0,1.3,5.8,7.5,1.3,3.3,1
1223939,2025-05-03 18:45:00,2024,Regular Season - 35,135,Serie A,505,504,Inter,Verona,1,0,1.37,5.09,8.88,1.88,2.01,1
1208795,2025-05-03 19:00:00,2024,Regular Season - 34,140,La Liga,720,529,Valladolid,Barcelona,1,2,15,8,1.15,1.22,4,1
1223937,2025-05-04 10:30:00,2024,Regular Season - 35,135,Serie A,511,487,Empoli,Lazio,0,1,4.61,3.73,1.82,2.03,1.86,1
1208796,2025-05-04 12:00:00,2024,Regular Season - 34,140,La Liga,541,538,Real Madrid,Celta Vigo,3,2,1.36,5,7,1.36,2.9,1
1208365,2025-05-04 13:00:00,2024,Regular Season - 35,39,Premier League,55,33,Brentford,Manchester United,4,3,1.73,4.17,4.79,1.74,2.22,1
1208372,2025-05-04 13:00:00,2024,Regular Season - 35,39,Premier League,48,47,West Ham,Tottenham,1,1,2.05,3.65,3.24,1.57,2.32,1
1223941,2025-05-04 13:00:00,2024,Regular Season - 35,135,Serie A,1579,499,Monza,Atalanta,0,4,11,6,1.2,1.44,2.5,1
1224258,2025-05-04 13:30:00,2024,Regular Season - 32,78,Bundesliga,170,191,FC Augsburg,Holstein Kiel,1,3,1.85,4,4.43,1.86,2.1,1
1208799,2025-05-04 14:15:00,2024,Regular Season - 34,140,La Liga,536,537,Sevilla,Leganes,2,2,1.84,3.54,5.25,2.59,1.59,1
1224257,2025-05-04 15:30:00,2024,Regular Season - 32,78,Bundesliga,160,168,SC Freiburg,Bayer Leverkusen,2,2,3.25,3.79,2.26,1.81,2.17,1
1223943,2025-05-04 16:00:00,2024,Regular Season - 35,135,Serie A,497,502,AS Roma,Fiorentina,1,0,1.65,3.92,5.68,2.04,1.85,1
1224259,2025-05-04 17:30:00,2024,Regular Season - 32,78,Bundesliga,164,169,FSV Mainz 05,Eintracht Frankfurt,1,1,2.45,3.87,2.87,1.66,2.42,1
1223935,2025-05-04 18:45:00,2024,Regular Season - 35,135,Serie A,500,496,Bologna,Juventus,1,1,2.53,3.15,3.29,2.42,1.66,1
1223938,2025-05-05 18:45:00,2024,Regular Season - 35,135,Serie A,495,489,Genoa,AC Milan,1,2,4.62,3.83,1.79,1.91,1.98,1
1208368,2025-05-05 19:00:00,2024,Regular Season - 35,39,Premier League,52,65,Crystal Palace,Nottingham Forest,1,1,2.24,3.46,3.36,2,1.89,1
1208791,2025-05-05 19:00:00,2024,Regular Season - 34,140,La Liga,547,798,Girona,Mallorca,1,0,2.11,3.25,4.27,2.51,1.62,1
1224268,2025-05-09 18:30:00,2024,Regular Season - 33,78,Bundesliga,161,167,VfL Wolfsburg,1899 Hoffenheim,2,2,2.3,3.5,2.8,1.55,2.3,1
1223950,2025-05-09 18:45:00,2024,Regular Season - 36,135,Serie A,489,500,AC Milan,Bologna,3,1,2.5,3.2,2.62,1.95,1.8,1
1208806,2025-05-09 19:00:00,2024,Regular Season - 35,140,La Liga,534,728,Las Palmas,Rayo Vallecano,0,1,2.28,3.2,3.05,2.1,1.64,1
1208807,2025-05-10 12:00:00,2024,Regular Season - 35,140,La Liga,532,546,Valencia,Getafe,3,0,2.04,3.25,4.35,2.55,1.48,1
1223946,2025-05-10 13:00:00,2024,Regular Season - 36,135,Serie A,895,490,Como,Cagliari,3,1,1.73,3.6,4.4,1.85,1.85,1
1224267,2025-05-10 13:30:00,2024,Regular Season - 33,78,Bundesliga,162,173,Werder Bremen,RB Leipzig,0,0,2.38,3.5,2.75,1.53,2.4,1
1224269,2025-05-10 13:30:00,2024,Regular Season - 33,78,Bundesliga,182,180,Union Berlin,1. FC Heidenheim,0,3,2.21,3.55,3.33,1.93,1.95,1
1224270,2025-05-10 13:30:00,2024,Regular Season - 33,78,Bundesliga,176,164,VfL Bochum,FSV Mainz 05,1,4,3.06,3.89,2.32,1.7,2.33,1
1224271,2025-05-10 13:30:00,2024,Regular Season - 33,78,Bundesliga,191,160,Holstein Kiel,SC Freiburg,1,2,3.1,3.7,2.1,1.55,2.4,1
1208374,2025-05-10 14:00:00,2024,Regular Season - 36,39,Premier League,36,45,Fulham,Everton,1,3,1.85,3.44,4.15,2.01,1.76,2
1208375,2025-05-10 14:00:00,2024,Regular Season - 36,39,Premier League,57,55,Ipswich,Brentford,0,1,4.6,4.2,1.62,1.5,2.5,1
1208380,2025-05-10 14:00:00,2024,Regular Season - 36,39,Premier League,41,50,Southampton,Manchester City,0,0,13,7,1.18,1.35,3.1,1
1208382,2025-05-10 14:00:00,2024,Regular Season - 36,39,Premier League,39,51,Wolves,Brighton,0,2,2.66,3.395,2.4850000000000003,1.71,2.075,2
1208803,2025-05-10 14:15:00,2024,Regular Season - 35,140,La Liga,538,536,Celta Vigo,Sevilla,3,2,1.79,3.7,4.3,2.04,1.75,1
1223949,2025-05-10 16:00:00,2024,Regular Season - 36,135,Serie A,487,496,Lazio,Juventus,1,1,2.4,3,2.9,2.15,1.67,1
1208373,2025-05-10 16:30:00,2024,Regular Season - 36,39,Premier League,35,66,Bournemouth,Aston Villa,0,1,2.365,3.6,2.7,1.5950000000000002,2.285,2
1208804,2025-05-10 16:30:00,2024,Regular Season - 35,140,La Liga,547,533,Girona,Villarreal,0,1,3.15,3.65,2.12,1.6,2.28,1
1208805,2025-05-10 16:30:00,2024,Regular Season - 35,140,La Liga,798,720,Mallorca,Valladolid,2,1,1.28,5.1,10.5,1.87,1.81,1
1224265,2025-05-10 16:30:00,2024,Regular Season - 33,78,Bundesliga,157,163,Bayern München,Borussia Mönchengladbach,2,0,1.17,9,11,1.15,5,1
1223947,2025-05-10 18:45:00,2024,Regular Season - 36,135,Serie A,511,523,Empoli,Parma,2,1,2.05,3.3,3.3,1.91,1.83,1
1208800,2025-05-10 19:00:00,2024,Regular Season - 35,140,La Liga,530,548,Atletico Madrid,Real Sociedad,4,0,1.62,3.85,5.4,2.04,1.74,1
1223953,2025-05-11 10:30:00,2024,Regular Season - 36,135,Serie A,494,1579,Udinese,Monza,1,2,1.49,4.39,7.17,1.87,2.02,1
1208378,2025-05-11 11:00:00,2024,Regular Season - 36,39,Premier League,34,49,Newcastle,Chelsea,2,0,2.1550000000000002,3.625,3,1.58,2.3099999999999996,2
1223948,2025-05-11 13:00:00,2024,Regular Season - 36,135,Serie A,504,867,Verona,Lecce,1,1,2.28,3.05,3.55,2.26,1.65,1
1208377,2025-05-11 13:15:00,2024,Regular Season - 36,39,Premier League,33,48,Manchester United,West Ham,0,2,1.865,3.875,3.935,1.74,2.13,2
1208379,2025-05-11 13:15:00,2024,Regular Season - 36,39,Premier League,65,46,Nottingham Forest,Leicester,2,2,1.335,5,8,1.65,2.185,2
1208381,2025-05-11 13:15:00,2024,Regular Season - 36,39,Premier League,47,52,Tottenham,Crystal Palace,0,2,2.62,3.5,2.45,1.55,2.38,1
1224263,2025-05-11 13:30:00,2024,Regular Season - 33,78,Bundesliga,168,165,Bayer Leverkusen,Borussia Dortmund,2,4,2.62,3.75,2.3,1.5,2.5,1
1208801,2025-05-11 14:15:00,2024,Regular Season - 35,140,La Liga,529,541,Barcelona,Real Madrid,4,3,2,3.9,3.2,1.33,3.1,1
1208376,2025-05-11 15:30:00,2024,Regular Season - 36,39,Premier League,40,42,Liverpool,Arsenal,2,2,2.01,3.4749999999999996,3.49,1.69,2.105,2
1224266,2025-05-11 15:30:00,2024,Regular Season - 33,78,Bundesliga,169,186,Eintracht Frankfurt,FC St. Pauli,2,2,1.5,4.6,6,1.67,2.15,1
1223952,2025-05-11 16:00:00,2024,Regular Season - 36,135,Serie A,503,505,Torino,Inter,0,2,6.03,4.11,1.59,1.98,1.91,1
1224264,2025-05-11 17:30:00,2024,Regular Season - 33,78,Bundesliga,172,170,VfB Stuttgart,FC Augsburg,4,0,1.52,4.5,5.7,1.52,2.45,1
1223951,2025-05-11 18:45:00,2024,Regular Season - 36,135,Serie A,492,495,Napoli,Genoa,2,2,1.29,5.42,12.72,2.02,1.87,1
1223954,2025-05-12 16:30:00,2024,Regular Season - 36,135,Serie A,517,502,Venezia,Fiorentina,2,1,2.88,3,2.45,2.2,1.62,1
1223945,2025-05-12 18:45:00,2024,Regular Season - 36,135,Serie A,499,497,Atalanta,AS Roma,2,1,2,3.3,3.5,1.8,1.95,1
1208814,2025-05-13 17:00:00,2024,Regular Season - 36,140,La Liga,720,547,Valladolid,Girona,0,1,5.61,4.27,1.66,1.85,2.11,1
1208813,2025-05-13 18:00:00,2024,Regular Season - 36,140,La Liga,548,538,Real Sociedad,Celta Vigo,0,1,2.47,3.49,2.92,2.06,1.84,1
1208816,2025-05-13 19:30:00,2024,Regular Season - 36,140,La Liga,536,534,Sevilla,Las Palmas,1,0,1.79,3.61,4.94,2.05,1.85,1
1208809,2025-05-14 17:00:00,2024,Regular Season - 36,140,La Liga,542,532,Alaves,Valencia,1,0,2.15,3.1,3.6,2.2,1.62,1
1208817,2025-05-14 17:00:00,2024,Regular Season - 36,140,La Liga,533,537,Villarreal,Leganes,3,0,1.37,5.58,9.55,1.65,2.44,1
1208815,2025-05-14 19:30:00,2024,Regular Season - 36,140,La Liga,541,798,Real Madrid,Mallorca,2,1,1.42,5.31,8.1,1.66,2.42,1
1208812,2025-05-15 17:00:00,2024,Regular Season - 36,140,La Liga,728,543,Rayo Vallecano,Real Betis,2,2,3.16,3.24,2.45,1.98,1.9,1
1208384,2025-05-16 18:30:00,2024,Regular Season - 37,39,Premier League,66,47,Aston Villa,Tottenham,2,0,1.35,5,7,1.36,3,1
1208387,2025-05-16 19:15:00,2024,Regular Season - 37,39,Premier League,49,33,Chelsea,Manchester United,1,0,1.41,4.9,7.5,1.5,2.55,1
1224272,2025-05-17 13:30:00,2024,Regular Season - 34,78,Bundesliga,173,172,RB Leipzig,VfB Stuttgart,2,3,2,4,3.1,1.33,3.1,1
1224273,2025-05-17 13:30:00,2024,Regular Season - 34,78,Bundesliga,165,191,Borussia Dortmund,Holstein Kiel,3,0,1.08,12,19,1.14,5.5,1
1224274,2025-05-17 13:30:00,2024,Regular Season - 34,78,Bundesliga,167,157,1899 Hoffenheim,Bayern München,0,4,5,5,1.5,1.25,3.8,1
1224275,2025-05-17 13:30:00,2024,Regular Season - 34,78,Bundesliga,180,162,1. FC Heidenheim,Werder Bremen,1,4,2.28,3.8,2.75,1.43,2.55,1
1224276,2025-05-17 13:30:00,2024,Regular Season - 34,78,Bundesliga,160,169,SC Freiburg,Eintracht Frankfurt,1,3,2.3,3.65,2.75,1.5,2.38,1
1224277,2025-05-17 13:30:00,2024,Regular Season - 34,78,Bundesliga,170,182,FC Augsburg,Union Berlin,1,2,2.14,3.62,3.67,1.7,2.33,1
1224278,2025-05-17 13:30:00,2024,Regular Season - 34,78,Bundesliga,164,168,FSV Mainz 05,Bayer Leverkusen,2,2,2.12,3.8,3,1.38,2.75,1
1224279,2025-05-17 13:30:00,2024,Regular Season - 34,78,Bundesliga,163,161,Borussia Mönchengladbach,VfL Wolfsburg,0,1,2.2,4,2.75,1.3,3.2,1
1224280,2025-05-17 13:30:00,2024,Regular Season - 34,78,Bundesliga,186,176,FC St. Pauli,VfL Bochum,0,2,1.65,4.2,4.6,1.58,2.41,1
1223957,2025-05-17 18:45:00,2024,Regular Season - 37,135,Serie A,495,499,Genoa,Atalanta,2,3,5.1,4,1.79,1.89,2.08,1
1208389,2025-05-18 11:00:00,2024,Regular Season - 37,39,Premier League,45,41,Everton,Southampton,2,0,1.375,4.725,7.575,1.755,2.025,2
1208392,2025-05-18 13:15:00,2024,Regular Season - 37,39,Premier League,48,65,West Ham,Nottingham Forest,1,2,2.83,3.44,2.57,1.98,1.91,1
1208385,2025-05-18 14:00:00,2024,Regular Season - 37,39,Premier League,55,36,Brentford,Fulham,2,3,1.99,3.7,3.335,1.59,2.28,2
1208390,2025-05-18 14:00:00,2024,Regular Season - 37,39,Premier League,46,57,Leicester,Ipswich,2,0,2.19,3.575,2.98,1.69,2.11,2
1208383,2025-05-18 15:30:00,2024,Regular Season - 37,39,Premier League,42,34,Arsenal,Newcastle,1,0,1.9849999999999999,3.55,3.4749999999999996,1.71,2.085,2
1208818,2025-05-18 17:00:00,2024,Regular Season - 37,140,La Liga,530,543,Atletico Madrid,Real Betis,4,1,1.93,3.96,4.1,1.8,2.18,1
1208819,2025-05-18 17:00:00,2024,Regular Season - 37,140,La Liga,529,533,Barcelona,Villarreal,2,3,1.91,4,3.3,1.35,3,1
1208820,2025-05-18 17:00:00,2024,Regular Season - 37,140,La Liga,538,728,Celta Vigo,Rayo Vallecano,1,2,1.82,4,4.62,1.82,2.15,1
1208822,2025-05-18 17:00:00,2024,Regular Season - 37,140,La Liga,798,546,Mallorca,Getafe,1,2,2.05,3,3.9,2.5,1.44,1
1208823,2025-05-18 17:00:00,2024,Regular Season - 37,140,La Liga,548,547,Real Sociedad,Girona,3,2,2.19,3.17,4.09,2.15,1.82,1
1208824,2025-05-18 17:00:00,2024,Regular Season - 37,140,La Liga,536,541,Sevilla,Real Madrid,0,2,3.95,3.95,1.85,1.6,2.36,1
1208825,2025-05-18 17:00:00,2024,Regular Season - 37,140,La Liga,720,542,Valladolid,Alaves,0,1,6.4,3.95,1.58,2.06,1.78,1
1208826,2025-05-18 17:00:00,2024,Regular Season - 37,140,La Liga,534,537,Las Palmas,Leganes,0,1,2.9,3.52,2.38,1.83,2.03,1
1223955,2025-05-18 18:45:00,2024,Regular Season - 37,135,Serie A,490,517,Cagliari,Venezia,3,0,2.58,2.98,3.1,2.16,1.71,1
1223956,2025-05-18 18:45:00,2024,Regular Season - 37,135,Serie A,502,500,Fiorentina,Bologna,3,2,2.98,3.15,2.52,2.15,1.72,1
1223958,2025-05-18 18:45:00,2024,Regular Season - 37,135,Serie A,504,895,Verona,Como,1,1,3.58,3.41,2.17,2.02,1.87,1
1223959,2025-05-18 18:45:00,2024,Regular Season - 37,135,Serie A,505,487,Inter,Lazio,2,2,1.62,4.15,5.4,1.78,2.06,1
1223960,2025-05-18 18:45:00,2024,Regular Season - 37,135,Serie A,496,494,Juventus,Udinese,2,0,1.32,5.3,10.81,1.89,1.99,1
1223961,2025-05-18 18:45:00,2024,Regular Season - 37,135,Serie A,867,503,Lecce,Torino,1,0,1.88,3.45,4.45,2.25,1.66,1
1223962,2025-05-18 18:45:00,2024,Regular Season - 37,135,Serie A,1579,511,Monza,Empoli,1,3,5.4,3.7,1.68,2.15,1.72,1
1223963,2025-05-18 18:45:00,2024,Regular Season - 37,135,Serie A,523,492,Parma,Napoli,0,0,6.71,4.37,1.52,1.91,1.98,1
1223964,2025-05-18 18:45:00,2024,Regular Season - 37,135,Serie A,497,489,AS Roma,AC Milan,3,1,2.38,3.55,2.88,1.71,2.16,1
1208386,2025-05-19 19:00:00,2024,Regular Season - 37,39,Premier League,51,40,Brighton,Liverpool,3,2,2.5,3.8,2.45,1.44,2.62,1
1208388,2025-05-20 19:00:00,2024,Regular Season - 37,39,Premier League,52,39,Crystal Palace,Wolves,4,2,2.61,3.34,2.85,1.91,1.98,1
1208391,2025-05-20 19:00:00,2024,Regular Season - 37,39,Premier League,50,35,Manchester City,Bournemouth,3,1,1.44,4.5,5.8,1.5,2.5,1
1375862,2025-05-22 18:30:00,2024,Relegation Round,78,Bundesliga,180,1660,1. FC Heidenheim,SV Elversberg,2,2,2.24,3.59,3.07,1.84,2.02,1
1223967,2025-05-23 18:45:00,2024,Regular Season - 38,135,Serie A,895,505,Como,Inter,0,2,4.6,4,1.62,1.62,2.2,1
1223971,2025-05-23 18:45:00,2024,Regular Season - 38,135,Serie A,492,490,Napoli,Cagliari,2,0,1.15,7.5,15,1.44,2.5,1
1208828,2025-05-23 19:00:00,2024,Regular Season - 38,140,La Liga,543,532,Real Betis,Valencia,1,1,2.14,3.79,3.52,1.68,2.38,1
1208829,2025-05-24 14:15:00,2024,Regular Season - 38,140,La Liga,541,548,Real Madrid,Real Sociedad,2,0,1.4,4.8,7,1.4,2.75,1
1223966,2025-05-24 16:00:00,2024,Regular Season - 38,135,Serie A,500,495,Bologna,Genoa,1,3,1.45,4.6,6.5,1.7,2.1,1
1208831,2025-05-24 16:30:00,2024,Regular Season - 38,140,La Liga,537,720,Leganes,Valladolid,3,0,1.37,5.66,9.35,1.73,2.28,1
1223970,2025-05-24 18:45:00,2024,Regular Season - 38,135,Serie A,489,1579,AC Milan,Monza,2,0,1.25,6,9.5,1.33,3.2,1
1208833,2025-05-24 19:00:00,2024,Regular Season - 38,140,La Liga,546,538,Getafe,Celta Vigo,1,2,4.47,3.75,1.9,2.14,1.83,1
1208834,2025-05-24 19:00:00,2024,Regular Season - 38,140,La Liga,728,798,Rayo Vallecano,Mallorca,0,0,1.58,4.33,6.69,2.14,1.83,1
1208832,2025-05-25 12:00:00,2024,Regular Season - 38,140,La Liga,547,530,Girona,Atletico Madrid,0,4,3.65,3.86,2.07,1.67,2.4,1
1208835,2025-05-25 14:15:00,2024,Regular Season - 38,140,La Liga,533,536,Villarreal,Sevilla,4,2,1.41,5,6,1.41,2.63,1
1208393,2025-05-25 15:00:00,2024,Regular Season - 38,39,Premier League,35,46,Bournemouth,Leicester,2,0,1.3,5.5,8,1.4,2.62,1
1208394,2025-05-25 15:00:00,2024,Regular Season - 38,39,Premier League,36,50,Fulham,Manchester City,0,2,4.8,4.2,1.6,1.5,2.4,1
1208395,2025-05-25 15:00:00,2024,Regular Season - 38,39,Premier League,57,48,Ipswich,West Ham,1,3,2.9,3.75,2.15,1.44,2.6,2
1208396,2025-05-25 15:00:00,2024,Regular Season - 38,39,Premier League,40,52,Liverpool,Crystal Palace,1,1,1.36,5,6,1.25,3.6,1
1208397,2025-05-25 15:00:00,2024,Regular Season - 38,39,Premier League,33,66,Manchester United,Aston Villa,2,0,4.42,4.33,1.76,1.65,2.39,1
1208398,2025-05-25 15:00:00,2024,Regular Season - 38,39,Premier League,34,45,Newcastle,Everton,0,1,1.27,5.75,9.5,1.43,2.6,1
1208399,2025-05-25 15:00:00,2024,Regular Season - 38,39,Premier League,65,49,Nottingham Forest,Chelsea,0,1,2.97,3.65,2.18,1.65,2.15,1
1208400,2025-05-25 15:00:00,2024,Regular Season - 38,39,Premier League,41,42,Southampton,Arsenal,1,2,10,6,1.25,1.36,2.8,1
1208401,2025-05-25 15:00:00,2024,Regular Season - 38,39,Premier League,47,51,Tottenham,Brighton,1,4,4.33,4.33,1.62,1.3,3.1,1
1208402,2025-05-25 15:00:00,2024,Regular Season - 38,39,Premier League,39,55,Wolves,Brentford,1,1,2.8,3.675,2.225,1.505,2.425,2
1223965,2025-05-25 18:45:00,2024,Regular Season - 38,135,Serie A,499,523,Atalanta,Parma,2,3,1.75,3.7,4.95,1.72,2.15,1
1223968,2025-05-25 18:45:00,2024,Regular Season - 38,135,Serie A,511,504,Empoli,Verona,1,2,2.05,3.3,3.95,2.47,1.56,1
1223969,2025-05-25 18:45:00,2024,Regular Season - 38,135,Serie A,487,867,Lazio,Lecce,0,1,1.55,3.95,6.4,1.78,2.06,1
1223972,2025-05-25 18:45:00,2024,Regular Season - 38,135,Serie A,503,497,Torino,AS Roma,0,2,5.95,4.3,1.55,1.84,1.99,1
1223973,2025-05-25 18:45:00,2024,Regular Season - 38,135,Serie A,494,502,Udinese,Fiorentina,2,3,3.7,3.7,1.98,1.97,1.86,1
1223974,2025-05-25 18:45:00,2024,Regular Season - 38,135,Serie A,517,496,Venezia,Juventus,2,3,5.95,4.3,1.55,1.81,2.02,1
1375863,2025-05-26 18:30:00,2024,Relegation Round,78,Bundesliga,1660,180,SV Elversberg,1. FC Heidenheim,1,2,2.3,3.3,2.9,1.73,2,1
1390824,2025-08-15 17:00:00,2025,Regular Season - 1,140,La Liga,547,728,Girona,Rayo Vallecano,1,3,2.3520000000000003,3.254,3.106,2.1100000000000003,1.7420000000000002,5
1387706,2025-08-15 18:45:00,2025,Regular Season - 1,61,Ligue 1,94,81,Rennes,Marseille,1,0,3.632,3.75,1.966,1.672,2.234,5
1378969,2025-08-15 19:00:00,2025,Regular Season - 1,39,Premier League,40,35,Liverpool,Bournemouth,4,2,1.31,5.652,8.870000000000001,1.402,2.8299999999999996,5
1390828,2025-08-15 19:30:00,2025,Regular Season - 1,140,La Liga,533,718,Villarreal,Oviedo,2,0,1.374,4.824,8.61,1.89,1.9460000000000002,5
1378970,2025-08-16 11:30:00,2025,Regular Season - 1,39,Premier League,66,34,Aston Villa,Newcastle,0,0,2.272,3.586,2.9480000000000004,1.6280000000000001,2.276,5
1378971,2025-08-16 14:00:00,2025,Regular Season - 1,39,Premier League,51,36,Brighton,Fulham,1,1,1.8920000000000001,3.592,3.9839999999999995,1.7220000000000002,2.122,5
1378973,2025-08-16 14:00:00,2025,Regular Season - 1,39,Premier League,746,48,Sunderland,West Ham,3,0,3.1659999999999995,3.3579999999999997,2.27,1.8799999999999997,1.9300000000000002,5
1378974,2025-08-16 14:00:00,2025,Regular Season - 1,39,Premier League,47,44,Tottenham,Burnley,3,0,1.36,4.868,8.72,1.682,2.178,5
1387701,2025-08-16 15:00:00,2025,Regular Season - 1,61,Ligue 1,116,80,Lens,Lyon,0,1,2.2960000000000003,3.5840000000000005,2.96,1.698,2.1740000000000004,5
1378975,2025-08-16 16:30:00,2025,Regular Season - 1,39,Premier League,39,50,Wolves,Manchester City,0,4,6.465999999999999,4.598000000000001,1.4539999999999997,1.634,2.2660000000000005,5
1387703,2025-08-16 17:00:00,2025,Regular Season - 1,61,Ligue 1,91,111,Monaco,Le Havre,3,1,1.344,5.338,8.16,1.5260000000000002,2.4560000000000004,5
1390825,2025-08-16 17:30:00,2025,Regular Season - 1,140,La Liga,798,529,Mallorca,Barcelona,0,3,5.532,4.386,1.542,1.672,2.236,5
1387705,2025-08-16 19:05:00,2025,Regular Season - 1,61,Ligue 1,84,96,Nice,Toulouse,0,1,2.0520000000000005,3.466,3.66,2.002,1.8379999999999999,5
1390819,2025-08-16 19:30:00,2025,Regular Season - 1,140,La Liga,542,539,Alaves,Levante,2,1,2.2939999999999996,3.036,3.464,2.576,1.494,5
1390827,2025-08-16 19:30:00,2025,Regular Season - 1,140,La Liga,532,548,Valencia,Real Sociedad,1,1,2.71,2.886,2.9620000000000006,2.9059999999999997,1.3980000000000001,5
1378972,2025-08-17 13:00:00,2025,Regular Season - 1,39,Premier League,65,55,Nottingham Forest,Brentford,3,1,2.082,3.482,3.4800000000000004,1.886,1.918,5
1378976,2025-08-17 13:00:00,2025,Regular Season - 1,39,Premier League,49,52,Chelsea,Crystal Palace,0,0,1.594,4.192,5.218000000000001,1.672,2.1960000000000006,5
1387700,2025-08-17 13:00:00,2025,Regular Season - 1,61,Ligue 1,106,79,Stade Brestois 29,Lille,3,3,3.646,3.622,1.9979999999999998,1.89,1.9460000000000002,5
1390821,2025-08-17 15:00:00,2025,Regular Season - 1,140,La Liga,538,546,Celta Vigo,Getafe,0,2,1.658,3.6059999999999994,5.741999999999999,2.384,1.584,5
1387698,2025-08-17 15:15:00,2025,Regular Season - 1,61,Ligue 1,77,114,Angers,Paris FC,1,0,3.032,3.194,2.444,2.138,1.7200000000000002,5
1387699,2025-08-17 15:15:00,2025,Regular Season - 1,61,Ligue 1,108,97,Auxerre,Lorient,1,0,2.38,3.41,2.972,1.948,1.892,5
1387702,2025-08-17 15:15:00,2025,Regular Season - 1,61,Ligue 1,112,95,Metz,Strasbourg,0,1,3.1079999999999997,3.404,2.2979999999999996,1.918,1.916,5
1378977,2025-08-17 15:30:00,2025,Regular Season - 1,39,Premier League,33,42,Manchester United,Arsenal,0,1,3.4480000000000004,3.492,2.08,1.8739999999999999,1.9280000000000002,5
1390820,2025-08-17 17:30:00,2025,Regular Season - 1,140,La Liga,531,536,Athletic Club,Sevilla,3,2,1.652,3.742,5.562,2.114,1.732,5
1387704,2025-08-17 18:45:00,2025,Regular Season - 1,61,Ligue 1,83,85,Nantes,Paris Saint Germain,0,1,8.129999999999999,5.3580000000000005,1.344,1.452,2.6699999999999995,5
1390823,2025-08-17 19:30:00,2025,Regular Season - 1,140,La Liga,540,530,Espanyol,Atletico Madrid,2,1,6.739999999999999,4.046,1.524,2.098,1.754,5
1378978,2025-08-18 19:00:00,2025,Regular Season - 1,39,Premier League,63,45,Leeds,Everton,1,0,2.5300000000000002,3.314,2.784,2.1079999999999997,1.7239999999999998,5
1390822,2025-08-18 19:00:00,2025,Regular Season - 1,140,La Liga,797,543,Elche,Real Betis,1,1,3.106,3.306,2.346,2.11,1.748,5
1390826,2025-08-19 19:00:00,2025,Regular Season - 1,140,La Liga,541,727,Real Madrid,Osasuna,1,0,1.252,5.970000000000001,11.75,1.5900000000000003,2.382,5
1388308,2025-08-22 18:30:00,2025,Regular Season - 1,78,Bundesliga,157,173,Bayern München,RB Leipzig,6,0,1.238,7.029999999999999,10.190000000000001,1.228,4.066,5
1387713,2025-08-22 18:45:00,2025,Regular Season - 2,61,Ligue 1,85,77,Paris Saint Germain,Angers,1,0,1.0900000000000003,10.559999999999999,26.2,1.204,4.214,5
1378988,2025-08-22 19:00:00,2025,Regular Season - 2,39,Premier League,48,49,West Ham,Chelsea,1,5,4.638,3.9260000000000006,1.7240000000000002,1.7100000000000002,2.154,5
1390831,2025-08-22 19:30:00,2025,Regular Season - 2,140,La Liga,543,542,Real Betis,Alaves,1,0,1.798,3.496,4.851999999999999,2.134,1.7220000000000002,5
1378986,2025-08-23 11:30:00,2025,Regular Season - 2,39,Premier League,50,47,Manchester City,Tottenham,0,2,1.46,4.638,6.234,1.466,2.628,5
1388309,2025-08-23 13:30:00,2025,Regular Season - 1,78,Bundesliga,168,167,Bayer Leverkusen,1899 Hoffenheim,1,2,1.508,4.688,5.534000000000001,1.454,2.682,5
1388311,2025-08-23 13:30:00,2025,Regular Season - 1,78,Bundesliga,169,162,Eintracht Frankfurt,Werder Bremen,4,1,1.7600000000000002,3.9840000000000004,4.266,1.6199999999999999,2.3280000000000003,5
1388312,2025-08-23 13:30:00,2025,Regular Season - 1,78,Bundesliga,160,170,SC Freiburg,FC Augsburg,1,3,1.8219999999999998,3.678,4.3020000000000005,1.906,1.916,5
1388313,2025-08-23 13:30:00,2025,Regular Season - 1,78,Bundesliga,180,161,1. FC Heidenheim,VfL Wolfsburg,1,3,3.1339999999999995,3.492,2.228,1.7099999999999997,2.166,5
1388316,2025-08-23 13:30:00,2025,Regular Season - 1,78,Bundesliga,182,172,Union Berlin,VfB Stuttgart,2,1,3.4339999999999997,3.636,2.06,1.6960000000000002,2.1860000000000004,5
1378980,2025-08-23 14:00:00,2025,Regular Season - 2,39,Premier League,35,39,Bournemouth,Wolves,1,0,1.8379999999999999,3.678,4.242,1.7440000000000002,2.104,5
1378981,2025-08-23 14:00:00,2025,Regular Season - 2,39,Premier League,55,66,Brentford,Aston Villa,1,0,3.2020000000000004,3.5520000000000005,2.176,1.77,2.056,5
1378982,2025-08-23 14:00:00,2025,Regular Season - 2,39,Premier League,44,746,Burnley,Sunderland,2,0,2.282,3.232,3.2600000000000002,2.272,1.6420000000000001,5
1387711,2025-08-23 15:00:00,2025,Regular Season - 2,61,Ligue 1,81,114,Marseille,Paris FC,5,2,1.408,4.65,7.43,1.7580000000000002,2.0439999999999996,5
1390833,2025-08-23 15:00:00,2025,Regular Season - 2,140,La Liga,798,538,Mallorca,Celta Vigo,1,1,3.068,3.232,2.376,2.2560000000000002,1.652,5
1377867,2025-08-23 16:30:00,2025,Regular Season - 1,135,Serie A,495,867,Genoa,Lecce,0,0,2.004,3.2359999999999998,4.064,2.306,1.6300000000000001,5
1377872,2025-08-23 16:30:00,2025,Regular Season - 1,135,Serie A,488,492,Sassuolo,Napoli,0,2,6.066,4.044,1.5640000000000003,1.936,1.886,5
1378979,2025-08-23 16:30:00,2025,Regular Season - 2,39,Premier League,42,63,Arsenal,Leeds,5,0,1.29,5.71,9.68,1.5260000000000002,2.4699999999999998,5
1388315,2025-08-23 16:30:00,2025,Regular Season - 1,78,Bundesliga,186,165,FC St. Pauli,Borussia Dortmund,3,3,4.5280000000000005,3.8619999999999997,1.748,1.7879999999999998,2.054,5
1387712,2025-08-23 17:00:00,2025,Regular Season - 2,61,Ligue 1,84,108,Nice,Auxerre,3,1,1.642,3.9939999999999998,5.01,1.764,2.032,5
1390830,2025-08-23 17:30:00,2025,Regular Season - 2,140,La Liga,530,797,Atletico Madrid,Elche,1,1,1.27,5.368,12.57,1.8259999999999998,2.004,5
1377870,2025-08-23 18:45:00,2025,Regular Season - 1,135,Serie A,489,520,AC Milan,Cremonese,1,2,1.354,5.102,8.459999999999999,1.6480000000000001,2.276,5
1377871,2025-08-23 18:45:00,2025,Regular Season - 1,135,Serie A,497,500,AS Roma,Bologna,1,0,2.138,3.2620000000000005,3.5759999999999996,2.138,1.7200000000000002,5
1387710,2025-08-23 19:05:00,2025,Regular Season - 2,61,Ligue 1,80,112,Lyon,Metz,3,0,1.528,4.302,5.696,1.672,2.178,5
1390832,2025-08-23 19:30:00,2025,Regular Season - 2,140,La Liga,539,529,Levante,Barcelona,2,3,8.98,5.664,1.312,1.3980000000000001,2.8939999999999997,5
1378983,2025-08-24 13:00:00,2025,Regular Season - 2,39,Premier League,52,65,Crystal Palace,Nottingham Forest,1,1,2.184,3.372,3.332,1.9780000000000002,1.8399999999999999,5
1378984,2025-08-24 13:00:00,2025,Regular Season - 2,39,Premier League,45,51,Everton,Brighton,2,0,2.7760000000000007,3.338,2.5140000000000002,1.936,1.8780000000000001,5
1387709,2025-08-24 13:00:00,2025,Regular Season - 2,61,Ligue 1,97,94,Lorient,Rennes,4,0,2.582,3.478,2.582,1.828,1.956,5
1388314,2025-08-24 13:30:00,2025,Regular Season - 1,78,Bundesliga,164,192,FSV Mainz 05,1. FC Köln,0,1,1.8199999999999998,3.7300000000000004,4.236,1.832,2.008,5
1390834,2025-08-24 15:00:00,2025,Regular Season - 2,140,La Liga,727,532,Osasuna,Valencia,1,0,2.268,3.278,3.29,2.2100000000000004,1.6799999999999997,5
1387707,2025-08-24 15:15:00,2025,Regular Season - 2,61,Ligue 1,111,116,Le Havre,Lens,1,2,3.622,3.4799999999999995,2,1.9460000000000002,1.8399999999999999,5
1387714,2025-08-24 15:15:00,2025,Regular Season - 2,61,Ligue 1,95,83,Strasbourg,Nantes,1,0,1.874,3.558,4.095999999999999,1.9420000000000002,1.844,5
1378985,2025-08-24 15:30:00,2025,Regular Season - 2,39,Premier League,36,33,Fulham,Manchester United,1,1,2.7220000000000004,3.472,2.528,1.8,2.028,5
1388310,2025-08-24 15:30:00,2025,Regular Season - 1,78,Bundesliga,163,175,Borussia Mönchengladbach,Hamburger SV,0,0,1.8659999999999997,3.9,3.8340000000000005,1.5240000000000002,2.474,5
1377865,2025-08-24 16:30:00,2025,Regular Season - 1,135,Serie A,490,502,Cagliari,Fiorentina,1,1,3.1,3.25,2.358,2.082,1.7680000000000002,5
1377866,2025-08-24 16:30:00,2025,Regular Season - 1,135,Serie A,895,487,Como,Lazio,2,0,2.452,3.31,2.912,2.018,1.818,5
1390835,2025-08-24 17:30:00,2025,Regular Season - 2,140,La Liga,548,540,Real Sociedad,Espanyol,2,2,1.802,3.46,4.868,2.2520000000000002,1.656,5
1390838,2025-08-24 17:30:00,2025,Regular Season - 2,140,La Liga,533,547,Villarreal,Girona,5,0,1.584,4.122,5.532,1.6940000000000002,2.192,5
1377864,2025-08-24 18:45:00,2025,Regular Season - 1,135,Serie A,499,801,Atalanta,Pisa,1,1,1.416,4.85,7.0120000000000005,1.636,2.29,5
1377869,2025-08-24 18:45:00,2025,Regular Season - 1,135,Serie A,496,523,Juventus,Parma,2,0,1.468,4.383999999999999,6.731999999999999,1.782,2.062,5
1387708,2025-08-24 18:45:00,2025,Regular Season - 2,61,Ligue 1,79,91,Lille,Monaco,1,0,2.8359999999999994,3.428,2.396,1.828,1.956,5
1390836,2025-08-24 19:30:00,2025,Regular Season - 2,140,La Liga,718,541,Oviedo,Real Madrid,0,3,9.93,5.282,1.314,1.7420000000000002,2.12,5
1377873,2025-08-25 16:30:00,2025,Regular Season - 1,135,Serie A,494,504,Udinese,Hellas Verona,1,1,1.972,3.2980000000000005,4.14,2.1740000000000004,1.698,5
1390829,2025-08-25 17:30:00,2025,Regular Season - 2,140,La Liga,531,728,Athletic Club,Rayo Vallecano,1,0,1.7100000000000002,3.5780000000000003,5.31,2.2399999999999998,1.666,5
1377868,2025-08-25 18:45:00,2025,Regular Season - 1,135,Serie A,505,503,Inter,Torino,5,0,1.434,4.618,6.95,1.7200000000000002,2.138,5
1378987,2025-08-25 19:00:00,2025,Regular Season - 2,39,Premier League,34,40,Newcastle,Liverpool,2,3,3.5740000000000003,3.8,1.952,1.544,2.42,5
1390837,2025-08-25 19:30:00,2025,Regular Season - 2,140,La Liga,536,546,Sevilla,Getafe,1,2,2.2439999999999998,3.148,3.474,2.4699999999999998,1.56,5
1390871,2025-08-27 19:00:00,2025,Regular Season - 6,140,La Liga,538,543,Celta Vigo,Real Betis,1,1,2.5040000000000004,3.518,2.7520000000000002,1.832,2.028,5
1377875,2025-08-29 16:30:00,2025,Regular Season - 2,135,Serie A,520,488,Cremonese,Sassuolo,3,2,2.4,3.4299999999999997,2.886,1.752,2.104,5
1390842,2025-08-29 17:30:00,2025,Regular Season - 3,140,La Liga,797,539,Elche,Levante,2,0,2.05,3.4260000000000006,3.622,2.0999999999999996,1.7559999999999998,5
1388320,2025-08-29 18:30:00,2025,Regular Season - 2,78,Bundesliga,175,186,Hamburger SV,FC St. Pauli,0,2,2.266,3.414,3.138,1.8219999999999998,2.008,5
1377879,2025-08-29 18:45:00,2025,Regular Season - 2,135,Serie A,867,489,Lecce,AC Milan,0,2,5.172,3.81,1.684,1.984,1.8419999999999999,5
1387718,2025-08-29 18:45:00,2025,Regular Season - 3,61,Ligue 1,116,106,Lens,Stade Brestois 29,3,1,1.8685714285714288,3.7042857142857146,4.062857142857143,1.827142857142857,1.9971428571428569,7
1390848,2025-08-29 19:30:00,2025,Regular Season - 3,140,La Liga,532,546,Valencia,Getafe,3,0,2.068,3,4.244,2.8579999999999997,1.4099999999999997,5
1378991,2025-08-30 11:30:00,2025,Regular Season - 3,39,Premier League,49,36,Chelsea,Fulham,2,0,1.546,4.311999999999999,5.632,1.746,2.1020000000000003,5
1388321,2025-08-30 13:30:00,2025,Regular Season - 2,78,Bundesliga,167,169,1899 Hoffenheim,Eintracht Frankfurt,1,3,2.81,3.726,2.332,1.546,2.412,5
1388322,2025-08-30 13:30:00,2025,Regular Season - 2,78,Bundesliga,173,180,RB Leipzig,1. FC Heidenheim,2,0,1.472,4.628,6.058,1.624,2.316,5
1388323,2025-08-30 13:30:00,2025,Regular Season - 2,78,Bundesliga,172,163,VfB Stuttgart,Borussia Mönchengladbach,1,0,1.638,4.3420000000000005,4.708,1.446,2.7039999999999997,5
1388324,2025-08-30 13:30:00,2025,Regular Season - 2,78,Bundesliga,162,168,Werder Bremen,Bayer Leverkusen,3,3,3.3800000000000003,3.7619999999999996,2.028,1.5480000000000003,2.39,5
1378994,2025-08-30 14:00:00,2025,Regular Season - 3,39,Premier League,33,44,Manchester United,Burnley,3,2,1.356,5.018,8.59,1.752,2.098,5
1378996,2025-08-30 14:00:00,2025,Regular Season - 3,39,Premier League,746,55,Sunderland,Brentford,2,1,2.5780000000000003,3.372,2.7199999999999998,1.9459999999999997,1.876,5
1378997,2025-08-30 14:00:00,2025,Regular Season - 3,39,Premier League,47,35,Tottenham,Bournemouth,0,1,1.8900000000000001,3.724,3.896,1.624,2.304,5
1378998,2025-08-30 14:00:00,2025,Regular Season - 3,39,Premier League,39,45,Wolves,Everton,2,3,2.8880000000000003,3.1399999999999997,2.61,2.2380000000000004,1.668,5
1387719,2025-08-30 15:00:00,2025,Regular Season - 3,61,Ligue 1,97,79,Lorient,Lille,1,7,3.3128571428571427,3.512857142857143,2.1371428571428575,1.887142857142857,1.93,7
1390839,2025-08-30 15:00:00,2025,Regular Season - 3,140,La Liga,542,530,Alaves,Atletico Madrid,1,1,4.396,3.5100000000000002,1.8519999999999999,2.138,1.7200000000000002,5
1377874,2025-08-30 16:30:00,2025,Regular Season - 2,135,Serie A,500,895,Bologna,Como,1,0,2.152,3.364,3.444,1.948,1.888,5
1377881,2025-08-30 16:30:00,2025,Regular Season - 2,135,Serie A,523,499,Parma,Atalanta,1,1,4.395999999999999,3.6979999999999995,1.8039999999999998,1.7260000000000002,2.126,5
1378992,2025-08-30 16:30:00,2025,Regular Season - 3,39,Premier League,63,34,Leeds,Newcastle,0,0,3.418,3.4619999999999997,2.1119999999999997,1.7899999999999998,2.032,5
1388317,2025-08-30 16:30:00,2025,Regular Season - 2,78,Bundesliga,170,157,FC Augsburg,Bayern München,2,3,8.5,5.814,1.31,1.3800000000000001,3.002,5
1387722,2025-08-30 17:00:00,2025,Regular Season - 3,61,Ligue 1,83,108,Nantes,Auxerre,1,0,2.242857142857143,3.2785714285714285,3.29,2.1228571428571428,1.7257142857142858,7
1390847,2025-08-30 17:00:00,2025,Regular Season - 3,140,La Liga,718,548,Oviedo,Real Sociedad,1,0,3.714,3.154,2.1420000000000003,2.364,1.596,5
1390844,2025-08-30 17:30:00,2025,Regular Season - 3,140,La Liga,547,536,Girona,Sevilla,0,2,2.172,3.3340000000000005,3.4219999999999997,2.136,1.7200000000000002,5
1377880,2025-08-30 18:45:00,2025,Regular Season - 2,135,Serie A,492,490,Napoli,Cagliari,1,0,1.316,5.032,10.48,1.7920000000000003,2.0340000000000003,5
1377882,2025-08-30 18:45:00,2025,Regular Season - 2,135,Serie A,801,497,Pisa,AS Roma,0,1,5.382,3.7099999999999995,1.682,1.9579999999999997,1.8799999999999997,5
1387724,2025-08-30 19:05:00,2025,Regular Season - 3,61,Ligue 1,96,85,Toulouse,Paris Saint Germain,3,6,8.291666666666666,5.1466666666666665,1.3533333333333335,1.5750000000000002,2.3916666666666666,6
1390846,2025-08-30 19:30:00,2025,Regular Season - 3,140,La Liga,541,798,Real Madrid,Mallorca,2,1,1.236,6.058,12.26,1.636,2.29,5
1378990,2025-08-31 13:00:00,2025,Regular Season - 3,39,Premier League,51,50,Brighton,Manchester City,2,1,4.337999999999999,3.88,1.77,1.544,2.4200000000000004,5
1378995,2025-08-31 13:00:00,2025,Regular Season - 3,39,Premier League,65,48,Nottingham Forest,West Ham,0,3,1.718,3.66,5.104,2.008,1.814,5
1387716,2025-08-31 13:00:00,2025,Regular Season - 3,61,Ligue 1,77,94,Angers,Rennes,1,1,3.3857142857142852,3.4299999999999997,2.1357142857142857,2.0071428571428567,1.8042857142857145,7
1388325,2025-08-31 13:30:00,2025,Regular Season - 2,78,Bundesliga,161,164,VfL Wolfsburg,FSV Mainz 05,1,1,2.2960000000000003,3.478,3.0100000000000002,1.7420000000000002,2.104,5
1390841,2025-08-31 15:00:00,2025,Regular Season - 3,140,La Liga,538,533,Celta Vigo,Villarreal,1,1,2.6119999999999997,3.522,2.5940000000000003,1.738,2.1220000000000003,5
1387717,2025-08-31 15:15:00,2025,Regular Season - 3,61,Ligue 1,111,84,Le Havre,Nice,3,1,3.537142857142858,3.5471428571428567,2.0385714285714287,1.877142857142857,1.9414285714285715,7
1387721,2025-08-31 15:15:00,2025,Regular Season - 3,61,Ligue 1,91,95,Monaco,Strasbourg,3,2,1.5416666666666667,4.353333333333333,5.53,1.6283333333333336,2.2883333333333336,6
1387723,2025-08-31 15:15:00,2025,Regular Season - 3,61,Ligue 1,114,112,Paris FC,Metz,3,2,1.8585714285714285,3.5828571428571427,4.191428571428572,2,1.8257142857142856,7
1378993,2025-08-31 15:30:00,2025,Regular Season - 3,39,Premier League,40,42,Liverpool,Arsenal,1,0,1.9939999999999998,3.518,3.6759999999999997,1.85,1.9780000000000002,5
1388318,2025-08-31 15:30:00,2025,Regular Season - 2,78,Bundesliga,165,182,Borussia Dortmund,Union Berlin,3,0,1.3780000000000001,5.264,7.2700000000000005,1.4739999999999998,2.63,5
1377876,2025-08-31 16:30:00,2025,Regular Season - 2,135,Serie A,495,496,Genoa,Juventus,0,1,4.1240000000000006,3.3940000000000006,1.9280000000000002,2.1740000000000004,1.698,5
1377883,2025-08-31 16:30:00,2025,Regular Season - 2,135,Serie A,503,502,Torino,Fiorentina,0,0,3.138,3.2339999999999995,2.3600000000000003,2.2220000000000004,1.674,5
1390840,2025-08-31 17:00:00,2025,Regular Season - 3,140,La Liga,543,531,Real Betis,Athletic Club,1,2,2.6420000000000003,3.15,2.824,2.236,1.666,5
1388319,2025-08-31 17:30:00,2025,Regular Season - 2,78,Bundesliga,192,160,1. FC Köln,SC Freiburg,4,1,2.56,3.306,2.784,1.954,1.8820000000000001,5
1390843,2025-08-31 17:30:00,2025,Regular Season - 3,140,La Liga,540,727,Espanyol,Osasuna,1,0,2.4159999999999995,3.1900000000000004,3.0759999999999996,2.224,1.672,5
1378989,2025-08-31 18:00:00,2025,Regular Season - 3,39,Premier League,66,52,Aston Villa,Crystal Palace,0,3,1.8719999999999999,3.492,4.292,1.968,1.8619999999999997,5
1377877,2025-08-31 18:45:00,2025,Regular Season - 2,135,Serie A,505,494,Inter,Udinese,1,2,1.368,4.938,8.43,1.6420000000000001,2.276,5
1377878,2025-08-31 18:45:00,2025,Regular Season - 2,135,Serie A,487,504,Lazio,Hellas Verona,4,0,1.4620000000000002,4.432,6.851999999999999,1.762,2.09,5
1387720,2025-08-31 18:45:00,2025,Regular Season - 3,61,Ligue 1,80,81,Lyon,Marseille,1,0,2.6966666666666668,3.6466666666666665,2.4283333333333332,1.5416666666666667,2.4,6
1390845,2025-08-31 19:30:00,2025,Regular Season - 3,140,La Liga,728,529,Rayo Vallecano,Barcelona,1,1,7.209999999999999,5.084,1.3959999999999997,1.406,2.888,5
1388326,2025-09-12 18:30:00,2025,Regular Season - 3,78,Bundesliga,168,169,Bayer Leverkusen,Eintracht Frankfurt,3,1,2.248,3.7340000000000004,2.936,1.5540000000000003,2.404,5
1390858,2025-09-12 19:00:00,2025,Regular Season - 4,140,La Liga,536,797,Sevilla,Elche,2,2,2.132,3.396,3.4619999999999997,2.3419999999999996,1.61,5
1378999,2025-09-13 11:30:00,2025,Regular Season - 4,39,Premier League,42,65,Arsenal,Nottingham Forest,3,0,1.444,4.563999999999999,6.890000000000001,1.796,2.024,5
1390854,2025-09-13 12:00:00,2025,Regular Season - 4,140,La Liga,546,718,Getafe,Oviedo,2,0,1.9300000000000002,3.19,4.542,2.718,1.4539999999999997,5
1377885,2025-09-13 13:00:00,2025,Regular Season - 3,135,Serie A,490,523,Cagliari,Parma,2,0,2.294,3.2,3.2600000000000002,2.224,1.672,5
1388329,2025-09-13 13:30:00,2025,Regular Season - 3,78,Bundesliga,160,172,SC Freiburg,VfB Stuttgart,3,1,3.09,3.45,2.268,1.716,2.156,5
1388330,2025-09-13 13:30:00,2025,Regular Season - 3,78,Bundesliga,180,165,1. FC Heidenheim,Borussia Dortmund,0,2,4.714,4.061999999999999,1.6799999999999997,1.544,2.42,5
1388331,2025-09-13 13:30:00,2025,Regular Season - 3,78,Bundesliga,164,173,FSV Mainz 05,RB Leipzig,0,1,2.412,3.532,2.8139999999999996,1.7,2.168,5
1388333,2025-09-13 13:30:00,2025,Regular Season - 3,78,Bundesliga,182,167,Union Berlin,1899 Hoffenheim,2,4,2.4240000000000004,3.3600000000000003,2.9099999999999997,1.9,1.922,5
1388334,2025-09-13 13:30:00,2025,Regular Season - 3,78,Bundesliga,161,192,VfL Wolfsburg,1. FC Köln,3,3,1.902,3.6599999999999993,3.95,1.888,1.952,5
1379000,2025-09-13 14:00:00,2025,Regular Season - 4,39,Premier League,35,51,Bournemouth,Brighton,2,1,2.3920000000000003,3.6199999999999997,2.784,1.686,2.184,5
1379003,2025-09-13 14:00:00,2025,Regular Season - 4,39,Premier League,52,746,Crystal Palace,Sunderland,0,0,1.616,3.932,5.555999999999999,1.9799999999999998,1.848,5
1379004,2025-09-13 14:00:00,2025,Regular Season - 4,39,Premier League,45,66,Everton,Aston Villa,0,0,2.664,3.25,2.7020000000000004,2.086,1.7579999999999998,5
1379005,2025-09-13 14:00:00,2025,Regular Season - 4,39,Premier League,36,63,Fulham,Leeds,1,0,1.9300000000000002,3.598,3.9219999999999997,1.972,1.846,5
1379007,2025-09-13 14:00:00,2025,Regular Season - 4,39,Premier League,34,39,Newcastle,Wolves,1,0,1.4780000000000002,4.458,6.498,1.716,2.1439999999999997,5
1390857,2025-09-13 14:15:00,2025,Regular Season - 4,140,La Liga,548,541,Real Sociedad,Real Madrid,1,2,5.336,3.8920000000000003,1.6479999999999997,1.7760000000000002,2.082,5
1377888,2025-09-13 16:00:00,2025,Regular Season - 3,135,Serie A,496,505,Juventus,Inter,4,3,2.648,3.1100000000000003,2.824,2.1860000000000004,1.69,5
1379008,2025-09-13 16:30:00,2025,Regular Season - 4,39,Premier League,48,47,West Ham,Tottenham,0,3,3.75,3.6380000000000003,1.954,1.814,2.018,5
1388327,2025-09-13 16:30:00,2025,Regular Season - 3,78,Bundesliga,157,175,Bayern München,Hamburger SV,5,0,1.0859999999999999,10.28,27.6,1.256,3.728,5
1390849,2025-09-13 16:30:00,2025,Regular Season - 4,140,La Liga,531,542,Athletic Club,Alaves,0,1,1.638,3.8520000000000003,5.516,2.232,1.668,5
1377887,2025-09-13 18:45:00,2025,Regular Season - 3,135,Serie A,502,492,Fiorentina,Napoli,1,3,3.532,3.3959999999999995,2.1119999999999997,2.082,1.7720000000000002,5
1379001,2025-09-13 19:00:00,2025,Regular Season - 4,39,Premier League,55,49,Brentford,Chelsea,2,2,4.337999999999999,3.7879999999999994,1.7760000000000002,1.798,2.022,5
1390850,2025-09-13 19:00:00,2025,Regular Season - 4,140,La Liga,530,533,Atletico Madrid,Villarreal,2,0,1.842,3.696,4.14,1.656,2.25,5
1377891,2025-09-14 10:30:00,2025,Regular Season - 3,135,Serie A,497,503,AS Roma,Torino,0,1,1.5420000000000003,3.9940000000000007,6.590000000000001,2.028,1.812,5
1390852,2025-09-14 12:00:00,2025,Regular Season - 4,140,La Liga,538,547,Celta Vigo,Girona,1,1,1.7259999999999998,3.846,4.692,1.768,2.072,5
1377884,2025-09-14 13:00:00,2025,Regular Season - 3,135,Serie A,499,867,Atalanta,Lecce,4,1,1.486,4.348000000000001,6.540000000000001,1.6939999999999997,2.188,5
1377890,2025-09-14 13:00:00,2025,Regular Season - 3,135,Serie A,801,494,Pisa,Udinese,0,1,2.8480000000000003,3.104,2.624,2.224,1.672,5
1379002,2025-09-14 13:00:00,2025,Regular Season - 4,39,Premier League,44,40,Burnley,Liverpool,0,1,9.22,5.174,1.3279999999999998,1.608,2.336,5
1387727,2025-09-14 13:00:00,2025,Regular Season - 4,61,Ligue 1,79,96,Lille,Toulouse,2,1,1.934,3.564,3.946,1.8199999999999998,2.0060000000000002,5
1388332,2025-09-14 13:30:00,2025,Regular Season - 3,78,Bundesliga,186,170,FC St. Pauli,FC Augsburg,2,1,2.2039999999999997,3.4560000000000004,3.194,2.068,1.7740000000000002,5
1390855,2025-09-14 14:15:00,2025,Regular Season - 4,140,La Liga,539,543,Levante,Real Betis,2,2,3.2039999999999997,3.4059999999999997,2.2340000000000004,2.008,1.83,5
1387726,2025-09-14 15:15:00,2025,Regular Season - 4,61,Ligue 1,106,114,Stade Brestois 29,Paris FC,1,2,1.9780000000000002,3.5740000000000003,3.8019999999999996,1.8299999999999996,1.996,5
1387729,2025-09-14 15:15:00,2025,Regular Season - 4,61,Ligue 1,112,77,Metz,Angers,1,1,2.166,3.4260000000000006,3.378,2.01,1.816,5
1387731,2025-09-14 15:15:00,2025,Regular Season - 4,61,Ligue 1,85,116,Paris Saint Germain,Lens,2,0,1.246,6.304,10.9,1.506,2.5200000000000005,5
1387733,2025-09-14 15:15:00,2025,Regular Season - 4,61,Ligue 1,95,111,Strasbourg,Le Havre,1,0,1.594,3.9299999999999997,5.758,1.732,2.12,5
1379006,2025-09-14 15:30:00,2025,Regular Season - 4,39,Premier League,50,33,Manchester City,Manchester United,3,0,1.6960000000000002,4.040000000000001,4.621999999999999,1.5880000000000003,2.378,5
1388328,2025-09-14 15:30:00,2025,Regular Season - 3,78,Bundesliga,163,162,Borussia Mönchengladbach,Werder Bremen,0,4,1.7779999999999998,4.06,4.08,1.504,2.55,5
1377892,2025-09-14 16:00:00,2025,Regular Season - 3,135,Serie A,488,487,Sassuolo,Lazio,1,0,3.345999999999999,3.47,2.138,1.8079999999999998,2.0160000000000005,5
1390856,2025-09-14 16:30:00,2025,Regular Season - 4,140,La Liga,727,728,Osasuna,Rayo Vallecano,2,0,2.2640000000000002,3.222,3.3,2.212,1.6799999999999997,5
1377889,2025-09-14 18:45:00,2025,Regular Season - 3,135,Serie A,489,500,AC Milan,Bologna,1,0,1.934,3.528,3.9619999999999997,1.92,1.902,5
1387732,2025-09-14 18:45:00,2025,Regular Season - 4,61,Ligue 1,94,80,Rennes,Lyon,3,1,2.93,3.3880000000000003,2.3979999999999997,2.01,1.81,5
1390851,2025-09-14 19:00:00,2025,Regular Season - 4,140,La Liga,529,532,Barcelona,Valencia,6,0,1.2100000000000002,6.794,11.98,1.3539999999999999,3.09,5
1377893,2025-09-15 16:30:00,2025,Regular Season - 3,135,Serie A,504,520,Hellas Verona,Cremonese,0,0,2.286,3.2619999999999996,3.218,2.1119999999999997,1.75,5
1377886,2025-09-15 18:45:00,2025,Regular Season - 3,135,Serie A,895,495,Como,Genoa,1,1,1.7079999999999997,3.65,5.1819999999999995,2.034,1.8080000000000003,5
1390853,2025-09-15 19:00:00,2025,Regular Season - 4,140,La Liga,540,798,Espanyol,Mallorca,3,2,2.19,3.4259999999999997,3.2360000000000007,2.1860000000000004,1.6960000000000002,5
1388342,2025-09-19 18:30:00,2025,Regular Season - 4,78,Bundesliga,172,186,VfB Stuttgart,FC St. Pauli,2,0,1.666,4.037999999999999,4.882,1.716,2.136,5
1377899,2025-09-19 18:45:00,2025,Regular Season - 4,135,Serie A,867,490,Lecce,Cagliari,1,2,2.688,3.052,2.8,2.586,1.496,5
1387738,2025-09-19 18:45:00,2025,Regular Season - 5,61,Ligue 1,80,77,Lyon,Angers,1,0,1.3459999999999999,5.044,8.809999999999999,1.7420000000000002,2.1,5
1390861,2025-09-19 19:00:00,2025,Regular Season - 5,140,La Liga,543,548,Real Betis,Real Sociedad,3,1,2.128,3.286,3.626,2.024,1.812,5
1379014,2025-09-20 11:30:00,2025,Regular Season - 5,39,Premier League,40,45,Liverpool,Everton,2,1,1.472,4.522,6.448,1.624,2.3019999999999996,5
1390863,2025-09-20 12:00:00,2025,Regular Season - 5,140,La Liga,547,539,Girona,Levante,0,4,1.9939999999999998,3.4539999999999997,3.8259999999999996,1.9579999999999997,1.8820000000000001,5
1377894,2025-09-20 13:00:00,2025,Regular Season - 4,135,Serie A,500,495,Bologna,Genoa,2,1,1.7700000000000002,3.408,5.17,2.374,1.592,5
1388335,2025-09-20 13:30:00,2025,Regular Season - 4,78,Bundesliga,170,164,FC Augsburg,FSV Mainz 05,1,4,2.7220000000000004,3.4200000000000004,2.5799999999999996,1.9459999999999997,1.9080000000000001,5
1388339,2025-09-20 13:30:00,2025,Regular Season - 4,78,Bundesliga,175,180,Hamburger SV,1. FC Heidenheim,2,1,2.032,3.6100000000000003,3.6060000000000003,1.7919999999999998,2.084,5
1388340,2025-09-20 13:30:00,2025,Regular Season - 4,78,Bundesliga,167,157,1899 Hoffenheim,Bayern München,1,4,7.074000000000001,5.196,1.3820000000000001,1.3800000000000003,2.9619999999999997,5
1388343,2025-09-20 13:30:00,2025,Regular Season - 4,78,Bundesliga,162,160,Werder Bremen,SC Freiburg,0,3,2.4320000000000004,3.6379999999999995,2.7020000000000004,1.6199999999999999,2.318,5
1379011,2025-09-20 14:00:00,2025,Regular Season - 5,39,Premier League,51,47,Brighton,Tottenham,2,2,2.232,3.6379999999999995,3.016,1.616,2.332,5
1379012,2025-09-20 14:00:00,2025,Regular Season - 5,39,Premier League,44,65,Burnley,Nottingham Forest,1,1,3.3,3.436,2.194,1.98,1.844,5
1379017,2025-09-20 14:00:00,2025,Regular Season - 5,39,Premier League,48,52,West Ham,Crystal Palace,1,2,2.844,3.412,2.454,1.9840000000000004,1.8419999999999999,5
1379018,2025-09-20 14:00:00,2025,Regular Season - 5,39,Premier League,39,63,Wolves,Leeds,1,3,2.5660000000000003,3.2620000000000005,2.806,2.102,1.7400000000000002,5
1390866,2025-09-20 14:15:00,2025,Regular Season - 5,140,La Liga,541,540,Real Madrid,Espanyol,2,0,1.2259999999999998,6.656000000000001,11.66,1.3959999999999997,2.912,5
1387741,2025-09-20 15:00:00,2025,Regular Season - 5,61,Ligue 1,83,94,Nantes,Rennes,2,2,3.1399999999999997,3.3560000000000003,2.318,2.074,1.794,5
1377903,2025-09-20 16:00:00,2025,Regular Season - 4,135,Serie A,504,496,Hellas Verona,Juventus,1,1,6.6819999999999995,3.903999999999999,1.54,2.1719999999999997,1.6939999999999997,5
1379015,2025-09-20 16:30:00,2025,Regular Season - 5,39,Premier League,33,49,Manchester United,Chelsea,2,1,2.706,3.6079999999999997,2.44,1.652,2.258,5
1388341,2025-09-20 16:30:00,2025,Regular Season - 4,78,Bundesliga,173,192,RB Leipzig,1. FC Köln,3,1,1.6300000000000001,4.2379999999999995,4.924,1.624,2.3099999999999996,5
1390859,2025-09-20 16:30:00,2025,Regular Season - 5,140,La Liga,542,536,Alaves,Sevilla,1,2,2.468,3.174,3.004,2.402,1.58,5
1390868,2025-09-20 16:30:00,2025,Regular Season - 5,140,La Liga,533,727,Villarreal,Osasuna,2,1,1.588,4.07,5.586,1.78,2.064,5
1387735,2025-09-20 17:00:00,2025,Regular Season - 5,61,Ligue 1,106,84,Stade Brestois 29,Nice,4,1,2.528,3.4899999999999998,2.7220000000000004,1.812,2.05,5
1377902,2025-09-20 18:45:00,2025,Regular Season - 4,135,Serie A,494,489,Udinese,AC Milan,0,3,4.3740000000000006,3.7099999999999995,1.8220000000000003,1.964,1.8960000000000001,5
1379013,2025-09-20 19:00:00,2025,Regular Season - 5,39,Premier League,36,55,Fulham,Brentford,3,1,1.9959999999999998,3.568,3.6979999999999995,1.8920000000000001,1.9280000000000002,5
1390867,2025-09-20 19:00:00,2025,Regular Season - 5,140,La Liga,532,531,Valencia,Athletic Club,2,0,3.034,3.05,2.536,2.31,1.6260000000000001,5
1387737,2025-09-20 19:05:00,2025,Regular Season - 5,61,Ligue 1,116,79,Lens,Lille,3,0,2.4799999999999995,3.4799999999999995,2.78,1.834,2.0300000000000002,5
1377898,2025-09-21 10:30:00,2025,Regular Season - 4,135,Serie A,487,497,Lazio,AS Roma,0,1,2.79,3.2600000000000002,2.566,2.1260000000000003,1.732,5
1390865,2025-09-21 12:00:00,2025,Regular Season - 5,140,La Liga,728,538,Rayo Vallecano,Celta Vigo,1,1,2.468,3.232,2.936,2.026,1.8059999999999998,5
1377895,2025-09-21 13:00:00,2025,Regular Season - 4,135,Serie A,520,523,Cremonese,Parma,0,0,2.646,3.146,2.778,2.286,1.6320000000000001,5
1377901,2025-09-21 13:00:00,2025,Regular Season - 4,135,Serie A,503,499,Torino,Atalanta,0,3,3.582,3.45,2.062,2.1260000000000003,1.7260000000000002,5
1379010,2025-09-21 13:00:00,2025,Regular Season - 5,39,Premier League,35,34,Bournemouth,Newcastle,0,0,2.566,3.5620000000000003,2.6160000000000005,1.8400000000000003,1.9899999999999998,5
1379016,2025-09-21 13:00:00,2025,Regular Season - 5,39,Premier League,746,66,Sunderland,Aston Villa,1,1,3.474,3.4859999999999998,2.0780000000000003,2.036,1.796,5
1387742,2025-09-21 13:00:00,2025,Regular Season - 5,61,Ligue 1,114,95,Paris FC,Strasbourg,2,3,2.554,3.518,2.6820000000000004,1.8239999999999998,2.038,5
1388338,2025-09-21 13:30:00,2025,Regular Season - 4,78,Bundesliga,169,182,Eintracht Frankfurt,Union Berlin,3,4,1.57,4.252000000000001,5.386,1.6039999999999999,2.344,5
1390864,2025-09-21 14:15:00,2025,Regular Season - 5,140,La Liga,798,530,Mallorca,Atletico Madrid,1,1,5.144,3.4599999999999995,1.746,2.1980000000000004,1.684,5
1387734,2025-09-21 15:15:00,2025,Regular Season - 5,61,Ligue 1,108,96,Auxerre,Toulouse,1,0,2.6759999999999997,3.348,2.646,2.002,1.8359999999999999,5
1387736,2025-09-21 15:15:00,2025,Regular Season - 5,61,Ligue 1,111,97,Le Havre,Lorient,1,1,2.464,3.3620000000000005,2.8560000000000003,2,1.8380000000000003,5
1387740,2025-09-21 15:15:00,2025,Regular Season - 5,61,Ligue 1,91,112,Monaco,Metz,5,2,1.284,6.116,9.419999999999998,1.3820000000000001,2.9199999999999995,5
1379009,2025-09-21 15:30:00,2025,Regular Season - 5,39,Premier League,42,50,Arsenal,Manchester City,1,1,1.986,3.6379999999999995,3.662,1.796,2.024,5
1388336,2025-09-21 15:30:00,2025,Regular Season - 4,78,Bundesliga,168,163,Bayer Leverkusen,Borussia Mönchengladbach,1,1,1.614,4.564,4.6819999999999995,1.42,2.7939999999999996,5
1377896,2025-09-21 16:00:00,2025,Regular Season - 4,135,Serie A,502,895,Fiorentina,Como,1,2,2.664,3.22,2.7119999999999997,2.13,1.722,5
1390862,2025-09-21 16:30:00,2025,Regular Season - 5,140,La Liga,797,718,Elche,Oviedo,1,0,2.1220000000000003,3.044,3.9019999999999997,2.628,1.496,5
1388337,2025-09-21 17:30:00,2025,Regular Season - 4,78,Bundesliga,165,161,Borussia Dortmund,VfL Wolfsburg,1,0,1.484,4.734,5.912,1.49,2.5700000000000003,5
1377897,2025-09-21 18:45:00,2025,Regular Season - 4,135,Serie A,505,488,Inter,Sassuolo,2,1,1.282,5.548,10.66,1.6019999999999999,2.348,5
1390860,2025-09-21 19:00:00,2025,Regular Season - 5,140,La Liga,529,546,Barcelona,Getafe,3,0,1.256,5.878,11.41,1.592,2.368,5
1377900,2025-09-22 18:45:00,2025,Regular Season - 4,135,Serie A,492,801,Napoli,Pisa,3,2,1.27,5.648,12.22,1.826,2.0300000000000002,5
1390869,2025-09-23 17:00:00,2025,Regular Season - 6,140,La Liga,531,547,Athletic Club,Girona,1,1,1.5539999999999998,4.22,6.064,1.9300000000000002,1.916,5
1390872,2025-09-23 17:00:00,2025,Regular Season - 6,140,La Liga,540,532,Espanyol,Valencia,2,2,2.3280000000000003,3.2079999999999997,3.19,2.266,1.6420000000000001,5
1390874,2025-09-23 19:30:00,2025,Regular Season - 6,140,La Liga,539,541,Levante,Real Madrid,1,4,7.45,5.254,1.3679999999999999,1.4759999999999998,2.622,5
1390878,2025-09-23 19:30:00,2025,Regular Season - 6,140,La Liga,536,533,Sevilla,Villarreal,1,2,3.214,3.438,2.25,1.8880000000000003,1.966,5
1390873,2025-09-24 17:00:00,2025,Regular Season - 6,140,La Liga,546,542,Getafe,Alaves,1,1,2.3339999999999996,2.944,3.5160000000000005,3.2800000000000002,1.324,5
1390870,2025-09-24 19:30:00,2025,Regular Season - 6,140,La Liga,530,728,Atletico Madrid,Rayo Vallecano,3,2,1.53,4.306,6.1,1.83,2.03,5
1390876,2025-09-24 19:30:00,2025,Regular Season - 6,140,La Liga,548,798,Real Sociedad,Mallorca,1,0,1.7660000000000005,3.5439999999999996,4.872,2.2060000000000004,1.6760000000000002,5
1390875,2025-09-25 17:30:00,2025,Regular Season - 6,140,La Liga,727,797,Osasuna,Elche,1,1,1.968,3.1359999999999997,4.3999999999999995,2.3920000000000003,1.58,5
1390877,2025-09-25 19:30:00,2025,Regular Season - 6,140,La Liga,718,529,Oviedo,Barcelona,1,3,9.26,5.822,1.288,1.416,2.804,5
1388344,2025-09-26 18:30:00,2025,Regular Season - 5,78,Bundesliga,157,162,Bayern München,Werder Bremen,4,0,1.098,10.4,23.6,1.17,4.82,5
1387750,2025-09-26 18:45:00,2025,Regular Season - 6,61,Ligue 1,95,81,Strasbourg,Marseille,1,2,3.7020000000000004,3.7079999999999997,1.94,1.698,2.1740000000000004,5
1390884,2025-09-26 19:00:00,2025,Regular Season - 7,140,La Liga,547,540,Girona,Espanyol,0,0,2.452,3.4219999999999997,2.912,1.956,1.902,5
1379020,2025-09-27 11:30:00,2025,Regular Season - 6,39,Premier League,55,33,Brentford,Manchester United,3,1,2.932,3.7560000000000002,2.234,1.682,2.1960000000000006,5
1390883,2025-09-27 12:00:00,2025,Regular Season - 7,140,La Liga,546,539,Getafe,Levante,1,1,1.9466666666666665,3.3633333333333333,4.126666666666666,2.1333333333333333,1.71,3
1377905,2025-09-27 13:00:00,2025,Regular Season - 5,135,Serie A,895,520,Como,Cremonese,1,1,1.454,4.558,7.514,1.8960000000000001,1.9780000000000002,5
1388348,2025-09-27 13:30:00,2025,Regular Season - 5,78,Bundesliga,180,170,1. FC Heidenheim,FC Augsburg,2,1,2.75,3.404,2.5200000000000005,1.9080000000000001,1.9140000000000001,5
1388349,2025-09-27 13:30:00,2025,Regular Season - 5,78,Bundesliga,164,165,FSV Mainz 05,Borussia Dortmund,0,2,3.2099999999999995,3.7399999999999998,2.1039999999999996,1.614,2.338,5
1388350,2025-09-27 13:30:00,2025,Regular Season - 5,78,Bundesliga,186,168,FC St. Pauli,Bayer Leverkusen,1,2,3.2939999999999996,3.632,2.1079999999999997,1.8099999999999998,2.0140000000000002,5
1388352,2025-09-27 13:30:00,2025,Regular Season - 5,78,Bundesliga,161,173,VfL Wolfsburg,RB Leipzig,0,1,2.63,3.6459999999999995,2.4979999999999998,1.5100000000000002,2.516,5
1379021,2025-09-27 14:00:00,2025,Regular Season - 6,39,Premier League,49,51,Chelsea,Brighton,1,3,1.748,4.002,4.292,1.598,2.358,5
1379022,2025-09-27 14:00:00,2025,Regular Season - 6,39,Premier League,52,40,Crystal Palace,Liverpool,2,1,4.046000000000001,3.846,1.826,1.6960000000000002,2.1780000000000004,5
1379024,2025-09-27 14:00:00,2025,Regular Season - 6,39,Premier League,63,35,Leeds,Bournemouth,2,2,2.808,3.396,2.478,1.8980000000000001,1.918,5
1379025,2025-09-27 14:00:00,2025,Regular Season - 6,39,Premier League,50,44,Manchester City,Burnley,5,1,1.204,6.7,13.38,1.426,2.77,5
1390879,2025-09-27 14:15:00,2025,Regular Season - 7,140,La Liga,530,541,Atletico Madrid,Real Madrid,5,2,3.033333333333333,3.356666666666667,2.35,2.026666666666667,1.7933333333333332,3
1387745,2025-09-27 15:00:00,2025,Regular Season - 6,61,Ligue 1,97,91,Lorient,Monaco,3,1,4.984,4.23,1.6179999999999999,1.476,2.588,5
1377907,2025-09-27 16:00:00,2025,Regular Season - 5,135,Serie A,496,499,Juventus,Atalanta,1,1,1.916,3.5660000000000003,3.9619999999999997,2.0140000000000002,1.814,5
1379027,2025-09-27 16:30:00,2025,Regular Season - 6,39,Premier League,65,746,Nottingham Forest,Sunderland,0,1,1.7759999999999998,3.6100000000000003,4.664,2.016,1.816,5
1388345,2025-09-27 16:30:00,2025,Regular Season - 5,78,Bundesliga,163,169,Borussia Mönchengladbach,Eintracht Frankfurt,4,6,3.2020000000000004,3.812,2.0759999999999996,1.4339999999999997,2.7380000000000004,5
1390885,2025-09-27 16:30:00,2025,Regular Season - 7,140,La Liga,798,542,Mallorca,Alaves,1,0,2.5833333333333335,3.016666666666667,2.9933333333333336,2.533333333333333,1.4766666666666666,3
1387751,2025-09-27 17:00:00,2025,Regular Season - 6,61,Ligue 1,96,83,Toulouse,Nantes,2,2,1.796,3.536,4.634,2.092,1.7580000000000002,5
1377904,2025-09-27 18:45:00,2025,Regular Season - 5,135,Serie A,490,505,Cagliari,Inter,0,2,5.662000000000001,4.093999999999999,1.576,1.794,2.036,5
1379028,2025-09-27 19:00:00,2025,Regular Season - 6,39,Premier League,47,39,Tottenham,Wolves,1,1,1.5059999999999998,4.418000000000001,5.988,1.682,2.194,5
1390888,2025-09-27 19:00:00,2025,Regular Season - 7,140,La Liga,533,531,Villarreal,Athletic Club,1,0,2.1966666666666668,3.33,3.3466666666666662,2.0100000000000002,1.8066666666666666,3
1387748,2025-09-27 19:05:00,2025,Regular Season - 6,61,Ligue 1,85,108,Paris Saint Germain,Auxerre,2,0,1.182,7.32,14.7,1.326,3.274,5
1377913,2025-09-28 10:30:00,2025,Regular Season - 5,135,Serie A,488,494,Sassuolo,Udinese,3,1,2.2379999999999995,3.442,3.254,2.0425,1.8375000000000001,5
1390886,2025-09-28 12:00:00,2025,Regular Season - 7,140,La Liga,728,536,Rayo Vallecano,Sevilla,0,1,2.4566666666666666,3.1199999999999997,3.0533333333333332,2.2066666666666666,1.67,3
1377911,2025-09-28 13:00:00,2025,Regular Season - 5,135,Serie A,801,502,Pisa,Fiorentina,0,0,3.1379999999999995,3.304,2.366,2.2733333333333334,1.6733333333333331,5
1377912,2025-09-28 13:00:00,2025,Regular Season - 5,135,Serie A,497,504,AS Roma,Hellas Verona,2,0,1.47,4.246,7.67,2.1633333333333336,1.74,5
1379019,2025-09-28 13:00:00,2025,Regular Season - 6,39,Premier League,66,36,Aston Villa,Fulham,3,1,2.082,3.35,3.7920000000000003,2.0599999999999996,1.8275000000000001,5
1387747,2025-09-28 13:00:00,2025,Regular Season - 6,61,Ligue 1,84,114,Nice,Paris FC,1,1,1.938,3.6719999999999997,3.896,1.8,2.0833333333333335,5
1388347,2025-09-28 13:30:00,2025,Regular Season - 5,78,Bundesliga,160,167,SC Freiburg,1899 Hoffenheim,1,1,2.288,3.6980000000000004,2.9720000000000004,1.61,2.356666666666667,5
1390882,2025-09-28 14:15:00,2025,Regular Season - 7,140,La Liga,797,538,Elche,Celta Vigo,2,1,2.61,3.0966666666666662,2.8633333333333333,2.31,1.616666666666667,3
1387743,2025-09-28 15:15:00,2025,Regular Season - 6,61,Ligue 1,77,106,Angers,Stade Brestois 29,0,2,3.2080000000000006,3.35,2.2939999999999996,2.0300000000000002,1.8475000000000001,5
1387744,2025-09-28 15:15:00,2025,Regular Season - 6,61,Ligue 1,79,80,Lille,Lyon,0,1,2.272,3.534,3.088,1.82,2.06,5
1387746,2025-09-28 15:15:00,2025,Regular Season - 6,61,Ligue 1,112,111,Metz,Le Havre,0,0,2.4859999999999998,3.428,2.8339999999999996,1.9674999999999998,1.9075,5
1379026,2025-09-28 15:30:00,2025,Regular Season - 6,39,Premier League,34,42,Newcastle,Arsenal,1,2,3.21,3.5499999999999994,2.222,2.0225,1.8525,5
1388346,2025-09-28 15:30:00,2025,Regular Season - 5,78,Bundesliga,192,172,1. FC Köln,VfB Stuttgart,1,2,2.904,3.7600000000000002,2.2920000000000003,1.61,2.4033333333333333,5
1377908,2025-09-28 16:00:00,2025,Regular Season - 5,135,Serie A,867,500,Lecce,Bologna,2,2,3.968,3.158,2.0959999999999996,2.59,1.5366666666666664,5
1390880,2025-09-28 16:30:00,2025,Regular Season - 7,140,La Liga,529,548,Barcelona,Real Sociedad,2,1,1.322,5.524,9.09,1.34,3.16,5
1388351,2025-09-28 17:30:00,2025,Regular Season - 5,78,Bundesliga,182,175,Union Berlin,Hamburger SV,0,0,2.1239999999999997,3.4699999999999998,3.4919999999999995,1.9475,1.9249999999999998,5
1377909,2025-09-28 18:45:00,2025,Regular Season - 5,135,Serie A,489,492,AC Milan,Napoli,2,1,2.5660000000000003,3.2880000000000003,2.8579999999999997,2.186666666666667,1.7266666666666666,5
1387749,2025-09-28 18:45:00,2025,Regular Season - 6,61,Ligue 1,94,116,Rennes,Lens,0,0,2.386,3.428,2.9939999999999998,1.83,2.0399999999999996,5
1390881,2025-09-28 19:00:00,2025,Regular Season - 7,140,La Liga,543,727,Real Betis,Osasuna,2,0,1.8340000000000003,3.636,4.4319999999999995,1.986,1.8719999999999999,5
1377910,2025-09-29 16:30:00,2025,Regular Season - 5,135,Serie A,523,503,Parma,Torino,2,1,2.2180000000000004,3.2260000000000004,3.3559999999999994,2.178,1.684,5
1377906,2025-09-29 18:45:00,2025,Regular Season - 5,135,Serie A,495,487,Genoa,Lazio,0,3,3.118,3.096,2.4059999999999997,2.274,1.6300000000000001,5
1379023,2025-09-29 19:00:00,2025,Regular Season - 6,39,Premier League,45,48,Everton,West Ham,1,1,1.8400000000000003,3.586,4.412,2.032,1.8199999999999998,5
1388359,2025-10-03 18:30:00,2025,Regular Season - 6,78,Bundesliga,167,192,1899 Hoffenheim,1. FC Köln,0,1,2.0300000000000002,3.8699999999999997,3.432,1.5525,2.3825,5
1377923,2025-10-03 18:45:00,2025,Regular Season - 6,135,Serie A,504,488,Hellas Verona,Sassuolo,0,1,2.558,3.3,2.778,2.22,1.67,5
1387759,2025-10-03 18:45:00,2025,Regular Season - 7,61,Ligue 1,114,97,Paris FC,Lorient,2,0,1.932,3.8240000000000003,3.7919999999999994,1.826,2.036,5
1379031,2025-10-03 19:00:00,2025,Regular Season - 7,39,Premier League,35,36,Bournemouth,Fulham,3,1,1.9900000000000002,3.813333333333334,3.56,1.9000000000000001,1.95,3
1390894,2025-10-03 19:00:00,2025,Regular Season - 8,140,La Liga,727,546,Osasuna,Getafe,2,1,2.3550000000000004,2.9050000000000002,3.62,2.9800000000000004,1.3633333333333333,4
1379035,2025-10-04 11:30:00,2025,Regular Season - 7,39,Premier League,63,47,Leeds,Tottenham,1,2,2.9199999999999995,3.6700000000000004,2.348,1.904,1.9579999999999997,5
1390897,2025-10-04 12:00:00,2025,Regular Season - 8,140,La Liga,718,539,Oviedo,Levante,0,2,2.5075000000000003,3.3724999999999996,2.8600000000000003,2.1875,1.7149999999999999,4
1377919,2025-10-04 13:00:00,2025,Regular Season - 6,135,Serie A,487,503,Lazio,Torino,3,3,1.688,3.782,5.272,2.094,1.78,5
1377921,2025-10-04 13:00:00,2025,Regular Season - 6,135,Serie A,523,867,Parma,Lecce,0,1,1.918,3.594,4.114,2.2325000000000004,1.6875,5
1388353,2025-10-04 13:30:00,2025,Regular Season - 6,78,Bundesliga,170,161,FC Augsburg,VfL Wolfsburg,3,1,2.7020000000000004,3.614,2.5279999999999996,1.765,2.1075,5
1388354,2025-10-04 13:30:00,2025,Regular Season - 6,78,Bundesliga,168,182,Bayer Leverkusen,Union Berlin,2,0,1.5660000000000003,4.388,5.644,1.6925,2.22,5
1388356,2025-10-04 13:30:00,2025,Regular Season - 6,78,Bundesliga,165,173,Borussia Dortmund,RB Leipzig,1,1,1.7440000000000002,4.484,4.069999999999999,1.3475000000000001,3.115,5
1388361,2025-10-04 13:30:00,2025,Regular Season - 6,78,Bundesliga,162,186,Werder Bremen,FC St. Pauli,1,0,2.226,3.696,3.1100000000000003,1.8,2.06,5
1379029,2025-10-04 14:00:00,2025,Regular Season - 7,39,Premier League,42,48,Arsenal,West Ham,2,0,1.24,6.1899999999999995,12.904,1.545,2.395,5
1379036,2025-10-04 14:00:00,2025,Regular Season - 7,39,Premier League,33,746,Manchester United,Sunderland,2,0,1.484,4.764,6.324,1.6849999999999998,2.2375000000000003,5
1390893,2025-10-04 14:15:00,2025,Regular Season - 8,140,La Liga,547,532,Girona,Valencia,2,1,2.434,3.38,2.946,1.945,1.9075,5
1387757,2025-10-04 15:00:00,2025,Regular Season - 7,61,Ligue 1,112,81,Metz,Marseille,0,3,6.024,4.546,1.516,1.655,2.2600000000000002,5
1377917,2025-10-04 16:00:00,2025,Regular Season - 6,135,Serie A,505,520,Inter,Cremonese,4,1,1.236,6.475999999999999,12.172,1.4975,2.4775,5
1379033,2025-10-04 16:30:00,2025,Regular Season - 7,39,Premier League,49,40,Chelsea,Liverpool,2,1,2.8259999999999996,3.684,2.4,1.62,2.36,5
1388357,2025-10-04 16:30:00,2025,Regular Season - 6,78,Bundesliga,169,157,Eintracht Frankfurt,Bayern München,0,3,5.638,5.1659999999999995,1.49,1.3125,3.3324999999999996,5
1390890,2025-10-04 16:30:00,2025,Regular Season - 8,140,La Liga,531,798,Athletic Club,Mallorca,2,1,1.538,4.02,6.75,2.185,1.7149999999999999,5
1387753,2025-10-04 17:00:00,2025,Regular Season - 7,61,Ligue 1,106,83,Stade Brestois 29,Nantes,0,0,1.9099999999999997,3.696,3.9939999999999998,1.9280000000000002,1.934,5
1377914,2025-10-04 18:45:00,2025,Regular Season - 6,135,Serie A,499,895,Atalanta,Como,1,1,2.02,3.624,3.696,1.7425,2.1425,5
1390895,2025-10-04 19:00:00,2025,Regular Season - 8,140,La Liga,541,533,Real Madrid,Villarreal,3,1,1.482,4.914,5.698,1.4275,2.74,5
1377922,2025-10-05 10:30:00,2025,Regular Season - 6,135,Serie A,494,490,Udinese,Cagliari,1,1,2.304,3.2039999999999997,3.2439999999999998,2.22,1.67,5
1390889,2025-10-05 12:00:00,2025,Regular Season - 8,140,La Liga,542,797,Alaves,Elche,3,1,2.29,3.092,3.468,2.692,1.448,5
1377915,2025-10-05 13:00:00,2025,Regular Season - 6,135,Serie A,500,801,Bologna,Pisa,4,0,1.608,3.822,5.914,2.22,1.67,5
1377916,2025-10-05 13:00:00,2025,Regular Season - 6,135,Serie A,502,497,Fiorentina,AS Roma,1,2,3.14,3.444,2.242,2.0799999999999996,1.762,5
1379030,2025-10-05 13:00:00,2025,Regular Season - 7,39,Premier League,66,44,Aston Villa,Burnley,2,1,1.568,4.208,5.828,1.832,2.0279999999999996,5
1379034,2025-10-05 13:00:00,2025,Regular Season - 7,39,Premier League,45,52,Everton,Crystal Palace,2,1,2.4539999999999997,3.222,3.002,2.242,1.658,5
1379037,2025-10-05 13:00:00,2025,Regular Season - 7,39,Premier League,34,65,Newcastle,Nottingham Forest,2,0,1.654,4.0600000000000005,4.944,1.75,2.098,5
1379038,2025-10-05 13:00:00,2025,Regular Season - 7,39,Premier League,39,51,Wolves,Brighton,1,1,3.6,3.6400000000000006,2.0119999999999996,1.8800000000000001,1.9780000000000002,5
1387756,2025-10-05 13:00:00,2025,Regular Season - 7,61,Ligue 1,80,96,Lyon,Toulouse,1,2,1.816,3.8019999999999996,4.209999999999999,1.7660000000000005,2.0699999999999994,5
1388360,2025-10-05 13:30:00,2025,Regular Season - 6,78,Bundesliga,172,180,VfB Stuttgart,1. FC Heidenheim,1,0,1.4639999999999997,4.764,6.072,1.438,2.716,5
1390898,2025-10-05 14:15:00,2025,Regular Season - 8,140,La Liga,536,529,Sevilla,Barcelona,4,1,5.326,4.872,1.528,1.3880000000000001,2.9240000000000004,5
1387754,2025-10-05 15:15:00,2025,Regular Season - 7,61,Ligue 1,111,94,Le Havre,Rennes,2,2,3.162,3.4379999999999997,2.258,1.9120000000000001,1.94,5
1387758,2025-10-05 15:15:00,2025,Regular Season - 7,61,Ligue 1,91,84,Monaco,Nice,2,2,1.846,3.94,3.9299999999999997,1.468,2.638,5
1387760,2025-10-05 15:15:00,2025,Regular Season - 7,61,Ligue 1,95,77,Strasbourg,Angers,5,0,1.6159999999999997,4.029999999999999,5.426,1.9280000000000002,1.922,5
1379032,2025-10-05 15:30:00,2025,Regular Season - 7,39,Premier League,55,50,Brentford,Manchester City,0,1,4.762,4.26,1.6439999999999997,1.55,2.396,5
1388358,2025-10-05 15:30:00,2025,Regular Season - 6,78,Bundesliga,175,164,Hamburger SV,FSV Mainz 05,4,0,2.79,3.6340000000000003,2.396,1.682,2.196,5
1377920,2025-10-05 16:00:00,2025,Regular Season - 6,135,Serie A,492,495,Napoli,Genoa,2,1,1.4479999999999997,4.176,8.03,2.2060000000000004,1.6760000000000002,5
1390892,2025-10-05 16:30:00,2025,Regular Season - 8,140,La Liga,540,543,Espanyol,Real Betis,1,2,2.69,3.468,2.592,1.86,1.9899999999999998,5
1390896,2025-10-05 16:30:00,2025,Regular Season - 8,140,La Liga,548,728,Real Sociedad,Rayo Vallecano,0,1,2.112,3.45,3.4899999999999998,2.122,1.75,5
1388355,2025-10-05 17:30:00,2025,Regular Season - 6,78,Bundesliga,163,160,Borussia Mönchengladbach,SC Freiburg,0,0,2.402,3.6019999999999994,2.7920000000000003,1.67,2.22,5
1377918,2025-10-05 18:45:00,2025,Regular Season - 6,135,Serie A,496,489,Juventus,AC Milan,0,0,2.378,3.2880000000000003,3.104,2.032,1.832,5
1387755,2025-10-05 18:45:00,2025,Regular Season - 7,61,Ligue 1,79,85,Lille,Paris Saint Germain,1,1,4.704,4.17,1.668,1.5260000000000002,2.454,5
1390891,2025-10-05 19:00:00,2025,Regular Season - 8,140,La Liga,538,530,Celta Vigo,Atletico Madrid,1,1,3.836,3.748,1.918,1.918,1.9300000000000002,5
1388369,2025-10-17 18:30:00,2025,Regular Season - 7,78,Bundesliga,182,163,Union Berlin,Borussia Mönchengladbach,3,1,2.2060000000000004,3.596,3.082,1.668,2.226,5
1387767,2025-10-17 18:45:00,2025,Regular Season - 8,61,Ligue 1,85,95,Paris Saint Germain,Strasbourg,3,3,1.278,5.845999999999999,9.83,1.402,2.868,5
1390906,2025-10-17 19:00:00,2025,Regular Season - 9,140,La Liga,718,540,Oviedo,Espanyol,0,2,2.922,3.2239999999999993,2.492,2.274,1.6480000000000001,5
1379045,2025-10-18 11:30:00,2025,Regular Season - 8,39,Premier League,65,49,Nottingham Forest,Chelsea,0,3,3.3739999999999997,3.6740000000000004,2.038,1.7559999999999998,2.102,5
1390907,2025-10-18 12:00:00,2025,Regular Season - 9,140,La Liga,536,798,Sevilla,Mallorca,1,3,1.8939999999999997,3.3720000000000008,4.386,2.212,1.6799999999999997,5
1377929,2025-10-18 13:00:00,2025,Regular Season - 7,135,Serie A,867,488,Lecce,Sassuolo,0,0,2.7299999999999995,3.198,2.6479999999999997,2.1759999999999997,1.6940000000000002,5
1377931,2025-10-18 13:00:00,2025,Regular Season - 7,135,Serie A,801,504,Pisa,Hellas Verona,0,0,2.3280000000000003,3.3299999999999996,3.0859999999999994,2.28,1.64,5
1388363,2025-10-18 13:30:00,2025,Regular Season - 7,78,Bundesliga,192,170,1. FC Köln,FC Augsburg,1,1,2.01,3.7060000000000004,3.502,1.7420000000000002,2.122,5
1388365,2025-10-18 13:30:00,2025,Regular Season - 7,78,Bundesliga,180,162,1. FC Heidenheim,Werder Bremen,2,2,2.7960000000000003,3.524,2.442,1.688,2.1960000000000006,5
1388366,2025-10-18 13:30:00,2025,Regular Season - 7,78,Bundesliga,164,168,FSV Mainz 05,Bayer Leverkusen,3,4,2.812,3.44,2.4619999999999997,1.732,2.1160000000000005,5
1388367,2025-10-18 13:30:00,2025,Regular Season - 7,78,Bundesliga,173,175,RB Leipzig,Hamburger SV,2,1,1.474,4.839999999999999,5.944,1.374,2.9859999999999998,5
1388370,2025-10-18 13:30:00,2025,Regular Season - 7,78,Bundesliga,161,172,VfL Wolfsburg,VfB Stuttgart,0,3,2.55,3.6060000000000003,2.596,1.5820000000000003,2.398,5
1379039,2025-10-18 14:00:00,2025,Regular Season - 8,39,Premier League,51,34,Brighton,Newcastle,2,1,2.4859999999999998,3.502,2.6980000000000004,1.8820000000000001,1.9420000000000002,5
1379040,2025-10-18 14:00:00,2025,Regular Season - 8,39,Premier League,44,63,Burnley,Leeds,2,0,3.1979999999999995,3.332,2.242,2.1060000000000003,1.7440000000000002,5
1379041,2025-10-18 14:00:00,2025,Regular Season - 8,39,Premier League,52,35,Crystal Palace,Bournemouth,3,3,2.192,3.47,3.146,1.9,1.9100000000000001,5
1379044,2025-10-18 14:00:00,2025,Regular Season - 8,39,Premier League,50,45,Manchester City,Everton,2,0,1.418,4.598,7.49,1.7080000000000002,2.162,5
1379046,2025-10-18 14:00:00,2025,Regular Season - 8,39,Premier League,746,39,Sunderland,Wolves,2,0,2.43,3.0879999999999996,3.118,2.338,1.614,5
1390901,2025-10-18 14:15:00,2025,Regular Season - 9,140,La Liga,529,547,Barcelona,Girona,2,1,1.184,7.529999999999999,14.6,1.2520000000000002,3.79,5
1387766,2025-10-18 15:00:00,2025,Regular Season - 8,61,Ligue 1,84,80,Nice,Lyon,3,2,2.434,3.5040000000000004,2.8040000000000003,1.7240000000000002,2.13,5
1377933,2025-10-18 16:00:00,2025,Regular Season - 7,135,Serie A,503,492,Torino,Napoli,1,0,5.022,3.5760000000000005,1.734,2.108,1.746,5
1379042,2025-10-18 16:30:00,2025,Regular Season - 8,39,Premier League,36,42,Fulham,Arsenal,0,1,5.082,4.037999999999999,1.6219999999999999,1.866,1.9620000000000002,5
1388362,2025-10-18 16:30:00,2025,Regular Season - 7,78,Bundesliga,157,165,Bayern München,Borussia Dortmund,2,1,1.4,5.212,6.638000000000001,1.302,3.41,5
1390908,2025-10-18 16:30:00,2025,Regular Season - 9,140,La Liga,533,543,Villarreal,Real Betis,2,2,1.842,3.6620000000000004,4.228,1.7779999999999998,2.0639999999999996,5
1387761,2025-10-18 17:00:00,2025,Regular Season - 8,61,Ligue 1,77,91,Angers,Monaco,1,1,5.101999999999999,4.118,1.6300000000000001,1.5899999999999999,2.364,5
1377932,2025-10-18 18:45:00,2025,Regular Season - 7,135,Serie A,497,505,AS Roma,Inter,0,1,2.852,3.404,2.4879999999999995,1.966,1.888,5
1390900,2025-10-18 19:00:00,2025,Regular Season - 9,140,La Liga,530,727,Atletico Madrid,Osasuna,1,0,1.4259999999999997,4.404,7.9,1.922,1.9,5
1387764,2025-10-18 19:05:00,2025,Regular Season - 8,61,Ligue 1,81,111,Marseille,Le Havre,6,2,1.326,5.314,9.040000000000001,1.594,2.372,5
1377926,2025-10-19 10:30:00,2025,Regular Season - 7,135,Serie A,895,496,Como,Juventus,2,0,2.9819999999999998,3.344,2.368,2.074,1.766,5
1390903,2025-10-19 12:00:00,2025,Regular Season - 9,140,La Liga,797,531,Elche,Athletic Club,0,0,3.268,3.12,2.36,2.392,1.5860000000000003,5
1377925,2025-10-19 13:00:00,2025,Regular Season - 7,135,Serie A,490,500,Cagliari,Bologna,0,2,3.2060000000000004,3.404,2.2279999999999998,2.228,1.6599999999999997,5
1377928,2025-10-19 13:00:00,2025,Regular Season - 7,135,Serie A,495,523,Genoa,Parma,0,0,2.1,3.304,3.66,2.338,1.6079999999999999,5
1379047,2025-10-19 13:00:00,2025,Regular Season - 8,39,Premier League,47,66,Tottenham,Aston Villa,1,2,2.1239999999999997,3.554,3.2739999999999996,1.8059999999999998,2.0200000000000005,5
1387762,2025-10-19 13:00:00,2025,Regular Season - 8,61,Ligue 1,116,114,Lens,Paris FC,2,1,1.8920000000000001,3.7380000000000004,3.876,1.69,2.182,5
1388364,2025-10-19 13:30:00,2025,Regular Season - 7,78,Bundesliga,160,169,SC Freiburg,Eintracht Frankfurt,2,2,2.6380000000000003,3.622,2.5140000000000002,1.546,2.4059999999999997,5
1390902,2025-10-19 14:15:00,2025,Regular Season - 9,140,La Liga,538,548,Celta Vigo,Real Sociedad,1,1,2.1799999999999997,3.3240000000000003,3.434,1.9939999999999998,1.8400000000000003,5
1387763,2025-10-19 15:15:00,2025,Regular Season - 8,61,Ligue 1,97,106,Lorient,Stade Brestois 29,3,3,2.376,3.3699999999999997,2.964,1.9,1.9,5
1387768,2025-10-19 15:15:00,2025,Regular Season - 8,61,Ligue 1,94,108,Rennes,Auxerre,2,2,1.738,3.844,4.598000000000001,1.7899999999999998,2.022,5
1387769,2025-10-19 15:15:00,2025,Regular Season - 8,61,Ligue 1,96,112,Toulouse,Metz,4,0,1.67,3.9859999999999998,5.101999999999999,1.7260000000000002,2.164,5
1379043,2025-10-19 15:30:00,2025,Regular Season - 8,39,Premier League,40,33,Liverpool,Manchester United,1,2,1.58,4.337999999999999,5.072,1.5139999999999998,2.492,5
1388368,2025-10-19 15:30:00,2025,Regular Season - 7,78,Bundesliga,186,167,FC St. Pauli,1899 Hoffenheim,0,3,2.2700000000000005,3.464,3.068,1.7920000000000003,2.026,5
1377924,2025-10-19 16:00:00,2025,Regular Season - 7,135,Serie A,499,487,Atalanta,Lazio,0,0,1.986,3.6759999999999997,3.6399999999999997,1.8399999999999999,2.0119999999999996,5
1390905,2025-10-19 16:30:00,2025,Regular Season - 9,140,La Liga,539,728,Levante,Rayo Vallecano,0,3,2.782,3.284,2.5840000000000005,1.9300000000000002,1.8900000000000001,5
1377930,2025-10-19 18:45:00,2025,Regular Season - 7,135,Serie A,489,502,AC Milan,Fiorentina,2,1,1.576,4.1579999999999995,5.7379999999999995,1.886,1.97,5
1387765,2025-10-19 18:45:00,2025,Regular Season - 8,61,Ligue 1,83,79,Nantes,Lille,0,2,3.748,3.6079999999999997,1.9899999999999998,1.812,2.02,5
1390904,2025-10-19 19:00:00,2025,Regular Season - 9,140,La Liga,546,541,Getafe,Real Madrid,0,1,7.768000000000001,4.434,1.434,1.9280000000000002,1.8960000000000001,5
1377927,2025-10-20 18:45:00,2025,Regular Season - 7,135,Serie A,520,494,Cremonese,Udinese,1,1,2.812,3.2640000000000002,2.5479999999999996,2.2039999999999997,1.682,5
1379048,2025-10-20 19:00:00,2025,Regular Season - 8,39,Premier League,48,55,West Ham,Brentford,0,2,2.3400000000000003,3.5700000000000003,2.86,1.8039999999999998,2.02,5
1390899,2025-10-20 19:00:00,2025,Regular Season - 9,140,La Liga,542,532,Alaves,Valencia,0,0,2.4099999999999997,3.0460000000000003,3.2079999999999997,2.5340000000000003,1.5340000000000003,5
1388379,2025-10-24 18:30:00,2025,Regular Season - 8,78,Bundesliga,162,182,Werder Bremen,Union Berlin,1,0,2.0700000000000003,3.7060000000000004,3.4979999999999998,1.7750000000000001,2.1025,5
1377937,2025-10-24 18:45:00,2025,Regular Season - 8,135,Serie A,489,801,AC Milan,Pisa,2,2,1.286,5.822,10.724,1.6724999999999999,2.26,5
1387777,2025-10-24 18:45:00,2025,Regular Season - 9,61,Ligue 1,114,83,Paris FC,Nantes,1,2,1.6779999999999997,4.042,4.996,1.83,2.034,5
1379055,2025-10-24 19:00:00,2025,Regular Season - 9,39,Premier League,63,48,Leeds,West Ham,2,1,2.05,3.62,3.624,2.028,1.8379999999999999,5
1390917,2025-10-24 19:00:00,2025,Regular Season - 10,140,La Liga,548,536,Real Sociedad,Sevilla,2,1,2.022,3.396,3.9459999999999993,2.0975,1.78,5
1390912,2025-10-25 12:00:00,2025,Regular Season - 10,140,La Liga,547,718,Girona,Oviedo,3,3,1.892,3.5,4.422,2.11,1.7675,5
1377939,2025-10-25 13:00:00,2025,Regular Season - 8,135,Serie A,523,895,Parma,Como,0,0,3.5080000000000005,3.4939999999999998,2.132,1.9899999999999998,1.874,5
1377942,2025-10-25 13:00:00,2025,Regular Season - 8,135,Serie A,494,867,Udinese,Lecce,3,2,1.812,3.588,4.802,2.1925,1.7125,5
1388371,2025-10-25 13:30:00,2025,Regular Season - 8,78,Bundesliga,170,173,FC Augsburg,RB Leipzig,0,6,3.438,4.11,1.9780000000000002,1.4274999999999998,2.7024999999999997,5
1388373,2025-10-25 13:30:00,2025,Regular Season - 8,78,Bundesliga,163,157,Borussia Mönchengladbach,Bayern München,0,3,9.185999999999998,6.5760000000000005,1.276,1.2133333333333332,4.03,5
1388375,2025-10-25 13:30:00,2025,Regular Season - 8,78,Bundesliga,169,186,Eintracht Frankfurt,FC St. Pauli,2,0,1.78,4.104000000000001,4.2299999999999995,1.64,2.3274999999999997,5
1388376,2025-10-25 13:30:00,2025,Regular Season - 8,78,Bundesliga,175,161,Hamburger SV,VfL Wolfsburg,0,1,2.5260000000000002,3.688,2.684,1.625,2.355,5
1388377,2025-10-25 13:30:00,2025,Regular Season - 8,78,Bundesliga,167,180,1899 Hoffenheim,1. FC Heidenheim,3,1,1.6320000000000001,4.328,5.032,1.58,2.4450000000000003,5
1379053,2025-10-25 14:00:00,2025,Regular Season - 9,39,Premier League,49,746,Chelsea,Sunderland,1,2,1.438,4.819999999999999,7.25,1.73,2.165,5
1379057,2025-10-25 14:00:00,2025,Regular Season - 9,39,Premier League,34,36,Newcastle,Fulham,2,1,1.6439999999999997,4.066000000000001,5.324,1.8820000000000001,1.984,5
1390911,2025-10-25 14:15:00,2025,Regular Season - 10,140,La Liga,540,797,Espanyol,Elche,1,0,2.0799999999999996,3.3560000000000003,3.8280000000000003,2.2025,1.705,5
1387772,2025-10-25 15:00:00,2025,Regular Season - 9,61,Ligue 1,106,85,Stade Brestois 29,Paris Saint Germain,0,3,6.076,4.796,1.488,1.515,2.455,5
1377938,2025-10-25 16:00:00,2025,Regular Season - 8,135,Serie A,492,505,Napoli,Inter,3,1,2.682,3.2299999999999995,2.782,2.13,1.7449999999999999,5
1379056,2025-10-25 16:30:00,2025,Regular Season - 9,39,Premier League,33,51,Manchester United,Brighton,4,2,2.038,3.8979999999999997,3.4,1.5925000000000002,2.4175,5
1388374,2025-10-25 16:30:00,2025,Regular Season - 8,78,Bundesliga,165,192,Borussia Dortmund,1. FC Köln,1,0,1.568,4.63,5.33,1.4575,2.6100000000000003,5
1390909,2025-10-25 16:30:00,2025,Regular Season - 10,140,La Liga,531,546,Athletic Club,Getafe,0,1,1.706,3.5420000000000003,5.776000000000001,2.7,1.4749999999999999,5
1387776,2025-10-25 17:00:00,2025,Regular Season - 9,61,Ligue 1,91,96,Monaco,Toulouse,1,0,1.7260000000000002,4.188,4.42,1.635,2.335,5
1377934,2025-10-25 18:45:00,2025,Regular Season - 8,135,Serie A,520,499,Cremonese,Atalanta,1,1,5.308,4.194,1.6220000000000003,1.7925,2.0725,5
1379052,2025-10-25 19:00:00,2025,Regular Season - 9,39,Premier League,55,40,Brentford,Liverpool,3,2,4.536,4.4399999999999995,1.682,1.4825,2.545,5
1390918,2025-10-25 19:00:00,2025,Regular Season - 10,140,La Liga,532,533,Valencia,Villarreal,0,2,3.0360000000000005,3.528,2.338,1.922,1.9420000000000002,5
1387773,2025-10-25 19:05:00,2025,Regular Season - 9,61,Ligue 1,116,81,Lens,Marseille,2,1,2.894,3.6119999999999997,2.3920000000000003,1.7425000000000002,2.1475,5
1377941,2025-10-26 11:30:00,2025,Regular Season - 8,135,Serie A,503,495,Torino,Genoa,2,1,2.3459999999999996,3.1119999999999997,3.4159999999999995,2.5949999999999998,1.53,5
1390913,2025-10-26 13:00:00,2025,Regular Season - 10,140,La Liga,798,539,Mallorca,Levante,1,1,2.146,3.3739999999999997,3.588,2.2225,1.6949999999999998,5
1377940,2025-10-26 14:00:00,2025,Regular Season - 8,135,Serie A,488,497,Sassuolo,AS Roma,0,1,4.406,3.6799999999999997,1.8400000000000003,2.0479999999999996,1.818,5
1377943,2025-10-26 14:00:00,2025,Regular Season - 8,135,Serie A,504,490,Hellas Verona,Cagliari,2,2,2.396,3.2299999999999995,3.184,2.4175,1.5925,5
1379049,2025-10-26 14:00:00,2025,Regular Season - 9,39,Premier League,42,52,Arsenal,Crystal Palace,1,0,1.476,4.432,7.188,1.842,2.022,5
1379050,2025-10-26 14:00:00,2025,Regular Season - 9,39,Premier League,66,50,Aston Villa,Manchester City,1,0,3.8619999999999997,3.844,1.9120000000000001,1.69,2.2300000000000004,5
1379051,2025-10-26 14:00:00,2025,Regular Season - 9,39,Premier League,35,65,Bournemouth,Nottingham Forest,2,0,1.6619999999999997,4.171999999999999,4.894,1.8219999999999998,2.05,5
1379058,2025-10-26 14:00:00,2025,Regular Season - 9,39,Premier League,39,44,Wolves,Burnley,2,3,1.9400000000000002,3.526,4.1579999999999995,2.2525000000000004,1.68,5
1387774,2025-10-26 14:00:00,2025,Regular Season - 9,61,Ligue 1,79,112,Lille,Metz,6,1,1.43,4.7780000000000005,7.346000000000001,1.6974999999999998,2.2175000000000002,5
1388372,2025-10-26 14:30:00,2025,Regular Season - 8,78,Bundesliga,168,160,Bayer Leverkusen,SC Freiburg,2,0,1.6780000000000002,4.066,5.022,1.8075,2.0549999999999997,5
1390916,2025-10-26 15:15:00,2025,Regular Season - 10,140,La Liga,541,529,Real Madrid,Barcelona,2,1,2.0780000000000003,3.968,3.2439999999999998,1.395,2.855,5
1387770,2025-10-26 16:15:00,2025,Regular Season - 9,61,Ligue 1,77,97,Angers,Lorient,2,0,2.774,3.192,2.716,2.2325,1.69,5
1387771,2025-10-26 16:15:00,2025,Regular Season - 9,61,Ligue 1,108,111,Auxerre,Le Havre,0,1,2.27,3.412,3.246,2.088,1.7899999999999998,5
1387778,2025-10-26 16:15:00,2025,Regular Season - 9,61,Ligue 1,94,84,Rennes,Nice,1,2,2.274,3.532,3.1260000000000003,1.8150000000000002,2.0374999999999996,5
1379054,2025-10-26 16:30:00,2025,Regular Season - 9,39,Premier League,45,47,Everton,Tottenham,0,3,2.506,3.414,2.8619999999999997,1.966,1.9,5
1388378,2025-10-26 16:30:00,2025,Regular Season - 8,78,Bundesliga,172,164,VfB Stuttgart,FSV Mainz 05,2,1,1.762,4.1259999999999994,4.342,1.5975000000000001,2.4050000000000002,5
1377935,2025-10-26 17:00:00,2025,Regular Season - 8,135,Serie A,502,500,Fiorentina,Bologna,2,2,2.736,3.2239999999999993,2.7359999999999998,2.2575000000000003,1.6775,5
1390914,2025-10-26 17:30:00,2025,Regular Season - 10,140,La Liga,727,538,Osasuna,Celta Vigo,2,3,2.4899999999999998,3.322,2.9699999999999998,2.1550000000000002,1.7349999999999999,5
1377936,2025-10-26 19:45:00,2025,Regular Season - 8,135,Serie A,487,496,Lazio,Juventus,1,0,3.104,3.258,2.428,2.2350000000000003,1.6875,5
1387775,2025-10-26 19:45:00,2025,Regular Season - 9,61,Ligue 1,80,95,Lyon,Strasbourg,2,1,1.9460000000000002,3.8020000000000005,3.746,1.7425,2.1475,5
1390915,2025-10-26 20:00:00,2025,Regular Season - 10,140,La Liga,728,542,Rayo Vallecano,Alaves,1,0,2.004,3.284,4.244,2.5424999999999995,1.5425,5
1390910,2025-10-27 20:00:00,2025,Regular Season - 10,140,La Liga,543,530,Real Betis,Atletico Madrid,0,2,3.148,3.5200000000000005,2.222,1.844,1.9880000000000002,5
1377951,2025-10-28 17:30:00,2025,Regular Season - 9,135,Serie A,867,492,Lecce,Napoli,0,1,6.944,4.1579999999999995,1.494,2.036,1.786,5
1377944,2025-10-28 19:45:00,2025,Regular Season - 9,135,Serie A,499,489,Atalanta,AC Milan,1,1,2.742,3.3979999999999997,2.512,1.8,2.026,5
1377947,2025-10-29 17:30:00,2025,Regular Season - 9,135,Serie A,895,504,Como,Hellas Verona,3,1,1.6420000000000001,3.626,5.986,2.1980000000000004,1.684,5
1377950,2025-10-29 17:30:00,2025,Regular Season - 9,135,Serie A,496,494,Juventus,Udinese,3,1,1.4940000000000002,4.29,6.991999999999999,1.968,1.8939999999999997,5
1377953,2025-10-29 17:30:00,2025,Regular Season - 9,135,Serie A,497,523,AS Roma,Parma,2,1,1.4940000000000002,4.278,6.992,1.954,1.9060000000000001,5
1387779,2025-10-29 18:00:00,2025,Regular Season - 10,61,Ligue 1,111,106,Le Havre,Stade Brestois 29,1,0,2.7079999999999997,3.138,2.7079999999999997,1.8125,1.995,5
1387780,2025-10-29 18:00:00,2025,Regular Season - 10,61,Ligue 1,97,85,Lorient,Paris Saint Germain,1,1,10.55,5.223999999999999,1.296,1.6175000000000002,2.3099999999999996,5
1387782,2025-10-29 18:00:00,2025,Regular Season - 10,61,Ligue 1,112,116,Metz,Lens,2,0,4.096000000000001,3.3920000000000003,1.9280000000000002,2.2075,1.6675,5
1387784,2025-10-29 18:00:00,2025,Regular Season - 10,61,Ligue 1,84,79,Nice,Lille,2,0,2.7079999999999997,3.118,2.7079999999999997,2.095,1.7475,5
1377945,2025-10-29 19:45:00,2025,Regular Season - 9,135,Serie A,500,503,Bologna,Torino,0,0,1.7939999999999998,3.4839999999999995,4.83,2.2359999999999998,1.6599999999999997,5
1377948,2025-10-29 19:45:00,2025,Regular Season - 9,135,Serie A,495,520,Genoa,Cremonese,0,2,1.842,3.4200000000000004,4.5280000000000005,2.376,1.592,5
1377949,2025-10-29 19:45:00,2025,Regular Season - 9,135,Serie A,505,502,Inter,Fiorentina,3,0,1.3679999999999999,4.9719999999999995,8.209999999999999,1.654,2.25,5
1387781,2025-10-29 20:05:00,2025,Regular Season - 10,61,Ligue 1,81,77,Marseille,Angers,2,2,1.2680000000000002,5.764,10.309999999999999,1.6675,2.2075,5
1387783,2025-10-29 20:05:00,2025,Regular Season - 10,61,Ligue 1,83,91,Nantes,Monaco,3,5,5.232,3.7660000000000005,1.6619999999999997,1.895,1.915,5
1387785,2025-10-29 20:05:00,2025,Regular Season - 10,61,Ligue 1,114,80,Paris FC,Lyon,3,3,2.7,3.428,2.56,1.684,2.196,5
1387786,2025-10-29 20:05:00,2025,Regular Season - 10,61,Ligue 1,95,108,Strasbourg,Auxerre,3,0,1.7240000000000002,3.872,4.7299999999999995,1.8519999999999999,2.002,5
1387787,2025-10-29 20:05:00,2025,Regular Season - 10,61,Ligue 1,96,94,Toulouse,Rennes,2,2,2.136,3.482,3.4080000000000004,1.9100000000000001,1.938,5
1377946,2025-10-30 17:30:00,2025,Regular Season - 9,135,Serie A,490,488,Cagliari,Sassuolo,1,2,2.48,3.214,2.9199999999999995,2.134,1.718,5
1377952,2025-10-30 19:45:00,2025,Regular Season - 9,135,Serie A,801,487,Pisa,Lazio,0,0,3.9379999999999997,3.322,2.006,2.228,1.6640000000000001,5
1388380,2025-10-31 19:30:00,2025,Regular Season - 9,78,Bundesliga,170,165,FC Augsburg,Borussia Dortmund,0,1,4.016,4.004,1.8039999999999998,1.544,2.4,5
1390923,2025-10-31 20:00:00,2025,Regular Season - 11,140,La Liga,546,547,Getafe,Girona,2,1,2.252,2.9939999999999998,3.6300000000000003,2.6079999999999997,1.492,5
1390928,2025-11-01 13:00:00,2025,Regular Season - 11,140,La Liga,533,728,Villarreal,Rayo Vallecano,4,0,1.6939999999999997,3.85,4.909999999999999,1.7400000000000002,2.108,5
1377962,2025-11-01 14:00:00,2025,Regular Season - 10,135,Serie A,494,499,Udinese,Atalanta,1,0,3.9840000000000004,3.562,1.916,1.886,1.95,5
1388383,2025-11-01 14:30:00,2025,Regular Season - 9,78,Bundesliga,180,169,1. FC Heidenheim,Eintracht Frankfurt,1,1,3.5379999999999994,3.9559999999999995,1.9299999999999997,1.4799999999999998,2.59,5
1388384,2025-11-01 14:30:00,2025,Regular Season - 9,78,Bundesliga,164,162,FSV Mainz 05,Werder Bremen,1,1,1.97,3.804,3.53,1.54,2.4059999999999997,5
1388385,2025-11-01 14:30:00,2025,Regular Season - 9,78,Bundesliga,173,172,RB Leipzig,VfB Stuttgart,3,1,2.056,3.836,3.22,1.434,2.728,5
1388386,2025-11-01 14:30:00,2025,Regular Season - 9,78,Bundesliga,186,163,FC St. Pauli,Borussia Mönchengladbach,0,4,2.05,3.5599999999999996,3.5840000000000005,1.886,1.9740000000000002,5
1388387,2025-11-01 14:30:00,2025,Regular Season - 9,78,Bundesliga,182,160,Union Berlin,SC Freiburg,0,0,2.656,3.3480000000000003,2.6479999999999997,2.0799999999999996,1.762,5
1379059,2025-11-01 15:00:00,2025,Regular Season - 10,39,Premier League,51,63,Brighton,Leeds,3,0,1.768,3.896,4.324,1.7400000000000002,2.1039999999999996,5
1379060,2025-11-01 15:00:00,2025,Regular Season - 10,39,Premier League,44,42,Burnley,Arsenal,0,2,10.05,5.2219999999999995,1.304,1.7920000000000003,2.034,5
1379061,2025-11-01 15:00:00,2025,Regular Season - 10,39,Premier League,52,55,Crystal Palace,Brentford,2,0,1.848,3.692,4.194,1.8200000000000003,1.9959999999999998,5
1379062,2025-11-01 15:00:00,2025,Regular Season - 10,39,Premier League,36,39,Fulham,Wolves,3,0,1.828,3.54,4.473999999999999,2.094,1.746,5
1379065,2025-11-01 15:00:00,2025,Regular Season - 10,39,Premier League,65,33,Nottingham Forest,Manchester United,2,2,2.962,3.668,2.2520000000000002,1.718,2.134,5
1390920,2025-11-01 15:15:00,2025,Regular Season - 11,140,La Liga,530,536,Atletico Madrid,Sevilla,3,0,1.3760000000000001,4.970000000000001,8.190000000000001,1.682,2.1980000000000004,5
1387794,2025-11-01 16:00:00,2025,Regular Season - 11,61,Ligue 1,85,84,Paris Saint Germain,Nice,1,0,1.3059999999999998,5.684,9.01,1.378,2.956,5
1377958,2025-11-01 17:00:00,2025,Regular Season - 10,135,Serie A,492,895,Napoli,Como,0,0,1.9140000000000001,3.3,4.43,2.1920000000000006,1.6939999999999997,5
1379067,2025-11-01 17:30:00,2025,Regular Season - 10,39,Premier League,47,49,Tottenham,Chelsea,0,1,2.746,3.692,2.3899999999999997,1.658,2.2359999999999998,5
1388381,2025-11-01 17:30:00,2025,Regular Season - 9,78,Bundesliga,157,168,Bayern München,Bayer Leverkusen,3,0,1.2520000000000002,6.458,10.27,1.264,3.6439999999999997,5
1390926,2025-11-01 17:30:00,2025,Regular Season - 11,140,La Liga,548,531,Real Sociedad,Athletic Club,3,2,2.782,3.0460000000000003,2.726,2.362,1.598,5
1387792,2025-11-01 18:00:00,2025,Regular Season - 11,61,Ligue 1,91,114,Monaco,Paris FC,0,1,1.738,4.1259999999999994,4.247999999999999,1.526,2.4579999999999997,5
1377954,2025-11-01 19:45:00,2025,Regular Season - 10,135,Serie A,520,496,Cremonese,Juventus,1,2,6.508,3.9299999999999997,1.554,1.9880000000000002,1.8379999999999999,5
1379063,2025-11-01 20:00:00,2025,Regular Season - 10,39,Premier League,40,66,Liverpool,Aston Villa,2,0,1.522,4.6,5.544,1.5260000000000002,2.45,5
1390925,2025-11-01 20:00:00,2025,Regular Season - 11,140,La Liga,541,532,Real Madrid,Valencia,4,0,1.228,6.558,11.290000000000001,1.3840000000000001,2.9419999999999993,5
1387788,2025-11-01 20:05:00,2025,Regular Season - 11,61,Ligue 1,108,81,Auxerre,Marseille,0,1,4.81,3.8879999999999995,1.702,1.7420000000000002,2.116,5
1377963,2025-11-02 11:30:00,2025,Regular Season - 10,135,Serie A,504,505,Hellas Verona,Inter,1,2,7.7700000000000005,4.587999999999999,1.4120000000000001,1.7559999999999998,2.088,5
1390924,2025-11-02 13:00:00,2025,Regular Season - 11,140,La Liga,539,538,Levante,Celta Vigo,1,2,2.8,3.4580000000000006,2.468,1.8379999999999999,2,5
1377955,2025-11-02 14:00:00,2025,Regular Season - 10,135,Serie A,502,867,Fiorentina,Lecce,0,1,1.6320000000000001,3.7199999999999998,5.848,2.112,1.7420000000000002,5
1377961,2025-11-02 14:00:00,2025,Regular Season - 10,135,Serie A,503,801,Torino,Pisa,2,2,1.954,3.274,4.24,2.28,1.6420000000000001,5
1379068,2025-11-02 14:00:00,2025,Regular Season - 10,39,Premier League,48,34,West Ham,Newcastle,3,1,5.01,4.016,1.6620000000000001,1.81,2.032,5
1387795,2025-11-02 14:00:00,2025,Regular Season - 11,61,Ligue 1,94,95,Rennes,Strasbourg,4,1,2.1420000000000003,3.6,3.2340000000000004,1.718,2.1399999999999997,5
1388382,2025-11-02 14:30:00,2025,Regular Season - 9,78,Bundesliga,192,175,1. FC Köln,Hamburger SV,4,1,2.0420000000000003,3.6839999999999997,3.45,1.6280000000000001,2.3080000000000003,5
1390919,2025-11-02 15:15:00,2025,Regular Season - 11,140,La Liga,542,540,Alaves,Espanyol,2,1,2.388,3.0439999999999996,3.2399999999999998,2.464,1.5560000000000003,5
1387790,2025-11-02 16:15:00,2025,Regular Season - 11,61,Ligue 1,116,97,Lens,Lorient,3,0,1.4580000000000002,4.464,6.787999999999999,1.716,2.1439999999999997,5
1387791,2025-11-02 16:15:00,2025,Regular Season - 11,61,Ligue 1,79,77,Lille,Angers,1,0,1.304,5.192,10.75,1.816,2.024,5
1387793,2025-11-02 16:15:00,2025,Regular Season - 11,61,Ligue 1,83,112,Nantes,Metz,0,2,1.97,3.5200000000000005,3.8199999999999994,1.996,1.828,5
1387796,2025-11-02 16:15:00,2025,Regular Season - 11,61,Ligue 1,96,111,Toulouse,Le Havre,0,0,1.716,3.782,4.85,1.936,1.8940000000000001,5
1379064,2025-11-02 16:30:00,2025,Regular Season - 10,39,Premier League,50,35,Manchester City,Bournemouth,3,1,1.4940000000000002,4.6,6.034000000000001,1.536,2.444,5
1388388,2025-11-02 16:30:00,2025,Regular Season - 9,78,Bundesliga,161,167,VfL Wolfsburg,1899 Hoffenheim,2,3,2.588,3.716,2.508,1.564,2.42,5
1377959,2025-11-02 17:00:00,2025,Regular Season - 10,135,Serie A,523,500,Parma,Bologna,1,3,4.08,3.062,2.0759999999999996,2.444,1.5640000000000003,5
1390921,2025-11-02 17:30:00,2025,Regular Season - 11,140,La Liga,529,797,Barcelona,Elche,3,1,1.23,6.28,12.3,1.3560000000000003,3.092,5
1377957,2025-11-02 19:45:00,2025,Regular Season - 10,135,Serie A,489,497,AC Milan,AS Roma,1,0,2.038,3.272,3.912,2.134,1.7280000000000002,5
1387789,2025-11-02 19:45:00,2025,Regular Season - 11,61,Ligue 1,106,80,Stade Brestois 29,Lyon,0,0,3.0380000000000003,3.522,2.272,1.718,2.1399999999999997,5
1390922,2025-11-02 20:00:00,2025,Regular Season - 11,140,La Liga,543,798,Real Betis,Mallorca,3,0,1.616,4.016,5.354,1.8960000000000001,1.938,5
1377960,2025-11-03 17:30:00,2025,Regular Season - 10,135,Serie A,488,495,Sassuolo,Genoa,1,2,2.432,3.036,3.164,2.4840000000000004,1.552,5
1377956,2025-11-03 19:45:00,2025,Regular Season - 10,135,Serie A,487,490,Lazio,Cagliari,2,0,1.572,3.938,6.208,1.952,1.89,5
1379066,2025-11-03 20:00:00,2025,Regular Season - 10,39,Premier League,746,45,Sunderland,Everton,1,1,2.824,3.086,2.662,2.298,1.636,5
1390927,2025-11-03 20:00:00,2025,Regular Season - 11,140,La Liga,718,727,Oviedo,Osasuna,0,0,3.026,2.9840000000000004,2.56,2.5620000000000003,1.522,5
1388397,2025-11-07 19:30:00,2025,Regular Season - 10,78,Bundesliga,162,161,Werder Bremen,VfL Wolfsburg,2,1,2.234,3.668,3.064,1.592,2.386,5
1377972,2025-11-07 19:45:00,2025,Regular Season - 11,135,Serie A,801,520,Pisa,Cremonese,1,0,2.276,3.06,3.4940000000000007,2.324,1.6219999999999999,5
1387804,2025-11-07 19:45:00,2025,Regular Season - 12,61,Ligue 1,114,94,Paris FC,Rennes,0,1,2.186,3.6399999999999997,3.158,1.7200000000000002,2.136,5
1390932,2025-11-07 20:00:00,2025,Regular Season - 12,140,La Liga,797,548,Elche,Real Sociedad,1,1,2.7179999999999995,3.184,2.732,2.162,1.7100000000000002,5
1379077,2025-11-08 12:30:00,2025,Regular Season - 11,39,Premier League,47,33,Tottenham,Manchester United,2,2,2.752,3.5519999999999996,2.4600000000000004,1.656,2.254,5
1390934,2025-11-08 13:00:00,2025,Regular Season - 12,140,La Liga,547,542,Girona,Alaves,1,0,2.44,3.146,3.1100000000000003,2.306,1.6320000000000001,5
1377966,2025-11-08 14:00:00,2025,Regular Season - 11,135,Serie A,895,490,Como,Cagliari,0,0,1.4940000000000002,4.369999999999999,6.5120000000000005,1.908,1.922,5
1377970,2025-11-08 14:00:00,2025,Regular Season - 11,135,Serie A,867,504,Lecce,Hellas Verona,0,0,2.7460000000000004,2.862,2.964,2.57,1.51,5
1388389,2025-11-08 14:30:00,2025,Regular Season - 10,78,Bundesliga,168,180,Bayer Leverkusen,1. FC Heidenheim,6,0,1.4100000000000001,4.836,7.32,1.512,2.4899999999999998,5
1388393,2025-11-08 14:30:00,2025,Regular Season - 10,78,Bundesliga,175,165,Hamburger SV,Borussia Dortmund,1,1,4.510000000000001,4.191999999999999,1.6940000000000002,1.472,2.6100000000000003,5
1388394,2025-11-08 14:30:00,2025,Regular Season - 10,78,Bundesliga,167,173,1899 Hoffenheim,RB Leipzig,3,1,2.6659999999999995,3.8840000000000003,2.378,1.3900000000000001,2.9,5
1388396,2025-11-08 14:30:00,2025,Regular Season - 10,78,Bundesliga,182,157,Union Berlin,Bayern München,2,2,10.17,6.33,1.254,1.384,2.928,5
1379073,2025-11-08 15:00:00,2025,Regular Season - 11,39,Premier League,45,36,Everton,Fulham,2,0,2.206,3.3,3.4080000000000004,2.1799999999999997,1.698,5
1379078,2025-11-08 15:00:00,2025,Regular Season - 11,39,Premier League,48,44,West Ham,Burnley,3,2,1.956,3.572,3.934,1.952,1.888,5
1390937,2025-11-08 15:15:00,2025,Regular Season - 12,140,La Liga,536,727,Sevilla,Osasuna,1,0,2.17,3.2660000000000005,3.5159999999999996,2.196,1.688,5
1387801,2025-11-08 16:00:00,2025,Regular Season - 12,61,Ligue 1,81,106,Marseille,Stade Brestois 29,3,0,1.46,4.634,6.622,1.674,2.2180000000000004,5
1377969,2025-11-08 17:00:00,2025,Regular Season - 11,135,Serie A,496,503,Juventus,Torino,0,0,1.514,4.1,6.992,2.018,1.8080000000000003,5
1379076,2025-11-08 17:30:00,2025,Regular Season - 11,39,Premier League,746,42,Sunderland,Arsenal,2,2,8.080000000000002,4.6659999999999995,1.4100000000000001,2.01,1.83,5
1388390,2025-11-08 17:30:00,2025,Regular Season - 10,78,Bundesliga,163,192,Borussia Mönchengladbach,1. FC Köln,3,1,2.1879999999999997,3.586,3.154,1.6480000000000001,2.268,5
1390930,2025-11-08 17:30:00,2025,Regular Season - 12,140,La Liga,530,539,Atletico Madrid,Levante,3,1,1.244,6.19,11.82,1.488,2.54,5
1387798,2025-11-08 18:00:00,2025,Regular Season - 12,61,Ligue 1,111,83,Le Havre,Nantes,1,1,1.922,3.344,4.312,2.214,1.6759999999999997,5
1377971,2025-11-08 19:45:00,2025,Regular Season - 11,135,Serie A,523,489,Parma,AC Milan,2,2,5.798,3.876,1.614,2.104,1.746,5
1379071,2025-11-08 20:00:00,2025,Regular Season - 11,39,Premier League,49,39,Chelsea,Wolves,3,0,1.384,4.886,8.01,1.64,2.282,5
1390933,2025-11-08 20:00:00,2025,Regular Season - 12,140,La Liga,540,533,Espanyol,Villarreal,0,2,2.878,3.5260000000000007,2.3880000000000003,1.77,2.074,5
1387803,2025-11-08 20:05:00,2025,Regular Season - 12,61,Ligue 1,91,116,Monaco,Lens,1,4,2.054,3.812,3.3,1.52,2.464,5
1377964,2025-11-09 11:30:00,2025,Regular Season - 11,135,Serie A,499,488,Atalanta,Sassuolo,0,3,1.4700000000000002,4.531999999999999,6.5,1.69,2.194,5
1390929,2025-11-09 13:00:00,2025,Regular Season - 12,140,La Liga,531,718,Athletic Club,Oviedo,1,0,1.4919999999999998,3.8840000000000003,7.6,2.154,1.716,5
1377965,2025-11-09 14:00:00,2025,Regular Season - 11,135,Serie A,500,492,Bologna,Napoli,2,0,2.916,3.05,2.606,2.464,1.56,5
1377967,2025-11-09 14:00:00,2025,Regular Season - 11,135,Serie A,495,502,Genoa,Fiorentina,2,2,2.7840000000000003,3.008,2.7760000000000002,2.4979999999999998,1.542,5
1379069,2025-11-09 14:00:00,2025,Regular Season - 11,39,Premier League,66,35,Aston Villa,Bournemouth,4,0,2.152,3.508,3.31,1.8379999999999999,1.9979999999999998,5
1379070,2025-11-09 14:00:00,2025,Regular Season - 11,39,Premier League,55,34,Brentford,Newcastle,3,1,2.936,3.45,2.366,1.828,2.0119999999999996,5
1379072,2025-11-09 14:00:00,2025,Regular Season - 11,39,Premier League,52,51,Crystal Palace,Brighton,0,0,2.274,3.4840000000000004,3.068,1.7459999999999998,2.106,5
1379075,2025-11-09 14:00:00,2025,Regular Season - 11,39,Premier League,65,63,Nottingham Forest,Leeds,3,1,2.234,3.3160000000000003,3.314,2.03,1.8059999999999998,5
1387799,2025-11-09 14:00:00,2025,Regular Season - 12,61,Ligue 1,97,96,Lorient,Toulouse,1,1,3.0260000000000002,3.2299999999999995,2.402,2.0959999999999996,1.7600000000000002,5
1388392,2025-11-09 14:30:00,2025,Regular Season - 10,78,Bundesliga,160,186,SC Freiburg,FC St. Pauli,2,1,1.8399999999999999,3.6300000000000003,4.3,1.996,1.8379999999999999,5
1390936,2025-11-09 15:15:00,2025,Regular Season - 12,140,La Liga,728,541,Rayo Vallecano,Real Madrid,0,0,6.029999999999999,4.59,1.4899999999999998,1.6079999999999999,2.346,5
1387797,2025-11-09 16:15:00,2025,Regular Season - 12,61,Ligue 1,77,108,Angers,Auxerre,2,0,2.6100000000000003,3.0599999999999996,2.8899999999999997,2.2960000000000003,1.634,5
1387802,2025-11-09 16:15:00,2025,Regular Season - 12,61,Ligue 1,112,84,Metz,Nice,2,1,3.3680000000000008,3.596,2.086,1.738,2.1239999999999997,5
1387805,2025-11-09 16:15:00,2025,Regular Season - 12,61,Ligue 1,95,79,Strasbourg,Lille,2,0,2.762,3.4579999999999997,2.482,1.7720000000000002,2.084,5
1379074,2025-11-09 16:30:00,2025,Regular Season - 11,39,Premier League,50,40,Manchester City,Liverpool,3,0,1.952,3.942,3.5200000000000005,1.472,2.594,5
1388395,2025-11-09 16:30:00,2025,Regular Season - 10,78,Bundesliga,172,170,VfB Stuttgart,FC Augsburg,3,2,1.5,4.546000000000001,6.01,1.502,2.5420000000000003,5
1377973,2025-11-09 17:00:00,2025,Regular Season - 11,135,Serie A,497,494,AS Roma,Udinese,2,0,1.5560000000000003,4.04,5.978,2.008,1.8239999999999998,5
1390935,2025-11-09 17:30:00,2025,Regular Season - 12,140,La Liga,798,546,Mallorca,Getafe,1,0,2.5060000000000002,2.878,3.2640000000000002,2.932,1.404,5
1390938,2025-11-09 17:30:00,2025,Regular Season - 12,140,La Liga,532,543,Valencia,Real Betis,1,1,3.188,3.376,2.2640000000000002,1.888,1.934,5
1388391,2025-11-09 18:30:00,2025,Regular Season - 10,78,Bundesliga,169,164,Eintracht Frankfurt,FSV Mainz 05,1,0,1.8519999999999999,3.964,3.844,1.546,2.396,5
1377968,2025-11-09 19:45:00,2025,Regular Season - 11,135,Serie A,505,487,Inter,Lazio,2,0,1.3940000000000001,4.952,7.49,1.698,2.184,5
1387800,2025-11-09 19:45:00,2025,Regular Season - 12,61,Ligue 1,80,85,Lyon,Paris Saint Germain,2,3,3.872,3.8620000000000005,1.8579999999999999,1.6280000000000001,2.312,5
1390931,2025-11-09 20:00:00,2025,Regular Season - 12,140,La Liga,538,529,Celta Vigo,Barcelona,2,4,5.016,4.284,1.61,1.428,2.7479999999999998,5
1388403,2025-11-21 19:30:00,2025,Regular Season - 11,78,Bundesliga,164,167,FSV Mainz 05,1899 Hoffenheim,1,1,2.226,3.692,2.994,1.6,2.358,5
1387811,2025-11-21 19:45:00,2025,Regular Season - 13,61,Ligue 1,84,81,Nice,Marseille,1,5,3.7940000000000005,3.724,1.954,1.6979999999999997,2.182,5
1390947,2025-11-21 20:00:00,2025,Regular Season - 13,140,La Liga,532,539,Valencia,Levante,1,0,2.008,3.5460000000000003,3.7379999999999995,1.964,1.8939999999999997,5
1379082,2025-11-22 12:30:00,2025,Regular Season - 12,39,Premier League,44,49,Burnley,Chelsea,0,2,6.1899999999999995,4.1,1.536,1.816,2.0140000000000002,5
1390939,2025-11-22 13:00:00,2025,Regular Season - 13,140,La Liga,542,538,Alaves,Celta Vigo,0,1,2.566,3.088,2.9200000000000004,2.368,1.5900000000000003,5
1377974,2025-11-22 14:00:00,2025,Regular Season - 12,135,Serie A,490,495,Cagliari,Genoa,3,3,2.8460000000000005,2.996,2.7119999999999997,2.554,1.526,5
1377982,2025-11-22 14:00:00,2025,Regular Season - 12,135,Serie A,494,500,Udinese,Bologna,0,3,3.65,3.2340000000000004,2.118,2.232,1.666,5
1388398,2025-11-22 14:30:00,2025,Regular Season - 11,78,Bundesliga,170,175,FC Augsburg,Hamburger SV,1,0,2.314,3.5739999999999994,2.9339999999999997,1.654,2.248,5
1388399,2025-11-22 14:30:00,2025,Regular Season - 11,78,Bundesliga,157,160,Bayern München,SC Freiburg,6,2,1.216,6.672,12.73,1.338,3.1479999999999997,5
1388400,2025-11-22 14:30:00,2025,Regular Season - 11,78,Bundesliga,165,172,Borussia Dortmund,VfB Stuttgart,3,3,1.6960000000000002,4.167999999999999,4.514,1.49,2.55,5
1388402,2025-11-22 14:30:00,2025,Regular Season - 11,78,Bundesliga,180,163,1. FC Heidenheim,Borussia Mönchengladbach,0,3,3.18,3.6420000000000003,2.152,1.6919999999999997,2.174,5
1388406,2025-11-22 14:30:00,2025,Regular Season - 11,78,Bundesliga,161,168,VfL Wolfsburg,Bayer Leverkusen,1,3,3.086,3.71,2.164,1.6280000000000001,2.302,5
1379080,2025-11-22 15:00:00,2025,Regular Season - 12,39,Premier League,35,48,Bournemouth,West Ham,2,2,1.6260000000000001,4.024,5.218,1.748,2.108,5
1379081,2025-11-22 15:00:00,2025,Regular Season - 12,39,Premier League,51,55,Brighton,Brentford,2,1,1.936,3.686,3.758,1.7560000000000002,2.0999999999999996,5
1379083,2025-11-22 15:00:00,2025,Regular Season - 12,39,Premier League,36,746,Fulham,Sunderland,1,0,2.016,3.332,3.8659999999999997,2.114,1.738,5
1379085,2025-11-22 15:00:00,2025,Regular Season - 12,39,Premier League,40,65,Liverpool,Nottingham Forest,0,3,1.44,4.656000000000001,6.882,1.518,2.47,5
1379088,2025-11-22 15:00:00,2025,Regular Season - 12,39,Premier League,39,52,Wolves,Crystal Palace,0,2,4.0120000000000005,3.5140000000000002,1.92,2,1.8359999999999999,5
1390940,2025-11-22 15:15:00,2025,Regular Season - 13,140,La Liga,529,531,Barcelona,Athletic Club,4,0,1.4419999999999997,4.6259999999999994,6.7,1.5740000000000003,2.4080000000000004,5
1387808,2025-11-22 16:00:00,2025,Regular Season - 13,61,Ligue 1,116,95,Lens,Strasbourg,1,0,2.098,3.692,3.364,1.652,2.268,5
1377976,2025-11-22 17:00:00,2025,Regular Season - 12,135,Serie A,502,496,Fiorentina,Juventus,1,1,3.7039999999999997,3.4160000000000004,2.026,2.088,1.762,5
1379087,2025-11-22 17:30:00,2025,Regular Season - 12,39,Premier League,34,50,Newcastle,Manchester City,2,1,3.136,3.71,2.164,1.718,2.156,5
1388401,2025-11-22 17:30:00,2025,Regular Season - 11,78,Bundesliga,192,169,1. FC Köln,Eintracht Frankfurt,3,4,2.8939999999999997,3.718,2.284,1.512,2.4799999999999995,5
1390945,2025-11-22 17:30:00,2025,Regular Season - 13,140,La Liga,727,548,Osasuna,Real Sociedad,1,3,2.4859999999999998,3.1420000000000003,2.98,2.268,1.6420000000000001,5
1387813,2025-11-22 18:00:00,2025,Regular Season - 13,61,Ligue 1,94,91,Rennes,Monaco,4,1,2.5100000000000002,3.7399999999999998,2.6380000000000003,1.516,2.434,5
1377979,2025-11-22 19:45:00,2025,Regular Season - 12,135,Serie A,492,499,Napoli,Atalanta,3,1,2.136,3.2979999999999996,3.524,2.1079999999999997,1.748,5
1390948,2025-11-22 20:00:00,2025,Regular Season - 13,140,La Liga,533,798,Villarreal,Mallorca,2,1,1.4439999999999997,4.482,7.062,1.702,2.16,5
1387812,2025-11-22 20:05:00,2025,Regular Season - 13,61,Ligue 1,85,111,Paris Saint Germain,Le Havre,3,0,1.168,7.470000000000001,16,1.4259999999999997,2.732,5
1377983,2025-11-23 11:30:00,2025,Regular Season - 12,135,Serie A,504,523,Hellas Verona,Parma,1,2,2.366,3.0759999999999996,3.268,2.5140000000000002,1.5340000000000003,5
1390946,2025-11-23 13:00:00,2025,Regular Season - 13,140,La Liga,718,728,Oviedo,Rayo Vallecano,0,0,3.2700000000000005,3.3019999999999996,2.272,2.168,1.7239999999999998,5
1377975,2025-11-23 14:00:00,2025,Regular Season - 12,135,Serie A,520,497,Cremonese,AS Roma,1,3,5.4159999999999995,3.8519999999999994,1.638,1.9780000000000002,1.8560000000000003,5
1379084,2025-11-23 14:00:00,2025,Regular Season - 12,39,Premier League,63,66,Leeds,Aston Villa,1,2,2.808,3.214,2.568,2.122,1.7340000000000004,5
1387806,2025-11-23 14:00:00,2025,Regular Season - 13,61,Ligue 1,108,80,Auxerre,Lyon,0,0,4.2,3.594,1.886,1.934,1.904,5
1388404,2025-11-23 14:30:00,2025,Regular Season - 11,78,Bundesliga,173,162,RB Leipzig,Werder Bremen,2,0,1.526,4.715999999999999,5.2459999999999996,1.342,3.132,5
1390941,2025-11-23 15:15:00,2025,Regular Season - 13,140,La Liga,543,547,Real Betis,Girona,1,1,1.6039999999999999,4.104,5.328,1.69,2.176,5
1387807,2025-11-23 16:15:00,2025,Regular Season - 13,61,Ligue 1,106,112,Stade Brestois 29,Metz,3,2,1.6960000000000002,3.88,5.074,1.8040000000000003,2.028,5
1387810,2025-11-23 16:15:00,2025,Regular Season - 13,61,Ligue 1,83,97,Nantes,Lorient,1,1,2.464,3.3659999999999997,2.872,2.028,1.812,5
1387814,2025-11-23 16:15:00,2025,Regular Season - 13,61,Ligue 1,96,77,Toulouse,Angers,0,1,1.614,3.87,5.828,2.022,1.818,5
1379079,2025-11-23 16:30:00,2025,Regular Season - 12,39,Premier League,42,47,Arsenal,Tottenham,4,1,1.37,4.756,8.379999999999999,1.7260000000000002,2.1340000000000003,5
1388405,2025-11-23 16:30:00,2025,Regular Season - 11,78,Bundesliga,186,182,FC St. Pauli,Union Berlin,0,1,2.322,3.37,3.1260000000000003,2.068,1.7899999999999998,5
1377978,2025-11-23 17:00:00,2025,Regular Season - 12,135,Serie A,487,867,Lazio,Lecce,2,0,1.6260000000000001,3.714,5.786,2.146,1.7240000000000002,5
1390944,2025-11-23 17:30:00,2025,Regular Season - 13,140,La Liga,546,530,Getafe,Atletico Madrid,0,1,4.884,3.254,1.846,2.468,1.552,5
1377977,2025-11-23 19:45:00,2025,Regular Season - 12,135,Serie A,505,489,Inter,AC Milan,0,1,1.892,3.586,4.08,1.842,1.9899999999999998,5
1387809,2025-11-23 19:45:00,2025,Regular Season - 13,61,Ligue 1,79,114,Lille,Paris FC,4,2,1.6280000000000001,4.144,5.296,1.6640000000000001,2.21,5
1390942,2025-11-23 20:00:00,2025,Regular Season - 13,140,La Liga,797,541,Elche,Real Madrid,2,2,7.080000000000001,4.936,1.408,1.5260000000000002,2.446,5
1377981,2025-11-24 17:30:00,2025,Regular Season - 12,135,Serie A,503,895,Torino,Como,1,5,3.3840000000000003,3.2640000000000002,2.2,2.1399999999999997,1.7079999999999997,5
1377980,2025-11-24 19:45:00,2025,Regular Season - 12,135,Serie A,488,801,Sassuolo,Pisa,2,2,2.022,3.3339999999999996,3.8020000000000005,2.168,1.69,5
1379086,2025-11-24 20:00:00,2025,Regular Season - 12,39,Premier League,33,45,Manchester United,Everton,0,1,1.7,3.972,4.684,1.6960000000000002,2.1799999999999997,5
1390943,2025-11-24 20:00:00,2025,Regular Season - 13,140,La Liga,540,536,Espanyol,Sevilla,2,1,2.112,3.3579999999999997,3.65,2.154,1.714,5
1388409,2025-11-28 19:30:00,2025,Regular Season - 12,78,Bundesliga,163,173,Borussia Mönchengladbach,RB Leipzig,0,0,3.152,3.8660000000000005,2.086,1.442,2.6980000000000004,5
1377986,2025-11-28 19:45:00,2025,Regular Season - 13,135,Serie A,895,488,Como,Sassuolo,2,0,1.636,3.8980000000000006,5.454,1.968,1.8699999999999999,5
1387820,2025-11-28 19:45:00,2025,Regular Season - 14,61,Ligue 1,112,94,Metz,Rennes,0,1,3.63,3.6159999999999997,1.982,1.768,2.078,5
1390952,2025-11-28 20:00:00,2025,Regular Season - 14,140,La Liga,546,797,Getafe,Elche,1,0,2.226,2.932,3.7659999999999996,2.802,1.4160000000000001,5
1390955,2025-11-29 13:00:00,2025,Regular Season - 14,140,La Liga,798,727,Mallorca,Osasuna,2,2,2.5100000000000002,2.982,3.1119999999999997,2.5020000000000002,1.5420000000000003,5
1377987,2025-11-29 14:00:00,2025,Regular Season - 13,135,Serie A,495,504,Genoa,Hellas Verona,2,1,2.12,2.982,4.058000000000001,2.69,1.444,5
1377991,2025-11-29 14:00:00,2025,Regular Season - 13,135,Serie A,523,494,Parma,Udinese,0,2,2.6339999999999995,3.162,2.782,2.228,1.674,5
1388408,2025-11-29 14:30:00,2025,Regular Season - 12,78,Bundesliga,157,186,Bayern München,FC St. Pauli,3,1,1.122,8.98,22.4,1.278,3.5380000000000003,5
1388413,2025-11-29 14:30:00,2025,Regular Season - 12,78,Bundesliga,167,170,1899 Hoffenheim,FC Augsburg,3,0,1.7079999999999997,4.198,4.36,1.594,2.374,5
1388414,2025-11-29 14:30:00,2025,Regular Season - 12,78,Bundesliga,182,180,Union Berlin,1. FC Heidenheim,1,2,1.7740000000000002,3.72,4.542,1.902,1.92,5
1388415,2025-11-29 14:30:00,2025,Regular Season - 12,78,Bundesliga,162,192,Werder Bremen,1. FC Köln,1,1,2.254,3.7,2.946,1.572,2.422,5
1379090,2025-11-29 15:00:00,2025,Regular Season - 13,39,Premier League,55,44,Brentford,Burnley,3,1,1.526,4.194,6.3,1.8419999999999999,1.9920000000000002,5
1379094,2025-11-29 15:00:00,2025,Regular Season - 13,39,Premier League,50,63,Manchester City,Leeds,3,2,1.28,5.618,10.68,1.572,2.4040000000000004,5
1379096,2025-11-29 15:00:00,2025,Regular Season - 13,39,Premier League,746,35,Sunderland,Bournemouth,3,2,2.926,3.342,2.446,1.934,1.9,5
1390950,2025-11-29 15:15:00,2025,Regular Season - 14,140,La Liga,529,542,Barcelona,Alaves,3,1,1.268,5.8580000000000005,10.629999999999999,1.3959999999999997,2.892,5
1387821,2025-11-29 16:00:00,2025,Regular Season - 14,61,Ligue 1,91,85,Monaco,Paris Saint Germain,1,0,4.944,4.44,1.6019999999999999,1.426,2.756,5
1377988,2025-11-29 17:00:00,2025,Regular Season - 13,135,Serie A,496,490,Juventus,Cagliari,2,1,1.348,4.812,9.98,1.9579999999999997,1.8800000000000001,5
1379093,2025-11-29 17:30:00,2025,Regular Season - 13,39,Premier League,45,34,Everton,Newcastle,1,4,2.874,3.314,2.4779999999999998,1.998,1.8399999999999999,5
1388407,2025-11-29 17:30:00,2025,Regular Season - 12,78,Bundesliga,168,165,Bayer Leverkusen,Borussia Dortmund,1,2,2.532,3.5780000000000003,2.646,1.592,2.382,5
1390954,2025-11-29 17:30:00,2025,Regular Season - 14,140,La Liga,539,531,Levante,Athletic Club,0,2,3.784,3.436,2.008,2.104,1.754,5
1387822,2025-11-29 18:00:00,2025,Regular Season - 14,61,Ligue 1,114,108,Paris FC,Auxerre,1,1,1.8020000000000003,3.696,4.284,1.8419999999999999,1.9939999999999998,5
1377990,2025-11-29 19:45:00,2025,Regular Season - 13,135,Serie A,489,487,AC Milan,Lazio,1,0,1.64,3.876,5.484,1.952,1.888,5
1379097,2025-11-29 20:00:00,2025,Regular Season - 13,39,Premier League,47,36,Tottenham,Fulham,1,2,2.01,3.5799999999999996,3.6060000000000003,1.8359999999999999,2,5
1390949,2025-11-29 20:00:00,2025,Regular Season - 14,140,La Liga,530,718,Atletico Madrid,Oviedo,2,0,1.266,5.366,12.3,1.766,2.082,5
1387819,2025-11-29 20:05:00,2025,Regular Season - 14,61,Ligue 1,81,96,Marseille,Toulouse,2,2,1.6420000000000001,3.864,5.218,1.904,1.918,5
1377989,2025-11-30 11:30:00,2025,Regular Season - 13,135,Serie A,867,503,Lecce,Torino,2,1,2.7359999999999998,3.0040000000000004,2.81,2.5439999999999996,1.53,5
1379092,2025-11-30 12:00:00,2025,Regular Season - 13,39,Premier League,52,33,Crystal Palace,Manchester United,1,2,2.504,3.5200000000000005,2.718,1.7399999999999998,2.1100000000000003,5
1390957,2025-11-30 13:00:00,2025,Regular Season - 14,140,La Liga,548,533,Real Sociedad,Villarreal,2,3,2.586,3.4579999999999997,2.6400000000000006,1.8980000000000001,1.924,5
1377992,2025-11-30 14:00:00,2025,Regular Season - 13,135,Serie A,801,505,Pisa,Inter,0,2,9.15,4.952,1.346,1.75,2.1119999999999997,5
1387823,2025-11-30 14:00:00,2025,Regular Season - 14,61,Ligue 1,95,106,Strasbourg,Stade Brestois 29,1,2,1.9439999999999997,3.59,3.724,1.846,1.9899999999999998,5
1379089,2025-11-30 14:05:00,2025,Regular Season - 13,39,Premier League,66,39,Aston Villa,Wolves,1,0,1.4860000000000002,4.33,6.742,1.818,2.016,5
1379095,2025-11-30 14:05:00,2025,Regular Season - 13,39,Premier League,65,51,Nottingham Forest,Brighton,0,2,2.6759999999999997,3.44,2.5780000000000003,1.8220000000000003,2.004,5
1379098,2025-11-30 14:05:00,2025,Regular Season - 13,39,Premier League,48,40,West Ham,Liverpool,0,2,4.876,4.319999999999999,1.6200000000000003,1.5080000000000002,2.5100000000000002,5
1388412,2025-11-30 14:30:00,2025,Regular Season - 12,78,Bundesliga,175,172,Hamburger SV,VfB Stuttgart,2,1,3.0100000000000002,3.692,2.2060000000000004,1.526,2.4539999999999997,5
1390958,2025-11-30 15:15:00,2025,Regular Season - 14,140,La Liga,536,543,Sevilla,Real Betis,0,2,2.842,3.37,2.468,1.9939999999999998,1.8400000000000003,5
1387815,2025-11-30 16:15:00,2025,Regular Season - 14,61,Ligue 1,77,116,Angers,Lens,1,2,4.446,3.7659999999999996,1.762,1.81,2.0300000000000002,5
1387816,2025-11-30 16:15:00,2025,Regular Season - 14,61,Ligue 1,111,79,Le Havre,Lille,0,1,3.9540000000000006,3.5380000000000003,1.904,1.932,1.8960000000000001,5
1387817,2025-11-30 16:15:00,2025,Regular Season - 14,61,Ligue 1,97,84,Lorient,Nice,3,1,2.5119999999999996,3.376,2.7960000000000003,1.7920000000000003,2.032,5
1379091,2025-11-30 16:30:00,2025,Regular Season - 13,39,Premier League,49,42,Chelsea,Arsenal,1,1,3.318,3.3800000000000003,2.204,1.924,1.9,5
1388410,2025-11-30 16:30:00,2025,Regular Season - 12,78,Bundesliga,169,161,Eintracht Frankfurt,VfL Wolfsburg,1,1,1.6219999999999999,4.4239999999999995,4.766,1.442,2.722,5
1377984,2025-11-30 17:00:00,2025,Regular Season - 13,135,Serie A,499,502,Atalanta,Fiorentina,2,0,1.688,3.8979999999999997,4.992,1.8379999999999999,1.9880000000000002,5
1390951,2025-11-30 17:30:00,2025,Regular Season - 14,140,La Liga,538,540,Celta Vigo,Espanyol,0,1,2.01,3.3619999999999997,3.8939999999999997,1.9920000000000002,1.842,5
1388411,2025-11-30 18:30:00,2025,Regular Season - 12,78,Bundesliga,160,164,SC Freiburg,FSV Mainz 05,4,0,2.018,3.4619999999999997,3.7439999999999998,1.9599999999999997,1.8800000000000001,5
1377993,2025-11-30 19:45:00,2025,Regular Season - 13,135,Serie A,497,492,AS Roma,Napoli,0,1,2.5420000000000003,2.9379999999999997,3.164,2.4099999999999997,1.578,5
1387818,2025-11-30 19:45:00,2025,Regular Season - 14,61,Ligue 1,80,83,Lyon,Nantes,3,0,1.462,4.459999999999999,6.712000000000001,1.69,2.186,5
1390953,2025-11-30 20:00:00,2025,Regular Season - 14,140,La Liga,547,541,Girona,Real Madrid,1,1,7.260000000000001,5.145999999999999,1.386,1.3980000000000001,2.886,5
1377985,2025-12-01 19:45:00,2025,Regular Season - 13,135,Serie A,500,520,Bologna,Cremonese,1,3,1.452,4.3,7.790000000000001,2,1.832,5
1390956,2025-12-01 20:00:00,2025,Regular Season - 14,140,La Liga,728,532,Rayo Vallecano,Valencia,1,1,1.794,3.532,4.676,2.048,1.7879999999999998,5
1379100,2025-12-02 19:30:00,2025,Regular Season - 14,39,Premier League,35,45,Bournemouth,Everton,0,1,2.0439999999999996,3.368,3.7560000000000002,1.9579999999999997,1.876,5
1379103,2025-12-02 19:30:00,2025,Regular Season - 14,39,Premier League,36,50,Fulham,Manchester City,4,5,5.056,4.072,1.6440000000000001,1.682,2.21,5
1391000,2025-12-02 20:00:00,2025,Regular Season - 19,140,La Liga,529,530,Barcelona,Atletico Madrid,3,1,1.794,4.101999999999999,3.912,1.42,2.7600000000000002,5
1379107,2025-12-02 20:15:00,2025,Regular Season - 14,39,Premier League,34,47,Newcastle,Tottenham,2,2,1.748,3.878,4.478,1.674,2.22,5
1390999,2025-12-03 18:00:00,2025,Regular Season - 19,140,La Liga,531,541,Athletic Club,Real Madrid,0,3,4.104000000000001,3.7640000000000002,1.832,1.7920000000000003,2.036,5
1379099,2025-12-03 19:30:00,2025,Regular Season - 14,39,Premier League,42,55,Arsenal,Brentford,2,0,1.3039999999999998,5.348000000000001,10.23,1.722,2.15,5
1379101,2025-12-03 19:30:00,2025,Regular Season - 14,39,Premier League,51,66,Brighton,Aston Villa,3,4,2.274,3.4219999999999997,3.116,1.8240000000000003,2.0060000000000002,5
1379102,2025-12-03 19:30:00,2025,Regular Season - 14,39,Premier League,44,52,Burnley,Crystal Palace,0,1,4.7219999999999995,3.7979999999999996,1.7380000000000002,1.966,1.8540000000000003,5
1379108,2025-12-03 19:30:00,2025,Regular Season - 14,39,Premier League,39,65,Wolves,Nottingham Forest,0,1,3.254,3.314,2.2660000000000005,2.036,1.8,5
1379104,2025-12-03 20:15:00,2025,Regular Season - 14,39,Premier League,63,49,Leeds,Chelsea,3,1,4.286,3.8560000000000003,1.7920000000000003,1.8379999999999999,1.9939999999999998,5
1379105,2025-12-03 20:15:00,2025,Regular Season - 14,39,Premier League,40,746,Liverpool,Sunderland,1,1,1.344,5.156000000000001,8.540000000000001,1.576,2.414,5
1379106,2025-12-04 20:00:00,2025,Regular Season - 14,39,Premier League,33,48,Manchester United,West Ham,1,1,1.424,4.956,6.572,1.4860000000000002,2.5460000000000003,5
1387825,2025-12-05 18:00:00,2025,Regular Season - 15,61,Ligue 1,106,91,Stade Brestois 29,Monaco,1,0,3.03,3.598,2.232,1.624,2.3160000000000003,5
1388421,2025-12-05 19:30:00,2025,Regular Season - 13,78,Bundesliga,164,163,FSV Mainz 05,Borussia Mönchengladbach,0,1,2.2039999999999997,3.532,3.1499999999999995,1.69,2.198,5
1387827,2025-12-05 20:00:00,2025,Regular Season - 15,61,Ligue 1,79,81,Lille,Marseille,1,0,2.596,3.4299999999999997,2.598,1.75,2.104,5
1390966,2025-12-05 20:00:00,2025,Regular Season - 15,140,La Liga,718,798,Oviedo,Mallorca,0,0,2.65,3.0959999999999996,2.8280000000000003,2.3579999999999997,1.6020000000000003,5
1379109,2025-12-06 12:30:00,2025,Regular Season - 15,39,Premier League,66,42,Aston Villa,Arsenal,2,1,4.590000000000001,3.646,1.7880000000000003,2.002,1.8240000000000003,5
1390968,2025-12-06 13:00:00,2025,Regular Season - 15,140,La Liga,533,546,Villarreal,Getafe,2,0,1.6320000000000001,3.758,5.808000000000001,2.1100000000000003,1.738,5
1378000,2025-12-06 14:00:00,2025,Regular Season - 14,135,Serie A,488,502,Sassuolo,Fiorentina,3,1,2.702,3.2600000000000002,2.636,2.088,1.762,5
1388416,2025-12-06 14:30:00,2025,Regular Season - 13,78,Bundesliga,170,168,FC Augsburg,Bayer Leverkusen,2,0,3.8520000000000003,3.808,1.8739999999999999,1.596,2.37,5
1388418,2025-12-06 14:30:00,2025,Regular Season - 13,78,Bundesliga,192,186,1. FC Köln,FC St. Pauli,1,1,1.972,3.596,3.6919999999999993,1.816,2.0100000000000002,5
1388420,2025-12-06 14:30:00,2025,Regular Season - 13,78,Bundesliga,180,160,1. FC Heidenheim,SC Freiburg,2,1,3.636,3.5700000000000003,2.004,1.886,1.95,5
1388423,2025-12-06 14:30:00,2025,Regular Season - 13,78,Bundesliga,172,157,VfB Stuttgart,Bayern München,0,5,5.468,4.9159999999999995,1.482,1.302,3.3480000000000003,5
1388424,2025-12-06 14:30:00,2025,Regular Season - 13,78,Bundesliga,161,182,VfL Wolfsburg,Union Berlin,3,1,2.25,3.436,3.1719999999999997,1.9,1.9300000000000002,5
1379110,2025-12-06 15:00:00,2025,Regular Season - 15,39,Premier League,35,49,Bournemouth,Chelsea,0,0,2.9699999999999998,3.504,2.322,1.7220000000000002,2.12,5
1379112,2025-12-06 15:00:00,2025,Regular Season - 15,39,Premier League,45,65,Everton,Nottingham Forest,3,0,2.1079999999999997,3.3480000000000003,3.604,2.12,1.7220000000000002,5
1379115,2025-12-06 15:00:00,2025,Regular Season - 15,39,Premier League,50,746,Manchester City,Sunderland,3,0,1.254,5.8180000000000005,11.53,1.486,2.6,5
1379116,2025-12-06 15:00:00,2025,Regular Season - 15,39,Premier League,34,44,Newcastle,Burnley,2,1,1.3060000000000003,5.416,10.190000000000001,1.54,2.356,5
1379117,2025-12-06 15:00:00,2025,Regular Season - 15,39,Premier League,47,55,Tottenham,Brentford,2,0,2.2640000000000002,3.4699999999999998,3.09,1.8039999999999998,2.026,5
1390959,2025-12-06 15:15:00,2025,Regular Season - 15,140,La Liga,542,548,Alaves,Real Sociedad,1,0,2.8400000000000003,2.998,2.726,2.5060000000000002,1.538,5
1387829,2025-12-06 16:00:00,2025,Regular Season - 15,61,Ligue 1,83,116,Nantes,Lens,1,2,4.886,3.872,1.69,1.734,2.116,5
1377996,2025-12-06 17:00:00,2025,Regular Season - 14,135,Serie A,505,895,Inter,Como,4,0,1.548,4.1659999999999995,6.0280000000000005,1.8059999999999998,2.028,5
1379114,2025-12-06 17:30:00,2025,Regular Season - 15,39,Premier League,63,40,Leeds,Liverpool,3,3,4.273999999999999,3.932,1.7700000000000002,1.6480000000000001,2.258,5
1388422,2025-12-06 17:30:00,2025,Regular Season - 13,78,Bundesliga,173,169,RB Leipzig,Eintracht Frankfurt,6,0,1.9260000000000002,4.032,3.4540000000000006,1.406,2.86,5
1390961,2025-12-06 17:30:00,2025,Regular Season - 15,140,La Liga,543,529,Real Betis,Barcelona,3,5,4.0920000000000005,4.288,1.732,1.408,2.8600000000000003,5
1387832,2025-12-06 18:00:00,2025,Regular Season - 15,61,Ligue 1,96,95,Toulouse,Strasbourg,1,0,2.3240000000000003,3.4159999999999995,3.0040000000000004,1.884,1.952,5
1378003,2025-12-06 19:45:00,2025,Regular Season - 14,135,Serie A,504,499,Hellas Verona,Atalanta,3,1,4.4319999999999995,3.5800000000000005,1.8240000000000003,1.9920000000000002,1.8419999999999999,5
1390960,2025-12-06 20:00:00,2025,Regular Season - 15,140,La Liga,531,530,Athletic Club,Atletico Madrid,1,0,3.3840000000000003,3.3199999999999994,2.186,2.19,1.688,5
1387831,2025-12-06 20:05:00,2025,Regular Season - 15,61,Ligue 1,85,94,Paris Saint Germain,Rennes,5,0,1.302,5.78,9.14,1.412,2.838,5
1377995,2025-12-07 11:30:00,2025,Regular Season - 14,135,Serie A,520,867,Cremonese,Lecce,2,0,2.6719999999999997,2.998,2.854,2.444,1.566,5
1390962,2025-12-07 13:00:00,2025,Regular Season - 15,140,La Liga,797,547,Elche,Girona,3,0,2.2,3.3600000000000003,3.3379999999999996,1.932,1.8980000000000001,5
1377994,2025-12-07 14:00:00,2025,Regular Season - 14,135,Serie A,490,497,Cagliari,AS Roma,1,0,5.204,3.596,1.718,2.2,1.688,5
1379111,2025-12-07 14:00:00,2025,Regular Season - 15,39,Premier League,51,48,Brighton,West Ham,1,1,1.5779999999999998,4.164,5.548,1.6300000000000001,2.296,5
1387830,2025-12-07 14:00:00,2025,Regular Season - 15,61,Ligue 1,84,77,Nice,Angers,0,1,1.748,3.846,4.529999999999999,1.826,2.01,5
1388419,2025-12-07 14:30:00,2025,Regular Season - 13,78,Bundesliga,175,162,Hamburger SV,Werder Bremen,3,2,2.308,3.6519999999999997,2.898,1.614,2.334,5
1390967,2025-12-07 15:15:00,2025,Regular Season - 15,140,La Liga,532,536,Valencia,Sevilla,1,1,2.1759999999999997,3.354,3.374,2.124,1.738,5
1387824,2025-12-07 16:15:00,2025,Regular Season - 15,61,Ligue 1,108,112,Auxerre,Metz,3,1,2.018,3.5159999999999996,3.6519999999999997,1.8980000000000001,1.9240000000000002,5
1387826,2025-12-07 16:15:00,2025,Regular Season - 15,61,Ligue 1,111,114,Le Havre,Paris FC,0,0,2.7560000000000002,3.3200000000000003,2.564,1.94,1.892,5
1379113,2025-12-07 16:30:00,2025,Regular Season - 15,39,Premier League,36,52,Fulham,Crystal Palace,1,2,2.612,3.29,2.7359999999999998,2.034,1.798,5
1388417,2025-12-07 16:30:00,2025,Regular Season - 13,78,Bundesliga,165,167,Borussia Dortmund,1899 Hoffenheim,2,0,1.5859999999999999,4.433999999999999,5.086,1.47,2.6239999999999997,5
1377997,2025-12-07 17:00:00,2025,Regular Season - 14,135,Serie A,487,500,Lazio,Bologna,1,1,2.666,3.1119999999999997,2.7800000000000002,2.34,1.614,5
1390963,2025-12-07 17:30:00,2025,Regular Season - 15,140,La Liga,540,728,Espanyol,Rayo Vallecano,1,0,2.37,3.276,3.0700000000000003,2.348,1.61,5
1377998,2025-12-07 19:45:00,2025,Regular Season - 14,135,Serie A,492,496,Napoli,Juventus,2,1,2.4539999999999997,3.084,3.11,2.366,1.598,5
1387828,2025-12-07 19:45:00,2025,Regular Season - 15,61,Ligue 1,97,80,Lorient,Lyon,1,0,3.1,3.436,2.2600000000000002,1.8920000000000001,1.948,5
1390965,2025-12-07 20:00:00,2025,Regular Season - 15,140,La Liga,541,538,Real Madrid,Celta Vigo,0,2,1.354,5.398000000000001,7.76,1.35,3.076,5
1377999,2025-12-08 14:00:00,2025,Regular Season - 14,135,Serie A,801,523,Pisa,Parma,0,1,2.444,2.962,3.2779999999999996,2.536,1.528,5
1378002,2025-12-08 17:00:00,2025,Regular Season - 14,135,Serie A,494,495,Udinese,Genoa,1,2,2.47,2.9720000000000004,3.1740000000000004,2.474,1.552,5
1378001,2025-12-08 19:45:00,2025,Regular Season - 14,135,Serie A,503,489,Torino,AC Milan,2,3,4.502000000000001,3.474,1.8359999999999999,2.032,1.8080000000000003,5
1379118,2025-12-08 20:00:00,2025,Regular Season - 15,39,Premier League,39,33,Wolves,Manchester United,1,4,4.154,3.87,1.8080000000000003,1.7079999999999997,2.15,5
1390964,2025-12-08 20:00:00,2025,Regular Season - 15,140,La Liga,727,539,Osasuna,Levante,2,0,1.8519999999999999,3.5159999999999996,4.390000000000001,1.9939999999999998,1.832,5
1388432,2025-12-12 19:30:00,2025,Regular Season - 14,78,Bundesliga,182,173,Union Berlin,RB Leipzig,3,1,3.4699999999999998,3.5700000000000003,2.0620000000000003,1.7899999999999998,2.03,5
1378008,2025-12-12 19:45:00,2025,Regular Season - 15,135,Serie A,867,801,Lecce,Pisa,1,0,2.286,2.988,3.5700000000000003,2.564,1.488,5
1387833,2025-12-12 19:45:00,2025,Regular Season - 16,61,Ligue 1,77,83,Angers,Nantes,4,1,2.336,3.194,3.19,2.2299999999999995,1.6620000000000001,5
1390977,2025-12-12 20:00:00,2025,Regular Season - 16,140,La Liga,548,547,Real Sociedad,Girona,1,2,1.7280000000000002,3.7960000000000003,4.856,1.8439999999999999,2.0119999999999996,5
1390970,2025-12-13 13:00:00,2025,Regular Season - 16,140,La Liga,530,532,Atletico Madrid,Valencia,2,1,1.324,4.956,10.290000000000001,1.7879999999999998,2.034,5
1378012,2025-12-13 14:00:00,2025,Regular Season - 15,135,Serie A,503,520,Torino,Cremonese,1,0,1.9140000000000001,3.274,4.426,2.154,1.706,5
1388427,2025-12-13 14:30:00,2025,Regular Season - 14,78,Bundesliga,163,161,Borussia Mönchengladbach,VfL Wolfsburg,1,3,1.9959999999999998,3.7640000000000002,3.47,1.5719999999999998,2.412,5
1388428,2025-12-13 14:30:00,2025,Regular Season - 14,78,Bundesliga,169,170,Eintracht Frankfurt,FC Augsburg,1,0,1.61,4.332,4.956,1.55,2.386,5
1388430,2025-12-13 14:30:00,2025,Regular Season - 14,78,Bundesliga,167,175,1899 Hoffenheim,Hamburger SV,4,1,1.754,4.093999999999999,4.2,1.524,2.45,5
1388431,2025-12-13 14:30:00,2025,Regular Season - 14,78,Bundesliga,186,180,FC St. Pauli,1. FC Heidenheim,2,1,1.858,3.5519999999999996,4.37,2.074,1.784,5
1379122,2025-12-13 15:00:00,2025,Regular Season - 16,39,Premier League,49,45,Chelsea,Everton,2,0,1.6200000000000003,4.042,5.386,1.8939999999999997,1.966,5
1379124,2025-12-13 15:00:00,2025,Regular Season - 16,39,Premier League,40,51,Liverpool,Brighton,2,0,1.7,4.044,4.55,1.564,2.428,5
1390975,2025-12-13 15:15:00,2025,Regular Season - 16,140,La Liga,798,797,Mallorca,Elche,3,1,2.23,3.166,3.382,2.2339999999999995,1.6599999999999997,5
1387840,2025-12-13 16:00:00,2025,Regular Season - 16,61,Ligue 1,94,106,Rennes,Stade Brestois 29,3,1,1.842,3.7079999999999997,4.134,1.7440000000000002,2.0999999999999996,5
1378010,2025-12-13 17:00:00,2025,Regular Season - 15,135,Serie A,523,487,Parma,Lazio,0,1,3.7600000000000002,3.3020000000000005,2.0599999999999996,2.2359999999999998,1.6620000000000001,5
1379121,2025-12-13 17:30:00,2025,Regular Season - 16,39,Premier League,44,36,Burnley,Fulham,2,3,3.79,3.528,1.9939999999999998,2.0380000000000003,1.8259999999999998,5
1388425,2025-12-13 17:30:00,2025,Regular Season - 14,78,Bundesliga,168,192,Bayer Leverkusen,1. FC Köln,2,0,1.5299999999999998,4.546,5.458,1.5,2.5119999999999996,5
1390971,2025-12-13 17:30:00,2025,Regular Season - 16,140,La Liga,529,727,Barcelona,Osasuna,2,0,1.238,6.372000000000001,10.61,1.31,3.308,5
1387838,2025-12-13 18:00:00,2025,Regular Season - 16,61,Ligue 1,112,85,Metz,Paris Saint Germain,2,3,10.870000000000001,6.159999999999999,1.252,1.34,3.1479999999999997,5
1378004,2025-12-13 19:45:00,2025,Regular Season - 15,135,Serie A,499,490,Atalanta,Cagliari,2,1,1.334,5.024,9.3,1.7240000000000002,2.128,5
1379119,2025-12-13 20:00:00,2025,Regular Season - 16,39,Premier League,42,39,Arsenal,Wolves,2,1,1.232,5.678,15.1,1.6760000000000002,2.2079999999999997,5
1390973,2025-12-13 20:00:00,2025,Regular Season - 16,140,La Liga,546,540,Getafe,Espanyol,0,1,2.436,2.9259999999999997,3.2880000000000003,2.84,1.4080000000000001,5
1387839,2025-12-13 20:05:00,2025,Regular Season - 16,61,Ligue 1,114,96,Paris FC,Toulouse,0,3,2.3880000000000003,3.414,2.968,1.92,1.9300000000000002,5
1378009,2025-12-14 11:30:00,2025,Regular Season - 15,135,Serie A,489,488,AC Milan,Sassuolo,2,2,1.4180000000000001,4.465999999999999,7.81,1.746,2.098,5
1390978,2025-12-14 13:00:00,2025,Regular Season - 16,140,La Liga,536,718,Sevilla,Oviedo,4,0,1.65,3.6699999999999995,5.6659999999999995,2.0580000000000003,1.7739999999999998,5
1378006,2025-12-14 14:00:00,2025,Regular Season - 15,135,Serie A,502,504,Fiorentina,Hellas Verona,1,2,1.794,3.4899999999999998,4.712,2.2079999999999997,1.6760000000000002,5
1378013,2025-12-14 14:00:00,2025,Regular Season - 15,135,Serie A,494,492,Udinese,Napoli,1,0,4.247999999999999,3.3840000000000003,1.924,2.2079999999999997,1.6760000000000002,5
1379123,2025-12-14 14:00:00,2025,Regular Season - 16,39,Premier League,52,50,Crystal Palace,Manchester City,0,3,3.932,3.7020000000000004,1.884,1.7400000000000002,2.1060000000000003,5
1379126,2025-12-14 14:00:00,2025,Regular Season - 16,39,Premier League,65,47,Nottingham Forest,Tottenham,3,0,2.3920000000000003,3.442,2.918,1.8979999999999997,1.952,5
1379127,2025-12-14 14:00:00,2025,Regular Season - 16,39,Premier League,746,34,Sunderland,Newcastle,1,0,3.4760000000000004,3.37,2.162,1.964,1.8960000000000001,5
1379128,2025-12-14 14:00:00,2025,Regular Season - 16,39,Premier League,48,66,West Ham,Aston Villa,2,3,3.812,3.6519999999999997,1.9579999999999997,1.814,2.0460000000000003,5
1387836,2025-12-14 14:00:00,2025,Regular Season - 16,61,Ligue 1,80,111,Lyon,Le Havre,1,0,1.5539999999999998,4.132000000000001,6.07,1.9240000000000002,1.9300000000000002,5
1388429,2025-12-14 14:30:00,2025,Regular Season - 14,78,Bundesliga,160,165,SC Freiburg,Borussia Dortmund,1,1,3.2879999999999994,3.496,2.1900000000000004,1.846,2.0100000000000002,5
1390972,2025-12-14 15:15:00,2025,Regular Season - 16,140,La Liga,538,531,Celta Vigo,Athletic Club,2,0,2.4880000000000004,3.1679999999999997,2.9299999999999997,2.18,1.69,5
1387834,2025-12-14 16:15:00,2025,Regular Season - 16,61,Ligue 1,108,79,Auxerre,Lille,3,4,4.544,3.678,1.796,1.918,1.932,5
1387835,2025-12-14 16:15:00,2025,Regular Season - 16,61,Ligue 1,116,84,Lens,Nice,2,0,1.6619999999999997,4.044,4.886,1.578,2.398,5
1387841,2025-12-14 16:15:00,2025,Regular Season - 16,61,Ligue 1,95,97,Strasbourg,Lorient,0,0,1.7259999999999998,3.8619999999999997,4.654,1.7920000000000003,2.0279999999999996,5
1379120,2025-12-14 16:30:00,2025,Regular Season - 16,39,Premier League,55,63,Brentford,Leeds,1,1,1.998,3.56,3.7399999999999998,1.918,1.932,5
1388426,2025-12-14 16:30:00,2025,Regular Season - 14,78,Bundesliga,157,164,Bayern München,FSV Mainz 05,2,2,1.124,9,19.4,1.236,3.8879999999999995,5
1378007,2025-12-14 17:00:00,2025,Regular Season - 15,135,Serie A,495,505,Genoa,Inter,1,2,6.35,4.02,1.546,2.038,1.7879999999999998,5
1388433,2025-12-14 18:30:00,2025,Regular Season - 14,78,Bundesliga,162,172,Werder Bremen,VfB Stuttgart,0,4,2.932,3.8240000000000003,2.2060000000000004,1.482,2.5780000000000003,5
1378005,2025-12-14 19:45:00,2025,Regular Season - 15,135,Serie A,500,496,Bologna,Juventus,0,1,2.786,3.1719999999999997,2.6399999999999997,2.216,1.672,5
1387837,2025-12-14 19:45:00,2025,Regular Season - 16,61,Ligue 1,81,91,Marseille,Monaco,1,0,1.8360000000000003,3.9519999999999995,3.9019999999999997,1.4759999999999998,2.604,5
1390969,2025-12-14 20:00:00,2025,Regular Season - 16,140,La Liga,542,541,Alaves,Real Madrid,1,2,6.35,4.290000000000001,1.5039999999999998,1.698,2.1700000000000004,5
1378011,2025-12-15 19:45:00,2025,Regular Season - 15,135,Serie A,497,895,AS Roma,Como,1,0,2.124,3.2339999999999995,3.656,2.224,1.666,5
1379125,2025-12-15 20:00:00,2025,Regular Season - 16,39,Premier League,33,35,Manchester United,Bournemouth,4,4,1.862,3.8840000000000003,3.8340000000000005,1.5900000000000003,2.378,5
1390976,2025-12-15 20:00:00,2025,Regular Season - 16,140,La Liga,728,543,Rayo Vallecano,Real Betis,0,0,2.514,3.438,2.774,1.9580000000000002,1.8939999999999997,5
1388435,2025-12-19 19:30:00,2025,Regular Season - 15,78,Bundesliga,165,163,Borussia Dortmund,Borussia Mönchengladbach,2,0,1.484,4.536,6.04,1.5100000000000002,2.4999999999999996,5
1390987,2025-12-19 20:00:00,2025,Regular Season - 17,140,La Liga,532,798,Valencia,Mallorca,1,1,1.952,3.308,4.164,2.2920000000000003,1.636,5
1379136,2025-12-20 12:30:00,2025,Regular Season - 17,39,Premier League,34,49,Newcastle,Chelsea,2,2,2.4560000000000004,3.5740000000000003,2.7380000000000004,1.734,2.1100000000000003,5
1390986,2025-12-20 13:00:00,2025,Regular Season - 17,140,La Liga,718,538,Oviedo,Celta Vigo,0,0,3.3280000000000003,3.4799999999999995,2.152,2.1399999999999997,1.718,5
1388434,2025-12-20 14:30:00,2025,Regular Season - 15,78,Bundesliga,170,162,FC Augsburg,Werder Bremen,0,0,2.24,3.5060000000000002,3.088,1.698,2.1740000000000004,5
1388436,2025-12-20 14:30:00,2025,Regular Season - 15,78,Bundesliga,192,182,1. FC Köln,Union Berlin,0,1,2.308,3.332,3.11,1.92,1.902,5
1388437,2025-12-20 14:30:00,2025,Regular Season - 15,78,Bundesliga,175,169,Hamburger SV,Eintracht Frankfurt,1,1,2.644,3.5480000000000005,2.518,1.6280000000000001,2.2960000000000003,5
1388441,2025-12-20 14:30:00,2025,Regular Season - 15,78,Bundesliga,172,167,VfB Stuttgart,1899 Hoffenheim,0,0,1.906,3.914,3.588,1.4399999999999997,2.7039999999999997,5
1388442,2025-12-20 14:30:00,2025,Regular Season - 15,78,Bundesliga,161,160,VfL Wolfsburg,SC Freiburg,3,4,2.7220000000000004,3.5120000000000005,2.4539999999999997,1.7920000000000003,2.026,5
1379130,2025-12-20 15:00:00,2025,Regular Season - 17,39,Premier League,35,44,Bournemouth,Burnley,1,1,1.48,4.334,6.742,1.7,2.1700000000000004,5
1379131,2025-12-20 15:00:00,2025,Regular Season - 17,39,Premier League,51,746,Brighton,Sunderland,0,0,1.6179999999999999,3.8939999999999997,5.548,1.794,2.034,5
1379135,2025-12-20 15:00:00,2025,Regular Season - 17,39,Premier League,50,48,Manchester City,West Ham,3,0,1.218,6.482000000000001,12.68,1.35,3.106,5
1379138,2025-12-20 15:00:00,2025,Regular Season - 17,39,Premier League,39,55,Wolves,Brentford,0,2,3.6420000000000003,3.446,2.0479999999999996,2.008,1.832,5
1390983,2025-12-20 15:15:00,2025,Regular Season - 17,140,La Liga,539,548,Levante,Real Sociedad,1,1,3.22,3.4219999999999997,2.222,1.92,1.902,5
1378020,2025-12-20 17:00:00,2025,Regular Season - 16,135,Serie A,487,520,Lazio,Cremonese,0,0,1.572,3.928,6.098000000000001,1.934,1.888,5
1379137,2025-12-20 17:30:00,2025,Regular Season - 17,39,Premier League,47,40,Tottenham,Liverpool,1,2,3.374,3.7300000000000004,2.0439999999999996,1.624,2.318,5
1388440,2025-12-20 17:30:00,2025,Regular Season - 15,78,Bundesliga,173,168,RB Leipzig,Bayer Leverkusen,1,3,2,3.7920000000000003,3.3980000000000006,1.504,2.5160000000000005,5
1390984,2025-12-20 17:30:00,2025,Regular Season - 17,140,La Liga,727,542,Osasuna,Alaves,3,0,2.282,2.996,3.508,2.5620000000000003,1.522,5
1378019,2025-12-20 19:45:00,2025,Regular Season - 16,135,Serie A,496,497,Juventus,AS Roma,2,1,2.066,3.194,3.864,2.322,1.6179999999999999,5
1379132,2025-12-20 20:00:00,2025,Regular Season - 17,39,Premier League,45,42,Everton,Arsenal,0,1,4.996,3.598,1.7439999999999998,2.1,1.7440000000000002,5
1379134,2025-12-20 20:00:00,2025,Regular Season - 17,39,Premier League,63,52,Leeds,Crystal Palace,4,1,2.814,3.2660000000000005,2.5380000000000003,2.094,1.754,5
1390985,2025-12-20 20:00:00,2025,Regular Season - 17,140,La Liga,541,536,Real Madrid,Sevilla,2,0,1.252,5.95,11.620000000000001,1.362,3.0160000000000005,5
1378014,2025-12-21 11:30:00,2025,Regular Season - 16,135,Serie A,490,801,Cagliari,Pisa,2,2,2.246,3.192,3.3280000000000003,2.234,1.6640000000000001,5
1390982,2025-12-21 13:00:00,2025,Regular Season - 17,140,La Liga,547,530,Girona,Atletico Madrid,0,3,4.764,3.9120000000000004,1.706,1.786,2.04,5
1378022,2025-12-21 14:00:00,2025,Regular Season - 16,135,Serie A,488,503,Sassuolo,Torino,0,1,2.3720000000000003,3.118,3.1839999999999997,2.1759999999999997,1.698,5
1388439,2025-12-21 14:30:00,2025,Regular Season - 15,78,Bundesliga,164,186,FSV Mainz 05,FC St. Pauli,0,0,1.97,3.402,3.938,2.074,1.766,5
1390988,2025-12-21 15:15:00,2025,Regular Season - 17,140,La Liga,533,529,Villarreal,Barcelona,0,2,3.1479999999999997,4.244,1.9780000000000002,1.314,3.318,5
1379129,2025-12-21 16:30:00,2025,Regular Season - 17,39,Premier League,66,33,Aston Villa,Manchester United,2,1,2.132,3.5759999999999996,3.2700000000000005,1.672,2.2199999999999998,5
1388438,2025-12-21 16:30:00,2025,Regular Season - 15,78,Bundesliga,180,157,1. FC Heidenheim,Bayern München,0,4,14.8,7.63,1.172,1.2559999999999998,3.728,5
1378016,2025-12-21 17:00:00,2025,Regular Season - 16,135,Serie A,502,494,Fiorentina,Udinese,5,1,1.9760000000000002,3.4299999999999997,3.8840000000000003,2.0620000000000003,1.7740000000000002,5
1390981,2025-12-21 17:30:00,2025,Regular Season - 17,140,La Liga,797,728,Elche,Rayo Vallecano,4,0,2.484,3.168,2.9619999999999997,2.242,1.658,5
1378017,2025-12-21 19:45:00,2025,Regular Season - 16,135,Serie A,495,499,Genoa,Atalanta,0,1,3.968,3.44,1.95,2.032,1.8020000000000003,5
1390980,2025-12-21 20:00:00,2025,Regular Season - 17,140,La Liga,543,546,Real Betis,Getafe,4,0,1.764,3.4160000000000004,5.126,2.3,1.6280000000000001,5
1379133,2025-12-22 20:00:00,2025,Regular Season - 17,39,Premier League,36,65,Fulham,Nottingham Forest,1,0,2.2479999999999998,3.3560000000000003,3.226,2.016,1.814,5
1390979,2025-12-22 20:00:00,2025,Regular Season - 17,140,La Liga,531,540,Athletic Club,Espanyol,1,2,1.6560000000000001,3.678,5.598,2.22,1.672,5
1379145,2025-12-26 20:00:00,2025,Regular Season - 18,39,Premier League,33,34,Manchester United,Newcastle,1,0,2.106,3.7399999999999998,3.2039999999999997,1.596,2.37,5
1378029,2025-12-27 11:30:00,2025,Regular Season - 17,135,Serie A,523,502,Parma,Fiorentina,1,0,3.278,3.114,2.318,2.24,1.6619999999999997,5
1379146,2025-12-27 12:30:00,2025,Regular Season - 18,39,Premier League,65,50,Nottingham Forest,Manchester City,1,2,4.8759999999999994,4.0840000000000005,1.658,1.6640000000000001,2.234,5
1378027,2025-12-27 14:00:00,2025,Regular Season - 17,135,Serie A,867,895,Lecce,Como,0,3,4.612,3.368,1.8359999999999999,2.25,1.658,5
1378032,2025-12-27 14:00:00,2025,Regular Season - 17,135,Serie A,503,490,Torino,Cagliari,1,2,1.952,3.3580000000000005,4.037999999999999,2.164,1.704,5
1379139,2025-12-27 15:00:00,2025,Regular Season - 18,39,Premier League,42,51,Arsenal,Brighton,2,1,1.4500000000000002,4.462,7.151999999999999,1.69,2.198,5
1379140,2025-12-27 15:00:00,2025,Regular Season - 18,39,Premier League,55,35,Brentford,Bournemouth,4,1,2.27,3.5380000000000003,3.026,1.7380000000000002,2.112,5
1379141,2025-12-27 15:00:00,2025,Regular Season - 18,39,Premier League,44,45,Burnley,Everton,0,0,4.114,3.3939999999999997,1.938,2.1799999999999997,1.6919999999999997,5
1379144,2025-12-27 15:00:00,2025,Regular Season - 18,39,Premier League,40,39,Liverpool,Wolves,2,1,1.226,6.4719999999999995,12.23,1.444,2.7020000000000004,5
1379148,2025-12-27 15:00:00,2025,Regular Season - 18,39,Premier League,48,36,West Ham,Fulham,0,1,2.7039999999999997,3.396,2.5919999999999996,1.85,1.984,5
1378033,2025-12-27 17:00:00,2025,Regular Season - 17,135,Serie A,494,487,Udinese,Lazio,1,1,3.0060000000000002,3.1239999999999997,2.492,2.248,1.658,5
1379142,2025-12-27 17:30:00,2025,Regular Season - 18,39,Premier League,49,66,Chelsea,Aston Villa,1,2,1.8579999999999999,3.7399999999999998,4.042,1.754,2.09,5
1378030,2025-12-27 19:45:00,2025,Regular Season - 17,135,Serie A,801,496,Pisa,Juventus,0,2,6.642,4.175999999999999,1.514,2.008,1.832,5
1378028,2025-12-28 11:30:00,2025,Regular Season - 17,135,Serie A,489,504,AC Milan,Hellas Verona,3,0,1.402,4.608,8.180000000000001,1.9,1.922,5
1378026,2025-12-28 14:00:00,2025,Regular Season - 17,135,Serie A,520,492,Cremonese,Napoli,0,2,5.837999999999999,3.7700000000000005,1.6200000000000003,2.06,1.7760000000000002,5
1379147,2025-12-28 14:00:00,2025,Regular Season - 18,39,Premier League,746,63,Sunderland,Leeds,1,1,2.5439999999999996,3.2979999999999996,2.7840000000000003,2.1399999999999997,1.7240000000000002,5
1379143,2025-12-28 16:30:00,2025,Regular Season - 18,39,Premier League,52,47,Crystal Palace,Tottenham,0,1,2.0900000000000003,3.44,3.5119999999999996,1.966,1.8719999999999999,5
1378025,2025-12-28 17:00:00,2025,Regular Season - 17,135,Serie A,500,488,Bologna,Sassuolo,1,1,1.778,3.582,4.712,2.016,1.814,5
1378024,2025-12-28 19:45:00,2025,Regular Season - 17,135,Serie A,499,505,Atalanta,Inter,0,1,3.104,3.474,2.2399999999999998,1.7700000000000002,2.068,5
1378031,2025-12-29 19:45:00,2025,Regular Season - 17,135,Serie A,497,495,AS Roma,Genoa,3,1,1.634,3.6160000000000005,6.018000000000001,2.362,1.594,5
1379151,2025-12-30 19:30:00,2025,Regular Season - 19,39,Premier League,44,34,Burnley,Newcastle,1,3,5.186,3.972,1.6640000000000001,1.818,2.0420000000000003,5
1379152,2025-12-30 19:30:00,2025,Regular Season - 19,39,Premier League,49,35,Chelsea,Bournemouth,2,2,1.6079999999999999,4.144,5.196,1.552,2.3760000000000003,5
1379156,2025-12-30 19:30:00,2025,Regular Season - 19,39,Premier League,65,45,Nottingham Forest,Everton,0,2,2.3,3.2399999999999998,3.2359999999999998,2.136,1.716,5
1379158,2025-12-30 19:30:00,2025,Regular Season - 19,39,Premier League,48,51,West Ham,Brighton,2,2,3.1799999999999997,3.4979999999999998,2.198,1.748,2.098,5
1379149,2025-12-30 20:15:00,2025,Regular Season - 19,39,Premier League,42,66,Arsenal,Aston Villa,4,1,1.474,4.272,7.31,1.8960000000000001,1.954,5
1379155,2025-12-30 20:15:00,2025,Regular Season - 19,39,Premier League,33,39,Manchester United,Wolves,1,1,1.3279999999999998,5.308,9.25,1.504,2.5,5
1379153,2026-01-01 17:30:00,2025,Regular Season - 19,39,Premier League,52,36,Crystal Palace,Fulham,1,1,2.1380000000000003,3.41,3.476,1.9560000000000002,1.904,5
1379154,2026-01-01 17:30:00,2025,Regular Season - 19,39,Premier League,40,63,Liverpool,Leeds,0,0,1.48,4.404000000000001,6.672,1.6480000000000001,2.2619999999999996,5
1379150,2026-01-01 20:00:00,2025,Regular Season - 19,39,Premier League,55,47,Brentford,Tottenham,0,0,2.284,3.4800000000000004,3.068,1.922,1.9300000000000002,5
1379157,2026-01-01 20:00:00,2025,Regular Season - 19,39,Premier League,746,50,Sunderland,Manchester City,0,0,6.1899999999999995,4.279999999999999,1.512,1.6940000000000002,2.1799999999999997,5
1378035,2026-01-02 19:45:00,2025,Regular Season - 18,135,Serie A,490,489,Cagliari,AC Milan,0,1,5.966,3.938,1.598,1.964,1.8960000000000001,5
1387850,2026-01-02 19:45:00,2025,Regular Season - 17,61,Ligue 1,96,116,Toulouse,Lens,0,3,2.8300000000000005,3.3120000000000003,2.476,1.9939999999999998,1.8079999999999998,5
1390995,2026-01-02 20:00:00,2025,Regular Season - 18,140,La Liga,728,546,Rayo Vallecano,Getafe,1,1,2.13,3.004,3.936,2.9,1.3980000000000001,5
1378036,2026-01-03 11:30:00,2025,Regular Season - 18,135,Serie A,895,494,Como,Udinese,1,0,1.684,3.81,5.223999999999999,1.97,1.8880000000000003,5
1379159,2026-01-03 12:30:00,2025,Regular Season - 20,39,Premier League,66,65,Aston Villa,Nottingham Forest,3,1,1.858,3.658,4.2700000000000005,1.8619999999999997,1.9920000000000002,5
1390990,2026-01-03 13:00:00,2025,Regular Season - 18,140,La Liga,538,532,Celta Vigo,Valencia,4,1,1.952,3.4619999999999997,3.9639999999999995,2.0639999999999996,1.782,5
1378038,2026-01-03 14:00:00,2025,Regular Season - 18,135,Serie A,495,801,Genoa,Pisa,1,1,1.886,3.2340000000000004,4.831999999999999,2.494,1.538,5
1378042,2026-01-03 14:00:00,2025,Regular Season - 18,135,Serie A,488,523,Sassuolo,Parma,1,1,1.9100000000000001,3.3840000000000003,4.359999999999999,2.088,1.7560000000000002,5
1379161,2026-01-03 15:00:00,2025,Regular Season - 20,39,Premier League,51,44,Brighton,Burnley,2,0,1.534,4.214,6.351999999999999,1.7740000000000002,2.1100000000000003,5
1379168,2026-01-03 15:00:00,2025,Regular Season - 20,39,Premier League,39,48,Wolves,West Ham,3,0,2.464,3.442,2.872,1.9419999999999997,1.9,5
1390994,2026-01-03 15:15:00,2025,Regular Season - 18,140,La Liga,727,531,Osasuna,Athletic Club,1,1,3.09,2.928,2.5520000000000005,2.488,1.542,5
1387847,2026-01-03 16:00:00,2025,Regular Season - 17,61,Ligue 1,91,80,Monaco,Lyon,1,3,1.9479999999999997,3.8059999999999996,3.5379999999999994,1.582,2.388,5
1378040,2026-01-03 17:00:00,2025,Regular Season - 18,135,Serie A,496,867,Juventus,Lecce,1,1,1.2920000000000003,5.316,11.45,1.902,1.952,5
1379160,2026-01-03 17:30:00,2025,Regular Season - 20,39,Premier League,35,42,Bournemouth,Arsenal,2,3,5.478,4.1339999999999995,1.6079999999999999,1.7060000000000002,2.1740000000000004,5
1390991,2026-01-03 17:30:00,2025,Regular Season - 18,140,La Liga,797,533,Elche,Villarreal,1,3,3.232,3.5480000000000005,2.172,1.8080000000000003,2.032,5
1387848,2026-01-03 18:00:00,2025,Regular Season - 17,61,Ligue 1,84,95,Nice,Strasbourg,1,1,2.7960000000000003,3.434,2.4539999999999997,1.738,2.1079999999999997,5
1378034,2026-01-03 19:45:00,2025,Regular Season - 18,135,Serie A,499,497,Atalanta,AS Roma,1,0,2.2380000000000004,3.2439999999999998,3.4,2.06,1.768,5
1390992,2026-01-03 20:00:00,2025,Regular Season - 18,140,La Liga,540,529,Espanyol,Barcelona,0,2,5.428,4.7540000000000004,1.52,1.39,2.9059999999999997,5
1387844,2026-01-03 20:05:00,2025,Regular Season - 17,61,Ligue 1,79,94,Lille,Rennes,0,2,1.866,3.692,3.982,1.6819999999999997,2.208,5
1378041,2026-01-04 11:30:00,2025,Regular Season - 18,135,Serie A,487,492,Lazio,Napoli,0,2,3.336,3.026,2.35,2.56,1.522,5
1379164,2026-01-04 12:30:00,2025,Regular Season - 20,39,Premier League,63,33,Leeds,Manchester United,1,1,2.816,3.4299999999999997,2.492,1.8960000000000001,1.948,5
1390998,2026-01-04 13:00:00,2025,Regular Season - 18,140,La Liga,536,539,Sevilla,Levante,0,3,1.7880000000000003,3.59,4.58,1.92,1.9080000000000001,5
1378037,2026-01-04 14:00:00,2025,Regular Season - 18,135,Serie A,502,520,Fiorentina,Cremonese,1,0,1.754,3.5980000000000003,4.9719999999999995,2.0279999999999996,1.8359999999999999,5
1387846,2026-01-04 14:00:00,2025,Regular Season - 17,61,Ligue 1,81,83,Marseille,Nantes,0,2,1.244,5.99,11.690000000000001,1.4779999999999998,2.5959999999999996,5
1379162,2026-01-04 15:00:00,2025,Regular Season - 20,39,Premier League,45,55,Everton,Brentford,2,4,2.416,3.2379999999999995,3.1239999999999997,2.226,1.672,5
1379166,2026-01-04 15:00:00,2025,Regular Season - 20,39,Premier League,34,52,Newcastle,Crystal Palace,2,0,1.782,3.8,4.448,1.8219999999999998,2.022,5
1379167,2026-01-04 15:00:00,2025,Regular Season - 20,39,Premier League,47,746,Tottenham,Sunderland,1,1,1.828,3.662,4.436,2.004,1.8519999999999999,5
1379163,2026-01-04 15:15:00,2025,Regular Season - 20,39,Premier League,36,40,Fulham,Liverpool,2,2,3.71,3.624,1.9739999999999998,1.7280000000000002,2.12,5
1390996,2026-01-04 15:15:00,2025,Regular Season - 18,140,La Liga,541,543,Real Madrid,Real Betis,5,1,1.37,5.186,7.5,1.366,3.036,5
1387842,2026-01-04 16:15:00,2025,Regular Season - 17,61,Ligue 1,106,108,Stade Brestois 29,Auxerre,2,0,1.956,3.438,3.9219999999999997,1.996,1.83,5
1387843,2026-01-04 16:15:00,2025,Regular Season - 17,61,Ligue 1,111,77,Le Havre,Angers,2,1,2.118,3.2600000000000002,3.618,2.208,1.6819999999999997,5
1387845,2026-01-04 16:15:00,2025,Regular Season - 17,61,Ligue 1,97,112,Lorient,Metz,1,1,1.7580000000000002,3.6959999999999993,4.654000000000001,1.8240000000000003,2.006,5
1378043,2026-01-04 17:00:00,2025,Regular Season - 18,135,Serie A,504,503,Hellas Verona,Torino,0,3,2.682,3.002,2.8560000000000003,2.458,1.554,5
1379165,2026-01-04 17:30:00,2025,Regular Season - 20,39,Premier League,50,49,Manchester City,Chelsea,1,1,1.762,4.054,4.223999999999999,1.5,2.5060000000000002,5
1390989,2026-01-04 17:30:00,2025,Regular Season - 18,140,La Liga,542,718,Alaves,Oviedo,1,1,1.842,3.124,5.186,2.8139999999999996,1.424,5
1390993,2026-01-04 17:30:00,2025,Regular Season - 18,140,La Liga,798,547,Mallorca,Girona,1,2,2.2920000000000003,3.164,3.3019999999999996,2.23,1.666,5
1378039,2026-01-04 19:45:00,2025,Regular Season - 18,135,Serie A,505,500,Inter,Bologna,3,1,1.448,4.444,6.962000000000001,1.754,2.086,5
1387849,2026-01-04 19:45:00,2025,Regular Season - 17,61,Ligue 1,85,114,Paris Saint Germain,Paris FC,2,1,1.198,6.581999999999999,14.5,1.376,2.9479999999999995,5
1390997,2026-01-04 20:00:00,2025,Regular Season - 18,140,La Liga,548,530,Real Sociedad,Atletico Madrid,1,1,3.596,3.4899999999999998,2.0420000000000003,2.0519999999999996,1.786,5
1378051,2026-01-06 14:00:00,2025,Regular Season - 19,135,Serie A,801,895,Pisa,Como,0,3,4.932,3.464,1.7660000000000005,2.078,1.762,5
1378047,2026-01-06 17:00:00,2025,Regular Season - 19,135,Serie A,867,497,Lecce,AS Roma,0,2,5.436000000000001,3.4659999999999997,1.714,2.326,1.614,5
1378052,2026-01-06 19:45:00,2025,Regular Season - 19,135,Serie A,488,496,Sassuolo,Juventus,0,3,4.781999999999999,3.714,1.7559999999999998,1.998,1.8539999999999999,5
1379178,2026-01-06 20:00:00,2025,Regular Season - 21,39,Premier League,48,65,West Ham,Nottingham Forest,1,2,3.1479999999999997,3.436,2.2840000000000003,1.934,1.9140000000000001,5
1378044,2026-01-07 17:30:00,2025,Regular Season - 19,135,Serie A,500,499,Bologna,Atalanta,0,2,2.7079999999999997,3.492,2.5700000000000003,1.948,1.906,5
1378049,2026-01-07 17:30:00,2025,Regular Season - 19,135,Serie A,492,504,Napoli,Hellas Verona,2,2,1.4060000000000001,4.55,8.47,2.094,1.766,5
1379170,2026-01-07 19:30:00,2025,Regular Season - 21,39,Premier League,35,47,Bournemouth,Tottenham,3,2,2.07,3.656,3.382,1.6760000000000002,2.2079999999999997,5
1379171,2026-01-07 19:30:00,2025,Regular Season - 21,39,Premier League,55,746,Brentford,Sunderland,3,0,1.918,3.566,4.0840000000000005,2.028,1.832,5
1379173,2026-01-07 19:30:00,2025,Regular Season - 21,39,Premier League,52,66,Crystal Palace,Aston Villa,0,0,2.8579999999999997,3.472,2.4379999999999997,1.932,1.92,5
1379174,2026-01-07 19:30:00,2025,Regular Season - 21,39,Premier League,45,39,Everton,Wolves,1,1,1.782,3.528,4.7540000000000004,2.0839999999999996,1.754,5
1379175,2026-01-07 19:30:00,2025,Regular Season - 21,39,Premier League,36,49,Fulham,Chelsea,2,1,3.382,3.54,2.1,1.794,2.036,5
1379176,2026-01-07 19:30:00,2025,Regular Season - 21,39,Premier League,50,51,Manchester City,Brighton,1,1,1.416,4.846,7.042,1.426,2.754,5
1378046,2026-01-07 19:45:00,2025,Regular Season - 19,135,Serie A,487,502,Lazio,Fiorentina,2,2,2.2,3.214,3.5260000000000007,2.208,1.6759999999999997,5
1378050,2026-01-07 19:45:00,2025,Regular Season - 19,135,Serie A,523,505,Parma,Inter,0,2,7.590000000000001,4.812,1.41,1.6300000000000001,2.2939999999999996,5
1378053,2026-01-07 19:45:00,2025,Regular Season - 19,135,Serie A,503,494,Torino,Udinese,1,2,2.346,3.0999999999999996,3.346,2.2920000000000003,1.6320000000000001,5
1379172,2026-01-07 20:15:00,2025,Regular Season - 21,39,Premier League,44,33,Burnley,Manchester United,2,2,4.556,3.8879999999999995,1.7440000000000002,1.722,2.13,5
1379177,2026-01-07 20:15:00,2025,Regular Season - 21,39,Premier League,34,63,Newcastle,Leeds,4,3,1.706,3.8619999999999997,4.936,1.8399999999999999,2.0140000000000002,5
1378045,2026-01-08 17:30:00,2025,Regular Season - 19,135,Serie A,520,490,Cremonese,Cagliari,2,2,2.316,3.214,3.272,2.2079999999999997,1.6760000000000002,5
1378048,2026-01-08 19:45:00,2025,Regular Season - 19,135,Serie A,489,495,AC Milan,Genoa,1,1,1.44,4.417999999999999,7.75,2.0460000000000003,1.818,5
1379169,2026-01-08 20:00:00,2025,Regular Season - 21,39,Premier League,42,40,Arsenal,Liverpool,0,0,1.6280000000000001,4.093999999999999,5.146,1.7399999999999998,2.114,5
1388446,2026-01-09 19:30:00,2025,Regular Season - 16,78,Bundesliga,169,165,Eintracht Frankfurt,Borussia Dortmund,3,3,3.2860000000000005,3.696,2.0679999999999996,1.6200000000000003,2.32,5
1391001,2026-01-09 20:00:00,2025,Regular Season - 19,140,La Liga,546,548,Getafe,Real Sociedad,1,2,2.9979999999999998,2.818,2.7199999999999998,3.3480000000000003,1.312,5
1391005,2026-01-10 13:00:00,2025,Regular Season - 19,140,La Liga,718,543,Oviedo,Real Betis,1,1,3.9840000000000004,3.5199999999999996,1.952,2.036,1.83,5
1378055,2026-01-10 14:00:00,2025,Regular Season - 20,135,Serie A,895,500,Como,Bologna,1,1,2.116,3.3,3.6399999999999997,2.136,1.722,5
1378062,2026-01-10 14:00:00,2025,Regular Season - 20,135,Serie A,494,801,Udinese,Pisa,2,2,1.9599999999999997,3.342,4.128,2.292,1.6300000000000001,5
1388447,2026-01-10 14:30:00,2025,Regular Season - 16,78,Bundesliga,160,175,SC Freiburg,Hamburger SV,2,1,1.8,3.7159999999999997,4.345999999999999,1.81,2.028,5
1388448,2026-01-10 14:30:00,2025,Regular Season - 16,78,Bundesliga,180,192,1. FC Heidenheim,1. FC Köln,2,2,2.9199999999999995,3.5260000000000007,2.336,1.7260000000000002,2.1260000000000003,5
1388450,2026-01-10 14:30:00,2025,Regular Season - 16,78,Bundesliga,182,164,Union Berlin,FSV Mainz 05,2,2,2.146,3.2339999999999995,3.5420000000000003,2.208,1.6779999999999997,5
1391008,2026-01-10 15:15:00,2025,Regular Season - 19,140,La Liga,533,542,Villarreal,Alaves,3,1,1.584,3.964,5.99,2.026,1.8359999999999999,5
1378061,2026-01-10 17:00:00,2025,Regular Season - 20,135,Serie A,497,488,AS Roma,Sassuolo,2,0,1.552,3.9299999999999997,6.462000000000001,2.08,1.754,5
1388443,2026-01-10 17:30:00,2025,Regular Season - 16,78,Bundesliga,168,172,Bayer Leverkusen,VfB Stuttgart,1,4,1.9420000000000002,3.9219999999999997,3.4899999999999998,1.476,2.592,5
1391002,2026-01-10 17:30:00,2025,Regular Season - 19,140,La Liga,547,727,Girona,Osasuna,1,0,2.474,3.2699999999999996,2.9579999999999997,2.0439999999999996,1.8199999999999998,5
1378054,2026-01-10 19:45:00,2025,Regular Season - 20,135,Serie A,499,503,Atalanta,Torino,2,0,1.5500000000000003,4.008,6.308,2.01,1.8079999999999998,5
1391007,2026-01-10 20:00:00,2025,Regular Season - 19,140,La Liga,532,797,Valencia,Elche,1,1,2.194,3.16,3.5599999999999996,2.29,1.6320000000000001,5
1378060,2026-01-11 11:30:00,2025,Regular Season - 20,135,Serie A,867,523,Lecce,Parma,1,2,2.6760000000000006,2.976,2.9259999999999997,2.502,1.538,5
1391004,2026-01-11 13:00:00,2025,Regular Season - 19,140,La Liga,728,798,Rayo Vallecano,Mallorca,2,1,1.8079999999999998,3.37,4.906000000000001,2.316,1.6179999999999999,5
1378056,2026-01-11 14:00:00,2025,Regular Season - 20,135,Serie A,502,489,Fiorentina,AC Milan,1,1,4.319999999999999,3.476,1.874,2.072,1.7600000000000002,5
1388445,2026-01-11 14:30:00,2025,Regular Season - 16,78,Bundesliga,163,170,Borussia Mönchengladbach,FC Augsburg,4,0,1.9579999999999997,3.632,3.7119999999999997,1.766,2.074,5
1391003,2026-01-11 15:15:00,2025,Regular Season - 19,140,La Liga,539,540,Levante,Espanyol,1,1,3.074,3.354,2.3259999999999996,2.0780000000000003,1.7599999999999998,5
1388444,2026-01-11 16:30:00,2025,Regular Season - 16,78,Bundesliga,157,161,Bayern München,VfL Wolfsburg,8,1,1.134,8.85,17,1.2079999999999997,4.212000000000001,5
1378063,2026-01-11 17:00:00,2025,Regular Season - 20,135,Serie A,504,487,Hellas Verona,Lazio,0,1,3.472,3.124,2.2359999999999998,2.488,1.542,5
1378058,2026-01-11 19:45:00,2025,Regular Season - 20,135,Serie A,505,492,Inter,Napoli,2,2,1.778,3.5,4.762,2.024,1.802,5
1378057,2026-01-12 17:30:00,2025,Regular Season - 20,135,Serie A,495,490,Genoa,Cagliari,3,0,2.1100000000000003,3,4.037999999999999,2.586,1.496,5
1378059,2026-01-12 19:45:00,2025,Regular Season - 20,135,Serie A,496,520,Juventus,Cremonese,5,0,1.264,5.418,11.91,1.698,2.1740000000000004,5
1391006,2026-01-12 20:00:00,2025,Regular Season - 19,140,La Liga,536,538,Sevilla,Celta Vigo,0,1,2.5060000000000002,3.3340000000000005,2.864,2.0439999999999996,1.8199999999999998,5
1388459,2026-01-13 17:30:00,2025,Regular Season - 17,78,Bundesliga,172,169,VfB Stuttgart,Eintracht Frankfurt,3,2,1.826,3.8300000000000005,4.054,1.6199999999999999,2.31,5
1388453,2026-01-13 19:30:00,2025,Regular Season - 17,78,Bundesliga,165,162,Borussia Dortmund,Werder Bremen,3,0,1.35,5.206,8.059999999999999,1.426,2.7479999999999998,5
1388457,2026-01-13 19:30:00,2025,Regular Season - 17,78,Bundesliga,164,180,FSV Mainz 05,1. FC Heidenheim,2,1,1.7100000000000002,3.69,5.228,2.0140000000000002,1.846,5
1378021,2026-01-14 17:30:00,2025,Regular Season - 16,135,Serie A,492,523,Napoli,Parma,0,0,1.3199999999999998,4.85,10.67,1.888,1.916,5
1388460,2026-01-14 17:30:00,2025,Regular Season - 17,78,Bundesliga,161,186,VfL Wolfsburg,FC St. Pauli,2,1,1.8719999999999999,3.7379999999999995,4.044,1.8439999999999999,2.0119999999999996,5
1388454,2026-01-14 19:30:00,2025,Regular Season - 17,78,Bundesliga,192,157,1. FC Köln,Bayern München,1,3,8.809999999999999,6.037999999999999,1.288,1.264,3.646,5
1388456,2026-01-14 19:30:00,2025,Regular Season - 17,78,Bundesliga,167,163,1899 Hoffenheim,Borussia Mönchengladbach,5,1,1.85,3.848,3.942,1.6260000000000001,2.304,5
1388458,2026-01-14 19:30:00,2025,Regular Season - 17,78,Bundesliga,173,160,RB Leipzig,SC Freiburg,2,0,1.8060000000000003,3.9240000000000004,4.114,1.6179999999999999,2.314,5
1378018,2026-01-14 19:45:00,2025,Regular Season - 16,135,Serie A,505,867,Inter,Lecce,1,0,1.154,7.279999999999999,19.8,1.528,2.446,5
1378023,2026-01-15 17:30:00,2025,Regular Season - 16,135,Serie A,504,500,Hellas Verona,Bologna,2,3,3.6380000000000003,3.2700000000000005,2.114,2.246,1.638,5
1388452,2026-01-15 19:30:00,2025,Regular Season - 17,78,Bundesliga,170,182,FC Augsburg,Union Berlin,1,1,2.424,3.176,3.034,2.2299999999999995,1.6620000000000001,5
1378015,2026-01-15 19:45:00,2025,Regular Season - 16,135,Serie A,895,489,Como,AC Milan,1,3,2.864,3.228,2.54,2.048,1.7619999999999998,5
1387854,2026-01-16 18:00:00,2025,Regular Season - 18,61,Ligue 1,91,97,Monaco,Lorient,1,3,1.6019999999999999,4.26,5.138,1.582,2.39,5
1388468,2026-01-16 19:30:00,2025,Regular Season - 18,78,Bundesliga,162,169,Werder Bremen,Eintracht Frankfurt,3,3,2.598,3.5780000000000003,2.59,1.578,2.4059999999999997,5
1378071,2026-01-16 19:45:00,2025,Regular Season - 21,135,Serie A,801,499,Pisa,Atalanta,1,1,5.204,3.6439999999999997,1.7119999999999997,2.075,1.76,5
1387856,2026-01-16 20:00:00,2025,Regular Season - 18,61,Ligue 1,85,79,Paris Saint Germain,Lille,3,0,1.484,4.524,6.2,1.54,2.4059999999999997,5
1391013,2026-01-16 20:00:00,2025,Regular Season - 20,140,La Liga,540,547,Espanyol,Girona,0,2,1.888,3.53,4.21,2.022,1.8379999999999999,5
1379184,2026-01-17 12:30:00,2025,Regular Season - 22,39,Premier League,33,50,Manchester United,Manchester City,2,0,3.772,4.052,1.862,1.49,2.55,5
1391017,2026-01-17 13:00:00,2025,Regular Season - 20,140,La Liga,541,539,Real Madrid,Levante,2,0,1.16,8.08,15.5,1.292,3.4120000000000004,5
1378073,2026-01-17 14:00:00,2025,Regular Season - 21,135,Serie A,494,505,Udinese,Inter,0,1,7.909999999999999,4.325999999999999,1.432,1.818,1.996,5
1388462,2026-01-17 14:30:00,2025,Regular Season - 18,78,Bundesliga,165,186,Borussia Dortmund,FC St. Pauli,3,2,1.358,4.926,9.059999999999999,1.704,2.164,5
1388463,2026-01-17 14:30:00,2025,Regular Season - 18,78,Bundesliga,192,164,1. FC Köln,FSV Mainz 05,2,1,2.27,3.5439999999999996,3.056,1.7240000000000002,2.1260000000000003,5
1388464,2026-01-17 14:30:00,2025,Regular Season - 18,78,Bundesliga,175,163,Hamburger SV,Borussia Mönchengladbach,0,0,2.354,3.586,2.89,1.7266666666666666,2.1333333333333333,5
1388465,2026-01-17 14:30:00,2025,Regular Season - 18,78,Bundesliga,167,168,1899 Hoffenheim,Bayer Leverkusen,1,0,2.482,3.7520000000000002,2.6160000000000005,1.5,2.3866666666666663,5
1388469,2026-01-17 14:30:00,2025,Regular Season - 18,78,Bundesliga,161,180,VfL Wolfsburg,1. FC Heidenheim,1,1,1.5875000000000001,4.2925,5.435,1.5950000000000002,2.48,4
1379181,2026-01-17 15:00:00,2025,Regular Season - 22,39,Premier League,49,55,Chelsea,Brentford,2,0,1.6780000000000002,3.934,4.954,1.638,2.278,5
1379182,2026-01-17 15:00:00,2025,Regular Season - 22,39,Premier League,63,36,Leeds,Fulham,1,0,2.266,3.2239999999999993,3.3579999999999997,2.12,1.732,5
1379183,2026-01-17 15:00:00,2025,Regular Season - 22,39,Premier League,40,44,Liverpool,Burnley,1,1,1.222,6.572,12.78,1.4799999999999998,2.5919999999999996,5
1379186,2026-01-17 15:00:00,2025,Regular Season - 22,39,Premier League,746,52,Sunderland,Crystal Palace,2,1,2.732,3.1239999999999997,2.726,2.21,1.6740000000000002,5
1379187,2026-01-17 15:00:00,2025,Regular Season - 22,39,Premier League,47,48,Tottenham,West Ham,1,2,1.7119999999999997,3.944,4.706,1.716,2.136,5
1391015,2026-01-17 15:15:00,2025,Regular Season - 20,140,La Liga,798,531,Mallorca,Athletic Club,3,2,3.7659999999999996,3.022,2.184,2.5180000000000002,1.532,5
1387852,2026-01-17 16:00:00,2025,Regular Season - 18,61,Ligue 1,116,108,Lens,Auxerre,1,0,1.4460000000000002,4.436,7.103999999999999,1.7240000000000002,2.1260000000000003,5
1378069,2026-01-17 17:00:00,2025,Regular Season - 21,135,Serie A,492,488,Napoli,Sassuolo,1,0,1.4380000000000002,4.1659999999999995,8.540000000000001,2.0075000000000003,1.815,5
1379185,2026-01-17 17:30:00,2025,Regular Season - 22,39,Premier League,65,42,Nottingham Forest,Arsenal,0,0,5.83,4.19,1.5660000000000003,1.9119999999999997,1.9460000000000002,5
1388466,2026-01-17 17:30:00,2025,Regular Season - 18,78,Bundesliga,173,157,RB Leipzig,Bayern München,1,5,5.276,4.796,1.5299999999999998,1.315,3.2575000000000003,5
1391016,2026-01-17 17:30:00,2025,Regular Season - 20,140,La Liga,727,718,Osasuna,Oviedo,3,2,1.734,3.45,5.236,2.366,1.592,5
1387859,2026-01-17 18:00:00,2025,Regular Season - 18,61,Ligue 1,96,84,Toulouse,Nice,5,1,1.9279999999999997,3.596,3.882,1.8560000000000003,1.998,5
1378065,2026-01-17 19:45:00,2025,Regular Season - 21,135,Serie A,490,496,Cagliari,Juventus,1,0,5.846,3.804,1.61,2.0175,1.8050000000000002,5
1391010,2026-01-17 20:00:00,2025,Regular Season - 20,140,La Liga,543,533,Real Betis,Villarreal,2,0,2.28,3.586,2.966,1.666,2.228,5
1387851,2026-01-17 20:05:00,2025,Regular Season - 18,61,Ligue 1,77,81,Angers,Marseille,2,5,5.388,3.982,1.6179999999999999,1.8920000000000001,1.966,5
1378070,2026-01-18 11:30:00,2025,Regular Season - 21,135,Serie A,523,495,Parma,Genoa,0,0,2.832,2.868,2.838,2.558,1.49,5
1391014,2026-01-18 13:00:00,2025,Regular Season - 20,140,La Liga,546,532,Getafe,Valencia,0,1,2.554,2.8440000000000003,3.1799999999999997,3.1160000000000005,1.35,5
1378064,2026-01-18 14:00:00,2025,Regular Season - 21,135,Serie A,500,502,Bologna,Fiorentina,1,2,2.1079999999999997,3.2700000000000005,3.664,2.104,1.7419999999999998,5
1379188,2026-01-18 14:00:00,2025,Regular Season - 22,39,Premier League,39,34,Wolves,Newcastle,0,0,4.462,3.944,1.746,1.684,2.194,5
1387858,2026-01-18 14:00:00,2025,Regular Season - 18,61,Ligue 1,95,112,Strasbourg,Metz,2,1,1.548,4.17,5.880000000000001,1.612,2.332,5
1388467,2026-01-18 14:30:00,2025,Regular Season - 18,78,Bundesliga,172,182,VfB Stuttgart,Union Berlin,1,1,1.7740000000000002,3.7840000000000003,4.716,1.8880000000000003,1.95,5
1391009,2026-01-18 15:15:00,2025,Regular Season - 20,140,La Liga,530,542,Atletico Madrid,Alaves,1,0,1.36,4.784,10,1.9600000000000002,1.8939999999999997,5
1387855,2026-01-18 16:15:00,2025,Regular Season - 18,61,Ligue 1,83,114,Nantes,Paris FC,1,2,3.07,3.2040000000000006,2.4,2.04,1.8239999999999998,5
1387857,2026-01-18 16:15:00,2025,Regular Season - 18,61,Ligue 1,94,111,Rennes,Le Havre,1,1,1.67,3.864,5.117999999999999,1.842,2.0140000000000002,5
1379179,2026-01-18 16:30:00,2025,Regular Season - 22,39,Premier League,66,45,Aston Villa,Everton,0,1,1.6780000000000002,3.886,5.1659999999999995,1.9300000000000002,1.92,5
1388461,2026-01-18 16:30:00,2025,Regular Season - 18,78,Bundesliga,170,160,FC Augsburg,SC Freiburg,2,2,2.872,3.378,2.508,1.948,1.8939999999999997,5
1378072,2026-01-18 17:00:00,2025,Regular Season - 21,135,Serie A,503,497,Torino,AS Roma,0,2,4.088,3.3899999999999997,1.956,2.202,1.684,5
1391011,2026-01-18 17:30:00,2025,Regular Season - 20,140,La Liga,538,728,Celta Vigo,Rayo Vallecano,3,0,2.154,3.148,3.6379999999999995,2.216,1.67,5
1378068,2026-01-18 19:45:00,2025,Regular Season - 21,135,Serie A,489,867,AC Milan,Lecce,1,0,1.274,5.258,12.559999999999999,1.888,1.938,5
1387853,2026-01-18 19:45:00,2025,Regular Season - 18,61,Ligue 1,80,106,Lyon,Stade Brestois 29,2,1,1.6219999999999999,4.062,5.226,1.75,2.094,5
1391018,2026-01-18 20:00:00,2025,Regular Season - 20,140,La Liga,548,529,Real Sociedad,Barcelona,2,1,4.895999999999999,4.459999999999999,1.6039999999999999,1.422,2.772,5
1378066,2026-01-19 17:30:00,2025,Regular Season - 21,135,Serie A,520,504,Cremonese,Hellas Verona,0,0,2.5160000000000005,2.9939999999999998,3.102,2.3560000000000003,1.596,5
1378067,2026-01-19 19:45:00,2025,Regular Season - 21,135,Serie A,487,895,Lazio,Como,0,3,2.66,3.008,2.8980000000000006,2.3560000000000003,1.598,5
1379180,2026-01-19 20:00:00,2025,Regular Season - 22,39,Premier League,51,35,Brighton,Bournemouth,1,1,1.874,3.944,3.7640000000000002,1.524,2.45,5
1391012,2026-01-19 20:00:00,2025,Regular Season - 20,140,La Liga,797,536,Elche,Sevilla,2,2,2.24,3.332,3.246,2.076,1.7559999999999998,5
1387860,2026-01-23 19:00:00,2025,Regular Season - 19,61,Ligue 1,108,85,Auxerre,Paris Saint Germain,0,1,8.86,5.348000000000001,1.3199999999999998,1.498,2.5119999999999996,5
1388477,2026-01-23 19:30:00,2025,Regular Season - 19,78,Bundesliga,186,175,FC St. Pauli,Hamburger SV,0,0,2.384,3.278,3.012,2.162,1.704,5
1378078,2026-01-23 19:45:00,2025,Regular Season - 22,135,Serie A,505,801,Inter,Pisa,6,2,1.154,7.4,19.1,1.504,2.488,5
1391023,2026-01-23 20:00:00,2025,Regular Season - 21,140,La Liga,539,797,Levante,Elche,3,2,2.594,3.314,2.7299999999999995,2.008,1.832,5
1379198,2026-01-24 12:30:00,2025,Regular Season - 23,39,Premier League,48,746,West Ham,Sunderland,3,1,2.422,3.2980000000000005,2.934,2.03,1.802,5
1391024,2026-01-24 13:00:00,2025,Regular Season - 21,140,La Liga,728,727,Rayo Vallecano,Osasuna,1,3,1.9880000000000002,3.2399999999999998,4.064,2.388,1.5880000000000003,5
1378075,2026-01-24 14:00:00,2025,Regular Season - 22,135,Serie A,895,503,Como,Torino,6,0,1.752,3.5380000000000003,4.872,2.072,1.762,5
1388470,2026-01-24 14:30:00,2025,Regular Season - 19,78,Bundesliga,168,162,Bayer Leverkusen,Werder Bremen,1,0,1.552,4.3839999999999995,5.367999999999999,1.472,2.604,5
1388471,2026-01-24 14:30:00,2025,Regular Season - 19,78,Bundesliga,157,170,Bayern München,FC Augsburg,1,2,1.112,9.629999999999999,20.3,1.242,3.868,5
1388473,2026-01-24 14:30:00,2025,Regular Season - 19,78,Bundesliga,169,167,Eintracht Frankfurt,1899 Hoffenheim,1,3,2.482,3.71,2.58,1.506,2.496,5
1388475,2026-01-24 14:30:00,2025,Regular Season - 19,78,Bundesliga,180,173,1. FC Heidenheim,RB Leipzig,0,3,4.634,4.052,1.6780000000000002,1.582,2.382,5
1388476,2026-01-24 14:30:00,2025,Regular Season - 19,78,Bundesliga,164,161,FSV Mainz 05,VfL Wolfsburg,3,1,2.324,3.464,2.946,1.738,2.1079999999999997,5
1379192,2026-01-24 15:00:00,2025,Regular Season - 23,39,Premier League,44,47,Burnley,Tottenham,2,2,4.032000000000001,3.5340000000000003,1.9120000000000001,2.008,1.8239999999999998,5
1379195,2026-01-24 15:00:00,2025,Regular Season - 23,39,Premier League,36,51,Fulham,Brighton,2,1,2.568,3.3939999999999997,2.7060000000000004,1.888,1.934,5
1379196,2026-01-24 15:00:00,2025,Regular Season - 23,39,Premier League,50,39,Manchester City,Wolves,2,0,1.194,6.959999999999999,13.780000000000001,1.348,3.116,5
1391027,2026-01-24 15:15:00,2025,Regular Season - 21,140,La Liga,532,540,Valencia,Espanyol,3,2,2.3259999999999996,3.2700000000000005,3.136,2.2140000000000004,1.672,5
1387868,2026-01-24 16:00:00,2025,Regular Season - 19,61,Ligue 1,94,97,Rennes,Lorient,0,2,1.782,3.6760000000000006,4.464,1.83,1.996,5
1378076,2026-01-24 17:00:00,2025,Regular Season - 22,135,Serie A,502,490,Fiorentina,Cagliari,1,2,1.686,3.6420000000000003,5.234,2.082,1.7580000000000002,5
1379190,2026-01-24 17:30:00,2025,Regular Season - 23,39,Premier League,35,40,Bournemouth,Liverpool,3,2,3.722,3.8620000000000005,1.904,1.538,2.42,5
1388478,2026-01-24 17:30:00,2025,Regular Season - 19,78,Bundesliga,182,165,Union Berlin,Borussia Dortmund,0,3,3.912,3.4519999999999995,1.964,1.948,1.888,5
1391026,2026-01-24 17:30:00,2025,Regular Season - 21,140,La Liga,536,531,Sevilla,Athletic Club,2,1,3.11,3.062,2.462,2.294,1.6320000000000001,5
1387862,2026-01-24 18:00:00,2025,Regular Season - 19,61,Ligue 1,111,91,Le Havre,Monaco,0,0,3.682,3.782,1.922,1.69,2.1879999999999997,5
1378080,2026-01-24 19:45:00,2025,Regular Season - 22,135,Serie A,867,487,Lecce,Lazio,0,0,4.382,3.164,1.936,2.554,1.51,5
1391028,2026-01-24 20:00:00,2025,Regular Season - 21,140,La Liga,533,541,Villarreal,Real Madrid,0,2,3.354,3.812,2.034,1.468,2.6159999999999997,5
1387864,2026-01-24 20:05:00,2025,Regular Season - 19,61,Ligue 1,81,116,Marseille,Lens,3,1,1.956,3.682,3.6419999999999995,1.64,2.286,5
1378082,2026-01-25 11:30:00,2025,Regular Season - 22,135,Serie A,488,520,Sassuolo,Cremonese,1,0,1.924,3.3440000000000003,4.16,2.068,1.77,5
1391020,2026-01-25 13:00:00,2025,Regular Season - 21,140,La Liga,530,798,Atletico Madrid,Mallorca,3,0,1.278,5.378,11.190000000000001,1.6920000000000002,2.186,5
1378074,2026-01-25 14:00:00,2025,Regular Season - 22,135,Serie A,499,523,Atalanta,Parma,4,0,1.4259999999999997,4.426,7.49,1.754,2.0919999999999996,5
1378077,2026-01-25 14:00:00,2025,Regular Season - 22,135,Serie A,495,500,Genoa,Bologna,3,2,3.15,3.042,2.412,2.468,1.5560000000000003,5
1379191,2026-01-25 14:00:00,2025,Regular Season - 23,39,Premier League,55,65,Brentford,Nottingham Forest,0,2,2.146,3.346,3.4599999999999995,1.9880000000000002,1.8359999999999999,5
1379193,2026-01-25 14:00:00,2025,Regular Season - 23,39,Premier League,52,49,Crystal Palace,Chelsea,1,3,3.418,3.662,2.0420000000000003,1.764,2.0799999999999996,5
1379197,2026-01-25 14:00:00,2025,Regular Season - 23,39,Premier League,34,66,Newcastle,Aston Villa,0,2,1.95,3.7020000000000004,3.6519999999999997,1.638,2.29,5
1387866,2026-01-25 14:00:00,2025,Regular Season - 19,61,Ligue 1,83,84,Nantes,Nice,1,4,3.032,3.4,2.306,1.802,2.024,5
1388472,2026-01-25 14:30:00,2025,Regular Season - 19,78,Bundesliga,163,172,Borussia Mönchengladbach,VfB Stuttgart,0,3,2.9379999999999997,3.774,2.214,1.506,2.496,5
1391021,2026-01-25 15:15:00,2025,Regular Season - 21,140,La Liga,529,718,Barcelona,Oviedo,3,0,1.118,9.58,20.1,1.238,3.908,5
1387861,2026-01-25 16:15:00,2025,Regular Season - 19,61,Ligue 1,106,96,Stade Brestois 29,Toulouse,0,2,2.7239999999999998,3.104,2.728,2.114,1.732,5
1387865,2026-01-25 16:15:00,2025,Regular Season - 19,61,Ligue 1,112,80,Metz,Lyon,2,5,4.624,3.8920000000000003,1.716,1.7220000000000002,2.132,5
1387867,2026-01-25 16:15:00,2025,Regular Season - 19,61,Ligue 1,114,77,Paris FC,Angers,0,0,1.8719999999999999,3.4,4.424,2.036,1.798,5
1379189,2026-01-25 16:30:00,2025,Regular Season - 23,39,Premier League,42,33,Arsenal,Manchester United,2,3,1.6200000000000003,3.946,5.418,1.722,2.14,5
1388474,2026-01-25 16:30:00,2025,Regular Season - 19,78,Bundesliga,160,192,SC Freiburg,1. FC Köln,2,1,1.8439999999999999,3.622,4.19,1.8240000000000003,2.002,5
1378079,2026-01-25 17:00:00,2025,Regular Season - 22,135,Serie A,496,492,Juventus,Napoli,3,0,2.1399999999999997,3.184,3.6060000000000003,2.4720000000000004,1.554,5
1391025,2026-01-25 17:30:00,2025,Regular Season - 21,140,La Liga,548,538,Real Sociedad,Celta Vigo,3,1,2.0119999999999996,3.436,3.786,2.032,1.81,5
1378081,2026-01-25 19:45:00,2025,Regular Season - 22,135,Serie A,497,489,AS Roma,AC Milan,1,1,2.604,3.05,2.8979999999999997,2.1439999999999997,1.716,5
1387863,2026-01-25 19:45:00,2025,Regular Season - 19,61,Ligue 1,79,95,Lille,Strasbourg,1,4,1.8719999999999999,3.6379999999999995,4.022,1.7920000000000003,2.036,5
1391019,2026-01-25 20:00:00,2025,Regular Season - 21,140,La Liga,542,543,Alaves,Real Betis,2,1,3.058,3.0919999999999996,2.474,2.2100000000000004,1.674,5
1378083,2026-01-26 19:45:00,2025,Regular Season - 22,135,Serie A,504,494,Hellas Verona,Udinese,1,3,2.6900000000000004,3.026,2.8120000000000003,2.494,1.538,5
1379194,2026-01-26 20:00:00,2025,Regular Season - 23,39,Premier League,45,63,Everton,Leeds,1,1,2.4000000000000004,3.218,3.09,2.194,1.686,5
1391022,2026-01-26 20:00:00,2025,Regular Season - 21,140,La Liga,547,546,Girona,Getafe,1,1,2.08,3.124,3.968,2.656,1.456,5
1388482,2026-01-30 19:30:00,2025,Regular Season - 20,78,Bundesliga,192,161,1. FC Köln,VfL Wolfsburg,1,0,2.248,3.6160000000000005,2.958,1.592,2.37,5
1378088,2026-01-30 19:45:00,2025,Regular Season - 23,135,Serie A,487,495,Lazio,Genoa,3,2,1.888,3.2600000000000002,4.516,2.55,1.528,5
1387870,2026-01-30 19:45:00,2025,Regular Season - 20,61,Ligue 1,116,111,Lens,Le Havre,1,0,1.4120000000000001,4.619999999999999,7.65,1.674,2.216,5
1391032,2026-01-30 20:00:00,2025,Regular Season - 22,140,La Liga,540,542,Espanyol,Alaves,1,2,2.0420000000000003,3.0919999999999996,4.144,2.568,1.52,5
1391038,2026-01-31 13:00:00,2025,Regular Season - 22,140,La Liga,718,547,Oviedo,Girona,1,0,2.6979999999999995,3.056,2.806,2.2100000000000004,1.674,5
1378091,2026-01-31 14:00:00,2025,Regular Season - 23,135,Serie A,801,488,Pisa,Sassuolo,1,3,2.9199999999999995,3.1,2.558,2.198,1.686,5
1388479,2026-01-31 14:30:00,2025,Regular Season - 20,78,Bundesliga,170,186,FC Augsburg,FC St. Pauli,2,1,1.988,3.314,3.992,2.2,1.684,5
1388481,2026-01-31 14:30:00,2025,Regular Season - 20,78,Bundesliga,169,168,Eintracht Frankfurt,Bayer Leverkusen,1,3,2.8,3.692,2.34,1.5560000000000003,2.358,5
1388484,2026-01-31 14:30:00,2025,Regular Season - 20,78,Bundesliga,167,182,1899 Hoffenheim,Union Berlin,3,1,1.848,3.6759999999999997,4.154000000000001,1.826,2,5
1388485,2026-01-31 14:30:00,2025,Regular Season - 20,78,Bundesliga,173,164,RB Leipzig,FSV Mainz 05,1,2,1.542,4.492,5.4079999999999995,1.5,2.5300000000000002,5
1388487,2026-01-31 14:30:00,2025,Regular Season - 20,78,Bundesliga,162,163,Werder Bremen,Borussia Mönchengladbach,1,1,2.3120000000000003,3.5460000000000003,2.918,1.6799999999999997,2.2100000000000004,5
1379200,2026-01-31 15:00:00,2025,Regular Season - 24,39,Premier League,51,45,Brighton,Everton,1,1,1.8400000000000003,3.658,4.220000000000001,1.89,1.9280000000000002,5
1379202,2026-01-31 15:00:00,2025,Regular Season - 24,39,Premier League,63,42,Leeds,Arsenal,0,4,6.1899999999999995,4.07,1.5420000000000003,1.906,1.916,5
1379208,2026-01-31 15:00:00,2025,Regular Season - 24,39,Premier League,39,35,Wolves,Bournemouth,0,2,3.13,3.614,2.184,1.714,2.146,5
1391036,2026-01-31 15:15:00,2025,Regular Season - 22,140,La Liga,727,533,Osasuna,Villarreal,2,2,3.078,3.4559999999999995,2.266,1.8240000000000003,2.002,5
1387875,2026-01-31 16:00:00,2025,Regular Season - 20,61,Ligue 1,114,81,Paris FC,Marseille,2,2,3.992,3.7939999999999996,1.842,1.6819999999999997,2.208,5
1378089,2026-01-31 17:00:00,2025,Regular Season - 23,135,Serie A,492,502,Napoli,Fiorentina,2,1,1.686,3.59,5.404,2.118,1.734,5
1379201,2026-01-31 17:30:00,2025,Regular Season - 24,39,Premier League,49,48,Chelsea,West Ham,3,2,1.48,4.5440000000000005,6.21,1.522,2.46,5
1388483,2026-01-31 17:30:00,2025,Regular Season - 20,78,Bundesliga,175,157,Hamburger SV,Bayern München,2,2,8.49,5.83,1.3059999999999998,1.308,3.332,5
1391034,2026-01-31 17:30:00,2025,Regular Season - 22,140,La Liga,539,530,Levante,Atletico Madrid,0,0,5.7780000000000005,4.054,1.5720000000000003,1.7239999999999998,2.134,5
1387871,2026-01-31 18:00:00,2025,Regular Season - 20,61,Ligue 1,97,83,Lorient,Nantes,2,1,1.8439999999999999,3.4899999999999998,4.359999999999999,1.988,1.8399999999999999,5
1378085,2026-01-31 19:45:00,2025,Regular Season - 23,135,Serie A,490,504,Cagliari,Hellas Verona,4,0,2.4479999999999995,2.8939999999999997,3.3259999999999996,2.576,1.496,5
1379203,2026-01-31 20:00:00,2025,Regular Season - 24,39,Premier League,40,34,Liverpool,Newcastle,4,1,1.8259999999999998,3.982,3.9620000000000006,1.64,2.282,5
1391031,2026-01-31 20:00:00,2025,Regular Season - 22,140,La Liga,797,529,Elche,Barcelona,1,3,7.340000000000001,5.2379999999999995,1.374,1.3760000000000001,2.976,5
1387873,2026-01-31 20:05:00,2025,Regular Season - 20,61,Ligue 1,91,94,Monaco,Rennes,4,0,1.9740000000000002,3.7960000000000003,3.478,1.496,2.556,5
1378092,2026-02-01 11:30:00,2025,Regular Season - 23,135,Serie A,503,867,Torino,Lecce,1,0,1.8679999999999999,3.214,4.752,2.454,1.56,5
1391037,2026-02-01 13:00:00,2025,Regular Season - 22,140,La Liga,541,728,Real Madrid,Rayo Vallecano,2,1,1.316,5.268,9.42,1.4860000000000002,2.5460000000000003,5
1378086,2026-02-01 14:00:00,2025,Regular Season - 23,135,Serie A,895,499,Como,Atalanta,0,0,2.228,3.446,3.184,1.9280000000000002,1.9,5
1379199,2026-02-01 14:00:00,2025,Regular Season - 24,39,Premier League,66,55,Aston Villa,Brentford,0,1,1.9439999999999997,3.63,3.746,1.7879999999999998,2.044,5
1379204,2026-02-01 14:00:00,2025,Regular Season - 24,39,Premier League,33,36,Manchester United,Fulham,3,2,1.594,4.284,5.1160000000000005,1.686,2.198,5
1379205,2026-02-01 14:00:00,2025,Regular Season - 24,39,Premier League,65,52,Nottingham Forest,Crystal Palace,1,1,1.9460000000000002,3.45,3.9520000000000004,2.0060000000000002,1.828,5
1387872,2026-02-01 14:00:00,2025,Regular Season - 20,61,Ligue 1,80,79,Lyon,Lille,1,0,2.03,3.5380000000000003,3.5460000000000003,1.7879999999999998,2.044,5
1388486,2026-02-01 14:30:00,2025,Regular Season - 20,78,Bundesliga,172,160,VfB Stuttgart,SC Freiburg,1,0,1.7080000000000002,4.004,4.500000000000001,1.6179999999999999,2.324,5
1391030,2026-02-01 15:15:00,2025,Regular Season - 22,140,La Liga,543,532,Real Betis,Valencia,2,1,1.8219999999999998,3.5480000000000005,4.523999999999999,1.8940000000000001,1.9280000000000002,5
1387869,2026-02-01 16:15:00,2025,Regular Season - 20,61,Ligue 1,77,112,Angers,Metz,1,0,2.116,3.3299999999999996,3.4800000000000004,2.0420000000000003,1.8,5
1387874,2026-02-01 16:15:00,2025,Regular Season - 20,61,Ligue 1,84,106,Nice,Stade Brestois 29,2,2,2.162,3.3599999999999994,3.408,1.7740000000000002,2.056,5
1387877,2026-02-01 16:15:00,2025,Regular Season - 20,61,Ligue 1,96,108,Toulouse,Auxerre,0,0,1.7559999999999998,3.492,5.046000000000001,2.22,1.672,5
1379207,2026-02-01 16:30:00,2025,Regular Season - 24,39,Premier League,47,50,Tottenham,Manchester City,2,2,4.646,4.08,1.6780000000000002,1.6199999999999999,2.318,5
1388480,2026-02-01 16:30:00,2025,Regular Season - 20,78,Bundesliga,165,180,Borussia Dortmund,1. FC Heidenheim,3,2,1.252,5.99,10.870000000000001,1.4119999999999997,2.818,5
1378087,2026-02-01 17:00:00,2025,Regular Season - 23,135,Serie A,520,505,Cremonese,Inter,0,2,9.93,5.174,1.312,1.674,2.212,5
1391033,2026-02-01 17:30:00,2025,Regular Season - 22,140,La Liga,546,538,Getafe,Celta Vigo,0,0,2.9319999999999995,2.894,2.71,2.88,1.402,5
1378090,2026-02-01 19:45:00,2025,Regular Season - 23,135,Serie A,523,496,Parma,Juventus,1,4,6.901999999999999,4.186,1.484,1.982,1.8519999999999999,5
1387876,2026-02-01 19:45:00,2025,Regular Season - 20,61,Ligue 1,95,85,Strasbourg,Paris Saint Germain,1,2,5.426,4.223999999999999,1.5660000000000003,1.5400000000000003,2.418,5
1391029,2026-02-01 20:00:00,2025,Regular Season - 22,140,La Liga,531,548,Athletic Club,Real Sociedad,1,1,2.188,3.16,3.564,2.2180000000000004,1.6759999999999997,5
1378093,2026-02-02 19:45:00,2025,Regular Season - 23,135,Serie A,494,497,Udinese,AS Roma,1,0,4.127999999999999,3.3840000000000003,1.936,2.1799999999999997,1.6919999999999997,5
1379206,2026-02-02 20:00:00,2025,Regular Season - 24,39,Premier League,746,44,Sunderland,Burnley,3,0,1.7220000000000002,3.572,5.156,2.1,1.748,5
1391035,2026-02-02 20:00:00,2025,Regular Season - 22,140,La Liga,798,536,Mallorca,Sevilla,4,1,2.566,3.134,2.8980000000000006,2.224,1.6640000000000001,5
1378084,2026-02-03 19:45:00,2025,Regular Season - 23,135,Serie A,500,489,Bologna,AC Milan,0,3,3.5159999999999996,3.4159999999999995,2.094,2.0140000000000002,1.816,5
1388495,2026-02-06 19:30:00,2025,Regular Season - 21,78,Bundesliga,182,169,Union Berlin,Eintracht Frankfurt,1,1,2.196,3.4480000000000004,3.31,1.9920000000000002,1.864,5
1378103,2026-02-06 19:45:00,2025,Regular Season - 24,135,Serie A,504,801,Hellas Verona,Pisa,0,0,2.18,3.0420000000000003,3.688,2.34,1.5939999999999999,5
1387883,2026-02-06 19:45:00,2025,Regular Season - 21,61,Ligue 1,112,79,Metz,Lille,0,0,4.384,3.9539999999999997,1.7439999999999998,1.714,2.144,5
1379214,2026-02-06 20:00:00,2025,Regular Season - 25,39,Premier League,63,65,Leeds,Nottingham Forest,3,1,2.3480000000000003,3.3200000000000003,3.096,2.05,1.81,5
1391043,2026-02-06 20:00:00,2025,Regular Season - 23,140,La Liga,538,727,Celta Vigo,Osasuna,1,2,1.9420000000000002,3.31,4.17,2.1879999999999997,1.686,5
1379216,2026-02-07 12:30:00,2025,Regular Season - 25,39,Premier League,33,47,Manchester United,Tottenham,2,0,1.6640000000000001,4.029999999999999,4.886,1.6280000000000001,2.3,5
1388491,2026-02-07 14:30:00,2025,Regular Season - 21,78,Bundesliga,160,162,SC Freiburg,Werder Bremen,1,0,1.7399999999999998,3.838,4.544,1.716,2.136,5
1388492,2026-02-07 14:30:00,2025,Regular Season - 21,78,Bundesliga,180,175,1. FC Heidenheim,Hamburger SV,0,2,2.8080000000000003,3.438,2.506,1.83,2.03,5
1388493,2026-02-07 14:30:00,2025,Regular Season - 21,78,Bundesliga,164,170,FSV Mainz 05,FC Augsburg,2,0,2.0100000000000002,3.556,3.7399999999999998,1.916,1.936,5
1388494,2026-02-07 14:30:00,2025,Regular Season - 21,78,Bundesliga,186,172,FC St. Pauli,VfB Stuttgart,2,1,4.2,3.646,1.8660000000000003,1.92,1.932,5
1388496,2026-02-07 14:30:00,2025,Regular Season - 21,78,Bundesliga,161,165,VfL Wolfsburg,Borussia Dortmund,1,2,4.366,4.004,1.7399999999999998,1.614,2.3280000000000003,5
1379209,2026-02-07 15:00:00,2025,Regular Season - 25,39,Premier League,42,746,Arsenal,Sunderland,3,0,1.2280000000000002,5.64,15.080000000000002,1.768,2.072,5
1379210,2026-02-07 15:00:00,2025,Regular Season - 25,39,Premier League,35,66,Bournemouth,Aston Villa,1,1,2.742,3.614,2.424,1.6460000000000001,2.2619999999999996,5
1379212,2026-02-07 15:00:00,2025,Regular Season - 25,39,Premier League,44,48,Burnley,West Ham,0,2,3.3660000000000005,3.46,2.168,1.954,1.904,5
1379213,2026-02-07 15:00:00,2025,Regular Season - 25,39,Premier League,36,45,Fulham,Everton,1,2,2.1060000000000003,3.216,3.716,2.226,1.6640000000000001,5
1379218,2026-02-07 15:00:00,2025,Regular Season - 25,39,Premier League,39,49,Wolves,Chelsea,1,3,4.684,3.9539999999999997,1.704,1.7,2.162,5
1391042,2026-02-07 15:15:00,2025,Regular Season - 23,140,La Liga,529,798,Barcelona,Mallorca,3,0,1.174,7.630000000000001,14.2,1.258,3.682,5
1387882,2026-02-07 16:00:00,2025,Regular Season - 21,61,Ligue 1,116,94,Lens,Rennes,3,1,1.78,3.8280000000000003,4.322,1.596,2.3600000000000003,5
1378097,2026-02-07 17:00:00,2025,Regular Season - 24,135,Serie A,495,492,Genoa,Napoli,2,3,4.632,3.2079999999999997,1.8980000000000001,2.496,1.54,5
1379217,2026-02-07 17:30:00,2025,Regular Season - 25,39,Premier League,34,55,Newcastle,Brentford,2,3,1.8560000000000003,3.7619999999999996,3.992,1.686,2.184,5
1388489,2026-02-07 17:30:00,2025,Regular Season - 21,78,Bundesliga,163,168,Borussia Mönchengladbach,Bayer Leverkusen,1,1,3.308,3.7119999999999997,2.072,1.598,2.354,5
1387880,2026-02-07 18:00:00,2025,Regular Season - 21,61,Ligue 1,106,97,Stade Brestois 29,Lorient,2,0,2.2640000000000002,3.1660000000000004,3.3660000000000005,2.088,1.754,5
1378096,2026-02-07 19:45:00,2025,Regular Season - 24,135,Serie A,502,503,Fiorentina,Torino,2,2,1.8960000000000001,3.522,4.228,2.026,1.8379999999999999,5
1391045,2026-02-07 20:00:00,2025,Regular Season - 23,140,La Liga,548,797,Real Sociedad,Elche,3,1,1.6839999999999997,3.972,4.974000000000001,1.952,1.9,5
1387884,2026-02-07 20:05:00,2025,Regular Season - 21,61,Ligue 1,83,80,Nantes,Lyon,0,1,5.246,3.9219999999999997,1.658,1.9240000000000002,1.9259999999999997,5
1378095,2026-02-08 11:30:00,2025,Regular Season - 24,135,Serie A,500,523,Bologna,Parma,0,1,1.6160000000000003,3.878,5.904000000000001,2.0159999999999996,1.844,5
1391039,2026-02-08 13:00:00,2025,Regular Season - 23,140,La Liga,542,546,Alaves,Getafe,0,2,2.2619999999999996,2.8280000000000003,3.9,3.3619999999999997,1.302,5
1378099,2026-02-08 14:00:00,2025,Regular Season - 24,135,Serie A,867,494,Lecce,Udinese,2,1,3.0140000000000002,2.9200000000000004,2.62,2.708,1.454,5
1379211,2026-02-08 14:00:00,2025,Regular Season - 25,39,Premier League,51,52,Brighton,Crystal Palace,0,1,1.966,3.636,3.75,1.832,2.032,5
1387885,2026-02-08 14:00:00,2025,Regular Season - 21,61,Ligue 1,84,91,Nice,Monaco,0,0,3.09,3.6799999999999997,2.168,1.5500000000000003,2.422,5
1388490,2026-02-08 14:30:00,2025,Regular Season - 21,78,Bundesliga,192,173,1. FC Köln,RB Leipzig,1,2,3.13,3.7619999999999996,2.1260000000000003,1.4799999999999998,2.586,5
1391040,2026-02-08 15:15:00,2025,Regular Season - 23,140,La Liga,531,539,Athletic Club,Levante,4,2,1.652,3.7620000000000005,5.638,2.0279999999999996,1.83,5
1387878,2026-02-08 16:15:00,2025,Regular Season - 21,61,Ligue 1,77,96,Angers,Toulouse,1,0,3.4859999999999998,3.116,2.226,2.354,1.598,5
1387879,2026-02-08 16:15:00,2025,Regular Season - 21,61,Ligue 1,108,114,Auxerre,Paris FC,0,0,2.464,3.224,2.912,2.1399999999999997,1.7139999999999997,5
1387881,2026-02-08 16:15:00,2025,Regular Season - 21,61,Ligue 1,111,95,Le Havre,Strasbourg,2,1,3.8019999999999996,3.464,1.9979999999999998,1.998,1.8560000000000003,5
1379215,2026-02-08 16:30:00,2025,Regular Season - 25,39,Premier League,40,50,Liverpool,Manchester City,1,2,2.4419999999999997,3.716,2.654,1.578,2.4000000000000004,5
1388488,2026-02-08 16:30:00,2025,Regular Season - 21,78,Bundesliga,157,167,Bayern München,1899 Hoffenheim,5,1,1.2799999999999998,6.282,9.03,1.244,3.75,5
1378102,2026-02-08 17:00:00,2025,Regular Season - 24,135,Serie A,488,505,Sassuolo,Inter,0,5,6.388,4.42,1.504,1.798,2.07,5
1391041,2026-02-08 17:30:00,2025,Regular Season - 23,140,La Liga,530,543,Atletico Madrid,Real Betis,0,1,1.55,4.284,5.618,1.6939999999999997,2.1719999999999997,5
1378098,2026-02-08 19:45:00,2025,Regular Season - 24,135,Serie A,496,487,Juventus,Lazio,2,2,1.5260000000000002,3.868,7.052,2.2079999999999997,1.6760000000000002,5
1387886,2026-02-08 19:45:00,2025,Regular Season - 21,61,Ligue 1,85,81,Paris Saint Germain,Marseille,5,0,1.4060000000000001,5.136,6.542,1.416,2.8,5
1391047,2026-02-08 20:00:00,2025,Regular Season - 23,140,La Liga,532,541,Valencia,Real Madrid,0,2,5.818,4.486,1.52,1.552,2.3760000000000003,5
1378094,2026-02-09 17:30:00,2025,Regular Season - 24,135,Serie A,499,520,Atalanta,Cremonese,2,1,1.374,4.792,8.629999999999999,1.698,2.1740000000000004,5
1378101,2026-02-09 19:45:00,2025,Regular Season - 24,135,Serie A,497,490,AS Roma,Cagliari,2,0,1.464,4.206,7.55,2.02,1.8199999999999998,5
1391048,2026-02-09 20:00:00,2025,Regular Season - 23,140,La Liga,533,540,Villarreal,Espanyol,4,1,1.738,3.9619999999999997,4.452,1.81,2.022,5
1379221,2026-02-10 19:30:00,2025,Regular Season - 26,39,Premier League,49,63,Chelsea,Leeds,2,2,1.61,4.2,5.218000000000001,1.6799999999999997,2.2100000000000004,5
1379223,2026-02-10 19:30:00,2025,Regular Season - 26,39,Premier League,45,35,Everton,Bournemouth,1,2,2.45,3.3880000000000003,2.8619999999999997,1.888,1.938,5
1379227,2026-02-10 19:30:00,2025,Regular Season - 26,39,Premier League,47,34,Tottenham,Newcastle,1,2,2.558,3.592,2.606,1.746,2.116,5
1379228,2026-02-10 20:15:00,2025,Regular Season - 26,39,Premier League,48,33,West Ham,Manchester United,1,1,3.7879999999999994,4.0120000000000005,1.848,1.598,2.354,5
1379219,2026-02-11 19:30:00,2025,Regular Season - 26,39,Premier League,66,51,Aston Villa,Brighton,1,0,1.924,3.6740000000000004,3.812,1.786,2.038,5
1379222,2026-02-11 19:30:00,2025,Regular Season - 26,39,Premier League,52,44,Crystal Palace,Burnley,2,3,1.6919999999999997,3.718,5.186,1.986,1.8399999999999999,5
1379224,2026-02-11 19:30:00,2025,Regular Season - 26,39,Premier League,50,36,Manchester City,Fulham,3,0,1.374,4.916,8.02,1.536,2.4259999999999997,5
1379225,2026-02-11 19:30:00,2025,Regular Season - 26,39,Premier League,65,39,Nottingham Forest,Wolves,0,0,1.686,3.7620000000000005,5.1659999999999995,2.016,1.816,5
1379226,2026-02-11 20:15:00,2025,Regular Season - 26,39,Premier League,746,40,Sunderland,Liverpool,0,1,5.316000000000001,4.052,1.6179999999999999,1.8040000000000003,2.0279999999999996,5
1379220,2026-02-12 20:00:00,2025,Regular Season - 26,39,Premier League,55,42,Brentford,Arsenal,1,1,4.836,3.904,1.702,1.888,1.952,5
1387895,2026-02-13 18:00:00,2025,Regular Season - 22,61,Ligue 1,94,85,Rennes,Paris Saint Germain,3,1,5.638,4.6160000000000005,1.5059999999999998,1.4179999999999997,2.7819999999999996,5
1388499,2026-02-13 19:30:00,2025,Regular Season - 22,78,Bundesliga,165,164,Borussia Dortmund,FSV Mainz 05,4,0,1.514,4.3839999999999995,5.938000000000001,1.582,2.384,5
1378111,2026-02-13 19:45:00,2025,Regular Season - 25,135,Serie A,801,489,Pisa,AC Milan,1,2,6.086,4.048,1.56,1.9100000000000001,1.9120000000000001,5
1391049,2026-02-13 20:00:00,2025,Regular Season - 24,140,La Liga,797,727,Elche,Osasuna,0,0,2.792,3.0660000000000003,2.686,2.12,1.732,5
1387893,2026-02-13 20:05:00,2025,Regular Season - 22,61,Ligue 1,91,83,Monaco,Nantes,3,1,1.448,4.676,6.662000000000001,1.506,2.5060000000000002,5
1391050,2026-02-14 13:00:00,2025,Regular Season - 24,140,La Liga,540,538,Espanyol,Celta Vigo,2,2,2.338,3.2619999999999996,3.0700000000000003,2.12,1.732,5
1378105,2026-02-14 14:00:00,2025,Regular Season - 25,135,Serie A,895,502,Como,Fiorentina,1,2,1.72,3.8059999999999996,4.792,1.8739999999999999,1.956,5
1388498,2026-02-14 14:30:00,2025,Regular Season - 22,78,Bundesliga,168,186,Bayer Leverkusen,FC St. Pauli,4,0,1.456,4.254,7.279999999999999,1.8240000000000003,2,5
1388500,2026-02-14 14:30:00,2025,Regular Season - 22,78,Bundesliga,169,163,Eintracht Frankfurt,Borussia Mönchengladbach,3,0,1.966,3.7019999999999995,3.558,1.704,2.164,5
1388501,2026-02-14 14:30:00,2025,Regular Season - 22,78,Bundesliga,175,182,Hamburger SV,Union Berlin,3,2,2.512,3.15,2.942,2.094,1.754,5
1388502,2026-02-14 14:30:00,2025,Regular Season - 22,78,Bundesliga,167,160,1899 Hoffenheim,SC Freiburg,3,0,1.8239999999999998,3.79,4.1,1.69,2.1879999999999997,5
1388505,2026-02-14 14:30:00,2025,Regular Season - 22,78,Bundesliga,162,157,Werder Bremen,Bayern München,0,3,6.6819999999999995,5.146,1.4,1.316,3.2879999999999994,5
1391051,2026-02-14 15:15:00,2025,Regular Season - 24,140,La Liga,546,533,Getafe,Villarreal,2,1,2.9120000000000004,3.064,2.5839999999999996,2.432,1.554,5
1387891,2026-02-14 16:00:00,2025,Regular Season - 22,61,Ligue 1,81,95,Marseille,Strasbourg,2,2,1.686,4.029999999999999,4.632,1.64,2.282,5
1378108,2026-02-14 17:00:00,2025,Regular Season - 25,135,Serie A,487,499,Lazio,Atalanta,0,2,3.2640000000000002,3.2159999999999997,2.272,2.12,1.738,5
1388504,2026-02-14 17:30:00,2025,Regular Season - 22,78,Bundesliga,172,192,VfB Stuttgart,1. FC Köln,3,1,1.52,4.412,5.768,1.496,2.556,5
1391058,2026-02-14 17:30:00,2025,Regular Season - 24,140,La Liga,536,542,Sevilla,Alaves,1,1,2.102,3.1559999999999997,3.768,2.378,1.5900000000000003,5
1387888,2026-02-14 18:00:00,2025,Regular Season - 22,61,Ligue 1,79,106,Lille,Stade Brestois 29,1,1,1.722,3.7299999999999995,4.8340000000000005,1.8920000000000001,1.938,5
1378107,2026-02-14 19:45:00,2025,Regular Season - 25,135,Serie A,505,496,Inter,Juventus,3,2,2.1279999999999997,3.37,3.4520000000000004,1.9659999999999997,1.8739999999999999,5
1391056,2026-02-14 20:00:00,2025,Regular Season - 24,140,La Liga,541,548,Real Madrid,Real Sociedad,4,1,1.386,4.936,7.292,1.432,2.72,5
1387894,2026-02-14 20:05:00,2025,Regular Season - 22,61,Ligue 1,114,116,Paris FC,Lens,0,5,4.002,3.636,1.8820000000000001,1.842,1.984,5
1378113,2026-02-15 11:30:00,2025,Regular Season - 25,135,Serie A,494,488,Udinese,Sassuolo,1,2,2.354,3,3.3560000000000003,2.2600000000000002,1.652,5
1391057,2026-02-15 13:00:00,2025,Regular Season - 24,140,La Liga,718,531,Oviedo,Athletic Club,1,2,3.5100000000000002,3.1639999999999997,2.192,2.378,1.582,5
1378106,2026-02-15 14:00:00,2025,Regular Season - 25,135,Serie A,520,495,Cremonese,Genoa,0,0,3.016,2.9939999999999998,2.558,2.4939999999999998,1.546,5
1378110,2026-02-15 14:00:00,2025,Regular Season - 25,135,Serie A,523,504,Parma,Hellas Verona,2,1,2.412,2.88,3.396,2.4979999999999998,1.542,5
1387887,2026-02-15 14:00:00,2025,Regular Season - 22,61,Ligue 1,111,96,Le Havre,Toulouse,2,1,3.498,3.1399999999999997,2.204,2.22,1.674,5
1388497,2026-02-15 14:30:00,2025,Regular Season - 22,78,Bundesliga,170,180,FC Augsburg,1. FC Heidenheim,1,0,1.848,3.618,4.1739999999999995,1.8099999999999998,2.008,5
1391055,2026-02-15 15:15:00,2025,Regular Season - 24,140,La Liga,728,530,Rayo Vallecano,Atletico Madrid,3,0,4.562,3.822,1.7579999999999998,2.036,1.818,5
1387889,2026-02-15 16:15:00,2025,Regular Season - 22,61,Ligue 1,97,77,Lorient,Angers,2,0,1.9419999999999997,3.0900000000000003,4.6240000000000006,2.2960000000000003,1.634,5
1387892,2026-02-15 16:15:00,2025,Regular Season - 22,61,Ligue 1,112,108,Metz,Auxerre,1,3,2.754,3.034,2.7640000000000002,2.198,1.6800000000000002,5
1388503,2026-02-15 16:30:00,2025,Regular Season - 22,78,Bundesliga,173,161,RB Leipzig,VfL Wolfsburg,2,2,1.4579999999999997,4.825999999999999,6.07,1.3780000000000001,2.952,5
1378112,2026-02-15 17:00:00,2025,Regular Season - 25,135,Serie A,503,500,Torino,Bologna,1,2,3.2940000000000005,3.2299999999999995,2.2560000000000002,2.0380000000000003,1.794,5
1391053,2026-02-15 17:30:00,2025,Regular Season - 24,140,La Liga,539,532,Levante,Valencia,0,2,2.9240000000000004,3.442,2.368,1.986,1.8399999999999999,5
1378109,2026-02-15 19:45:00,2025,Regular Season - 25,135,Serie A,492,497,Napoli,AS Roma,2,2,2.242,3.062,3.4619999999999997,2.466,1.5580000000000003,5
1387890,2026-02-15 19:45:00,2025,Regular Season - 22,61,Ligue 1,80,84,Lyon,Nice,2,0,1.6039999999999999,4.014,5.468000000000001,1.7260000000000002,2.124,5
1391054,2026-02-15 20:00:00,2025,Regular Season - 24,140,La Liga,798,543,Mallorca,Real Betis,1,2,3,3.2339999999999995,2.41,2.028,1.814,5
1378104,2026-02-16 19:45:00,2025,Regular Season - 25,135,Serie A,490,867,Cagliari,Lecce,0,2,2.094,3.0639999999999996,3.968,2.574,1.476,5
1391052,2026-02-16 20:00:00,2025,Regular Season - 24,140,La Liga,547,529,Girona,Barcelona,2,1,6.840000000000001,5.298,1.384,1.306,3.348,5
1378100,2026-02-18 19:45:00,2025,Regular Season - 24,135,Serie A,489,895,AC Milan,Como,1,1,2.222,3.3560000000000003,3.2520000000000002,1.956,1.8519999999999999,5
1379278,2026-02-18 20:00:00,2025,Regular Season - 31,39,Premier League,39,42,Wolves,Arsenal,2,2,10.72,5.215999999999999,1.298,1.814,2.026,5
1388510,2026-02-20 19:30:00,2025,Regular Season - 23,78,Bundesliga,164,175,FSV Mainz 05,Hamburger SV,1,1,2.1799999999999997,3.2959999999999994,3.404,1.92,1.9099999999999997,5
1378123,2026-02-20 19:45:00,2025,Regular Season - 26,135,Serie A,488,504,Sassuolo,Hellas Verona,3,0,1.982,3.018,4.482,2.3600000000000003,1.594,5
1387898,2026-02-20 19:45:00,2025,Regular Season - 23,61,Ligue 1,106,81,Stade Brestois 29,Marseille,2,0,4.002000000000001,3.6799999999999997,1.864,1.734,2.116,5
1391060,2026-02-20 20:00:00,2025,Regular Season - 25,140,La Liga,531,797,Athletic Club,Elche,2,1,1.6780000000000002,3.742,5.215999999999999,1.9979999999999998,1.834,5
1391067,2026-02-21 13:00:00,2025,Regular Season - 25,140,La Liga,548,718,Real Sociedad,Oviedo,3,3,1.608,3.6380000000000003,5.962000000000001,2.038,1.802,5
1378119,2026-02-21 14:00:00,2025,Regular Season - 26,135,Serie A,496,895,Juventus,Como,0,2,2.1199999999999997,3.5460000000000003,3.3200000000000003,2.0119999999999996,1.828,5
1388506,2026-02-21 14:30:00,2025,Regular Season - 23,78,Bundesliga,157,169,Bayern München,Eintracht Frankfurt,3,2,1.19,7.609999999999999,13.6,1.21,4.236,5
1388507,2026-02-21 14:30:00,2025,Regular Season - 23,78,Bundesliga,192,167,1. FC Köln,1899 Hoffenheim,2,2,3.02,3.636,2.226,1.598,2.354,5
1388513,2026-02-21 14:30:00,2025,Regular Season - 23,78,Bundesliga,182,168,Union Berlin,Bayer Leverkusen,1,0,2.946,3.38,2.398,1.8920000000000001,1.936,5
1388514,2026-02-21 14:30:00,2025,Regular Season - 23,78,Bundesliga,161,170,VfL Wolfsburg,FC Augsburg,2,3,2.036,3.4379999999999997,3.7,1.704,2.16,5
1379229,2026-02-21 15:00:00,2025,Regular Season - 27,39,Premier League,66,63,Aston Villa,Leeds,1,1,1.78,3.7359999999999998,4.436,1.844,1.982,5
1379230,2026-02-21 15:00:00,2025,Regular Season - 27,39,Premier League,55,51,Brentford,Brighton,0,2,1.9939999999999998,3.7079999999999997,3.5140000000000002,1.7920000000000003,2.028,5
1379231,2026-02-21 15:00:00,2025,Regular Season - 27,39,Premier League,49,44,Chelsea,Burnley,1,1,1.232,6.272,11.58,1.4359999999999997,2.7020000000000004,5
1391063,2026-02-21 15:15:00,2025,Regular Season - 25,140,La Liga,543,728,Real Betis,Rayo Vallecano,1,1,1.846,3.536,4.340000000000001,1.904,1.918,5
1387899,2026-02-21 16:00:00,2025,Regular Season - 23,61,Ligue 1,116,91,Lens,Monaco,2,3,1.9300000000000002,3.8619999999999997,3.5479999999999996,1.546,2.396,5
1378120,2026-02-21 17:00:00,2025,Regular Season - 26,135,Serie A,867,505,Lecce,Inter,0,2,8.23,4.27,1.4300000000000002,2.04,1.7900000000000003,5
1379238,2026-02-21 17:30:00,2025,Regular Season - 27,39,Premier League,48,35,West Ham,Bournemouth,0,0,2.552,3.6339999999999995,2.558,1.5540000000000003,2.382,5
1388511,2026-02-21 17:30:00,2025,Regular Season - 23,78,Bundesliga,173,165,RB Leipzig,Borussia Dortmund,2,2,2.2359999999999998,3.7900000000000005,2.932,1.468,2.6100000000000003,5
1391066,2026-02-21 17:30:00,2025,Regular Season - 25,140,La Liga,727,541,Osasuna,Real Madrid,2,1,4.634,3.974,1.698,1.67,2.2180000000000004,5
1387904,2026-02-21 18:00:00,2025,Regular Season - 23,61,Ligue 1,96,114,Toulouse,Paris FC,1,1,1.932,3.332,4.134,2.224,1.6640000000000001,5
1378116,2026-02-21 19:45:00,2025,Regular Season - 26,135,Serie A,490,487,Cagliari,Lazio,0,0,3.188,3.1439999999999997,2.3440000000000003,2.346,1.6039999999999999,5
1379234,2026-02-21 20:00:00,2025,Regular Season - 27,39,Premier League,50,34,Manchester City,Newcastle,2,1,1.4700000000000002,4.796000000000001,5.9079999999999995,1.4339999999999997,2.694,5
1391061,2026-02-21 20:00:00,2025,Regular Season - 25,140,La Liga,530,540,Atletico Madrid,Espanyol,4,2,1.4599999999999997,4.332,7.340000000000001,1.83,1.996,5
1387902,2026-02-21 20:05:00,2025,Regular Season - 23,61,Ligue 1,85,112,Paris Saint Germain,Metz,3,0,1.1320000000000001,9.05,17.7,1.2399999999999998,3.8579999999999997,5
1378118,2026-02-22 11:30:00,2025,Regular Season - 26,135,Serie A,495,503,Genoa,Torino,3,0,2.356,2.956,3.396,2.4720000000000004,1.552,5
1391065,2026-02-22 13:00:00,2025,Regular Season - 25,140,La Liga,546,536,Getafe,Sevilla,0,1,2.4179999999999997,2.906,3.338,2.946,1.386,5
1378114,2026-02-22 14:00:00,2025,Regular Season - 26,135,Serie A,499,492,Atalanta,Napoli,2,1,2.346,3.13,3.19,2.128,1.734,5
1379232,2026-02-22 14:00:00,2025,Regular Season - 27,39,Premier League,52,39,Crystal Palace,Wolves,1,0,1.6179999999999999,4.002000000000001,5.436,1.902,1.92,5
1379235,2026-02-22 14:00:00,2025,Regular Season - 27,39,Premier League,65,40,Nottingham Forest,Liverpool,0,1,4.034000000000001,3.904,1.8219999999999998,1.716,2.148,5
1379236,2026-02-22 14:00:00,2025,Regular Season - 27,39,Premier League,746,36,Sunderland,Fulham,1,3,2.6020000000000003,3.3,2.7,2.12,1.732,5
1387897,2026-02-22 14:00:00,2025,Regular Season - 23,61,Ligue 1,108,94,Auxerre,Rennes,0,3,2.9299999999999997,3.3419999999999996,2.3520000000000003,1.9140000000000001,1.908,5
1388508,2026-02-22 14:30:00,2025,Regular Season - 23,78,Bundesliga,160,163,SC Freiburg,Borussia Mönchengladbach,2,1,2.082,3.2980000000000005,3.6119999999999997,1.904,1.92,5
1391062,2026-02-22 15:15:00,2025,Regular Season - 25,140,La Liga,529,539,Barcelona,Levante,3,0,1.13,9.32,17.9,1.238,3.88,5
1387896,2026-02-22 16:15:00,2025,Regular Season - 23,61,Ligue 1,77,79,Angers,Lille,0,1,4.545999999999999,3.522,1.7939999999999998,2.016,1.814,5
1387900,2026-02-22 16:15:00,2025,Regular Season - 23,61,Ligue 1,83,111,Nantes,Le Havre,2,0,2.286,3.2520000000000002,3.1759999999999997,2.1079999999999997,1.7440000000000002,5
1387901,2026-02-22 16:15:00,2025,Regular Season - 23,61,Ligue 1,84,97,Nice,Lorient,3,3,2.16,3.4579999999999997,3.21,1.826,2.0140000000000002,5
1379237,2026-02-22 16:30:00,2025,Regular Season - 27,39,Premier League,47,42,Tottenham,Arsenal,1,4,6.090000000000001,4.002,1.56,1.814,2.016,5
1388512,2026-02-22 16:30:00,2025,Regular Season - 23,78,Bundesliga,186,162,FC St. Pauli,Werder Bremen,2,1,2.8680000000000003,3.0460000000000003,2.644,2.252,1.658,5
1378121,2026-02-22 17:00:00,2025,Regular Season - 26,135,Serie A,489,523,AC Milan,Parma,0,1,1.346,4.824,9.39,1.812,2.028,5
1391064,2026-02-22 17:30:00,2025,Regular Season - 25,140,La Liga,538,798,Celta Vigo,Mallorca,2,0,1.8279999999999998,3.376,4.694000000000001,2.1879999999999997,1.69,5
1388509,2026-02-22 18:30:00,2025,Regular Season - 23,78,Bundesliga,180,172,1. FC Heidenheim,VfB Stuttgart,3,3,4.574000000000001,4.031999999999999,1.704,1.546,2.38,5
1378122,2026-02-22 19:45:00,2025,Regular Season - 26,135,Serie A,497,520,AS Roma,Cremonese,3,0,1.4120000000000001,4.412,8.29,2.0100000000000002,1.8219999999999998,5
1387903,2026-02-22 19:45:00,2025,Regular Season - 23,61,Ligue 1,95,80,Strasbourg,Lyon,3,1,2.3240000000000003,3.5060000000000002,2.88,1.81,2.0300000000000002,5
1391068,2026-02-22 20:00:00,2025,Regular Season - 25,140,La Liga,533,532,Villarreal,Valencia,2,1,1.714,3.8620000000000005,4.752,1.812,2.022,5
1378117,2026-02-23 17:30:00,2025,Regular Season - 26,135,Serie A,502,801,Fiorentina,Pisa,1,0,1.6780000000000002,3.846,4.962,1.8060000000000003,2.02,5
1378115,2026-02-23 19:45:00,2025,Regular Season - 26,135,Serie A,500,494,Bologna,Udinese,1,0,1.9760000000000002,3.3379999999999996,3.9579999999999997,2.1740000000000004,1.7,5
1379233,2026-02-23 20:00:00,2025,Regular Season - 27,39,Premier League,45,33,Everton,Manchester United,0,1,3.656,3.7479999999999998,1.94,1.734,2.116,5
1391059,2026-02-23 20:00:00,2025,Regular Season - 25,140,La Liga,542,547,Alaves,Girona,2,2,2.386,2.942,3.338,2.444,1.562,5
1388515,2026-02-27 19:30:00,2025,Regular Season - 24,78,Bundesliga,170,192,FC Augsburg,1. FC Köln,2,0,2.322,3.3,3.08,1.768,2.078,5
1378127,2026-02-27 19:45:00,2025,Regular Season - 27,135,Serie A,523,490,Parma,Cagliari,1,1,2.5780000000000003,2.982,3.002,2.396,1.582,5
1387913,2026-02-27 19:45:00,2025,Regular Season - 24,61,Ligue 1,95,116,Strasbourg,Lens,1,1,2.7020000000000004,3.5520000000000005,2.4539999999999997,1.64,2.286,5
1379248,2026-02-27 20:00:00,2025,Regular Season - 28,39,Premier League,39,66,Wolves,Aston Villa,2,0,3.8940000000000006,3.6119999999999997,1.908,1.796,2.0200000000000005,5
1391073,2026-02-27 20:00:00,2025,Regular Season - 26,140,La Liga,539,542,Levante,Alaves,2,0,2.6719999999999997,3.024,2.854,2.304,1.6320000000000001,5
1379240,2026-02-28 12:30:00,2025,Regular Season - 28,39,Premier League,35,746,Bournemouth,Sunderland,1,1,1.8399999999999999,3.6799999999999997,4.16,1.8399999999999999,1.988,5
1391075,2026-02-28 13:00:00,2025,Regular Season - 26,140,La Liga,728,531,Rayo Vallecano,Athletic Club,1,1,2.6159999999999997,2.942,2.976,2.3600000000000003,1.6020000000000003,5
1378124,2026-02-28 14:00:00,2025,Regular Season - 27,135,Serie A,895,867,Como,Lecce,3,1,1.422,4.378,8.11,2.0119999999999996,1.828,5
1388516,2026-02-28 14:30:00,2025,Regular Season - 24,78,Bundesliga,168,164,Bayer Leverkusen,FSV Mainz 05,1,1,1.6460000000000001,4.014,4.9159999999999995,1.6219999999999999,2.314,5
1388517,2026-02-28 14:30:00,2025,Regular Season - 24,78,Bundesliga,163,182,Borussia Mönchengladbach,Union Berlin,1,0,2.504,3.2659999999999996,2.8459999999999996,2.034,1.796,5
1388521,2026-02-28 14:30:00,2025,Regular Season - 24,78,Bundesliga,167,186,1899 Hoffenheim,FC St. Pauli,0,1,1.548,4.273999999999999,5.548,1.7579999999999998,2.088,5
1388523,2026-02-28 14:30:00,2025,Regular Season - 24,78,Bundesliga,162,180,Werder Bremen,1. FC Heidenheim,2,0,1.75,3.7939999999999996,4.542,1.718,2.1399999999999997,5
1379242,2026-02-28 15:00:00,2025,Regular Season - 28,39,Premier League,44,55,Burnley,Brentford,3,4,4.134,3.782,1.8219999999999998,1.828,1.9979999999999998,5
1379245,2026-02-28 15:00:00,2025,Regular Season - 28,39,Premier League,40,48,Liverpool,West Ham,5,2,1.37,5.136,7.68,1.4179999999999997,2.7819999999999996,5
1379247,2026-02-28 15:00:00,2025,Regular Season - 28,39,Premier League,34,45,Newcastle,Everton,2,3,1.7739999999999998,3.6699999999999995,4.5280000000000005,1.7559999999999998,2.09,5
1391069,2026-02-28 15:15:00,2025,Regular Season - 26,140,La Liga,529,533,Barcelona,Villarreal,4,1,1.296,6.262,8.120000000000001,1.274,3.5520000000000005,5
1387912,2026-02-28 16:00:00,2025,Regular Season - 24,61,Ligue 1,94,96,Rennes,Toulouse,1,0,2.276,3.3699999999999997,3.072,1.902,1.92,5
1378133,2026-02-28 17:00:00,2025,Regular Season - 27,135,Serie A,504,492,Hellas Verona,Napoli,1,2,6.892,3.838,1.5500000000000003,2.298,1.636,5
1379244,2026-02-28 17:30:00,2025,Regular Season - 28,39,Premier League,63,50,Leeds,Manchester City,0,1,4.874,4.1339999999999995,1.636,1.6560000000000001,2.252,5
1388518,2026-02-28 17:30:00,2025,Regular Season - 24,78,Bundesliga,165,157,Borussia Dortmund,Bayern München,2,3,4.3100000000000005,4.273999999999999,1.6759999999999997,1.342,3.136,5
1391074,2026-02-28 17:30:00,2025,Regular Season - 26,140,La Liga,798,548,Mallorca,Real Sociedad,0,1,2.938,3.3280000000000003,2.4,2.056,1.778,5
1387910,2026-02-28 18:00:00,2025,Regular Season - 24,61,Ligue 1,91,77,Monaco,Angers,2,0,1.5240000000000002,4.215999999999999,6.2,1.7239999999999998,2.128,5
1378126,2026-02-28 19:45:00,2025,Regular Season - 27,135,Serie A,505,495,Inter,Genoa,2,0,1.3,5.368,10.1,1.668,2.228,5
1391077,2026-02-28 20:00:00,2025,Regular Season - 26,140,La Liga,718,530,Oviedo,Atletico Madrid,0,1,5.79,3.678,1.638,2.022,1.8040000000000003,5
1387905,2026-02-28 20:05:00,2025,Regular Season - 24,61,Ligue 1,111,85,Le Havre,Paris Saint Germain,0,1,9.83,5.4799999999999995,1.2920000000000003,1.4339999999999997,2.718,5
1378125,2026-03-01 11:30:00,2025,Regular Season - 27,135,Serie A,520,489,Cremonese,AC Milan,0,2,6.1899999999999995,4.15,1.5380000000000003,1.902,1.92,5
1391071,2026-03-01 13:00:00,2025,Regular Season - 26,140,La Liga,797,540,Elche,Espanyol,2,2,2.4839999999999995,3.144,2.9859999999999998,2.1220000000000003,1.7260000000000002,5
1378130,2026-03-01 14:00:00,2025,Regular Season - 27,135,Serie A,488,499,Sassuolo,Atalanta,2,1,3.896,3.592,1.934,1.8780000000000001,1.954,5
1379241,2026-03-01 14:00:00,2025,Regular Season - 28,39,Premier League,51,65,Brighton,Nottingham Forest,2,1,2.104,3.5420000000000003,3.3979999999999997,1.834,2.002,5
1379243,2026-03-01 14:00:00,2025,Regular Season - 28,39,Premier League,36,47,Fulham,Tottenham,2,1,2.2359999999999998,3.4860000000000007,3.138,1.816,2.014,5
1379246,2026-03-01 14:00:00,2025,Regular Season - 28,39,Premier League,33,52,Manchester United,Crystal Palace,2,1,1.572,4.112,5.458,1.6799999999999997,2.2100000000000004,5
1387911,2026-03-01 14:00:00,2025,Regular Season - 24,61,Ligue 1,114,84,Paris FC,Nice,1,0,2.38,3.3599999999999994,2.94,1.8980000000000001,1.924,5
1388522,2026-03-01 14:30:00,2025,Regular Season - 24,78,Bundesliga,172,161,VfB Stuttgart,VfL Wolfsburg,4,0,1.5500000000000003,4.432,5.328,1.4620000000000002,2.652,5
1391078,2026-03-01 15:15:00,2025,Regular Season - 26,140,La Liga,532,727,Valencia,Osasuna,1,0,2.288,3.18,3.282,2.1759999999999997,1.698,5
1387906,2026-03-01 16:15:00,2025,Regular Season - 24,61,Ligue 1,79,83,Lille,Nantes,1,0,1.4540000000000002,4.345999999999999,7.081999999999999,1.764,2.0900000000000003,5
1387907,2026-03-01 16:15:00,2025,Regular Season - 24,61,Ligue 1,97,108,Lorient,Auxerre,2,2,2.118,3.182,3.7060000000000004,2.282,1.636,5
1387909,2026-03-01 16:15:00,2025,Regular Season - 24,61,Ligue 1,112,106,Metz,Stade Brestois 29,0,1,3.228,3.3979999999999997,2.196,1.922,1.9,5
1379239,2026-03-01 16:30:00,2025,Regular Season - 28,39,Premier League,42,49,Arsenal,Chelsea,2,1,1.652,3.9539999999999997,5.146,1.746,2.106,5
1388519,2026-03-01 16:30:00,2025,Regular Season - 24,78,Bundesliga,169,160,Eintracht Frankfurt,SC Freiburg,2,0,2.2619999999999996,3.4699999999999998,3.052,1.812,2.02,5
1378131,2026-03-01 17:00:00,2025,Regular Season - 27,135,Serie A,503,487,Torino,Lazio,2,0,2.7640000000000002,3.018,2.8020000000000005,2.4099999999999997,1.578,5
1391070,2026-03-01 17:30:00,2025,Regular Season - 26,140,La Liga,543,536,Real Betis,Sevilla,2,2,1.9099999999999997,3.5060000000000002,4.042,2.0420000000000003,1.8,5
1388520,2026-03-01 18:30:00,2025,Regular Season - 24,78,Bundesliga,175,173,Hamburger SV,RB Leipzig,1,2,3.232,3.6420000000000003,2.1119999999999997,1.5900000000000003,2.378,5
1378129,2026-03-01 19:45:00,2025,Regular Season - 27,135,Serie A,497,496,AS Roma,Juventus,3,3,2.7139999999999995,3.0919999999999996,2.754,2.3020000000000005,1.634,5
1387908,2026-03-01 19:45:00,2025,Regular Season - 24,61,Ligue 1,81,80,Marseille,Lyon,3,2,1.95,3.6239999999999997,3.694,1.75,2.1079999999999997,5
1391072,2026-03-01 20:00:00,2025,Regular Season - 26,140,La Liga,547,538,Girona,Celta Vigo,1,2,2.7399999999999998,3.3160000000000003,2.572,1.998,1.826,5
1378128,2026-03-02 17:30:00,2025,Regular Season - 27,135,Serie A,801,500,Pisa,Bologna,0,1,3.978,3.342,1.988,2.1079999999999997,1.7420000000000002,5
1378132,2026-03-02 19:45:00,2025,Regular Season - 27,135,Serie A,494,502,Udinese,Fiorentina,3,0,3.114,3.342,2.326,2.02,1.81,5
1391076,2026-03-02 20:00:00,2025,Regular Season - 26,140,La Liga,541,546,Real Madrid,Getafe,0,1,1.282,5.1579999999999995,12.34,1.754,2.098,5
1379250,2026-03-03 19:30:00,2025,Regular Season - 29,39,Premier League,35,55,Bournemouth,Brentford,0,0,2.34,3.502,2.914,1.672,2.222,5
1379252,2026-03-03 19:30:00,2025,Regular Season - 29,39,Premier League,45,44,Everton,Burnley,2,0,1.6780000000000002,3.7119999999999997,5.337999999999999,1.9280000000000002,1.9,5
1379254,2026-03-03 19:30:00,2025,Regular Season - 29,39,Premier League,63,746,Leeds,Sunderland,0,1,1.934,3.482,3.964,2.0799999999999996,1.7599999999999998,5
1379258,2026-03-03 20:15:00,2025,Regular Season - 29,39,Premier League,39,40,Wolves,Liverpool,2,1,6.462000000000001,4.845999999999999,1.442,1.544,2.402,5
1379249,2026-03-04 19:30:00,2025,Regular Season - 29,39,Premier League,66,49,Aston Villa,Chelsea,1,4,2.694,3.5840000000000005,2.4680000000000004,1.674,2.216,5
1379251,2026-03-04 19:30:00,2025,Regular Season - 29,39,Premier League,51,42,Brighton,Arsenal,0,1,5.096,3.944,1.666,1.904,1.92,5
1379253,2026-03-04 19:30:00,2025,Regular Season - 29,39,Premier League,36,48,Fulham,West Ham,0,1,2.024,3.4900000000000007,3.6799999999999997,1.7879999999999998,2.036,5
1379255,2026-03-04 19:30:00,2025,Regular Season - 29,39,Premier League,50,65,Manchester City,Nottingham Forest,2,2,1.3880000000000003,4.8260000000000005,7.779999999999999,1.538,2.4059999999999997,5
1379256,2026-03-04 20:15:00,2025,Regular Season - 29,39,Premier League,34,33,Newcastle,Manchester United,2,1,2.436,3.7199999999999998,2.668,1.5,2.5300000000000002,5
1379257,2026-03-05 20:00:00,2025,Regular Season - 29,39,Premier League,47,52,Tottenham,Crystal Palace,1,3,2.3299999999999996,3.34,3.096,1.8519999999999999,1.9739999999999998,5
1388524,2026-03-06 19:30:00,2025,Regular Season - 25,78,Bundesliga,157,163,Bayern München,Borussia Mönchengladbach,4,1,1.126,9.540000000000001,17.4,1.21,4.176,5
1378143,2026-03-06 19:45:00,2025,Regular Season - 28,135,Serie A,492,503,Napoli,Torino,2,1,1.4279999999999997,4.306,8.12,2.006,1.826,5
1387921,2026-03-06 19:45:00,2025,Regular Season - 25,61,Ligue 1,85,91,Paris Saint Germain,Monaco,1,3,1.3059999999999998,5.838,8.39,1.304,3.378,5
1391081,2026-03-06 20:00:00,2025,Regular Season - 27,140,La Liga,538,541,Celta Vigo,Real Madrid,1,2,4.28,3.9339999999999997,1.7599999999999998,1.6619999999999997,2.2380000000000004,5
1378136,2026-03-07 14:00:00,2025,Regular Season - 28,135,Serie A,490,895,Cagliari,Como,1,2,5.304,3.918,1.652,2.0100000000000002,1.8219999999999998,5
1388526,2026-03-07 14:30:00,2025,Regular Season - 25,78,Bundesliga,160,168,SC Freiburg,Bayer Leverkusen,3,3,3.09,3.4619999999999997,2.284,1.846,1.98,5
1388527,2026-03-07 14:30:00,2025,Regular Season - 25,78,Bundesliga,180,167,1. FC Heidenheim,1899 Hoffenheim,2,4,4.804,4.268,1.634,1.522,2.4560000000000004,5
1388528,2026-03-07 14:30:00,2025,Regular Season - 25,78,Bundesliga,164,172,FSV Mainz 05,VfB Stuttgart,2,2,3.0119999999999996,3.6119999999999997,2.228,1.61,2.3440000000000003,5
1388529,2026-03-07 14:30:00,2025,Regular Season - 25,78,Bundesliga,173,170,RB Leipzig,FC Augsburg,2,1,1.5,4.622,5.828,1.472,2.584,5
1388532,2026-03-07 14:30:00,2025,Regular Season - 25,78,Bundesliga,161,175,VfL Wolfsburg,Hamburger SV,1,2,2.344,3.508,2.892,1.732,2.116,5
1391084,2026-03-07 15:15:00,2025,Regular Season - 27,140,La Liga,539,547,Levante,Girona,1,1,2.848,3.3240000000000003,2.4699999999999998,1.918,1.904,5
1387919,2026-03-07 16:00:00,2025,Regular Season - 25,61,Ligue 1,83,77,Nantes,Angers,0,1,2.2,3.092,3.636,2.2960000000000003,1.634,5
1378134,2026-03-07 17:00:00,2025,Regular Season - 28,135,Serie A,499,494,Atalanta,Udinese,2,2,1.522,4.139999999999999,6.35,1.8359999999999999,1.9899999999999998,5
1388525,2026-03-07 17:30:00,2025,Regular Season - 25,78,Bundesliga,192,165,1. FC Köln,Borussia Dortmund,1,2,4.53,4.084,1.698,1.536,2.43,5
1391080,2026-03-07 17:30:00,2025,Regular Season - 27,140,La Liga,530,548,Atletico Madrid,Real Sociedad,3,2,1.48,4.366,6.5,1.7060000000000002,2.1599999999999997,5
1387914,2026-03-07 18:00:00,2025,Regular Season - 25,61,Ligue 1,108,95,Auxerre,Strasbourg,0,0,3.536,3.2979999999999996,2.1079999999999997,2.008,1.8219999999999998,5
1378139,2026-03-07 19:45:00,2025,Regular Season - 28,135,Serie A,496,801,Juventus,Pisa,4,0,1.288,5.45,10.91,1.668,2.228,5
1391079,2026-03-07 20:00:00,2025,Regular Season - 27,140,La Liga,531,529,Athletic Club,Barcelona,0,1,4.916,4.374,1.61,1.494,2.558,5
1387922,2026-03-07 20:05:00,2025,Regular Season - 25,61,Ligue 1,96,81,Toulouse,Marseille,0,1,3.276,3.5100000000000002,2.1380000000000003,1.8240000000000003,2.002,5
1378141,2026-03-08 11:30:00,2025,Regular Season - 28,135,Serie A,867,520,Lecce,Cremonese,2,1,2.142,2.9840000000000004,3.8920000000000003,2.548,1.486,5
1391088,2026-03-08 13:00:00,2025,Regular Season - 27,140,La Liga,533,797,Villarreal,Elche,2,1,1.538,4.274,5.768,1.6560000000000001,2.242,5
1378135,2026-03-08 14:00:00,2025,Regular Season - 28,135,Serie A,500,504,Bologna,Hellas Verona,1,2,1.536,4.04,6.462000000000001,1.9899999999999998,1.8379999999999999,5
1378137,2026-03-08 14:00:00,2025,Regular Season - 28,135,Serie A,502,523,Fiorentina,Parma,0,0,1.716,3.682,4.994,1.932,1.8980000000000001,5
1387916,2026-03-08 14:00:00,2025,Regular Season - 25,61,Ligue 1,116,112,Lens,Metz,3,0,1.264,5.728,11.379999999999999,1.472,2.614,5
1388530,2026-03-08 14:30:00,2025,Regular Season - 25,78,Bundesliga,186,169,FC St. Pauli,Eintracht Frankfurt,0,0,2.5380000000000003,3.346,2.776,1.95,1.886,5
1391083,2026-03-08 15:15:00,2025,Regular Season - 27,140,La Liga,546,543,Getafe,Real Betis,2,0,2.7399999999999998,2.872,2.946,2.6559999999999997,1.4599999999999997,5
1387915,2026-03-08 16:15:00,2025,Regular Season - 25,61,Ligue 1,106,111,Stade Brestois 29,Le Havre,2,0,1.892,3.386,4.268,2.03,1.802,5
1387917,2026-03-08 16:15:00,2025,Regular Season - 25,61,Ligue 1,79,97,Lille,Lorient,1,1,1.616,3.9520000000000004,5.4079999999999995,1.8419999999999999,1.9939999999999998,5
1387920,2026-03-08 16:15:00,2025,Regular Season - 25,61,Ligue 1,84,94,Nice,Rennes,0,4,2.7620000000000005,3.438,2.474,1.6600000000000001,2.2359999999999998,5
1388531,2026-03-08 16:30:00,2025,Regular Season - 25,78,Bundesliga,182,162,Union Berlin,Werder Bremen,1,4,2.268,3.3260000000000005,3.1879999999999997,2.008,1.83,5
1378138,2026-03-08 17:00:00,2025,Regular Season - 28,135,Serie A,495,497,Genoa,AS Roma,2,1,4.325999999999999,3.3160000000000003,1.9119999999999997,2.388,1.582,5
1391086,2026-03-08 17:30:00,2025,Regular Season - 27,140,La Liga,536,728,Sevilla,Rayo Vallecano,1,1,2.374,3.174,3.134,2.1799999999999997,1.6919999999999997,5
1378142,2026-03-08 19:45:00,2025,Regular Season - 28,135,Serie A,489,505,AC Milan,Inter,1,0,3.474,3.2800000000000002,2.178,1.9780000000000002,1.85,5
1387918,2026-03-08 19:45:00,2025,Regular Season - 25,61,Ligue 1,80,114,Lyon,Paris FC,1,1,1.706,3.772,4.896,1.938,1.89,5
1391087,2026-03-08 20:00:00,2025,Regular Season - 27,140,La Liga,532,542,Valencia,Alaves,3,2,2.176,3.016,3.768,2.458,1.554,5
1378140,2026-03-09 19:45:00,2025,Regular Season - 28,135,Serie A,487,488,Lazio,Sassuolo,2,1,2.2359999999999998,3.2119999999999997,3.372,2.214,1.6759999999999997,5
1391082,2026-03-09 20:00:00,2025,Regular Season - 27,140,La Liga,540,718,Espanyol,Oviedo,1,1,1.9,3.3280000000000003,4.351999999999999,2.254,1.654,5
1388534,2026-03-13 19:30:00,2025,Regular Season - 26,78,Bundesliga,163,186,Borussia Mönchengladbach,FC St. Pauli,2,0,1.996,3.3899999999999997,3.9879999999999995,2.206,1.684,5
1378151,2026-03-13 19:45:00,2025,Regular Season - 29,135,Serie A,503,523,Torino,Parma,4,1,2.2600000000000002,2.944,3.8,2.332,1.6260000000000001,5
1387926,2026-03-13 19:45:00,2025,Regular Season - 26,61,Ligue 1,81,108,Marseille,Auxerre,1,0,1.4739999999999998,4.502,6.8,1.72,2.146,5
1391089,2026-03-13 20:00:00,2025,Regular Season - 28,140,La Liga,542,533,Alaves,Villarreal,1,1,3.3560000000000003,3.4579999999999997,2.184,2.034,1.8259999999999998,5
1391093,2026-03-14 13:00:00,2025,Regular Season - 28,140,La Liga,547,531,Girona,Athletic Club,3,0,2.726,3.332,2.65,2.034,1.812,5
1378146,2026-03-14 14:00:00,2025,Regular Season - 29,135,Serie A,505,499,Inter,Atalanta,1,1,1.544,4.436,5.724,1.748,2.1179999999999994,5
1388533,2026-03-14 14:30:00,2025,Regular Season - 26,78,Bundesliga,168,157,Bayer Leverkusen,Bayern München,1,1,5.316,4.644,1.558,1.3659999999999999,3.0460000000000003,5
1388535,2026-03-14 14:30:00,2025,Regular Season - 26,78,Bundesliga,165,170,Borussia Dortmund,FC Augsburg,2,0,1.434,4.876,6.912000000000001,1.52,2.4839999999999995,5
1388536,2026-03-14 14:30:00,2025,Regular Season - 26,78,Bundesliga,169,180,Eintracht Frankfurt,1. FC Heidenheim,1,0,1.538,4.514,5.668,1.56,2.382,5
1388539,2026-03-14 14:30:00,2025,Regular Season - 26,78,Bundesliga,167,161,1899 Hoffenheim,VfL Wolfsburg,1,1,1.464,4.816,6.42,1.434,2.754,5
1379261,2026-03-14 15:00:00,2025,Regular Season - 30,39,Premier League,44,35,Burnley,Bournemouth,0,0,4.081999999999999,3.872,1.848,1.72,2.146,5
1379267,2026-03-14 15:00:00,2025,Regular Season - 30,39,Premier League,746,51,Sunderland,Brighton,0,1,3.3280000000000003,3.34,2.246,2.074,1.768,5
1391090,2026-03-14 15:15:00,2025,Regular Season - 28,140,La Liga,530,546,Atletico Madrid,Getafe,1,0,1.584,3.632,7.192,2.4159999999999995,1.5860000000000003,5
1387925,2026-03-14 16:00:00,2025,Regular Season - 26,61,Ligue 1,97,116,Lorient,Lens,2,1,4.178,3.6979999999999995,1.862,1.8379999999999999,2.022,5
1378148,2026-03-14 17:00:00,2025,Regular Season - 29,135,Serie A,492,867,Napoli,Lecce,2,1,1.356,4.642,10.59,2.184,1.7,5
1379259,2026-03-14 17:30:00,2025,Regular Season - 30,39,Premier League,42,45,Arsenal,Everton,2,0,1.384,4.56,9.49,1.92,1.932,5
1379262,2026-03-14 17:30:00,2025,Regular Season - 30,39,Premier League,49,34,Chelsea,Newcastle,0,1,1.81,4.172,3.9240000000000004,1.4759999999999998,2.604,5
1388538,2026-03-14 17:30:00,2025,Regular Season - 26,78,Bundesliga,175,192,Hamburger SV,1. FC Köln,1,1,2.132,3.5759999999999996,3.3659999999999997,1.798,2.0460000000000003,5
1391098,2026-03-14 17:30:00,2025,Regular Season - 28,140,La Liga,718,532,Oviedo,Valencia,1,0,2.8280000000000003,3.1860000000000004,2.63,2.386,1.596,5
1387923,2026-03-14 18:00:00,2025,Regular Season - 26,61,Ligue 1,77,84,Angers,Nice,0,2,3.1599999999999997,3.2400000000000007,2.3779999999999997,2.044,1.818,5
1378152,2026-03-14 19:45:00,2025,Regular Season - 29,135,Serie A,494,496,Udinese,Juventus,0,1,6.2780000000000005,4.109999999999999,1.5559999999999998,1.956,1.902,5
1379268,2026-03-14 20:00:00,2025,Regular Season - 30,39,Premier League,48,50,West Ham,Manchester City,1,1,4.523999999999999,4.180000000000001,1.7099999999999997,1.508,2.524,5
1391096,2026-03-14 20:00:00,2025,Regular Season - 28,140,La Liga,541,797,Real Madrid,Elche,4,1,1.268,6.132,10.67,1.424,2.782,5
1387928,2026-03-14 20:05:00,2025,Regular Season - 26,61,Ligue 1,91,106,Monaco,Stade Brestois 29,2,0,1.668,4.1899999999999995,4.876,1.6460000000000001,2.282,5
1378153,2026-03-15 11:30:00,2025,Regular Season - 29,135,Serie A,504,495,Hellas Verona,Genoa,0,2,3.2920000000000003,3.034,2.4099999999999997,2.5839999999999996,1.5100000000000002,5
1391094,2026-03-15 13:00:00,2025,Regular Season - 28,140,La Liga,798,540,Mallorca,Espanyol,2,1,2.34,3.1420000000000003,3.3239999999999994,2.3120000000000003,1.6179999999999999,5
1378149,2026-03-15 14:00:00,2025,Regular Season - 29,135,Serie A,801,490,Pisa,Cagliari,3,1,2.598,2.9939999999999998,3.008,2.432,1.5660000000000003,5
1378150,2026-03-15 14:00:00,2025,Regular Season - 29,135,Serie A,488,500,Sassuolo,Bologna,0,1,2.6439999999999997,3.3199999999999994,2.7299999999999995,2.01,1.81,5
1379263,2026-03-15 14:00:00,2025,Regular Season - 30,39,Premier League,52,63,Crystal Palace,Leeds,0,0,2.376,3.28,3.0959999999999996,2.088,1.7600000000000002,5
1379265,2026-03-15 14:00:00,2025,Regular Season - 30,39,Premier League,33,66,Manchester United,Aston Villa,3,1,1.734,4.044,4.43,1.6760000000000002,2.2079999999999997,5
1379266,2026-03-15 14:00:00,2025,Regular Season - 30,39,Premier League,65,36,Nottingham Forest,Fulham,0,0,2.16,3.438,3.378,1.918,1.936,5
1387931,2026-03-15 14:00:00,2025,Regular Season - 26,61,Ligue 1,95,114,Strasbourg,Paris FC,0,0,1.746,3.878,4.644,1.8119999999999998,2.008,5
1388541,2026-03-15 14:30:00,2025,Regular Season - 26,78,Bundesliga,162,164,Werder Bremen,FSV Mainz 05,0,2,2.2659999999999996,3.562,3.0759999999999996,1.7600000000000002,2.088,5
1391091,2026-03-15 15:15:00,2025,Regular Season - 28,140,La Liga,529,536,Barcelona,Sevilla,5,2,1.254,6.542,10.23,1.3160000000000003,3.272,5
1387924,2026-03-15 16:15:00,2025,Regular Season - 26,61,Ligue 1,111,80,Le Havre,Lyon,0,0,3.776,3.404,2.026,2.098,1.77,5
1387927,2026-03-15 16:15:00,2025,Regular Season - 26,61,Ligue 1,112,96,Metz,Toulouse,3,4,3.9839999999999995,3.3899999999999997,1.9939999999999998,2.17,1.698,5
1379264,2026-03-15 16:30:00,2025,Regular Season - 30,39,Premier League,40,47,Liverpool,Tottenham,1,1,1.324,5.608,8.379999999999999,1.456,2.652,5
1388537,2026-03-15 16:30:00,2025,Regular Season - 26,78,Bundesliga,160,182,SC Freiburg,Union Berlin,0,1,2.148,3.3199999999999994,3.5519999999999996,2.1399999999999997,1.7139999999999997,5
1378144,2026-03-15 17:00:00,2025,Regular Season - 29,135,Serie A,895,497,Como,AS Roma,2,1,2.1580000000000004,3.336,3.5200000000000005,2.1399999999999997,1.7139999999999997,5
1391092,2026-03-15 17:30:00,2025,Regular Season - 28,140,La Liga,543,538,Real Betis,Celta Vigo,1,1,2.212,3.3,3.466,1.9600000000000002,1.8960000000000001,5
1388540,2026-03-15 18:30:00,2025,Regular Season - 26,78,Bundesliga,172,173,VfB Stuttgart,RB Leipzig,1,0,2.274,3.982,2.8300000000000005,1.356,3.056,5
1378147,2026-03-15 19:45:00,2025,Regular Season - 29,135,Serie A,487,489,Lazio,AC Milan,1,0,3.918,3.314,2.0460000000000003,2.228,1.6640000000000001,5
1387930,2026-03-15 19:45:00,2025,Regular Season - 26,61,Ligue 1,94,79,Rennes,Lille,1,2,2.286,3.2880000000000003,3.21,1.866,1.9900000000000002,5
1391097,2026-03-15 20:00:00,2025,Regular Season - 28,140,La Liga,548,727,Real Sociedad,Osasuna,3,1,1.9140000000000001,3.5420000000000003,4.17,2.026,1.834,5
1378145,2026-03-16 19:45:00,2025,Regular Season - 29,135,Serie A,520,502,Cremonese,Fiorentina,1,4,3.998,3.5699999999999994,1.938,1.94,1.9100000000000001,5
1379260,2026-03-16 20:00:00,2025,Regular Season - 30,39,Premier League,55,39,Brentford,Wolves,2,2,1.55,4.244,5.76,1.722,2.13,5
1391095,2026-03-16 20:00:00,2025,Regular Season - 28,140,La Liga,728,539,Rayo Vallecano,Levante,1,1,1.698,3.872,5.045999999999999,1.936,1.92,5
1378156,2026-03-20 17:30:00,2025,Regular Season - 30,135,Serie A,490,492,Cagliari,Napoli,0,1,5.984,3.724,1.6460000000000001,2.3375,1.635,5
1388548,2026-03-20 19:30:00,2025,Regular Season - 27,78,Bundesliga,173,167,RB Leipzig,1899 Hoffenheim,5,0,1.932,4.086,3.5759999999999996,1.4024999999999999,2.7874999999999996,5
1378159,2026-03-20 19:45:00,2025,Regular Season - 30,135,Serie A,495,494,Genoa,Udinese,0,2,2.196,3.1719999999999997,3.6620000000000004,2.4775,1.5475,5
1387933,2026-03-20 19:45:00,2025,Regular Season - 27,61,Ligue 1,116,77,Lens,Angers,5,1,1.326,5.306,9.538,1.7249999999999999,2.19,5
1379270,2026-03-20 20:00:00,2025,Regular Season - 31,39,Premier League,35,33,Bournemouth,Manchester United,2,2,2.928,3.818,2.286,1.5125,2.4475000000000002,5
1391108,2026-03-20 20:00:00,2025,Regular Season - 29,140,La Liga,533,548,Villarreal,Real Sociedad,3,1,1.8940000000000001,3.806,3.972,1.816,2.05,5
1379271,2026-03-21 12:30:00,2025,Regular Season - 31,39,Premier League,51,40,Brighton,Liverpool,2,1,3.2119999999999997,3.754,2.15,1.625,2.3,5
1391102,2026-03-21 13:00:00,2025,Regular Season - 29,140,La Liga,797,798,Elche,Mallorca,2,1,2.122,3.3739999999999997,3.65,2.1700000000000004,1.7249999999999999,5
1378162,2026-03-21 14:00:00,2025,Regular Season - 30,135,Serie A,523,520,Parma,Cremonese,0,2,2.132,3.0420000000000007,4.119999999999999,2.225,1.6949999999999998,5
1388543,2026-03-21 14:30:00,2025,Regular Season - 27,78,Bundesliga,157,182,Bayern München,Union Berlin,4,0,1.18,8.14,14.264,1.32,3.2,5
1388545,2026-03-21 14:30:00,2025,Regular Season - 27,78,Bundesliga,192,163,1. FC Köln,Borussia Mönchengladbach,3,3,2.3,3.592,3.0460000000000003,1.7275,2.165,5
1388546,2026-03-21 14:30:00,2025,Regular Season - 27,78,Bundesliga,180,168,1. FC Heidenheim,Bayer Leverkusen,3,3,5.412,4.369999999999999,1.58,1.535,2.3725,5
1388550,2026-03-21 14:30:00,2025,Regular Season - 27,78,Bundesliga,161,162,VfL Wolfsburg,Werder Bremen,0,1,2.638,3.678,2.55,1.6824999999999999,2.2475,5
1379273,2026-03-21 15:00:00,2025,Regular Season - 31,39,Premier League,36,44,Fulham,Burnley,3,1,1.544,4.194,6.42,1.83,2.0275,5
1391103,2026-03-21 15:15:00,2025,Regular Season - 29,140,La Liga,540,546,Espanyol,Getafe,1,2,2.432,3.052,3.304,2.9,1.38,5
1387940,2026-03-21 16:00:00,2025,Regular Season - 27,61,Ligue 1,96,97,Toulouse,Lorient,1,0,2.024,2.9939999999999998,4.581999999999999,2.2975,1.6525,5
1378161,2026-03-21 17:00:00,2025,Regular Season - 30,135,Serie A,489,503,AC Milan,Torino,3,2,1.3599999999999999,5.034000000000001,8.978,1.81,2.0475,5
1379272,2026-03-21 17:30:00,2025,Regular Season - 31,39,Premier League,45,49,Everton,Chelsea,3,0,3.628,3.7079999999999997,2.008,1.765,2.1075,5
1388544,2026-03-21 17:30:00,2025,Regular Season - 27,78,Bundesliga,165,175,Borussia Dortmund,Hamburger SV,3,2,1.408,5.052,7.363999999999999,1.5074999999999998,2.4475000000000002,5
1391104,2026-03-21 17:30:00,2025,Regular Season - 29,140,La Liga,539,718,Levante,Oviedo,4,2,2.1380000000000003,3.432,3.5379999999999994,2.075,1.7825000000000002,5
1391105,2026-03-21 17:30:00,2025,Regular Season - 29,140,La Liga,727,547,Osasuna,Girona,1,0,2.286,3.442,3.19,2.03,1.8359999999999999,5
1387932,2026-03-21 18:00:00,2025,Regular Season - 27,61,Ligue 1,108,106,Auxerre,Stade Brestois 29,3,0,2.3579999999999997,3.228,3.1919999999999997,2.28,1.6733333333333331,5
1378160,2026-03-21 19:45:00,2025,Regular Season - 30,135,Serie A,496,488,Juventus,Sassuolo,1,1,1.3519999999999999,4.984,9.414,1.7675,2.0975,5
1379274,2026-03-21 20:00:00,2025,Regular Season - 31,39,Premier League,63,55,Leeds,Brentford,0,0,2.5220000000000002,3.5239999999999996,2.758,1.9100000000000001,1.954,5
1391107,2026-03-21 20:00:00,2025,Regular Season - 29,140,La Liga,536,532,Sevilla,Valencia,0,2,2.202,3.272,3.568,2.515,1.555,5
1387937,2026-03-21 20:05:00,2025,Regular Season - 27,61,Ligue 1,84,85,Nice,Paris Saint Germain,0,4,7.132000000000001,5.311999999999999,1.392,1.3775,2.9175,5
1378157,2026-03-22 11:30:00,2025,Regular Season - 30,135,Serie A,895,801,Como,Pisa,5,0,1.276,5.308,11.3,1.7280000000000002,2.122,5
1379276,2026-03-22 12:00:00,2025,Regular Season - 31,39,Premier League,34,746,Newcastle,Sunderland,1,2,1.636,3.964,5.186,1.8800000000000001,1.956,5
1391100,2026-03-22 13:00:00,2025,Regular Season - 29,140,La Liga,529,728,Barcelona,Rayo Vallecano,1,0,1.2319999999999998,6.464,10.93,1.318,3.25,5
1378154,2026-03-22 14:00:00,2025,Regular Season - 30,135,Serie A,499,504,Atalanta,Hellas Verona,1,0,1.4140000000000001,4.43,7.99,1.8940000000000001,1.9280000000000002,5
1378155,2026-03-22 14:00:00,2025,Regular Season - 30,135,Serie A,500,487,Bologna,Lazio,0,2,2.2660000000000005,3.06,3.444,2.396,1.578,5
1387934,2026-03-22 14:00:00,2025,Regular Season - 27,61,Ligue 1,80,91,Lyon,Monaco,1,2,2.63,3.4560000000000004,2.564,1.7400000000000002,2.1060000000000003,5
1379269,2026-03-22 14:15:00,2025,Regular Season - 31,39,Premier League,66,48,Aston Villa,West Ham,2,0,1.9439999999999997,3.528,3.912,1.698,2.1719999999999997,5
1379277,2026-03-22 14:15:00,2025,Regular Season - 31,39,Premier League,47,65,Tottenham,Nottingham Forest,0,3,2.522,3.38,2.772,1.892,1.9300000000000002,5
1388547,2026-03-22 14:30:00,2025,Regular Season - 27,78,Bundesliga,164,169,FSV Mainz 05,Eintracht Frankfurt,2,1,2.234,3.5660000000000003,3.026,1.6919999999999997,2.184,5
1391101,2026-03-22 15:15:00,2025,Regular Season - 29,140,La Liga,538,542,Celta Vigo,Alaves,3,4,1.794,3.336,5.026,2.388,1.582,5
1387935,2026-03-22 16:15:00,2025,Regular Season - 27,61,Ligue 1,81,79,Marseille,Lille,1,2,1.9319999999999997,3.6420000000000003,3.7600000000000002,1.798,2.0380000000000003,5
1387938,2026-03-22 16:15:00,2025,Regular Season - 27,61,Ligue 1,114,111,Paris FC,Le Havre,3,2,2.066,3.168,3.8619999999999997,2.062,1.784,5
1387939,2026-03-22 16:15:00,2025,Regular Season - 27,61,Ligue 1,94,112,Rennes,Metz,0,0,1.35,4.976000000000001,8.39,1.582,2.378,5
1388549,2026-03-22 16:30:00,2025,Regular Season - 27,78,Bundesliga,186,160,FC St. Pauli,SC Freiburg,1,2,2.6339999999999995,3.046,2.824,2.1879999999999997,1.69,5
1378163,2026-03-22 17:00:00,2025,Regular Season - 30,135,Serie A,497,867,AS Roma,Lecce,1,0,1.3679999999999999,4.578,9.370000000000001,2.0119999999999996,1.828,5
1391099,2026-03-22 17:30:00,2025,Regular Season - 29,140,La Liga,531,543,Athletic Club,Real Betis,2,1,2.186,3.45,3.2299999999999995,1.98,1.846,5
1388542,2026-03-22 18:30:00,2025,Regular Season - 27,78,Bundesliga,170,172,FC Augsburg,VfB Stuttgart,2,5,3.6060000000000003,3.806,1.9259999999999997,1.5900000000000003,2.382,5
1378158,2026-03-22 19:45:00,2025,Regular Season - 30,135,Serie A,502,505,Fiorentina,Inter,1,1,5.144,3.94,1.64,1.796,2.03,5
1387936,2026-03-22 19:45:00,2025,Regular Season - 27,61,Ligue 1,83,95,Nantes,Strasbourg,2,3,3.5120000000000005,3.592,2.018,1.8980000000000001,1.9300000000000002,5
1391106,2026-03-22 20:00:00,2025,Regular Season - 29,140,La Liga,541,530,Real Madrid,Atletico Madrid,3,2,1.9,3.9339999999999997,3.622,1.6300000000000001,2.304,5
1387948,2026-04-03 18:45:00,2025,Regular Season - 28,61,Ligue 1,85,96,Paris Saint Germain,Toulouse,3,1,1.2959999999999998,5.306,10.120000000000001,1.546,2.392,5
1391115,2026-04-03 19:00:00,2025,Regular Season - 30,140,La Liga,728,797,Rayo Vallecano,Elche,1,0,1.83,3.4560000000000004,4.46,2.024,1.8059999999999998,5
1391116,2026-04-04 12:00:00,2025,Regular Season - 30,140,La Liga,548,539,Real Sociedad,Levante,2,0,1.634,3.932,5.306,1.7559999999999998,2.11,5
1378171,2026-04-04 13:00:00,2025,Regular Season - 31,135,Serie A,488,490,Sassuolo,Cagliari,2,1,1.97,3.1380000000000003,4.332,2.232,1.674,5
1388551,2026-04-04 13:30:00,2025,Regular Season - 28,78,Bundesliga,168,161,Bayer Leverkusen,VfL Wolfsburg,6,3,1.42,4.976000000000001,6.872,1.472,2.608,5
1388552,2026-04-04 13:30:00,2025,Regular Season - 28,78,Bundesliga,163,180,Borussia Mönchengladbach,1. FC Heidenheim,2,2,1.5740000000000003,4.279999999999999,5.398000000000001,1.6300000000000001,2.318,5
1388554,2026-04-04 13:30:00,2025,Regular Season - 28,78,Bundesliga,160,157,SC Freiburg,Bayern München,2,3,7.6,5.208,1.37,1.388,2.912,5
1388555,2026-04-04 13:30:00,2025,Regular Season - 28,78,Bundesliga,175,170,Hamburger SV,FC Augsburg,1,1,2.276,3.41,3.128,1.8960000000000001,1.94,5
1388556,2026-04-04 13:30:00,2025,Regular Season - 28,78,Bundesliga,167,164,1899 Hoffenheim,FSV Mainz 05,1,2,1.784,3.874,4.1979999999999995,1.546,2.412,5
1388559,2026-04-04 13:30:00,2025,Regular Season - 28,78,Bundesliga,162,173,Werder Bremen,RB Leipzig,1,2,3.272,3.846000000000001,2.036,1.4759999999999998,2.58,5
1391114,2026-04-04 14:15:00,2025,Regular Season - 30,140,La Liga,798,541,Mallorca,Real Madrid,2,1,4.906000000000001,3.902,1.6799999999999997,1.686,2.2,5
1387949,2026-04-04 15:00:00,2025,Regular Season - 28,61,Ligue 1,95,84,Strasbourg,Nice,3,1,1.8259999999999998,3.636,4.214,1.718,2.146,5
1378173,2026-04-04 16:00:00,2025,Regular Season - 31,135,Serie A,504,502,Hellas Verona,Fiorentina,0,1,4.087999999999999,3.3619999999999997,1.936,2.206,1.6919999999999997,5
1388557,2026-04-04 16:30:00,2025,Regular Season - 28,78,Bundesliga,172,165,VfB Stuttgart,Borussia Dortmund,0,2,2.354,3.896000000000001,2.6580000000000004,1.472,2.5919999999999996,5
1391111,2026-04-04 16:30:00,2025,Regular Season - 30,140,La Liga,543,540,Real Betis,Espanyol,0,0,1.8,3.7940000000000005,4.194,1.906,1.9279999999999997,5
1387942,2026-04-04 17:00:00,2025,Regular Season - 28,61,Ligue 1,106,94,Stade Brestois 29,Rennes,3,4,3.408,3.5400000000000005,2.0660000000000003,1.8800000000000001,1.964,5
1378167,2026-04-04 18:45:00,2025,Regular Season - 31,135,Serie A,487,523,Lazio,Parma,1,1,1.814,3.396,4.792,2.298,1.64,5
1391110,2026-04-04 19:00:00,2025,Regular Season - 30,140,La Liga,530,529,Atletico Madrid,Barcelona,1,2,3.096,3.658,2.176,1.4919999999999998,2.558,5
1387944,2026-04-04 19:05:00,2025,Regular Season - 28,61,Ligue 1,79,116,Lille,Lens,3,0,2.57,3.376,2.6700000000000004,1.826,2.018,5
1391112,2026-04-05 12:00:00,2025,Regular Season - 30,140,La Liga,546,531,Getafe,Athletic Club,2,0,2.964,2.846,2.718,2.998,1.3720000000000003,5
1378164,2026-04-05 13:00:00,2025,Regular Season - 31,135,Serie A,520,500,Cremonese,Bologna,1,2,3.5760000000000005,3.3920000000000003,2.068,2.0260000000000002,1.8239999999999998,5
1387941,2026-04-05 13:00:00,2025,Regular Season - 28,61,Ligue 1,77,80,Angers,Lyon,0,0,4.596000000000001,3.5160000000000005,1.8,2.1799999999999997,1.704,5
1388558,2026-04-05 13:30:00,2025,Regular Season - 28,78,Bundesliga,182,186,Union Berlin,FC St. Pauli,1,1,2.114,3.278,3.59,2.5,1.544,5
1391118,2026-04-05 14:15:00,2025,Regular Season - 30,140,La Liga,532,538,Valencia,Celta Vigo,2,3,2.302,3.29,3.1399999999999997,2.124,1.7399999999999998,5
1387943,2026-04-05 15:15:00,2025,Regular Season - 28,61,Ligue 1,111,108,Le Havre,Auxerre,1,1,2.3659999999999997,3.09,3.224,2.276,1.65,5
1387945,2026-04-05 15:15:00,2025,Regular Season - 28,61,Ligue 1,97,114,Lorient,Paris FC,1,1,2.298,3.224,3.186,2.1079999999999997,1.7599999999999998,5
1387946,2026-04-05 15:15:00,2025,Regular Season - 28,61,Ligue 1,112,83,Metz,Nantes,0,0,2.8640000000000003,3.286,2.4720000000000004,2.1879999999999997,1.6960000000000002,5
1388553,2026-04-05 15:30:00,2025,Regular Season - 28,78,Bundesliga,169,192,Eintracht Frankfurt,1. FC Köln,2,2,2.1900000000000004,3.4480000000000004,3.184,1.732,2.13,5
1378170,2026-04-05 16:00:00,2025,Regular Season - 31,135,Serie A,801,503,Pisa,Torino,0,1,2.9479999999999995,2.8839999999999995,2.6819999999999995,2.3120000000000003,1.638,5
1391117,2026-04-05 16:30:00,2025,Regular Season - 30,140,La Liga,718,536,Oviedo,Sevilla,1,0,2.9099999999999997,3,2.63,2.388,1.5900000000000003,5
1378165,2026-04-05 18:45:00,2025,Regular Season - 31,135,Serie A,505,497,Inter,AS Roma,5,2,1.6380000000000003,3.8939999999999997,5.336,1.9420000000000002,1.8980000000000001,5
1387947,2026-04-05 18:45:00,2025,Regular Season - 28,61,Ligue 1,91,81,Monaco,Marseille,2,1,2.248,3.5439999999999996,3.004,1.5580000000000003,2.3920000000000003,5
1391109,2026-04-05 19:00:00,2025,Regular Season - 30,140,La Liga,542,727,Alaves,Osasuna,2,2,2.406,3.1599999999999997,3.084,2.316,1.6320000000000001,5
1378172,2026-04-06 10:30:00,2025,Regular Season - 31,135,Serie A,494,895,Udinese,Como,0,0,5.002,3.7079999999999997,1.704,2.028,1.8219999999999998,5
1378168,2026-04-06 13:00:00,2025,Regular Season - 31,135,Serie A,867,499,Lecce,Atalanta,0,3,4.732,3.6519999999999997,1.752,2.018,1.8220000000000003,5
1378166,2026-04-06 16:00:00,2025,Regular Season - 31,135,Serie A,496,495,Juventus,Genoa,2,0,1.4020000000000001,4.4,8.9,1.968,1.8760000000000001,5
1378169,2026-04-06 18:45:00,2025,Regular Season - 31,135,Serie A,492,489,Napoli,AC Milan,1,0,2.6239999999999997,3.008,2.9019999999999997,2.2980000000000005,1.638,5
1391113,2026-04-06 19:00:00,2025,Regular Season - 30,140,La Liga,547,533,Girona,Villarreal,1,0,3.096,3.35,2.294,1.7400000000000002,2.116,5
1387956,2026-04-10 17:00:00,2025,Regular Season - 29,61,Ligue 1,114,91,Paris FC,Monaco,4,1,3.2640000000000002,3.632,2.084,1.6940000000000002,2.1700000000000004,5
1388560,2026-04-10 18:30:00,2025,Regular Season - 29,78,Bundesliga,170,167,FC Augsburg,1899 Hoffenheim,2,2,3.25,3.696,2.07,1.5899999999999999,2.362,5
1378182,2026-04-10 18:45:00,2025,Regular Season - 32,135,Serie A,497,801,AS Roma,Pisa,3,0,1.368,4.758000000000001,9.18,1.938,1.916,5
1379288,2026-04-10 19:00:00,2025,Regular Season - 32,39,Premier League,48,39,West Ham,Wolves,4,0,1.762,3.8519999999999994,4.390000000000001,1.7600000000000002,2.0799999999999996,5
1391126,2026-04-10 19:00:00,2025,Regular Season - 31,140,La Liga,541,547,Real Madrid,Girona,1,1,1.214,6.642,11.93,1.3480000000000003,3.084,5
1387954,2026-04-10 19:05:00,2025,Regular Season - 29,61,Ligue 1,81,112,Marseille,Metz,3,1,1.262,5.678,11.02,1.4899999999999998,2.5439999999999996,5
1379279,2026-04-11 11:30:00,2025,Regular Season - 32,39,Premier League,42,35,Arsenal,Bournemouth,1,2,1.4319999999999997,4.456,7.428,1.666,2.2439999999999998,5
1391127,2026-04-11 12:00:00,2025,Regular Season - 31,140,La Liga,548,542,Real Sociedad,Alaves,3,3,1.782,3.44,4.776000000000001,2.1079999999999997,1.7399999999999998,5
1378176,2026-04-11 13:00:00,2025,Regular Season - 32,135,Serie A,490,520,Cagliari,Cremonese,1,0,2.2640000000000002,3.0740000000000003,3.4560000000000004,2.282,1.6320000000000001,5
1378183,2026-04-11 13:00:00,2025,Regular Season - 32,135,Serie A,503,504,Torino,Hellas Verona,2,1,1.8619999999999997,3.396,4.473999999999999,2.306,1.6220000000000003,5
1388561,2026-04-11 13:30:00,2025,Regular Season - 29,78,Bundesliga,165,168,Borussia Dortmund,Bayer Leverkusen,0,1,1.892,3.8379999999999996,3.652,1.544,2.386,5
1388563,2026-04-11 13:30:00,2025,Regular Season - 29,78,Bundesliga,180,182,1. FC Heidenheim,Union Berlin,3,1,3.29,3.582,2.15,1.9,1.954,5
1388565,2026-04-11 13:30:00,2025,Regular Season - 29,78,Bundesliga,173,163,RB Leipzig,Borussia Mönchengladbach,1,0,1.522,4.465999999999999,5.545999999999999,1.4579999999999997,2.626,5
1388568,2026-04-11 13:30:00,2025,Regular Season - 29,78,Bundesliga,161,169,VfL Wolfsburg,Eintracht Frankfurt,1,2,2.4099999999999997,3.5700000000000003,2.7119999999999997,1.6380000000000003,2.27,5
1379280,2026-04-11 14:00:00,2025,Regular Season - 32,39,Premier League,55,45,Brentford,Everton,2,2,2.208,3.35,3.304,2.004,1.83,5
1379281,2026-04-11 14:00:00,2025,Regular Season - 32,39,Premier League,44,51,Burnley,Brighton,0,2,4.454,3.9019999999999997,1.7440000000000002,1.7559999999999998,2.1,5
1391122,2026-04-11 14:15:00,2025,Regular Season - 31,140,La Liga,797,532,Elche,Valencia,1,0,2.352,3.276,3.0260000000000002,2.0620000000000003,1.768,5
1378180,2026-04-11 16:00:00,2025,Regular Season - 32,135,Serie A,489,494,AC Milan,Udinese,0,3,1.3800000000000001,4.651999999999999,8.52,1.794,2.028,5
1379284,2026-04-11 16:30:00,2025,Regular Season - 32,39,Premier League,40,36,Liverpool,Fulham,2,0,1.56,4.4159999999999995,5.256,1.5,2.5,5
1388566,2026-04-11 16:30:00,2025,Regular Season - 29,78,Bundesliga,186,157,FC St. Pauli,Bayern München,0,5,8.72,5.198,1.328,1.488,2.5460000000000003,5
1391120,2026-04-11 16:30:00,2025,Regular Season - 31,140,La Liga,529,540,Barcelona,Espanyol,4,1,1.232,6.332,11.02,1.284,3.446,5
1387950,2026-04-11 17:00:00,2025,Regular Season - 29,61,Ligue 1,108,83,Auxerre,Nantes,0,0,2.086,3.196,3.732,2.302,1.6200000000000003,5
1378174,2026-04-11 18:45:00,2025,Regular Season - 32,135,Serie A,499,496,Atalanta,Juventus,0,1,3.0740000000000003,3.534,2.2640000000000002,1.85,2.0100000000000002,5
1391128,2026-04-11 19:00:00,2025,Regular Season - 31,140,La Liga,536,530,Sevilla,Atletico Madrid,2,1,3.482,3.5160000000000005,2.096,1.956,1.902,5
1387957,2026-04-11 19:05:00,2025,Regular Season - 29,61,Ligue 1,94,77,Rennes,Angers,2,1,1.4040000000000001,4.572,7.779999999999999,1.688,2.1799999999999997,5
1378179,2026-04-12 10:30:00,2025,Regular Season - 32,135,Serie A,495,488,Genoa,Sassuolo,2,1,2.146,3.286,3.5060000000000002,2.1759999999999997,1.686,5
1391125,2026-04-12 12:00:00,2025,Regular Season - 31,140,La Liga,727,543,Osasuna,Real Betis,1,1,2.346,3.468,2.9739999999999998,1.918,1.932,5
1378181,2026-04-12 13:00:00,2025,Regular Season - 32,135,Serie A,523,492,Parma,Napoli,1,1,5.454000000000001,3.604,1.684,2.21,1.668,5
1379283,2026-04-12 13:00:00,2025,Regular Season - 32,39,Premier League,52,34,Crystal Palace,Newcastle,2,1,2.7600000000000002,3.5120000000000005,2.434,1.748,2.114,5
1379286,2026-04-12 13:00:00,2025,Regular Season - 32,39,Premier League,65,66,Nottingham Forest,Aston Villa,1,1,2.608,3.3659999999999997,2.6740000000000004,1.938,1.8960000000000001,5
1379287,2026-04-12 13:00:00,2025,Regular Season - 32,39,Premier League,746,47,Sunderland,Tottenham,1,0,2.668,3.378,2.612,1.9460000000000002,1.888,5
1388562,2026-04-12 13:30:00,2025,Regular Season - 29,78,Bundesliga,192,162,1. FC Köln,Werder Bremen,3,1,2.188,3.536,3.1159999999999997,1.7439999999999998,2.092,5
1391124,2026-04-12 14:15:00,2025,Regular Season - 31,140,La Liga,798,728,Mallorca,Rayo Vallecano,3,0,2.5759999999999996,3.318,2.696,2.128,1.716,5
1387955,2026-04-12 15:15:00,2025,Regular Season - 29,61,Ligue 1,84,111,Nice,Le Havre,1,1,1.936,3.372,4.273999999999999,1.95,1.8980000000000001,5
1387958,2026-04-12 15:15:00,2025,Regular Season - 29,61,Ligue 1,96,79,Toulouse,Lille,0,4,3.0460000000000003,3.2479999999999998,2.37,2.12,1.722,5
1379282,2026-04-12 15:30:00,2025,Regular Season - 32,39,Premier League,49,50,Chelsea,Manchester City,0,3,3,3.816,2.152,1.522,2.4560000000000004,5
1388567,2026-04-12 15:30:00,2025,Regular Season - 29,78,Bundesliga,172,175,VfB Stuttgart,Hamburger SV,4,0,1.444,4.666,6.531999999999999,1.4899999999999998,2.5439999999999996,5
1378175,2026-04-12 16:00:00,2025,Regular Season - 32,135,Serie A,500,867,Bologna,Lecce,2,0,1.706,3.5340000000000003,5.372,2.13,1.716,5
1391121,2026-04-12 16:30:00,2025,Regular Season - 31,140,La Liga,538,718,Celta Vigo,Oviedo,0,3,1.6479999999999997,4.002000000000001,5.226,1.956,1.8960000000000001,5
1388564,2026-04-12 17:30:00,2025,Regular Season - 29,78,Bundesliga,164,160,FSV Mainz 05,SC Freiburg,0,1,2.138,3.2020000000000004,3.7560000000000002,1.908,1.9420000000000002,5
1378177,2026-04-12 18:45:00,2025,Regular Season - 32,135,Serie A,895,505,Como,Inter,3,4,3.134,3.436,2.278,1.9020000000000004,1.95,5
1387953,2026-04-12 18:45:00,2025,Regular Season - 29,61,Ligue 1,80,97,Lyon,Lorient,2,0,1.732,3.8,4.744,1.932,1.918,5
1391119,2026-04-12 19:00:00,2025,Regular Season - 31,140,La Liga,531,533,Athletic Club,Villarreal,1,2,2.4,3.5660000000000003,2.8500000000000005,1.886,1.9739999999999998,5
1378178,2026-04-13 18:45:00,2025,Regular Season - 32,135,Serie A,502,487,Fiorentina,Lazio,1,0,2.2560000000000002,3.0919999999999996,3.446,2.218,1.672,5
1379285,2026-04-13 19:00:00,2025,Regular Season - 32,39,Premier League,33,63,Manchester United,Leeds,1,2,1.6060000000000003,4.0600000000000005,5.386,1.6960000000000002,2.196,5
1391123,2026-04-13 19:00:00,2025,Regular Season - 31,140,La Liga,539,546,Levante,Getafe,1,0,2.7620000000000005,2.9939999999999998,2.776,2.682,1.4440000000000002,5
1378191,2026-04-17 16:30:00,2025,Regular Season - 33,135,Serie A,488,895,Sassuolo,Como,2,1,4.802,4.008,1.6759999999999997,1.7900000000000003,2.038,5
1388575,2026-04-17 18:30:00,2025,Regular Season - 30,78,Bundesliga,186,192,FC St. Pauli,1. FC Köln,1,1,2.346,3.246,3.106,2.2,1.6780000000000002,5
1378185,2026-04-17 18:45:00,2025,Regular Season - 33,135,Serie A,505,490,Inter,Cagliari,3,0,1.214,6.2219999999999995,14.1,1.578,2.396,5
1387960,2026-04-17 18:45:00,2025,Regular Season - 30,61,Ligue 1,116,96,Lens,Toulouse,3,2,1.612,4.024,5.337999999999999,1.78,2.054,5
1379290,2026-04-18 11:30:00,2025,Regular Season - 33,39,Premier League,55,36,Brentford,Fulham,0,0,2.114,3.6260000000000003,3.286,1.768,2.068,5
1378192,2026-04-18 13:00:00,2025,Regular Season - 33,135,Serie A,494,523,Udinese,Parma,0,1,2.2300000000000004,3.028,3.5799999999999996,2.316,1.6179999999999999,5
1388569,2026-04-18 13:30:00,2025,Regular Season - 30,78,Bundesliga,168,170,Bayer Leverkusen,FC Augsburg,1,2,1.438,4.7219999999999995,6.531999999999999,1.502,2.5100000000000002,5
1388574,2026-04-18 13:30:00,2025,Regular Season - 30,78,Bundesliga,167,165,1899 Hoffenheim,Borussia Dortmund,2,1,2.6800000000000006,3.876,2.3560000000000003,1.4799999999999998,2.586,5
1388576,2026-04-18 13:30:00,2025,Regular Season - 30,78,Bundesliga,182,161,Union Berlin,VfL Wolfsburg,1,2,2.2060000000000004,3.6119999999999997,3.1599999999999997,1.8559999999999999,1.998,5
1388577,2026-04-18 13:30:00,2025,Regular Season - 30,78,Bundesliga,162,175,Werder Bremen,Hamburger SV,3,1,2.036,3.6159999999999997,3.408,1.704,2.164,5
1379294,2026-04-18 14:00:00,2025,Regular Season - 33,39,Premier League,63,39,Leeds,Wolves,3,0,1.666,3.9019999999999997,5.346,1.918,1.938,5
1379296,2026-04-18 14:00:00,2025,Regular Season - 33,39,Premier League,34,35,Newcastle,Bournemouth,1,2,1.8679999999999999,3.9240000000000004,3.742,1.456,2.6700000000000004,5
1387962,2026-04-18 15:00:00,2025,Regular Season - 30,61,Ligue 1,97,81,Lorient,Marseille,2,0,3.81,3.71,1.9140000000000001,1.734,2.1179999999999994,5
1378188,2026-04-18 16:00:00,2025,Regular Season - 33,135,Serie A,492,487,Napoli,Lazio,0,2,1.65,3.628,5.656,2.232,1.6620000000000001,5
1379298,2026-04-18 16:30:00,2025,Regular Season - 33,39,Premier League,47,51,Tottenham,Brighton,2,2,2.5480000000000005,3.6400000000000006,2.592,1.688,2.18,5
1388572,2026-04-18 16:30:00,2025,Regular Season - 30,78,Bundesliga,169,173,Eintracht Frankfurt,RB Leipzig,1,3,3.2,3.914,2.042,1.4620000000000002,2.648,5
1387959,2026-04-18 17:00:00,2025,Regular Season - 30,61,Ligue 1,77,111,Angers,Le Havre,1,1,2.8560000000000003,3.004,2.6660000000000004,2.304,1.624,5
1378190,2026-04-18 18:45:00,2025,Regular Season - 33,135,Serie A,497,499,AS Roma,Atalanta,1,1,2.21,3.368,3.3279999999999994,1.9619999999999997,1.8939999999999997,5
1379291,2026-04-18 19:00:00,2025,Regular Season - 33,39,Premier League,49,33,Chelsea,Manchester United,0,1,2.192,3.492,3.164,1.524,2.45,5
1387961,2026-04-18 19:05:00,2025,Regular Season - 30,61,Ligue 1,79,84,Lille,Nice,0,0,1.6079999999999999,3.9619999999999997,5.675999999999999,1.89,1.968,5
1378184,2026-04-19 10:30:00,2025,Regular Season - 33,135,Serie A,520,503,Cremonese,Torino,0,0,2.862,3.152,2.562,2.17,1.6940000000000002,5
1378193,2026-04-19 13:00:00,2025,Regular Season - 33,135,Serie A,504,489,Hellas Verona,AC Milan,0,1,5.736,3.714,1.636,2.104,1.748,5
1379289,2026-04-19 13:00:00,2025,Regular Season - 33,39,Premier League,66,746,Aston Villa,Sunderland,4,3,1.6179999999999999,3.8660000000000005,5.878,1.9120000000000001,1.938,5
1379293,2026-04-19 13:00:00,2025,Regular Season - 33,39,Premier League,45,40,Everton,Liverpool,1,2,3.41,3.56,2.082,1.754,2.088,5
1379297,2026-04-19 13:00:00,2025,Regular Season - 33,39,Premier League,65,44,Nottingham Forest,Burnley,4,1,1.534,4.090000000000001,6.26,1.764,2.074,5
1387964,2026-04-19 13:00:00,2025,Regular Season - 30,61,Ligue 1,91,108,Monaco,Auxerre,2,2,1.568,4.144,5.668,1.722,2.13,5
1388573,2026-04-19 13:30:00,2025,Regular Season - 30,78,Bundesliga,160,180,SC Freiburg,1. FC Heidenheim,2,1,1.6280000000000001,4.13,5.066,1.6640000000000001,2.2279999999999998,5
1387963,2026-04-19 15:15:00,2025,Regular Season - 30,61,Ligue 1,112,114,Metz,Paris FC,1,3,3.2840000000000003,3.4159999999999995,2.194,1.922,1.9280000000000002,5
1387965,2026-04-19 15:15:00,2025,Regular Season - 30,61,Ligue 1,83,106,Nantes,Stade Brestois 29,1,1,2.372,3.268,3.0639999999999996,2.114,1.734,5
1387967,2026-04-19 15:15:00,2025,Regular Season - 30,61,Ligue 1,95,94,Strasbourg,Rennes,0,3,2.5119999999999996,3.684,2.6,1.672,2.214,5
1379295,2026-04-19 15:30:00,2025,Regular Season - 33,39,Premier League,50,42,Manchester City,Arsenal,2,1,1.834,3.7479999999999998,4.194,1.8379999999999999,2.022,5
1388570,2026-04-19 15:30:00,2025,Regular Season - 30,78,Bundesliga,157,172,Bayern München,VfB Stuttgart,4,2,1.384,5.336,6.840000000000001,1.242,3.818,5
1378189,2026-04-19 16:00:00,2025,Regular Season - 33,135,Serie A,801,495,Pisa,Genoa,1,2,3.442,3.2840000000000003,2.1919999999999997,2.414,1.5740000000000003,5
1388571,2026-04-19 17:30:00,2025,Regular Season - 30,78,Bundesliga,163,164,Borussia Mönchengladbach,FSV Mainz 05,1,1,2.4519999999999995,3.562,2.7880000000000003,1.886,1.9720000000000002,5
1378186,2026-04-19 18:45:00,2025,Regular Season - 33,135,Serie A,496,500,Juventus,Bologna,2,0,1.482,4.358,6.55,1.7559999999999998,2.0919999999999996,5
1387966,2026-04-19 18:45:00,2025,Regular Season - 30,61,Ligue 1,85,80,Paris Saint Germain,Lyon,1,2,1.306,5.558,9.02,1.434,2.726,5
1378187,2026-04-20 18:45:00,2025,Regular Season - 33,135,Serie A,867,502,Lecce,Fiorentina,1,1,3.4259999999999997,3.3699999999999997,2.1479999999999997,2.134,1.718,5
1379292,2026-04-20 19:00:00,2025,Regular Season - 33,39,Premier League,52,48,Crystal Palace,West Ham,0,0,2.2640000000000002,3.242,3.3560000000000003,1.938,1.918,5
1391139,2026-04-21 17:00:00,2025,Regular Season - 33,140,La Liga,531,727,Athletic Club,Osasuna,1,0,1.784,3.564,4.672,2.034,1.798,5
1391144,2026-04-21 17:00:00,2025,Regular Season - 33,140,La Liga,798,532,Mallorca,Valencia,1,1,2.5140000000000002,3.172,2.8840000000000003,2.162,1.7,5
1379301,2026-04-21 19:00:00,2025,Regular Season - 34,39,Premier League,51,49,Brighton,Chelsea,3,0,2.4619999999999997,3.7020000000000004,2.654,1.6640000000000001,2.226,5
1391142,2026-04-21 19:30:00,2025,Regular Season - 33,140,La Liga,547,543,Girona,Real Betis,2,3,2.488,3.408,2.818,1.848,2.002,5
1391146,2026-04-21 19:30:00,2025,Regular Season - 33,140,La Liga,541,542,Real Madrid,Alaves,2,1,1.28,5.548,10.57,1.48,2.5799999999999996,5
1391141,2026-04-22 17:00:00,2025,Regular Season - 33,140,La Liga,797,530,Elche,Atletico Madrid,3,2,2.5060000000000002,3.532,2.6719999999999997,1.668,2.216,5
1391147,2026-04-22 18:00:00,2025,Regular Season - 33,140,La Liga,548,546,Real Sociedad,Getafe,0,1,1.7259999999999998,3.3600000000000003,5.748,2.478,1.548,5
1379300,2026-04-22 19:00:00,2025,Regular Season - 34,39,Premier League,35,63,Bournemouth,Leeds,2,2,2.04,3.5520000000000005,3.482,1.716,2.136,5
1379302,2026-04-22 19:00:00,2025,Regular Season - 34,39,Premier League,44,50,Burnley,Manchester City,0,1,11.74,6.35,1.23,1.3900000000000001,2.9,5
1391140,2026-04-22 19:30:00,2025,Regular Season - 33,140,La Liga,529,538,Barcelona,Celta Vigo,1,0,1.264,6.3020000000000005,9.28,1.302,3.37,5
1391143,2026-04-23 17:00:00,2025,Regular Season - 33,140,La Liga,539,536,Levante,Sevilla,2,0,2.54,3.3400000000000007,2.75,2.1260000000000003,1.7240000000000002,5
1391145,2026-04-23 18:00:00,2025,Regular Season - 33,140,La Liga,728,540,Rayo Vallecano,Espanyol,1,0,1.8800000000000001,3.4519999999999995,4.258,2.0740000000000003,1.7580000000000002,5
1391148,2026-04-23 19:30:00,2025,Regular Season - 33,140,La Liga,718,533,Oviedo,Villarreal,1,1,3.9440000000000004,3.6100000000000003,1.9319999999999997,1.9099999999999997,1.938,5
1388584,2026-04-24 18:30:00,2025,Regular Season - 31,78,Bundesliga,173,182,RB Leipzig,Union Berlin,3,1,1.366,4.936,8.3,1.5400000000000003,2.41,5
1378200,2026-04-24 18:45:00,2025,Regular Season - 34,135,Serie A,492,520,Napoli,Cremonese,4,0,1.3540000000000003,4.5280000000000005,10.059999999999999,1.948,1.8780000000000001,5
1387969,2026-04-24 18:45:00,2025,Regular Season - 31,61,Ligue 1,106,116,Stade Brestois 29,Lens,3,3,4.3340000000000005,3.8739999999999997,1.764,1.716,2.152,5
1379306,2026-04-24 19:00:00,2025,Regular Season - 34,39,Premier League,746,65,Sunderland,Nottingham Forest,0,5,2.81,3.286,2.5140000000000002,2.11,1.75,5
1391131,2026-04-24 19:00:00,2025,Regular Season - 32,140,La Liga,543,541,Real Betis,Real Madrid,1,1,3.588,4.034000000000001,1.8780000000000001,1.4860000000000002,2.5460000000000003,5
1391129,2026-04-25 12:00:00,2025,Regular Season - 32,140,La Liga,542,798,Alaves,Mallorca,2,1,2.124,3.164,3.69,2.22,1.684,5
1378201,2026-04-25 13:00:00,2025,Regular Season - 34,135,Serie A,523,801,Parma,Pisa,1,0,2.046,3.124,4.026000000000001,2.3020000000000005,1.638,5
1387972,2026-04-25 13:00:00,2025,Regular Season - 31,61,Ligue 1,80,108,Lyon,Auxerre,3,2,1.688,3.742,5.106,1.9460000000000002,1.8840000000000003,5
1388578,2026-04-25 13:30:00,2025,Regular Season - 31,78,Bundesliga,170,169,FC Augsburg,Eintracht Frankfurt,1,1,2.338,3.6799999999999997,2.7640000000000002,1.536,2.426,5
1388580,2026-04-25 13:30:00,2025,Regular Season - 31,78,Bundesliga,192,168,1. FC Köln,Bayer Leverkusen,1,2,4.004,4.004,1.786,1.52,2.4539999999999997,5
1388582,2026-04-25 13:30:00,2025,Regular Season - 31,78,Bundesliga,180,186,1. FC Heidenheim,FC St. Pauli,2,0,2.5300000000000002,3.28,2.778,1.9419999999999997,1.888,5
1388583,2026-04-25 13:30:00,2025,Regular Season - 31,78,Bundesliga,164,157,FSV Mainz 05,Bayern München,3,4,5.478,4.816,1.4939999999999998,1.3820000000000001,2.946,5
1388586,2026-04-25 13:30:00,2025,Regular Season - 31,78,Bundesliga,161,163,VfL Wolfsburg,Borussia Mönchengladbach,0,0,2.38,3.5980000000000003,2.7800000000000002,1.64,2.2960000000000003,5
1379304,2026-04-25 14:00:00,2025,Regular Season - 34,39,Premier League,40,52,Liverpool,Crystal Palace,3,1,1.504,4.466,6.0600000000000005,1.5540000000000003,2.382,5
1379307,2026-04-25 14:00:00,2025,Regular Season - 34,39,Premier League,48,45,West Ham,Everton,2,1,2.572,3.3260000000000005,2.7039999999999997,1.876,1.954,5
1379308,2026-04-25 14:00:00,2025,Regular Season - 34,39,Premier League,39,47,Wolves,Tottenham,0,1,3.8519999999999994,3.7560000000000002,1.8679999999999999,1.81,2.02,5
1391133,2026-04-25 14:15:00,2025,Regular Season - 32,140,La Liga,546,529,Getafe,Barcelona,0,2,5.648000000000001,4.214,1.572,1.81,2.0200000000000005,5
1378194,2026-04-25 16:00:00,2025,Regular Season - 34,135,Serie A,500,497,Bologna,AS Roma,0,2,2.874,3.1599999999999997,2.516,2.086,1.7580000000000002,5
1379299,2026-04-25 16:30:00,2025,Regular Season - 34,39,Premier League,42,34,Arsenal,Newcastle,1,0,1.52,4.386,5.79,1.6039999999999999,2.37,5
1388581,2026-04-25 16:30:00,2025,Regular Season - 31,78,Bundesliga,175,167,Hamburger SV,1899 Hoffenheim,1,2,3.8240000000000003,4.014,1.832,1.5,2.536,5
1391137,2026-04-25 16:30:00,2025,Regular Season - 32,140,La Liga,532,547,Valencia,Girona,2,1,2.068,3.3920000000000003,3.568,1.9240000000000002,1.8980000000000001,5
1387968,2026-04-25 17:00:00,2025,Regular Season - 31,61,Ligue 1,77,85,Angers,Paris Saint Germain,0,3,11.34,6.06,1.252,1.472,2.6100000000000003,5
1378203,2026-04-25 18:45:00,2025,Regular Season - 34,135,Serie A,504,867,Hellas Verona,Lecce,0,0,2.208,3.146,3.4899999999999998,2.652,1.452,5
1391130,2026-04-25 19:00:00,2025,Regular Season - 32,140,La Liga,530,531,Atletico Madrid,Athletic Club,3,2,2.4939999999999998,3.5459999999999994,2.6919999999999997,1.886,1.94,5
1387976,2026-04-25 19:05:00,2025,Regular Season - 31,61,Ligue 1,96,91,Toulouse,Monaco,2,2,3.21,3.5439999999999996,2.1580000000000004,1.7400000000000002,2.1260000000000003,5
1378196,2026-04-26 10:30:00,2025,Regular Season - 34,135,Serie A,502,488,Fiorentina,Sassuolo,0,0,1.9339999999999997,3.3899999999999997,4.048,1.8800000000000001,1.952,5
1391135,2026-04-26 12:00:00,2025,Regular Season - 32,140,La Liga,728,548,Rayo Vallecano,Real Sociedad,3,3,2.444,3.472,2.774,1.9280000000000002,1.8980000000000001,5
1378197,2026-04-26 13:00:00,2025,Regular Season - 34,135,Serie A,495,895,Genoa,Como,0,2,4.2059999999999995,3.4859999999999998,1.8700000000000003,2.102,1.7599999999999998,5
1387971,2026-04-26 13:00:00,2025,Regular Season - 31,61,Ligue 1,97,95,Lorient,Strasbourg,2,3,2.844,3.44,2.396,1.8219999999999998,2.018,5
1388585,2026-04-26 13:30:00,2025,Regular Season - 31,78,Bundesliga,172,162,VfB Stuttgart,Werder Bremen,1,1,1.598,4.122,5.337999999999999,1.4359999999999997,2.7,5
1391136,2026-04-26 14:15:00,2025,Regular Season - 32,140,La Liga,718,797,Oviedo,Elche,1,2,2.284,3.382,3.086,2.072,1.768,5
1387970,2026-04-26 15:15:00,2025,Regular Season - 31,61,Ligue 1,111,112,Le Havre,Metz,4,4,1.908,3.522,4.024,2.004,1.834,5
1387974,2026-04-26 15:15:00,2025,Regular Season - 31,61,Ligue 1,114,79,Paris FC,Lille,0,1,3.65,3.5260000000000007,2,1.8960000000000001,1.932,5
1387975,2026-04-26 15:15:00,2025,Regular Season - 31,61,Ligue 1,94,83,Rennes,Nantes,2,1,1.48,4.324,6.409999999999999,1.6799999999999997,2.216,5
1388579,2026-04-26 15:30:00,2025,Regular Season - 31,78,Bundesliga,165,160,Borussia Dortmund,SC Freiburg,4,0,1.4259999999999997,4.706,6.94,1.5859999999999999,2.4099999999999997,5
1378202,2026-04-26 16:00:00,2025,Regular Season - 34,135,Serie A,503,505,Torino,Inter,2,2,7.24,4.638,1.424,1.6640000000000001,2.246,5
1391134,2026-04-26 16:30:00,2025,Regular Season - 32,140,La Liga,727,536,Osasuna,Sevilla,2,1,2.144,3.408,3.35,2.07,1.7739999999999998,5
1378199,2026-04-26 18:45:00,2025,Regular Season - 34,135,Serie A,489,496,AC Milan,Juventus,0,0,2.5759999999999996,3.3020000000000005,2.686,1.9419999999999997,1.8900000000000001,5
1387973,2026-04-26 18:45:00,2025,Regular Season - 31,61,Ligue 1,81,84,Marseille,Nice,1,1,1.512,4.562,5.668,1.476,2.604,5
1391138,2026-04-26 19:00:00,2025,Regular Season - 32,140,La Liga,533,538,Villarreal,Celta Vigo,2,1,1.802,3.7560000000000002,4.29,1.7599999999999998,2.1,5
1378195,2026-04-27 16:30:00,2025,Regular Season - 34,135,Serie A,490,499,Cagliari,Atalanta,3,2,4.62,3.808,1.732,1.938,1.886,5
1378198,2026-04-27 18:45:00,2025,Regular Season - 34,135,Serie A,487,494,Lazio,Udinese,3,3,1.9740000000000002,3.3260000000000005,3.998,2.228,1.6780000000000002,5
1379305,2026-04-27 19:00:00,2025,Regular Season - 34,39,Premier League,33,55,Manchester United,Brentford,2,1,1.8820000000000001,3.78,3.8299999999999996,1.5900000000000003,2.398,5
1391132,2026-04-27 19:00:00,2025,Regular Season - 32,140,La Liga,540,539,Espanyol,Levante,0,0,1.8800000000000001,3.482,4.18,1.9300000000000002,1.8940000000000001,5
1378210,2026-05-01 18:45:00,2025,Regular Season - 35,135,Serie A,801,867,Pisa,Lecce,1,2,2.588,3.026,2.9299999999999997,2.396,1.5860000000000003,5
1379315,2026-05-01 19:00:00,2025,Regular Season - 35,39,Premier League,63,44,Leeds,Burnley,3,1,1.44,4.465999999999999,7.279999999999999,1.716,2.166,5
1391154,2026-05-01 19:00:00,2025,Regular Season - 34,140,La Liga,547,798,Girona,Mallorca,0,1,1.8679999999999999,3.724,3.9839999999999995,1.778,2.054,5
1391158,2026-05-02 12:00:00,2025,Regular Season - 34,140,La Liga,533,539,Villarreal,Levante,5,1,1.6280000000000001,4.1659999999999995,4.94,1.552,2.4059999999999997,5
1378213,2026-05-02 13:00:00,2025,Regular Season - 35,135,Serie A,494,503,Udinese,Torino,2,0,2.234,3.2119999999999997,3.3659999999999997,2.208,1.6919999999999997,5
1387981,2026-05-02 13:00:00,2025,Regular Season - 32,61,Ligue 1,83,81,Nantes,Marseille,3,0,5.096000000000001,4.004,1.634,1.658,2.258,5
1388588,2026-05-02 13:30:00,2025,Regular Season - 32,78,Bundesliga,157,180,Bayern München,1. FC Heidenheim,3,3,1.1260000000000001,10.129999999999999,16.2,1.2,4.298,5
1388590,2026-05-02 13:30:00,2025,Regular Season - 32,78,Bundesliga,169,175,Eintracht Frankfurt,Hamburger SV,1,2,1.698,4.074000000000001,4.410000000000001,1.538,2.4259999999999997,5
1388592,2026-05-02 13:30:00,2025,Regular Season - 32,78,Bundesliga,167,172,1899 Hoffenheim,VfB Stuttgart,3,3,2.34,4.004,2.62,1.3679999999999999,3.0060000000000002,5
1388594,2026-05-02 13:30:00,2025,Regular Season - 32,78,Bundesliga,182,192,Union Berlin,1. FC Köln,2,2,2.334,3.4300000000000006,2.966,1.8900000000000001,1.934,5
1388595,2026-05-02 13:30:00,2025,Regular Season - 32,78,Bundesliga,162,170,Werder Bremen,FC Augsburg,1,3,1.8800000000000001,3.8120000000000003,3.7660000000000005,1.6300000000000001,2.32,5
1379312,2026-05-02 14:00:00,2025,Regular Season - 35,39,Premier League,55,48,Brentford,West Ham,3,0,1.916,3.662,3.782,1.6799999999999997,2.228,5
1379317,2026-05-02 14:00:00,2025,Regular Season - 35,39,Premier League,34,51,Newcastle,Brighton,3,1,2.42,3.6019999999999994,2.724,1.6060000000000003,2.37,5
1379318,2026-05-02 14:00:00,2025,Regular Season - 35,39,Premier League,39,746,Wolves,Sunderland,1,1,2.9919999999999995,3.3259999999999996,2.364,2.1079999999999997,1.75,5
1391157,2026-05-02 14:15:00,2025,Regular Season - 34,140,La Liga,532,530,Valencia,Atletico Madrid,0,2,2.232,3.664,2.9939999999999998,1.828,1.986,5
1387984,2026-05-02 15:00:00,2025,Regular Season - 32,61,Ligue 1,85,97,Paris Saint Germain,Lorient,2,2,1.2319999999999998,6.464,11.28,1.356,3.058,5
1379309,2026-05-02 16:30:00,2025,Regular Season - 35,39,Premier League,42,36,Arsenal,Fulham,3,0,1.408,4.542,7.82,1.75,2.114,5
1388587,2026-05-02 16:30:00,2025,Regular Season - 32,78,Bundesliga,168,173,Bayer Leverkusen,RB Leipzig,4,1,2.004,4.013999999999999,3.21,1.3679999999999999,3.0060000000000002,5
1391149,2026-05-02 16:30:00,2025,Regular Season - 34,140,La Liga,542,531,Alaves,Athletic Club,2,4,2.6479999999999997,3.332,2.636,2.0199999999999996,1.8060000000000003,5
1387980,2026-05-02 17:00:00,2025,Regular Season - 32,61,Ligue 1,112,91,Metz,Monaco,1,2,5.4079999999999995,4.43,1.5459999999999998,1.468,2.636,5
1378204,2026-05-02 18:45:00,2025,Regular Season - 35,135,Serie A,499,495,Atalanta,Genoa,0,0,1.6300000000000001,3.91,5.394,1.8359999999999999,1.9899999999999998,5
1391155,2026-05-02 19:00:00,2025,Regular Season - 34,140,La Liga,727,529,Osasuna,Barcelona,1,2,4.636,4.337999999999999,1.6280000000000001,1.45,2.65,5
1387982,2026-05-02 19:05:00,2025,Regular Season - 32,61,Ligue 1,84,116,Nice,Lens,1,1,4.101999999999999,3.992,1.7720000000000002,1.564,2.386,5
1378205,2026-05-03 10:30:00,2025,Regular Season - 35,135,Serie A,500,490,Bologna,Cagliari,0,0,1.6619999999999997,3.7659999999999996,5.2219999999999995,2.0759999999999996,1.762,5
1391151,2026-05-03 12:00:00,2025,Regular Season - 34,140,La Liga,538,797,Celta Vigo,Elche,3,1,1.8579999999999999,3.6399999999999997,4.146,1.802,2.024,5
1378212,2026-05-03 13:00:00,2025,Regular Season - 35,135,Serie A,488,489,Sassuolo,AC Milan,2,0,4.545999999999999,4.0280000000000005,1.6939999999999997,1.686,2.2180000000000004,5
1379311,2026-05-03 13:00:00,2025,Regular Season - 35,39,Premier League,35,52,Bournemouth,Crystal Palace,3,0,1.714,4.054,4.402,1.6640000000000001,2.254,5
1387978,2026-05-03 13:00:00,2025,Regular Season - 32,61,Ligue 1,79,111,Lille,Le Havre,1,1,1.4359999999999997,4.295999999999999,7.58,1.8980000000000001,1.9240000000000002,5
1388593,2026-05-03 13:30:00,2025,Regular Season - 32,78,Bundesliga,186,164,FC St. Pauli,FSV Mainz 05,1,2,2.678,3.226,2.6659999999999995,2.1759999999999997,1.702,5
1391153,2026-05-03 14:15:00,2025,Regular Season - 34,140,La Liga,546,728,Getafe,Rayo Vallecano,0,2,2.154,3.2020000000000004,3.5439999999999996,2.624,1.474,5
1379316,2026-05-03 14:30:00,2025,Regular Season - 35,39,Premier League,33,40,Manchester United,Liverpool,3,2,2.384,3.6959999999999993,2.75,1.48,2.564,5
1387977,2026-05-03 15:15:00,2025,Regular Season - 32,61,Ligue 1,108,77,Auxerre,Angers,3,1,1.784,3.3979999999999997,4.864,2.322,1.6280000000000001,5
1387983,2026-05-03 15:15:00,2025,Regular Season - 32,61,Ligue 1,114,106,Paris FC,Stade Brestois 29,4,0,2.0380000000000003,3.4,3.668,1.98,1.8439999999999999,5
1387985,2026-05-03 15:15:00,2025,Regular Season - 32,61,Ligue 1,95,96,Strasbourg,Toulouse,1,2,2.312,3.38,3,1.922,1.9100000000000001,5
1388589,2026-05-03 15:30:00,2025,Regular Season - 32,78,Bundesliga,163,165,Borussia Mönchengladbach,Borussia Dortmund,1,0,3.8020000000000005,3.8260000000000005,1.8800000000000001,1.6019999999999999,2.3600000000000003,5
1378209,2026-05-03 16:00:00,2025,Regular Season - 35,135,Serie A,496,504,Juventus,Hellas Verona,1,1,1.294,5.286,10.74,1.716,2.154,5
1391150,2026-05-03 16:30:00,2025,Regular Season - 34,140,La Liga,543,718,Real Betis,Oviedo,3,0,1.6,3.934,5.612,1.8920000000000001,1.918,5
1388591,2026-05-03 17:30:00,2025,Regular Season - 32,78,Bundesliga,160,161,SC Freiburg,VfL Wolfsburg,1,1,2.28,3.618,2.924,1.6620000000000001,2.248,5
1379310,2026-05-03 18:00:00,2025,Regular Season - 35,39,Premier League,66,47,Aston Villa,Tottenham,1,2,2.188,3.6519999999999997,3.06,1.666,2.242,5
1378208,2026-05-03 18:45:00,2025,Regular Season - 35,135,Serie A,505,523,Inter,Parma,2,0,1.27,5.581999999999999,10.9,1.5340000000000003,2.4379999999999997,5
1387979,2026-05-03 18:45:00,2025,Regular Season - 32,61,Ligue 1,80,94,Lyon,Rennes,4,2,2.332,3.5100000000000002,2.894,1.738,2.13,5
1391152,2026-05-03 19:00:00,2025,Regular Season - 34,140,La Liga,540,541,Espanyol,Real Madrid,0,2,4.318,4.132000000000001,1.716,1.4759999999999998,2.598,5
1379313,2026-05-04 14:00:00,2025,Regular Season - 35,39,Premier League,49,65,Chelsea,Nottingham Forest,1,3,1.72,3.8579999999999997,4.645999999999999,1.6960000000000002,2.186,5
1378207,2026-05-04 16:30:00,2025,Regular Season - 35,135,Serie A,520,487,Cremonese,Lazio,1,2,3.508,3.2439999999999998,2.146,2.2039999999999997,1.684,5
1378211,2026-05-04 18:45:00,2025,Regular Season - 35,135,Serie A,497,502,AS Roma,Fiorentina,4,0,1.732,3.7560000000000002,4.652,1.8960000000000001,1.9260000000000002,5
1379314,2026-05-04 19:00:00,2025,Regular Season - 35,39,Premier League,45,50,Everton,Manchester City,3,3,6.42,4.636,1.456,1.6420000000000001,2.2880000000000003,5
1391156,2026-05-04 19:00:00,2025,Regular Season - 34,140,La Liga,536,548,Sevilla,Real Sociedad,1,0,2.544,3.408,2.682,1.9460000000000002,1.8679999999999999,5
1388597,2026-05-08 18:30:00,2025,Regular Season - 33,78,Bundesliga,165,169,Borussia Dortmund,Eintracht Frankfurt,3,2,1.5,4.696,5.678,1.362,3.0060000000000002,5
1378222,2026-05-08 18:45:00,2025,Regular Season - 36,135,Serie A,503,488,Torino,Sassuolo,2,1,2.298,3.2260000000000004,3.194,2.008,1.8119999999999998,5
1387989,2026-05-08 18:45:00,2025,Regular Season - 33,61,Ligue 1,116,83,Lens,Nantes,1,0,1.274,5.608,10.43,1.51,2.482,5
1391163,2026-05-08 19:00:00,2025,Regular Season - 35,140,La Liga,539,727,Levante,Osasuna,3,2,2.628,3.2299999999999995,2.732,1.9819999999999998,1.832,5
1379323,2026-05-09 11:30:00,2025,Regular Season - 36,39,Premier League,40,49,Liverpool,Chelsea,1,1,1.918,3.846,3.668,1.4760000000000002,2.612,5
1391162,2026-05-09 12:00:00,2025,Regular Season - 35,140,La Liga,797,542,Elche,Alaves,1,1,2.268,3.3659999999999997,3.1559999999999997,1.8679999999999999,1.95,5
1378214,2026-05-09 13:00:00,2025,Regular Season - 36,135,Serie A,490,494,Cagliari,Udinese,0,2,2.466,3.176,2.968,2.2339999999999995,1.6599999999999997,5
1388596,2026-05-09 13:30:00,2025,Regular Season - 33,78,Bundesliga,170,163,FC Augsburg,Borussia Mönchengladbach,3,1,2.3019999999999996,3.622,2.904,1.636,2.282,5
1388600,2026-05-09 13:30:00,2025,Regular Season - 33,78,Bundesliga,167,162,1899 Hoffenheim,Werder Bremen,1,0,1.556,4.612,5.006,1.3840000000000001,2.918,5
1388602,2026-05-09 13:30:00,2025,Regular Season - 33,78,Bundesliga,173,186,RB Leipzig,FC St. Pauli,2,1,1.4220000000000002,4.742,6.841999999999999,1.54,2.4,5
1388603,2026-05-09 13:30:00,2025,Regular Season - 33,78,Bundesliga,172,168,VfB Stuttgart,Bayer Leverkusen,3,1,2.076,4.022,3.0599999999999996,1.3599999999999999,3.036,5
1379319,2026-05-09 14:00:00,2025,Regular Season - 36,39,Premier League,51,39,Brighton,Wolves,3,0,1.34,5.138,8.34,1.5260000000000002,2.446,5
1379322,2026-05-09 14:00:00,2025,Regular Season - 36,39,Premier League,36,35,Fulham,Bournemouth,0,1,2.554,3.69,2.55,1.5340000000000003,2.422,5
1379326,2026-05-09 14:00:00,2025,Regular Season - 36,39,Premier League,746,33,Sunderland,Manchester United,0,0,3.982,3.718,1.876,1.8080000000000003,2.02,5
1391168,2026-05-09 14:15:00,2025,Regular Season - 35,140,La Liga,536,540,Sevilla,Espanyol,2,1,2.0620000000000003,3.4159999999999995,3.568,2.038,1.794,5
1378217,2026-05-09 16:00:00,2025,Regular Season - 36,135,Serie A,487,505,Lazio,Inter,0,3,4.7,3.84,1.704,1.78,2.048,5
1379324,2026-05-09 16:30:00,2025,Regular Season - 36,39,Premier League,50,55,Manchester City,Brentford,3,0,1.3279999999999998,5.55,8.129999999999999,1.4060000000000001,2.8259999999999996,5
1388604,2026-05-09 16:30:00,2025,Regular Season - 33,78,Bundesliga,161,157,VfL Wolfsburg,Bayern München,0,1,4.694,4.68,1.596,1.236,3.878,5
1391160,2026-05-09 16:30:00,2025,Regular Season - 35,140,La Liga,530,538,Atletico Madrid,Celta Vigo,0,1,1.86,3.65,4.101999999999999,1.7240000000000002,2.1260000000000003,5
1378218,2026-05-09 18:45:00,2025,Regular Season - 36,135,Serie A,867,496,Lecce,Juventus,0,1,6.178,4.138,1.5340000000000003,1.798,2.028,5
1391166,2026-05-09 19:00:00,2025,Regular Season - 35,140,La Liga,548,543,Real Sociedad,Real Betis,2,2,2.216,3.5460000000000003,3.114,1.682,2.196,5
1378223,2026-05-10 10:30:00,2025,Regular Season - 36,135,Serie A,504,895,Hellas Verona,Como,0,1,7.279999999999999,4.398000000000001,1.4419999999999997,1.886,1.9240000000000002,5
1391164,2026-05-10 12:00:00,2025,Regular Season - 35,140,La Liga,798,533,Mallorca,Villarreal,1,1,2.526,3.554,2.632,1.794,2.032,5
1378215,2026-05-10 13:00:00,2025,Regular Season - 36,135,Serie A,520,801,Cremonese,Pisa,3,0,1.714,3.716,4.952,2.1980000000000004,1.684,5
1378216,2026-05-10 13:00:00,2025,Regular Season - 36,135,Serie A,502,495,Fiorentina,Genoa,0,0,2.0119999999999996,3.312,3.872,2.084,1.7560000000000002,5
1379320,2026-05-10 13:00:00,2025,Regular Season - 36,39,Premier League,44,66,Burnley,Aston Villa,2,2,5.206,4.0920000000000005,1.616,1.7240000000000002,2.1260000000000003,5
1379321,2026-05-10 13:00:00,2025,Regular Season - 36,39,Premier League,52,45,Crystal Palace,Everton,2,2,2.6900000000000004,3.258,2.664,2.04,1.7920000000000003,5
1379325,2026-05-10 13:00:00,2025,Regular Season - 36,39,Premier League,65,34,Nottingham Forest,Newcastle,1,1,2.464,3.4480000000000004,2.7800000000000002,1.732,2.116,5
1388599,2026-05-10 13:30:00,2025,Regular Season - 33,78,Bundesliga,175,160,Hamburger SV,SC Freiburg,3,2,2.712,3.626,2.432,1.7139999999999997,2.1399999999999997,5
1391159,2026-05-10 14:15:00,2025,Regular Season - 35,140,La Liga,531,532,Athletic Club,Valencia,0,1,1.828,3.62,4.404,1.9579999999999997,1.858,5
1379328,2026-05-10 15:30:00,2025,Regular Season - 36,39,Premier League,48,42,West Ham,Arsenal,0,1,5.086,4.062,1.636,1.67,2.22,5
1388598,2026-05-10 15:30:00,2025,Regular Season - 33,78,Bundesliga,192,180,1. FC Köln,1. FC Heidenheim,1,3,1.7240000000000002,4.072,4.358,1.54,2.4,5
1378221,2026-05-10 16:00:00,2025,Regular Season - 36,135,Serie A,523,497,Parma,AS Roma,2,3,4.709999999999999,3.62,1.766,2.098,1.748,5
1391167,2026-05-10 16:30:00,2025,Regular Season - 35,140,La Liga,718,546,Oviedo,Getafe,0,0,2.78,2.91,2.8300000000000005,2.74,1.4259999999999997,5
1388601,2026-05-10 17:30:00,2025,Regular Season - 33,78,Bundesliga,164,182,FSV Mainz 05,Union Berlin,1,3,1.8240000000000003,3.758,4.1819999999999995,1.8039999999999998,2.026,5
1378219,2026-05-10 18:45:00,2025,Regular Season - 36,135,Serie A,489,499,AC Milan,Atalanta,2,3,2.0740000000000003,3.442,3.5799999999999996,1.8,2.02,5
1387986,2026-05-10 19:00:00,2025,Regular Season - 33,61,Ligue 1,77,95,Angers,Strasbourg,1,1,3.6279999999999992,3.4520000000000004,2.056,1.92,1.892,5
1387987,2026-05-10 19:00:00,2025,Regular Season - 33,61,Ligue 1,108,84,Auxerre,Nice,2,1,2.414,3.376,2.89,1.9,1.9140000000000001,5
1387988,2026-05-10 19:00:00,2025,Regular Season - 33,61,Ligue 1,111,81,Le Havre,Marseille,0,1,4.042,3.848,1.8259999999999998,1.654,2.248,5
1387990,2026-05-10 19:00:00,2025,Regular Season - 33,61,Ligue 1,112,97,Metz,Lorient,0,4,3.0380000000000003,3.5700000000000003,2.2399999999999998,1.7240000000000002,2.1260000000000003,5
1387991,2026-05-10 19:00:00,2025,Regular Season - 33,61,Ligue 1,91,79,Monaco,Lille,0,1,2.2440000000000007,3.782,2.8939999999999997,1.6179999999999999,2.3120000000000003,5
1387992,2026-05-10 19:00:00,2025,Regular Season - 33,61,Ligue 1,85,106,Paris Saint Germain,Stade Brestois 29,1,0,1.154,7.74,16.4,1.33,3.2060000000000004,5
1387993,2026-05-10 19:00:00,2025,Regular Season - 33,61,Ligue 1,94,114,Rennes,Paris FC,2,1,1.52,4.531999999999999,5.558,1.496,2.5360000000000005,5
1387994,2026-05-10 19:00:00,2025,Regular Season - 33,61,Ligue 1,96,80,Toulouse,Lyon,2,1,3.934,3.6119999999999997,1.9,1.844,1.972,5
1391161,2026-05-10 19:00:00,2025,Regular Season - 35,140,La Liga,529,541,Barcelona,Real Madrid,2,0,1.8,4.15,3.8,1.254,3.7359999999999998,5
1378220,2026-05-11 18:45:00,2025,Regular Season - 36,135,Serie A,492,500,Napoli,Bologna,2,3,1.554,4.05,6.038,1.8960000000000001,1.9140000000000001,5
1379327,2026-05-11 19:00:00,2025,Regular Season - 36,39,Premier League,47,63,Tottenham,Leeds,1,1,1.81,3.902,4.061999999999999,1.7119999999999997,2.142,5
1391165,2026-05-11 19:00:00,2025,Regular Season - 35,140,La Liga,728,547,Rayo Vallecano,Girona,1,1,2.2700000000000005,3.5480000000000005,3.006,1.7760000000000002,2.056,5
1391171,2026-05-12 17:00:00,2025,Regular Season - 36,140,La Liga,538,539,Celta Vigo,Levante,2,3,1.736,3.872,4.5040000000000004,1.798,2.0420000000000003,5
1391170,2026-05-12 18:00:00,2025,Regular Season - 36,140,La Liga,543,797,Real Betis,Elche,2,1,1.6620000000000001,3.9620000000000006,4.976,1.7260000000000002,2.1399999999999997,5
1544684,2026-05-12 18:30:00,2025,Relegation round - Quarter-finals,61,Ligue 1,104,1301,RED Star FC 93,Rodez,2,3,1.7939999999999998,3.724,4.178,1.612,2.318,5
1391175,2026-05-12 19:30:00,2025,Regular Season - 36,140,La Liga,727,530,Osasuna,Atletico Madrid,1,2,2.586,3.4760000000000004,2.596,1.8199999999999998,2.024,5
1387951,2026-05-13 17:00:00,2025,Regular Season - 29,61,Ligue 1,106,95,Stade Brestois 29,Strasbourg,1,2,2.9675000000000002,3.54,2.37,1.8166666666666667,2.0066666666666664,4
1391172,2026-05-13 17:00:00,2025,Regular Season - 36,140,La Liga,540,531,Espanyol,Athletic Club,2,0,2.976,3.374,2.366,2.036,1.798,5
1391178,2026-05-13 17:00:00,2025,Regular Season - 36,140,La Liga,533,536,Villarreal,Sevilla,2,3,2.004,3.4480000000000004,3.722,1.8380000000000003,2,5
1379275,2026-05-13 19:00:00,2025,Regular Season - 31,39,Premier League,50,52,Manchester City,Crystal Palace,3,0,1.264,5.73,10.72,,,5
1387952,2026-05-13 19:00:00,2025,Regular Season - 29,61,Ligue 1,116,85,Lens,Paris Saint Germain,0,2,3.246,3.868,2.0460000000000003,1.472,2.5060000000000002,5
1391169,2026-05-13 19:30:00,2025,Regular Season - 36,140,La Liga,542,529,Alaves,Barcelona,1,0,4.056,4.0840000000000005,1.77,1.426,2.746,5
1391173,2026-05-13 19:30:00,2025,Regular Season - 36,140,La Liga,546,798,Getafe,Mallorca,3,1,2.0799999999999996,3.196,3.816,2.5520000000000005,1.504,5
1391177,2026-05-14 17:00:00,2025,Regular Season - 36,140,La Liga,532,728,Valencia,Rayo Vallecano,1,1,2.1700000000000004,3.5080000000000005,3.232,1.846,1.986,5
1391174,2026-05-14 18:00:00,2025,Regular Season - 36,140,La Liga,547,548,Girona,Real Sociedad,1,1,2.24,3.6199999999999997,2.9720000000000004,1.7400000000000002,2.1260000000000003,5
1391176,2026-05-14 19:30:00,2025,Regular Season - 36,140,La Liga,541,718,Real Madrid,Oviedo,2,0,1.2280000000000002,6.2700000000000005,11.879999999999999,1.3599999999999999,3.026,5
1544972,2026-05-15 18:30:00,2025,Semi-finals,61,Ligue 1,1063,1301,Saint Etienne,Rodez,0,0,1.6179999999999999,4.436,4.622,1.416,2.772,5
1379330,2026-05-15 19:00:00,2025,Regular Season - 37,39,Premier League,66,40,Aston Villa,Liverpool,4,2,3.444,4.112,1.916,1.4779999999999998,2.5700000000000003,5
1388605,2026-05-16 13:30:00,2025,Regular Season - 34,78,Bundesliga,168,175,Bayer Leverkusen,Hamburger SV,1,1,1.4133333333333333,5.366666666666667,6.52,1.43,2.65,3
1388606,2026-05-16 13:30:00,2025,Regular Season - 34,78,Bundesliga,157,192,Bayern München,1. FC Köln,5,1,1.22,6.9700000000000015,10.033333333333333,1.19,4.29,6
1388607,2026-05-16 13:30:00,2025,Regular Season - 34,78,Bundesliga,163,167,Borussia Mönchengladbach,1899 Hoffenheim,4,0,3.06,3.966666666666667,2.1366666666666667,1.47,2.55,3
1388608,2026-05-16 13:30:00,2025,Regular Season - 34,78,Bundesliga,169,172,Eintracht Frankfurt,VfB Stuttgart,2,2,3.1766666666666663,4.1000000000000005,2.0566666666666666,1.4,2.7,3
1388609,2026-05-16 13:30:00,2025,Regular Season - 34,78,Bundesliga,160,173,SC Freiburg,RB Leipzig,4,1,3.2433333333333336,3.8833333333333333,2.0566666666666666,1.55,2.4,3
1388610,2026-05-16 13:30:00,2025,Regular Season - 34,78,Bundesliga,180,164,1. FC Heidenheim,FSV Mainz 05,0,2,2.7640000000000002,4.0120000000000005,2.2920000000000003,1.395,2.7675000000000005,5
1388611,2026-05-16 13:30:00,2025,Regular Season - 34,78,Bundesliga,186,161,FC St. Pauli,VfL Wolfsburg,1,3,2.4166666666666665,3.526666666666667,2.8866666666666667,1.98,1.96,3
1388612,2026-05-16 13:30:00,2025,Regular Season - 34,78,Bundesliga,182,170,Union Berlin,FC Augsburg,4,0,2.3633333333333333,3.8266666666666667,2.678333333333333,1.516,2.3879999999999995,6
1388613,2026-05-16 13:30:00,2025,Regular Season - 34,78,Bundesliga,162,165,Werder Bremen,Borussia Dortmund,0,2,3.733333333333333,3.9499999999999997,1.8933333333333333,1.68,2.38,3
1378226,2026-05-17 10:00:00,2025,Regular Season - 37,135,Serie A,895,523,Como,Parma,1,0,1.326,5.054,9.34,1.7,2.1620000000000004,5
1378227,2026-05-17 10:00:00,2025,Regular Season - 37,135,Serie A,495,489,Genoa,AC Milan,1,2,4.395999999999999,3.694,1.7799999999999998,1.9040000000000004,1.8980000000000001,5
1378229,2026-05-17 10:00:00,2025,Regular Season - 37,135,Serie A,496,502,Juventus,Fiorentina,0,2,1.372,5.034,7.63,1.624,2.302,5
1378230,2026-05-17 10:00:00,2025,Regular Season - 37,135,Serie A,801,492,Pisa,Napoli,0,3,6.942,4.572,1.438,1.798,2.018,5
1378231,2026-05-17 10:00:00,2025,Regular Season - 37,135,Serie A,497,487,AS Roma,Lazio,2,0,1.658,3.878,5.0840000000000005,1.934,1.874,5
1379336,2026-05-17 11:30:00,2025,Regular Season - 37,39,Premier League,33,65,Manchester United,Nottingham Forest,3,2,1.582,4.406,5.146,1.598,2.3779999999999997,5
1378228,2026-05-17 13:00:00,2025,Regular Season - 37,135,Serie A,505,504,Inter,Hellas Verona,1,1,1.1780000000000002,7.05,15.6,1.4599999999999997,2.622,5
1379332,2026-05-17 14:00:00,2025,Regular Season - 37,39,Premier League,55,52,Brentford,Crystal Palace,2,2,1.7,4.2139999999999995,4.3839999999999995,1.6640000000000001,2.2439999999999998,5
1379334,2026-05-17 14:00:00,2025,Regular Season - 37,39,Premier League,45,746,Everton,Sunderland,1,3,1.768,3.7399999999999998,4.4799999999999995,1.9280000000000002,1.8940000000000001,5
1379335,2026-05-17 14:00:00,2025,Regular Season - 37,39,Premier League,63,51,Leeds,Brighton,1,0,3.022,3.508,2.272,1.6759999999999997,2.232,5
1379338,2026-05-17 14:00:00,2025,Regular Season - 37,39,Premier League,39,36,Wolves,Fulham,1,1,3.536,3.8520000000000003,1.9440000000000002,1.6960000000000002,2.186,5
1378224,2026-05-17 16:00:00,2025,Regular Season - 37,135,Serie A,499,500,Atalanta,Bologna,0,1,1.6059999999999999,4.178,5.074,1.65,2.25,5
1379337,2026-05-17 16:30:00,2025,Regular Season - 37,39,Premier League,34,48,Newcastle,West Ham,3,1,2.0140000000000002,3.7139999999999995,3.4659999999999997,1.482,2.56,5
1391179,2026-05-17 17:00:00,2025,Regular Season - 37,140,La Liga,531,538,Athletic Club,Celta Vigo,1,1,1.798,3.714,4.3420000000000005,1.92,1.884,5
1391180,2026-05-17 17:00:00,2025,Regular Season - 37,140,La Liga,530,547,Atletico Madrid,Girona,1,0,1.524,4.522,5.464,1.512,2.412,5
1391182,2026-05-17 17:00:00,2025,Regular Season - 37,140,La Liga,797,546,Elche,Getafe,1,0,2.2800000000000002,3.158,3.35,2.38,1.584,5
1391183,2026-05-17 17:00:00,2025,Regular Season - 37,140,La Liga,539,798,Levante,Mallorca,2,0,2.202,3.41,3.228,1.826,1.988,5
1391184,2026-05-17 17:00:00,2025,Regular Season - 37,140,La Liga,727,540,Osasuna,Espanyol,1,2,1.952,3.474,3.876,1.964,1.8359999999999999,5
1391185,2026-05-17 17:00:00,2025,Regular Season - 37,140,La Liga,728,533,Rayo Vallecano,Villarreal,2,0,2.3660000000000005,3.564,2.8299999999999996,1.72,2.114,5
1391186,2026-05-17 17:00:00,2025,Regular Season - 37,140,La Liga,548,532,Real Sociedad,Valencia,3,4,1.972,3.5739999999999994,3.7039999999999997,1.828,1.984,5
1391187,2026-05-17 17:00:00,2025,Regular Season - 37,140,La Liga,718,542,Oviedo,Alaves,0,1,3.3880000000000003,3.34,2.3020000000000005,2.234,1.658,5
1391188,2026-05-17 17:00:00,2025,Regular Season - 37,140,La Liga,536,541,Sevilla,Real Madrid,0,1,3.432,3.558,2.082,1.7120000000000002,2.14,5
1378225,2026-05-17 18:45:00,2025,Regular Season - 37,135,Serie A,490,503,Cagliari,Torino,2,1,2.4460000000000006,3.0599999999999996,3.074,2.28,1.636,5
1378232,2026-05-17 18:45:00,2025,Regular Season - 37,135,Serie A,488,867,Sassuolo,Lecce,2,3,2.3139999999999996,3.21,3.182,2.08,1.754,5
1378233,2026-05-17 18:45:00,2025,Regular Season - 37,135,Serie A,494,520,Udinese,Cremonese,0,1,1.95,3.44,3.938,2.0580000000000003,1.7760000000000002,5
1387995,2026-05-17 19:00:00,2025,Regular Season - 34,61,Ligue 1,106,77,Stade Brestois 29,Angers,1,1,1.8820000000000001,3.522,4.272,2.1425,1.7099999999999997,5
1387996,2026-05-17 19:00:00,2025,Regular Season - 34,61,Ligue 1,79,108,Lille,Auxerre,0,2,1.296,5.136,11.52,1.6925000000000001,2.1725,5
1387997,2026-05-17 19:00:00,2025,Regular Season - 34,61,Ligue 1,97,111,Lorient,Le Havre,0,2,1.996,3.768,3.526,1.7049999999999998,2.1475,5
1387998,2026-05-17 19:00:00,2025,Regular Season - 34,61,Ligue 1,80,116,Lyon,Lens,0,4,2.416,3.59,2.8040000000000003,1.8375,1.98,5
1387999,2026-05-17 19:00:00,2025,Regular Season - 34,61,Ligue 1,81,94,Marseille,Rennes,3,1,1.704,3.7939999999999996,5.066,1.9525,1.8625,5
1388000,2026-05-17 19:00:00,2025,Regular Season - 34,61,Ligue 1,83,96,Nantes,Toulouse,0,0,2.676,3.312,2.676,2.1225,1.7249999999999999,5
1388001,2026-05-17 19:00:00,2025,Regular Season - 34,61,Ligue 1,84,112,Nice,Metz,0,0,1.416,4.42,8.379999999999999,1.975,1.8375,5
1388002,2026-05-17 19:00:00,2025,Regular Season - 34,61,Ligue 1,114,85,Paris FC,Paris Saint Germain,2,1,8.36,5.558,1.332,1.3325,3.04,5
1388003,2026-05-17 19:00:00,2025,Regular Season - 34,61,Ligue 1,95,91,Strasbourg,Monaco,5,4,2.622,3.668,2.522,1.7275,2.1174999999999997,5
1391181,2026-05-17 19:15:00,2025,Regular Season - 37,140,La Liga,529,543,Barcelona,Real Betis,3,1,1.304,5.852,8.39,1.278,3.5,5
1379329,2026-05-18 19:00:00,2025,Regular Season - 37,39,Premier League,42,44,Arsenal,Burnley,1,0,1.1,9.940000000000001,25,1.338,3.1359999999999997,5
1379331,2026-05-19 18:30:00,2025,Regular Season - 37,39,Premier League,35,50,Bournemouth,Manchester City,1,0,4.336,4.246,1.682,1.4200000000000002,2.7039999999999997,5
1379333,2026-05-19 19:15:00,2025,Regular Season - 37,39,Premier League,49,47,Chelsea,Tottenham,1,0,2.0200000000000005,3.8560000000000003,3.354,1.528,2.432,5
